<?xml version="1.0" encoding="UTF-8"?>
<alto xmlns:xsi="http://www.w3.org/2001/XMLSchema-instance"
      xmlns="http://www.loc.gov/standards/alto/ns-v4#"
      xsi:schemaLocation="http://www.loc.gov/standards/alto/ns-v4# http://www.loc.gov/standards/alto/v4/alto-4-2.xsd">
  <Description>
    <MeasurementUnit>pixel</MeasurementUnit>
    <sourceImageInformation>
      <fileName>IE87234800_00004.jpg</fileName>
      <fileIdentifier>mets//export_doc4366_1col_14_copy_alto_202404261215.zip/IE87234800_00004.jpg</fileIdentifier>
    </sourceImageInformation>
  </Description>
  
  <Tags>
    <OtherTag ID="BT6914" LABEL="Handwritten" DESCRIPTION="block type Handwritten"/><OtherTag ID="BT6913" LABEL="RunningHeader" DESCRIPTION="block type RunningHeader"/><OtherTag ID="BT6912" LABEL="Catchword" DESCRIPTION="block type Catchword"/><OtherTag ID="BT6911" LABEL="Margin" DESCRIPTION="block type Margin"/><OtherTag ID="BT6910" LABEL="FooterCentral" DESCRIPTION="block type FooterCentral"/><OtherTag ID="BT6909" LABEL="MainCentral" DESCRIPTION="block type MainCentral"/><OtherTag ID="BT6908" LABEL="Header" DESCRIPTION="block type Header"/><OtherTag ID="BT4" LABEL="Illustration" DESCRIPTION="block type Illustration"/><OtherTag ID="BT3" LABEL="Commentary" DESCRIPTION="block type Commentary"/><OtherTag ID="BT2" LABEL="Main" DESCRIPTION="block type Main"/><OtherTag ID="BT1" LABEL="Title" DESCRIPTION="block type Title"/>
    <OtherTag ID="LT15289" LABEL="Handwritten" DESCRIPTION="line type Handwritten"/><OtherTag ID="LT15288" LABEL="MainCentral" DESCRIPTION="line type MainCentral"/><OtherTag ID="LT15287" LABEL="NotMain" DESCRIPTION="line type NotMain"/>
  </Tags>
  
  <Layout>
    <Page WIDTH="1794"
          HEIGHT="2764"
          PHYSICAL_IMG_NR="16"
          ID="eSc_dummypage_">
      <PrintSpace HPOS="0"
                  VPOS="0"
                  WIDTH="1794"
                  HEIGHT="2764">
        
        <TextBlock HPOS="110.0"
                   VPOS="153.0"
                   WIDTH="1498.0"
                   HEIGHT="2357.0"
                   ID="eSc_textblock_bae3dd88"
                   TAGREFS="BT6909">
          <Shape><Polygon POINTS="153 153 1595 153 1608 2455 1589 2510 122 2504 110 294 116 171 153 153"/></Shape>
          
          
          <TextLine ID="eSc_line_9e0e8ae6"
                    TAGREFS="LT15288"
                    BASELINE="230 201 1460 190" 
                    HPOS="225.0"
                    VPOS="154.0"
                    WIDTH="1234.0"
                    HEIGHT="115.0">
            <Shape><Polygon POINTS="1448 154 1425 154 1401 154 1378 154 1355 154 1332 154 1309 154 1286 154 1263 154 1240 154 1217 154 1194 154 1171 154 1148 154 1125 154 1102 154 1079 154 1056 154 1033 154 1009 154 986 154 963 154 940 154 917 154 894 154 871 154 848 154 825 154 802 154 779 154 756 154 733 154 710 154 687 154 664 154 641 154 617 154 594 154 571 154 548 154 525 154 502 154 479 154 456 154 433 154 410 154 387 154 364 154 341 154 318 154 295 154 272 154 249 154 225 154 228 200 232 260 249 248 274 257 285 262 288 262 290 262 292 262 295 262 299 257 322 244 396 244 410 255 421 264 421 267 424 267 426 267 428 269 472 269 472 267 475 267 477 267 491 255 516 262 518 262 521 262 523 262 525 262 525 260 534 253 546 241 645 241 659 251 673 260 675 260 677 260 758 262 760 262 763 262 765 262 781 248 793 239 837 239 857 246 901 262 903 262 906 262 908 262 910 262 938 244 950 244 1023 251 1026 251 1028 251 1053 241 1067 237 1122 239 1152 241 1173 260 1176 260 1178 260 1180 260 1385 257 1388 257 1459 232 1459 188 1457 154 1448 154"/></Shape>
	    <String CONTENT=""
                    HPOS="225.0"
                    VPOS="154.0"
                    WIDTH="1234.0"
                    HEIGHT="115.0"
                    WC="0.9611778855323792"></String>
          </TextLine>

          
          
          <TextLine ID="eSc_line_59deb5d4"
                    TAGREFS="LT15288"
                    BASELINE="121 302 1577 305" 
                    HPOS="117.0"
                    VPOS="248.0"
                    WIDTH="1457.0"
                    HEIGHT="125.0">
            <Shape><Polygon POINTS="119 301 117 347 170 370 172 370 175 373 292 373 292 370 295 370 366 350 380 347 447 347 463 352 516 370 518 370 521 370 523 370 581 357 666 370 668 370 671 370 673 370 696 357 705 350 724 357 763 370 765 370 767 373 924 373 924 370 926 370 929 370 943 361 963 347 989 361 991 361 993 361 996 361 998 361 1016 347 1097 359 1099 359 1102 359 1104 359 1118 347 1252 359 1254 359 1256 359 1259 359 1277 347 1418 347 1459 368 1461 368 1568 370 1574 304 1570 255 1514 262 1478 255 1443 248 1441 248 1438 248 1436 248 1436 251 1429 255 1418 267 1302 267 1256 257 1208 248 1205 248 1155 257 1113 264 1095 257 1072 248 1069 248 1067 248 1065 248 1046 257 1033 264 1019 257 993 248 991 248 989 248 924 260 890 264 867 260 818 248 816 248 813 248 784 260 770 264 747 260 682 248 680 248 426 260 359 248 357 248 355 248 311 264 306 264 299 264 239 251 237 251 235 251 202 264 200 264 196 264 136 253 133 253 131 253 129 253 119 257 119 301"/></Shape>
	    <String CONTENT="אתה הוא יהוה אלהינו שהקטירו אבותינו לפניך את קטרת"
                    HPOS="117.0"
                    VPOS="248.0"
                    WIDTH="1457.0"
                    HEIGHT="125.0"
                    WC="0.985323173243825"></String>
          </TextLine>

          
          
          <TextLine ID="eSc_line_38d1368b"
                    TAGREFS="LT15288"
                    BASELINE="118 408 1391 407" 
                    HPOS="115.0"
                    VPOS="354.0"
                    WIDTH="1275.0"
                    HEIGHT="127.0">
            <Shape><Polygon POINTS="117 407 117 453 366 453 371 456 401 479 403 479 405 479 408 481 475 481 475 479 477 479 479 479 504 456 507 456 539 479 541 479 544 479 546 481 696 481 696 479 698 479 700 479 737 456 742 453 744 456 767 467 770 467 772 467 832 456 834 456 837 456 862 479 864 479 867 479 869 481 968 481 968 479 970 479 973 479 973 476 989 462 1003 476 1003 479 1005 479 1007 479 1009 479 1037 476 1039 476 1042 476 1042 474 1060 456 1099 476 1102 476 1104 476 1106 476 1148 456 1150 456 1182 469 1185 469 1187 469 1189 469 1229 456 1231 456 1254 476 1254 479 1256 479 1259 479 1261 481 1302 481 1302 479 1305 479 1307 479 1339 456 1346 453 1385 456 1390 405 1388 368 1104 359 1102 359 1099 359 1097 359 1086 368 1081 370 1063 368 1012 359 1009 359 947 368 926 370 883 368 671 354 668 354 666 354 664 354 650 366 592 354 590 354 504 368 495 370 493 368 465 354 463 354 398 354 396 354 394 354 359 370 357 373 193 373 189 370 145 357 142 357 140 357 138 357 115 366 117 407"/></Shape>
	    <String CONTENT="הסמים בזמן שבית המקדש היה קים כאשר"
                    HPOS="115.0"
                    VPOS="354.0"
                    WIDTH="1275.0"
                    HEIGHT="127.0"
                    WC="0.9827350098639727"></String>
          </TextLine>

          
          
          <TextLine ID="eSc_line_9d27db66"
                    TAGREFS="LT15288"
                    BASELINE="116 514 1583 514" 
                    HPOS="115.0"
                    VPOS="462.0"
                    WIDTH="1466.0"
                    HEIGHT="118.0">
            <Shape><Polygon POINTS="115 513 115 559 205 559 223 575 223 578 225 578 228 578 230 578 318 559 322 559 385 559 387 559 426 578 428 578 431 578 433 578 479 559 484 559 654 559 675 562 772 578 774 580 839 580 839 578 841 578 843 578 867 564 871 559 876 564 897 578 899 578 901 578 903 578 1058 564 1118 559 1139 564 1182 578 1185 578 1187 578 1286 566 1337 559 1362 566 1395 575 1397 575 1399 575 1438 566 1468 559 1485 566 1510 578 1512 578 1514 578 1581 566 1581 513 1581 479 1482 462 1480 462 1478 462 1475 462 1450 479 1229 479 1196 462 1194 462 1192 462 1090 476 996 476 984 465 984 462 982 462 980 462 977 462 975 462 973 462 952 476 841 462 839 462 837 462 809 476 772 462 770 462 767 462 571 474 472 462 470 462 352 476 306 462 304 462 302 462 299 462 267 476 161 462 159 462 156 462 115 476 115 513"/></Shape>
	    <String CONTENT="צוית אותם על ידי משה נביאך ככתוב בתורתך:ויאמר יהוה"
                    HPOS="115.0"
                    VPOS="462.0"
                    WIDTH="1466.0"
                    HEIGHT="118.0"
                    WC="0.9936854419383135"></String>
          </TextLine>

          
          
          <TextLine ID="eSc_line_19d6e904"
                    TAGREFS="LT15288"
                    BASELINE="118 623 1586 623" 
                    HPOS="117.0"
                    VPOS="566.0"
                    WIDTH="1467.0"
                    HEIGHT="122.0">
            <Shape><Polygon POINTS="117 621 117 665 163 686 166 686 168 688 265 688 265 686 267 686 299 670 362 686 364 686 366 686 368 686 412 667 415 667 733 667 747 670 793 686 795 686 797 686 917 672 963 667 973 672 998 686 1000 686 1003 686 1072 674 1095 670 1102 674 1125 686 1127 686 1129 686 1132 686 1134 686 1148 674 1159 667 1226 667 1235 674 1245 684 1245 686 1247 686 1249 686 1252 686 1330 677 1360 672 1367 677 1381 686 1383 686 1385 686 1388 686 1390 686 1425 677 1450 670 1478 677 1508 686 1510 686 1512 686 1584 677 1584 621 1581 580 1535 580 1533 580 1521 568 1521 566 1519 566 1517 566 1514 566 1512 566 1466 580 1459 582 1178 582 1176 580 1143 566 1141 566 1139 566 1136 566 1134 566 1120 580 1118 582 952 582 936 580 654 566 652 566 650 566 611 578 583 566 581 566 578 566 509 580 468 566 465 566 463 566 315 578 292 566 290 566 288 566 285 566 253 580 147 566 145 566 142 566 117 578 117 621"/></Shape>
	    <String CONTENT="אל־משה קח־לך סמים נטף ושחלת וחלבנה סמים"
                    HPOS="117.0"
                    VPOS="566.0"
                    WIDTH="1467.0"
                    HEIGHT="122.0"
                    WC="0.9698179899117886"></String>
          </TextLine>

          
          
          <TextLine ID="eSc_line_33839f78"
                    TAGREFS="LT15288"
                    BASELINE="119 730 1586 724" 
                    HPOS="117.0"
                    VPOS="674.0"
                    WIDTH="1467.0"
                    HEIGHT="120.0">
            <Shape><Polygon POINTS="117 776 200 790 202 790 205 790 242 776 251 773 258 776 281 792 283 792 285 792 288 794 352 794 352 792 355 792 357 792 357 790 373 776 378 773 410 776 537 792 539 794 650 794 650 792 652 792 687 776 696 773 758 773 767 776 795 792 797 792 800 792 802 792 837 776 850 771 968 771 975 776 989 787 989 790 991 790 993 790 996 792 1079 792 1079 790 1081 790 1083 790 1104 776 1106 776 1116 776 1182 790 1185 790 1187 790 1222 776 1240 771 1270 771 1277 776 1291 787 1291 790 1293 790 1295 790 1298 790 1581 776 1584 723 1581 691 1471 674 1468 674 1466 674 1431 688 1425 693 1339 693 1330 688 1314 677 1312 677 1309 677 1307 677 1261 686 1240 691 1152 686 1007 677 1005 677 940 684 878 691 860 684 843 677 841 677 724 677 721 677 719 677 707 681 684 693 641 681 624 677 622 677 458 677 456 677 454 677 451 677 449 679 431 695 281 695 225 677 223 677 221 677 219 677 216 677 214 677 170 693 119 677 117 727 117 776"/></Shape>
	    <String CONTENT="ולבנה זכה בד בבד יהיה: ועשית אתה קטרת"
                    HPOS="117.0"
                    VPOS="674.0"
                    WIDTH="1467.0"
                    HEIGHT="120.0"
                    WC="0.9798112779855728"></String>
          </TextLine>

          
          
          <TextLine ID="eSc_line_45a50914"
                    TAGREFS="LT15288"
                    BASELINE="119 836 1585 832" 
                    HPOS="115.0"
                    VPOS="780.0"
                    WIDTH="1469.0"
                    HEIGHT="127.0">
            <Shape><Polygon POINTS="117 833 117 884 152 884 154 884 175 902 175 905 177 905 179 905 182 905 290 893 415 905 417 905 419 905 421 905 421 902 440 884 442 884 555 884 558 884 611 905 613 905 615 905 617 905 666 891 698 902 700 902 703 902 705 902 707 902 735 884 737 884 760 884 781 884 804 905 807 905 809 905 811 905 813 905 867 884 869 884 1035 884 1088 905 1090 905 1093 905 1189 902 1192 902 1245 884 1272 905 1275 905 1277 905 1279 907 1390 907 1390 905 1392 905 1395 905 1395 902 1411 889 1482 905 1485 905 1581 882 1584 831 1579 796 1171 796 1166 796 1150 785 1148 785 1146 785 1143 785 1012 796 1000 796 996 796 922 780 747 780 744 780 742 780 717 792 594 780 592 780 491 796 488 796 426 780 424 780 421 780 327 792 200 780 198 780 115 796 117 833"/></Shape>
	    <String CONTENT="רקח מעשה רוקח ממלח טהור קדש: ושחקת ממנה"
                    HPOS="115.0"
                    VPOS="780.0"
                    WIDTH="1469.0"
                    HEIGHT="127.0"
                    WC="0.9811918342985758"></String>
          </TextLine>

          
          
          <TextLine ID="eSc_line_0c6fbf58"
                    TAGREFS="LT15288"
                    BASELINE="119 944 1585 938" 
                    HPOS="115.0"
                    VPOS="889.0"
                    WIDTH="1469.0"
                    HEIGHT="122.0">
            <Shape><Polygon POINTS="117 942 117 992 182 1011 184 1011 186 1011 189 1011 228 995 232 992 251 995 389 1011 392 1011 394 1011 428 995 435 992 511 995 700 1004 703 1004 705 1004 726 997 737 992 749 997 790 1011 793 1011 795 1011 871 997 887 995 897 997 931 1008 933 1008 936 1008 938 1008 940 1008 940 1006 952 997 959 990 1069 990 1083 997 1106 1008 1109 1008 1111 1008 1166 999 1176 997 1178 999 1189 1008 1192 1008 1194 1008 1196 1008 1581 999 1584 937 1579 900 1063 900 1060 900 984 889 982 889 980 889 956 900 883 889 880 889 878 889 846 902 843 902 839 902 816 891 813 891 811 891 341 902 332 902 315 891 313 891 311 891 161 891 159 891 156 891 115 902 117 942"/></Shape>
	    <String CONTENT="הדק ונתתה ממנה לפני העדת באהל מועד אשר"
                    HPOS="115.0"
                    VPOS="889.0"
                    WIDTH="1469.0"
                    HEIGHT="122.0"
                    WC="0.9952467420162299"></String>
          </TextLine>

          
          
          <TextLine ID="eSc_line_c70f1efa"
                    TAGREFS="LT15288"
                    BASELINE="119 1053 1585 1045" 
                    HPOS="115.0"
                    VPOS="985.0"
                    WIDTH="1469.0"
                    HEIGHT="141.0">
            <Shape><Polygon POINTS="117 1052 117 1100 253 1100 258 1100 292 1126 295 1126 297 1126 299 1126 343 1124 345 1124 348 1124 373 1100 375 1100 431 1100 435 1100 493 1124 495 1124 498 1124 500 1124 537 1112 548 1124 551 1124 553 1124 555 1124 558 1124 560 1124 588 1100 590 1098 594 1100 638 1124 641 1124 643 1124 795 1100 820 1098 834 1100 899 1121 901 1121 903 1121 1021 1100 1026 1100 1028 1100 1049 1119 1049 1121 1051 1121 1053 1121 1056 1124 1113 1124 1113 1121 1116 1121 1118 1121 1118 1119 1136 1100 1139 1098 1173 1096 1182 1100 1217 1119 1219 1119 1222 1121 1268 1121 1268 1119 1270 1119 1272 1119 1293 1100 1302 1094 1316 1100 1353 1119 1355 1119 1358 1121 1399 1121 1399 1119 1401 1119 1404 1119 1425 1100 1431 1094 1441 1100 1466 1117 1468 1117 1471 1117 1538 1119 1540 1119 1542 1119 1584 1100 1584 1043 1579 999 1408 1004 1399 999 1369 985 1367 985 1365 985 1362 985 1360 985 1342 999 1335 1006 1039 1006 1023 1001 996 992 993 992 991 992 989 992 966 1001 956 1006 913 1001 825 995 823 995 820 995 797 1004 784 1008 767 1004 726 990 724 990 721 990 627 1001 493 990 491 990 412 1006 387 1011 362 1006 297 992 295 992 292 992 290 992 276 1004 225 992 223 992 221 992 219 992 219 995 207 1004 152 995 149 995 147 995 115 1006 117 1052"/></Shape>
	    <String CONTENT="אועד לך שמה קדש קדשים תהיה לכם: ונאמר"
                    HPOS="115.0"
                    VPOS="985.0"
                    WIDTH="1469.0"
                    HEIGHT="141.0"
                    WC="0.986315800955421"></String>
          </TextLine>

          
          
          <TextLine ID="eSc_line_876e47f1"
                    TAGREFS="LT15288"
                    BASELINE="121 1157 1585 1151" 
                    HPOS="119.0"
                    VPOS="1105.0"
                    WIDTH="1465.0"
                    HEIGHT="122.0">
            <Shape><Polygon POINTS="119 1202 318 1202 320 1202 341 1220 341 1223 343 1223 345 1223 419 1225 421 1225 424 1225 426 1225 463 1202 500 1225 502 1225 504 1225 507 1227 585 1227 585 1225 588 1225 634 1206 664 1220 666 1220 774 1223 777 1223 779 1223 781 1223 807 1202 823 1213 825 1213 827 1213 830 1213 897 1200 899 1200 901 1200 986 1223 989 1223 991 1223 993 1223 1088 1197 1095 1197 1097 1197 1134 1220 1136 1220 1139 1220 1141 1220 1307 1197 1312 1197 1314 1197 1342 1220 1344 1220 1346 1220 1348 1220 1581 1195 1584 1149 1577 1105 1549 1117 1342 1107 1268 1105 1265 1105 1217 1110 1139 1117 1127 1110 1120 1105 1118 1105 1116 1105 1113 1105 1058 1112 989 1119 968 1112 947 1105 945 1105 809 1105 807 1105 804 1105 786 1114 779 1117 765 1114 712 1105 710 1105 707 1105 705 1105 689 1117 687 1119 682 1117 671 1107 668 1107 666 1107 394 1107 392 1107 389 1107 362 1119 355 1124 119 1124 119 1156 119 1202"/></Shape>
	    <String CONTENT=""
                    HPOS="119.0"
                    VPOS="1105.0"
                    WIDTH="1465.0"
                    HEIGHT="122.0"
                    WC="0.9896849764359964"></String>
          </TextLine>

          
          
          <TextLine ID="eSc_line_7796c0ba"
                    TAGREFS="LT15288"
                    BASELINE="118 1265 1588 1259" 
                    HPOS="115.0"
                    VPOS="1211.0"
                    WIDTH="1471.0"
                    HEIGHT="122.0">
            <Shape><Polygon POINTS="117 1264 117 1308 154 1333 156 1333 159 1333 161 1333 265 1329 267 1329 304 1312 417 1329 419 1329 421 1329 424 1329 461 1308 534 1308 601 1333 604 1333 606 1333 661 1331 664 1331 710 1305 712 1305 719 1305 873 1308 903 1331 906 1331 908 1331 910 1331 913 1331 993 1310 1026 1331 1028 1331 1030 1331 1033 1333 1095 1333 1095 1331 1097 1331 1141 1308 1212 1329 1215 1329 1217 1331 1367 1331 1367 1329 1369 1329 1372 1329 1401 1303 1404 1303 1494 1303 1496 1303 1521 1324 1524 1324 1526 1324 1528 1324 1531 1324 1586 1303 1586 1257 1581 1213 894 1223 876 1220 839 1211 837 1211 788 1220 770 1223 751 1220 682 1211 680 1211 601 1223 574 1225 486 1223 147 1213 145 1213 142 1213 115 1225 117 1264"/></Shape>
	    <String CONTENT="לכם: ונאמר והקטיר עליו אהרן קטרת סמים בבקר"
                    HPOS="115.0"
                    VPOS="1211.0"
                    WIDTH="1471.0"
                    HEIGHT="122.0"
                    WC="0.9864798386891683"></String>
          </TextLine>

          
          
          <TextLine ID="eSc_line_89790339"
                    TAGREFS="LT15288"
                    BASELINE="119 1374 1586 1366" 
                    HPOS="117.0"
                    VPOS="1315.0"
                    WIDTH="1467.0"
                    HEIGHT="124.0">
            <Shape><Polygon POINTS="117 1430 136 1439 138 1439 140 1439 142 1439 145 1439 163 1428 182 1418 343 1418 394 1428 458 1439 461 1439 463 1439 465 1439 465 1437 477 1428 486 1418 583 1418 599 1428 608 1434 611 1434 613 1434 871 1437 873 1437 876 1437 903 1428 933 1416 1042 1416 1060 1428 1067 1432 1069 1432 1072 1432 1141 1434 1143 1434 1146 1434 1148 1434 1148 1432 1155 1428 1169 1414 1233 1414 1252 1428 1261 1434 1263 1434 1265 1434 1268 1434 1270 1434 1272 1434 1284 1428 1309 1414 1411 1416 1422 1428 1429 1432 1429 1434 1431 1434 1434 1434 1436 1434 1581 1425 1584 1365 1579 1326 1526 1331 1517 1326 1496 1315 1494 1315 1491 1315 1489 1315 1466 1326 1457 1333 1254 1333 1247 1329 1226 1315 1224 1315 1222 1315 1219 1315 1217 1315 1166 1329 1152 1333 933 1333 876 1331 652 1317 650 1317 555 1333 539 1335 534 1333 504 1319 502 1319 500 1319 498 1319 461 1331 202 1319 200 1319 198 1319 196 1319 196 1322 177 1335 177 1338 117 1338 117 1372 117 1430"/></Shape>
	    <String CONTENT="בבקר בהיטיבו את־הנרת יקטירנה: ובהעלת אהרן"
                    HPOS="117.0"
                    VPOS="1315.0"
                    WIDTH="1467.0"
                    HEIGHT="124.0"
                    WC="0.9979840219020844"></String>
          </TextLine>

          
          
          <TextLine ID="eSc_line_5a5eaac3"
                    TAGREFS="LT15288"
                    BASELINE="121 1478 1585 1474" 
                    HPOS="117.0"
                    VPOS="1423.0"
                    WIDTH="1467.0"
                    HEIGHT="124.0">
            <Shape><Polygon POINTS="119 1476 119 1536 205 1547 207 1547 209 1547 232 1536 251 1527 332 1527 355 1534 389 1547 392 1547 394 1547 396 1547 398 1547 417 1534 419 1531 421 1534 433 1543 435 1543 438 1543 440 1543 491 1534 525 1527 534 1534 546 1543 548 1543 551 1543 627 1547 629 1547 631 1547 634 1547 657 1531 666 1527 770 1527 779 1531 802 1547 804 1547 807 1547 809 1547 924 1531 1046 1545 1049 1545 1051 1545 1106 1527 1118 1524 1129 1527 1178 1545 1180 1545 1182 1545 1270 1534 1441 1545 1443 1545 1445 1545 1448 1545 1473 1524 1475 1524 1581 1524 1584 1471 1579 1439 1358 1439 1353 1439 1307 1423 1305 1423 1302 1423 1300 1423 1270 1439 1268 1441 1122 1441 1122 1439 1076 1423 1074 1423 1072 1423 1069 1423 1035 1439 989 1428 986 1428 984 1428 982 1428 936 1439 848 1423 846 1423 843 1423 781 1439 765 1425 763 1425 760 1425 758 1425 756 1425 703 1439 574 1425 571 1425 433 1439 415 1428 412 1428 410 1428 152 1425 149 1425 147 1425 117 1441 119 1476"/></Shape>
	    <String CONTENT="את־הנרת בין הערבים יקטירנה קטרת תמיד לפני"
                    HPOS="117.0"
                    VPOS="1423.0"
                    WIDTH="1467.0"
                    HEIGHT="124.0"
                    WC="0.991938998301824"></String>
          </TextLine>

          
          
          <TextLine ID="eSc_line_2c2fb8d9"
                    TAGREFS="LT15288"
                    BASELINE="119 1586 1079 1586 1586 1577" 
                    HPOS="115.0"
                    VPOS="1534.0"
                    WIDTH="1469.0"
                    HEIGHT="117.0">
            <Shape><Polygon POINTS="117 1584 117 1628 179 1642 182 1642 184 1642 216 1628 219 1628 325 1628 332 1628 481 1651 484 1651 486 1651 488 1651 518 1628 666 1628 694 1646 696 1646 698 1646 793 1649 795 1649 797 1649 871 1626 901 1649 903 1649 906 1649 908 1651 998 1651 998 1649 1000 1649 1003 1649 1030 1633 1120 1633 1139 1649 1141 1649 1143 1649 1146 1649 1219 1633 1270 1649 1272 1649 1275 1649 1581 1621 1584 1575 1581 1550 1501 1534 1498 1534 1305 1547 1272 1552 1009 1552 1003 1547 984 1538 982 1538 980 1538 977 1538 950 1547 945 1550 940 1547 915 1536 913 1536 910 1536 908 1536 880 1547 873 1550 864 1547 820 1536 818 1536 816 1536 813 1536 777 1547 767 1550 742 1547 666 1538 664 1538 661 1538 659 1538 650 1547 643 1552 606 1547 537 1538 534 1538 115 1545 117 1584"/></Shape>
	    <String CONTENT="יהוה לדרתיכם: תנו רבנן פטום הקטרת כיצד שלש מאות וששים"
                    HPOS="115.0"
                    VPOS="1534.0"
                    WIDTH="1469.0"
                    HEIGHT="117.0"
                    WC="0.9832144324169603"></String>
          </TextLine>

          
          
          <TextLine ID="eSc_line_5a828568"
                    TAGREFS="LT15288"
                    BASELINE="119 1693 1586 1689" 
                    HPOS="115.0"
                    VPOS="1642.0"
                    WIDTH="1469.0"
                    HEIGHT="115.0">
            <Shape><Polygon POINTS="117 1692 122 1752 145 1739 209 1752 228 1755 230 1757 290 1757 290 1755 292 1755 295 1755 295 1752 297 1750 311 1739 421 1750 472 1755 475 1757 551 1757 551 1755 553 1755 555 1755 562 1750 576 1739 650 1748 700 1755 703 1757 848 1757 848 1755 850 1755 871 1748 894 1739 908 1748 913 1750 915 1750 917 1750 920 1750 922 1750 924 1750 929 1745 947 1736 1014 1745 1060 1752 1063 1752 1111 1745 1173 1736 1277 1736 1286 1743 1295 1752 1298 1752 1300 1752 1302 1755 1395 1755 1395 1752 1397 1752 1399 1752 1399 1750 1408 1743 1415 1739 1420 1743 1429 1750 1429 1752 1431 1752 1434 1752 1436 1752 1581 1741 1584 1688 1581 1653 1415 1642 1413 1642 1411 1642 1408 1642 1408 1644 1399 1653 1397 1656 1079 1656 1076 1653 1039 1642 1037 1642 1035 1642 1033 1642 1030 1642 1016 1653 996 1653 424 1644 421 1644 115 1656 117 1692"/></Shape>
	    <String CONTENT="ושמונה מנים היו בה, שלש מאות וששים וחמשה"
                    HPOS="115.0"
                    VPOS="1642.0"
                    WIDTH="1469.0"
                    HEIGHT="115.0"
                    WC="0.9835852729646783"></String>
          </TextLine>

          
          
          <TextLine ID="eSc_line_d7dc23be"
                    TAGREFS="LT15288"
                    BASELINE="119 1802 1585 1796" 
                    HPOS="115.0"
                    VPOS="1748.0"
                    WIDTH="1469.0"
                    HEIGHT="126.0">
            <Shape><Polygon POINTS="117 1801 117 1854 196 1872 198 1872 200 1872 262 1854 281 1849 387 1849 394 1851 433 1872 435 1872 438 1874 514 1874 514 1872 638 1851 664 1847 677 1851 730 1868 733 1868 735 1868 737 1868 779 1851 823 1870 825 1870 827 1872 1042 1872 1042 1870 1044 1870 1046 1870 1046 1868 1069 1847 1072 1847 1074 1847 1171 1868 1173 1868 1176 1868 1178 1868 1203 1847 1208 1844 1295 1844 1298 1844 1342 1868 1344 1868 1346 1868 1348 1868 1351 1868 1351 1865 1374 1844 1376 1844 1408 1844 1411 1844 1436 1868 1438 1868 1441 1868 1443 1868 1445 1868 1448 1868 1480 1844 1482 1844 1581 1844 1584 1794 1579 1759 1411 1762 1390 1759 1312 1748 1309 1748 1307 1748 1305 1748 1284 1759 1279 1764 917 1764 892 1762 763 1750 760 1750 758 1750 756 1750 737 1764 735 1766 671 1766 668 1764 622 1750 620 1750 617 1750 456 1766 435 1766 412 1766 202 1752 200 1752 115 1766 117 1801"/></Shape>
	    <String CONTENT=""
                    HPOS="115.0"
                    VPOS="1748.0"
                    WIDTH="1469.0"
                    HEIGHT="126.0"
                    WC="0.9825352660634301"></String>
          </TextLine>

          
          
          <TextLine ID="eSc_line_16f45152"
                    TAGREFS="LT15288"
                    BASELINE="118 1910 1585 1904" 
                    HPOS="115.0"
                    VPOS="1861.0"
                    WIDTH="1469.0"
                    HEIGHT="115.0">
            <Shape><Polygon POINTS="117 1909 122 1964 147 1950 329 1950 343 1962 355 1971 355 1973 357 1973 359 1973 428 1976 431 1976 433 1976 435 1976 456 1962 468 1953 666 1948 680 1960 694 1971 694 1973 696 1973 698 1973 700 1976 920 1976 920 1973 922 1973 924 1973 943 1957 947 1955 952 1957 963 1969 963 1971 966 1971 968 1971 970 1971 973 1971 975 1971 996 1957 1000 1955 1007 1957 1035 1969 1037 1969 1039 1969 1099 1957 1113 1955 1118 1957 1148 1971 1150 1971 1152 1973 1298 1973 1298 1971 1300 1971 1302 1971 1321 1955 1335 1946 1346 1955 1353 1962 1355 1962 1358 1962 1360 1962 1362 1962 1376 1955 1397 1946 1579 1953 1584 1902 1581 1868 1076 1861 1074 1861 1072 1861 1046 1870 1039 1872 1033 1870 1012 1861 1009 1861 1007 1861 1005 1861 973 1870 963 1872 954 1870 908 1861 906 1861 800 1872 784 1872 770 1872 682 1861 680 1861 629 1872 627 1872 604 1861 601 1861 599 1861 468 1874 451 1874 449 1874 438 1863 435 1863 433 1863 219 1863 216 1863 115 1874 117 1909"/></Shape>
	    <String CONTENT=""
                    HPOS="115.0"
                    VPOS="1861.0"
                    WIDTH="1469.0"
                    HEIGHT="115.0"
                    WC="0.9916800474509214"></String>
          </TextLine>

          
          
          <TextLine ID="eSc_line_59db6f23"
                    TAGREFS="LT15288"
                    BASELINE="121 2014 1585 2011" 
                    HPOS="117.0"
                    VPOS="1964.0"
                    WIDTH="1467.0"
                    HEIGHT="118.0">
            <Shape><Polygon POINTS="119 2013 119 2059 253 2079 255 2079 366 2066 454 2077 456 2077 532 2059 534 2059 560 2079 562 2079 564 2079 567 2079 569 2079 617 2068 652 2079 654 2079 657 2079 659 2079 661 2079 689 2059 691 2059 772 2059 774 2059 807 2079 809 2079 811 2079 813 2079 816 2079 894 2059 897 2059 915 2059 1005 2059 1042 2079 1044 2079 1046 2082 1106 2082 1106 2079 1109 2079 1111 2079 1132 2063 1321 2079 1323 2079 1325 2079 1367 2061 1422 2073 1425 2073 1427 2073 1429 2073 1448 2059 1517 2059 1547 2073 1549 2073 1551 2075 1551 2073 1554 2073 1584 2056 1584 2010 1581 1980 1494 1969 1491 1969 1489 1969 1461 1980 1459 1980 1457 1980 1434 1969 1431 1969 1429 1969 1358 1980 1348 1980 1330 1967 1328 1967 1325 1967 1323 1967 1321 1967 1279 1978 1249 1964 1247 1964 1245 1964 1242 1964 1196 1980 1192 1980 1187 1980 1120 1964 1118 1964 1116 1964 1113 1964 1113 1967 1097 1980 1097 1983 1053 1983 1053 1980 1037 1967 1037 1964 1035 1964 1033 1964 966 1964 963 1964 961 1964 959 1964 959 1967 943 1980 929 1980 714 1967 712 1967 710 1967 707 1967 691 1980 631 1967 629 1967 627 1967 588 1980 548 1964 546 1964 544 1964 338 1980 336 1980 288 1964 285 1964 283 1964 117 1980 119 2013"/></Shape>
	    <String CONTENT="מכניס כהן גדול מלא חפניו ביום הכפורים,"
                    HPOS="117.0"
                    VPOS="1964.0"
                    WIDTH="1467.0"
                    HEIGHT="118.0"
                    WC="0.9970685299052748"></String>
          </TextLine>

          
          
          <TextLine ID="eSc_line_295d737c"
                    TAGREFS="LT15288"
                    BASELINE="119 2123 1585 2114" 
                    HPOS="115.0"
                    VPOS="2075.0"
                    WIDTH="1469.0"
                    HEIGHT="113.0">
            <Shape><Polygon POINTS="117 2121 117 2167 152 2185 154 2185 156 2188 249 2188 249 2185 251 2185 253 2185 253 2183 269 2169 313 2185 315 2185 318 2188 401 2188 401 2185 403 2185 405 2185 428 2167 562 2183 564 2183 567 2183 569 2183 594 2167 599 2165 758 2165 767 2165 846 2183 848 2183 850 2183 894 2165 903 2162 1000 2162 1003 2165 1026 2181 1028 2181 1030 2181 1033 2183 1095 2183 1095 2181 1097 2181 1099 2181 1125 2165 1129 2162 1141 2165 1187 2174 1189 2174 1277 2165 1300 2162 1309 2165 1353 2178 1355 2178 1358 2178 1360 2178 1388 2165 1397 2160 1579 2162 1584 2112 1579 2075 115 2089 117 2121"/></Shape>
	    <String CONTENT=""
                    HPOS="115.0"
                    VPOS="2075.0"
                    WIDTH="1469.0"
                    HEIGHT="113.0"
                    WC="0.9887640731675285"></String>
          </TextLine>

          
          
          <TextLine ID="eSc_line_d5b07caf"
                    TAGREFS="LT15288"
                    BASELINE="118 2231 1585 2223" 
                    HPOS="115.0"
                    VPOS="2181.0"
                    WIDTH="1469.0"
                    HEIGHT="115.0">
            <Shape><Polygon POINTS="117 2229 117 2277 152 2296 154 2296 156 2296 272 2284 389 2296 392 2296 394 2296 447 2277 458 2275 537 2275 551 2280 599 2296 601 2296 604 2296 606 2296 661 2280 689 2273 767 2273 795 2282 832 2294 834 2294 837 2294 894 2282 940 2273 1026 2282 1060 2287 1063 2287 1065 2287 1072 2284 1097 2271 1279 2271 1330 2287 1348 2291 1351 2291 1353 2291 1581 2287 1584 2222 1581 2192 1471 2181 1468 2181 1466 2181 1434 2192 1429 2195 1164 2195 1162 2192 1099 2181 1097 2181 1095 2181 1042 2195 1035 2195 989 2195 668 2183 666 2183 604 2197 597 2197 590 2197 555 2185 553 2185 551 2185 484 2197 479 2197 477 2197 465 2185 463 2185 461 2185 212 2185 209 2185 115 2197 117 2229"/></Shape>
	    <String CONTENT="מן הדקה, ואחד עשר סמנים היו בה, ואלו הן הצרי"
                    HPOS="115.0"
                    VPOS="2181.0"
                    WIDTH="1469.0"
                    HEIGHT="115.0"
                    WC="0.9596563889866784"></String>
          </TextLine>

          
          
          <TextLine ID="eSc_line_e23618b0"
                    TAGREFS="LT15288"
                    BASELINE="116 2337 1585 2329" 
                    HPOS="112.0"
                    VPOS="2294.0"
                    WIDTH="1472.0"
                    HEIGHT="110.0">
            <Shape><Polygon POINTS="115 2335 115 2386 175 2381 184 2386 207 2402 209 2402 212 2402 214 2404 274 2404 274 2402 350 2386 366 2400 368 2400 371 2400 488 2402 491 2402 493 2402 495 2402 516 2383 521 2381 562 2381 567 2383 594 2402 597 2402 599 2402 601 2402 682 2383 696 2379 700 2381 717 2397 717 2400 719 2400 721 2400 724 2400 726 2400 763 2388 864 2400 867 2400 869 2400 926 2381 929 2381 989 2393 991 2393 993 2393 1044 2379 1049 2379 1051 2379 1086 2395 1088 2395 1173 2397 1176 2397 1178 2397 1180 2397 1180 2395 1201 2379 1201 2377 1323 2377 1328 2377 1374 2397 1376 2397 1378 2397 1381 2397 1383 2397 1383 2395 1404 2377 1584 2377 1584 2328 1579 2294 112 2294 115 2335"/></Shape>
	    <String CONTENT="והצפרן החלבנה והלבונה משקל שבעים שבעים"
                    HPOS="112.0"
                    VPOS="2294.0"
                    WIDTH="1472.0"
                    HEIGHT="110.0"
                    WC="0.9754521087521598"></String>
          </TextLine>

          
          
          <TextLine ID="eSc_line_90200242"
                    TAGREFS="LT15288"
                    BASELINE="118 2443 1585 2435" 
                    HPOS="115.0"
                    VPOS="2397.0"
                    WIDTH="1469.0"
                    HEIGHT="129.0">
            <Shape><Polygon POINTS="117 2441 117 2501 182 2524 184 2524 186 2524 189 2524 232 2503 368 2508 385 2524 387 2524 389 2524 392 2524 394 2524 424 2512 518 2517 521 2517 523 2517 525 2517 539 2503 613 2524 615 2524 617 2526 811 2526 811 2524 813 2524 816 2524 853 2501 855 2501 954 2501 1007 2522 1009 2522 1012 2522 1014 2522 1095 2499 1102 2499 1129 2499 1132 2499 1155 2519 1155 2522 1157 2522 1159 2522 1162 2524 1270 2524 1270 2522 1272 2522 1328 2499 1348 2515 1351 2515 1353 2515 1355 2515 1448 2501 1542 2522 1544 2522 1547 2522 1549 2522 1584 2501 1584 2434 1579 2397 717 2409 647 2406 447 2397 445 2397 442 2397 440 2397 428 2409 426 2409 415 2397 412 2397 410 2397 274 2397 272 2397 115 2411 117 2441"/></Shape>
	    <String CONTENT="מנה, מור וקציעה שבלת נרד וכרכם משקל ששה"
                    HPOS="115.0"
                    VPOS="2397.0"
                    WIDTH="1469.0"
                    HEIGHT="129.0"
                    WC="0.968923127367383"></String>
          </TextLine>

          
        </TextBlock>
        

        
      </PrintSpace>
    </Page>
  </Layout>
</alto>
