<?xml version="1.0" encoding="UTF-8"?>
<alto xmlns:xsi="http://www.w3.org/2001/XMLSchema-instance"
      xmlns="http://www.loc.gov/standards/alto/ns-v4#"
      xsi:schemaLocation="http://www.loc.gov/standards/alto/ns-v4# http://www.loc.gov/standards/alto/v4/alto-4-2.xsd">
  <Description>
    <MeasurementUnit>pixel</MeasurementUnit>
    <sourceImageInformation>
      <fileName>IE87716931_00014.jpg</fileName>
      <fileIdentifier>mets//export_doc4366_1col_14_copy_alto_202404261215.zip/IE87716931_00014.jpg</fileIdentifier>
    </sourceImageInformation>
  </Description>
  
  <Tags>
    <OtherTag ID="BT6914" LABEL="Handwritten" DESCRIPTION="block type Handwritten"/><OtherTag ID="BT6913" LABEL="RunningHeader" DESCRIPTION="block type RunningHeader"/><OtherTag ID="BT6912" LABEL="Catchword" DESCRIPTION="block type Catchword"/><OtherTag ID="BT6911" LABEL="Margin" DESCRIPTION="block type Margin"/><OtherTag ID="BT6910" LABEL="FooterCentral" DESCRIPTION="block type FooterCentral"/><OtherTag ID="BT6909" LABEL="MainCentral" DESCRIPTION="block type MainCentral"/><OtherTag ID="BT6908" LABEL="Header" DESCRIPTION="block type Header"/><OtherTag ID="BT4" LABEL="Illustration" DESCRIPTION="block type Illustration"/><OtherTag ID="BT3" LABEL="Commentary" DESCRIPTION="block type Commentary"/><OtherTag ID="BT2" LABEL="Main" DESCRIPTION="block type Main"/><OtherTag ID="BT1" LABEL="Title" DESCRIPTION="block type Title"/>
    <OtherTag ID="LT15289" LABEL="Handwritten" DESCRIPTION="line type Handwritten"/><OtherTag ID="LT15288" LABEL="MainCentral" DESCRIPTION="line type MainCentral"/><OtherTag ID="LT15287" LABEL="NotMain" DESCRIPTION="line type NotMain"/>
  </Tags>
  
  <Layout>
    <Page WIDTH="1211"
          HEIGHT="2133"
          PHYSICAL_IMG_NR="49"
          ID="eSc_dummypage_">
      <PrintSpace HPOS="0"
                  VPOS="0"
                  WIDTH="1211"
                  HEIGHT="2133">
        
        <TextBlock HPOS="37.0"
                   VPOS="127.0"
                   WIDTH="1017.0"
                   HEIGHT="1777.0"
                   ID="eSc_textblock_a594374b"
                   TAGREFS="BT6909">
          <Shape><Polygon POINTS="1054 132 1049 1885 1035 1904 37 1899 37 127"/></Shape>
          
          
          <TextLine ID="eSc_line_8a617f6c"
                    TAGREFS="LT15288"
                    BASELINE="36 156 1037 168" 
                    HPOS="35.0"
                    VPOS="127.0"
                    WIDTH="1002.0"
                    HEIGHT="94.0">
            <Shape><Polygon POINTS="692 130 691 130 690 130 649 137 640 138 620 137 570 132 569 132 568 132 561 136 558 137 555 136 532 129 523 129 511 129 499 129 487 129 475 129 466 129 444 135 440 136 432 135 402 129 392 129 380 129 378 129 313 133 306 133 297 133 231 127 226 127 214 127 202 127 194 127 179 132 176 132 174 132 155 127 143 127 131 127 119 127 107 127 96 127 84 127 78 127 36 130 36 156 35 191 67 205 68 205 69 205 71 205 72 205 87 194 122 194 142 194 160 202 161 202 162 202 163 202 187 194 189 194 198 195 245 201 257 210 258 210 259 210 260 210 262 210 302 196 307 195 311 196 364 214 365 214 366 215 402 215 402 214 403 214 443 199 448 197 453 199 479 207 480 207 481 207 515 200 527 197 534 200 574 216 575 216 576 216 577 216 613 201 620 199 631 202 647 207 648 207 649 207 687 203 697 202 699 203 734 219 735 219 842 220 843 220 844 220 845 220 865 206 871 202 899 206 920 209 921 209 922 209 929 207 934 205 940 207 970 221 971 221 972 221 1035 208 1037 168 1035 142 970 142 964 141 937 132 935 132 934 132 785 138 753 139 746 138 721 131 719 131 718 131 717 131 704 137 693 130 692 130"/></Shape>
	    <String CONTENT="במצותיך, ואל תביאנו לא לידי חטא ולא"
                    HPOS="35.0"
                    VPOS="127.0"
                    WIDTH="1002.0"
                    HEIGHT="94.0"
                    WC="0.9979432263681965"></String>
          </TextLine>

          
          
          <TextLine ID="eSc_line_c48a0850"
                    TAGREFS="LT15288"
                    BASELINE="34 245 1041 254" 
                    HPOS="33.0"
                    VPOS="209.0"
                    WIDTH="1008.0"
                    HEIGHT="103.0">
            <Shape><Polygon POINTS="34 245 33 304 110 305 111 305 112 305 116 304 170 289 214 304 218 305 219 305 220 305 221 305 222 305 224 304 239 295 251 303 252 303 253 303 255 303 256 303 257 303 276 290 296 290 380 304 410 309 411 309 412 309 413 309 421 304 430 298 445 304 459 309 460 309 461 310 498 310 498 309 499 309 510 304 521 298 665 303 666 303 667 303 686 293 760 293 774 304 785 312 786 312 787 312 788 312 863 310 864 310 877 303 895 295 991 295 1003 303 1015 311 1016 311 1017 311 1018 311 1020 311 1040 303 1041 254 1041 231 1005 218 1004 218 1003 218 1002 218 965 228 923 228 913 220 912 220 910 220 909 220 908 220 888 229 887 229 789 229 727 228 725 227 710 215 709 215 708 215 672 215 671 215 670 215 642 226 612 214 610 214 609 214 528 226 517 226 447 226 445 225 434 216 432 216 431 216 430 216 372 222 352 212 351 212 349 212 292 218 276 210 275 210 222 210 221 210 220 210 219 210 204 222 189 222 161 222 155 222 92 209 91 209 34 220 34 245"/></Shape>
	    <String CONTENT="לידי עברה ועון ולא לידי נסיון ולא לידי בזיון"
                    HPOS="33.0"
                    VPOS="209.0"
                    WIDTH="1008.0"
                    HEIGHT="103.0"
                    WC="0.9636712899574866"></String>
          </TextLine>

          
          
          <TextLine ID="eSc_line_ddb7487b"
                    TAGREFS="LT15288"
                    BASELINE="34 334 1040 342" 
                    HPOS="33.0"
                    VPOS="304.0"
                    WIDTH="1007.0"
                    HEIGHT="97.0">
            <Shape><Polygon POINTS="34 334 33 372 84 394 85 394 86 395 155 395 155 394 156 394 192 375 231 395 232 395 233 395 328 388 329 388 330 388 348 376 379 396 380 396 381 396 383 396 384 396 417 387 451 396 453 396 454 396 515 387 517 387 518 387 533 376 606 376 668 383 670 383 719 378 800 400 801 400 802 401 872 401 872 400 874 400 895 392 910 396 912 396 913 396 914 396 915 396 932 385 1037 379 1040 342 1037 315 908 318 848 314 804 310 802 310 784 314 762 317 727 314 689 309 687 309 655 312 628 316 572 312 495 308 494 308 493 308 476 312 467 315 459 312 443 306 442 306 441 306 416 312 408 314 387 312 321 305 320 305 208 311 179 312 174 311 155 304 154 304 153 304 34 310 34 334"/></Shape>
	    <String CONTENT=""
                    HPOS="33.0"
                    VPOS="304.0"
                    WIDTH="1007.0"
                    HEIGHT="97.0"
                    WC="0.9973477029031322"></String>
          </TextLine>

          
          
          <TextLine ID="eSc_line_e8019612"
                    TAGREFS="LT15288"
                    BASELINE="35 421 1040 430" 
                    HPOS="34.0"
                    VPOS="389.0"
                    WIDTH="1006.0"
                    HEIGHT="100.0">
            <Shape><Polygon POINTS="35 421 34 471 64 483 65 483 66 484 123 484 123 483 124 483 151 475 201 484 202 484 204 484 205 484 220 472 227 471 258 468 277 472 300 477 301 477 302 477 303 477 310 472 322 465 426 465 476 472 481 472 500 487 501 487 502 487 608 488 609 489 666 489 666 488 667 488 691 479 722 488 723 488 724 488 725 488 727 488 750 472 754 472 789 470 851 470 868 472 910 481 912 481 913 481 935 475 979 483 980 483 982 483 983 483 997 472 1001 471 1036 472 1040 430 1039 405 944 398 942 398 941 398 929 404 927 405 921 404 902 399 901 399 900 399 825 402 806 404 805 402 797 398 795 398 794 398 793 398 792 398 780 402 778 404 751 402 665 398 664 398 663 398 653 402 651 402 646 402 600 393 598 393 525 400 440 392 379 392 378 392 377 392 345 400 342 400 341 400 303 392 302 392 301 392 300 392 289 399 238 393 237 393 200 399 199 399 135 389 134 389 37 398 35 421"/></Shape>
	    <String CONTENT=""
                    HPOS="34.0"
                    VPOS="389.0"
                    WIDTH="1006.0"
                    HEIGHT="100.0"
                    WC="0.9808736886296954"></String>
          </TextLine>

          
          
          <TextLine ID="eSc_line_586b7af1"
                    TAGREFS="LT15288"
                    BASELINE="34 511 1037 519" 
                    HPOS="33.0"
                    VPOS="478.0"
                    WIDTH="1004.0"
                    HEIGHT="101.0">
            <Shape><Polygon POINTS="34 511 33 554 160 568 161 568 162 568 182 558 185 558 190 559 213 562 214 562 215 562 221 559 228 556 308 556 322 561 352 573 353 573 354 573 355 573 357 573 373 562 384 558 463 558 479 565 491 571 492 571 493 571 494 571 510 566 511 566 512 566 533 575 534 575 536 577 610 577 610 575 612 575 613 575 623 568 626 567 641 569 686 575 687 575 689 575 699 571 708 567 722 571 725 572 727 572 728 572 729 572 730 572 730 571 744 561 795 560 827 573 836 577 837 577 838 577 839 577 848 574 871 566 886 575 889 578 890 578 891 578 893 579 1035 579 1037 519 1036 495 827 495 821 491 804 483 802 483 801 483 800 483 782 490 774 495 740 495 717 490 698 487 697 487 646 489 568 492 544 488 513 481 445 481 444 481 419 485 392 491 373 485 367 483 366 483 365 483 353 484 317 490 275 483 262 482 260 482 252 483 219 490 195 482 183 478 182 478 181 478 160 482 125 488 34 481 34 511"/></Shape>
	    <String CONTENT=""
                    HPOS="33.0"
                    VPOS="478.0"
                    WIDTH="1004.0"
                    HEIGHT="101.0"
                    WC="0.9989339435422743"></String>
          </TextLine>

          
          
          <TextLine ID="eSc_line_cf6b28b3"
                    TAGREFS="LT15288"
                    BASELINE="33 598 1037 609" 
                    HPOS="32.0"
                    VPOS="567.0"
                    WIDTH="1005.0"
                    HEIGHT="104.0">
            <Shape><Polygon POINTS="33 598 32 642 91 658 92 658 150 662 151 663 215 663 215 662 217 662 218 662 239 648 243 645 247 648 271 657 272 657 273 657 275 657 276 657 288 649 294 645 364 645 459 654 462 654 475 665 476 665 477 665 479 667 542 667 542 665 543 665 564 657 617 667 619 667 620 667 635 660 654 650 668 656 670 656 671 656 672 656 700 649 776 649 802 664 812 669 813 669 814 669 858 665 903 662 927 668 938 670 939 670 940 670 941 670 947 668 978 657 1001 670 1002 670 1003 670 1004 671 1035 671 1037 609 1037 585 746 584 744 583 734 574 733 574 731 574 730 574 698 581 676 573 674 573 673 573 633 581 631 581 628 581 591 572 590 572 589 572 536 580 534 580 533 580 491 574 489 574 374 579 368 579 367 579 323 569 322 569 257 578 241 568 240 568 239 568 238 568 237 568 208 577 144 567 143 567 75 575 51 567 49 567 48 567 47 567 33 574 33 598"/></Shape>
	    <String CONTENT="ברוך אתה יהוה גומל חסדים טובים לעמו"
                    HPOS="32.0"
                    VPOS="567.0"
                    WIDTH="1005.0"
                    HEIGHT="104.0"
                    WC="0.9779288154659849"></String>
          </TextLine>

          
          
          <TextLine ID="eSc_line_a9d5639c"
                    TAGREFS="LT15288"
                    BASELINE="426 692 640 688" 
                    HPOS="425.0"
                    VPOS="656.0"
                    WIDTH="215.0"
                    HEIGHT="84.0">
            <Shape><Polygon POINTS="426 692 426 726 492 740 493 740 494 740 520 727 565 740 566 740 568 740 640 722 640 688 639 663 581 656 579 656 578 656 564 662 558 664 540 662 507 657 506 657 425 661 426 692"/></Shape>
	    <String CONTENT="ישרא"
                    HPOS="425.0"
                    VPOS="656.0"
                    WIDTH="215.0"
                    HEIGHT="84.0"
                    WC="0.9967855314413706"></String>
          </TextLine>

          
          
          <TextLine ID="eSc_line_4f0f1675"
                    TAGREFS="LT15288"
                    BASELINE="33 776 1039 782" 
                    HPOS="32.0"
                    VPOS="742.0"
                    WIDTH="1007.0"
                    HEIGHT="96.0">
            <Shape><Polygon POINTS="33 776 32 823 120 815 177 824 182 824 183 824 188 824 232 815 250 815 263 823 278 834 279 834 281 834 311 835 313 835 314 835 315 835 330 823 347 828 348 828 349 828 351 828 361 823 374 816 422 822 445 825 447 825 463 822 486 817 501 822 508 824 510 824 511 824 557 822 628 817 634 821 655 837 657 837 658 837 876 838 877 838 878 838 916 828 953 838 954 838 955 838 957 838 990 821 1008 828 1009 828 1010 828 1011 828 1037 818 1039 782 1037 758 986 758 979 757 942 747 941 747 940 747 883 756 867 758 833 758 830 756 812 746 811 746 766 746 765 746 763 746 741 754 734 758 682 758 676 754 666 750 665 750 664 750 600 753 557 756 552 753 542 745 540 745 539 745 508 745 507 745 506 745 491 752 483 756 456 752 430 748 429 748 397 751 362 754 357 751 345 744 343 744 342 744 270 744 269 744 268 744 266 744 258 750 251 754 186 754 179 750 170 742 169 742 168 742 167 742 139 748 119 753 33 748 33 776"/></Shape>
	    <String CONTENT=""
                    HPOS="32.0"
                    VPOS="742.0"
                    WIDTH="1007.0"
                    HEIGHT="96.0"
                    WC="0.9722900052328367"></String>
          </TextLine>

          
          
          <TextLine ID="eSc_line_2deb9c99"
                    TAGREFS="LT15288"
                    BASELINE="34 863 939 867" 
                    HPOS="33.0"
                    VPOS="834.0"
                    WIDTH="906.0"
                    HEIGHT="93.0">
            <Shape><Polygon POINTS="34 863 33 906 54 920 55 920 56 920 58 920 81 916 132 924 134 924 213 908 233 905 282 905 292 911 311 920 313 920 314 920 315 920 336 911 351 906 399 906 428 913 467 925 468 925 469 926 558 926 558 925 559 925 584 918 617 908 638 913 639 913 640 913 678 907 703 917 704 917 705 917 805 907 826 924 827 925 829 925 830 925 831 925 832 925 833 925 835 924 846 916 859 925 861 926 862 926 863 926 864 927 937 927 939 867 935 836 915 847 801 847 780 837 778 836 776 836 775 836 769 837 729 846 632 840 631 840 564 844 549 837 547 837 546 837 545 837 544 837 540 837 517 844 493 838 481 835 480 835 461 835 460 835 459 835 457 835 454 838 447 844 429 838 417 835 416 835 415 835 374 838 349 841 329 838 287 834 285 834 284 834 272 840 264 843 244 840 227 836 226 836 225 836 217 840 206 844 141 844 122 840 88 834 87 834 34 840 34 863"/></Shape>
	    <String CONTENT=""
                    HPOS="33.0"
                    VPOS="834.0"
                    WIDTH="906.0"
                    HEIGHT="93.0"
                    WC="0.9868855630197833"></String>
          </TextLine>

          
          
          <TextLine ID="eSc_line_c8d4dacd"
                    TAGREFS="LT15288"
                    BASELINE="33 953 1035 962" 
                    HPOS="33.0"
                    VPOS="923.0"
                    WIDTH="1002.0"
                    HEIGHT="96.0">
            <Shape><Polygon POINTS="33 953 33 1010 86 996 142 996 173 1011 175 1013 176 1013 177 1014 283 1014 283 1013 284 1013 317 998 346 1014 347 1014 348 1014 349 1014 351 1014 352 1014 381 1000 459 998 493 998 521 1013 523 1013 524 1013 525 1013 555 1002 591 1014 593 1014 633 1016 661 1016 663 1016 666 1016 743 1001 787 1016 788 1016 816 1017 848 1017 849 1017 850 1017 891 1002 937 1015 938 1015 939 1015 940 1015 954 1008 972 1017 973 1017 1031 1019 1035 962 1034 938 864 929 863 929 862 929 850 934 838 929 837 929 836 929 784 936 778 936 770 936 710 929 709 929 550 933 538 933 533 933 461 925 460 925 459 925 440 932 393 925 392 925 357 931 319 924 317 924 253 931 250 931 245 931 176 923 175 923 174 923 149 930 33 930 33 953"/></Shape>
	    <String CONTENT="פנים ומעזות פנים מאדם רע, ו"
                    HPOS="33.0"
                    VPOS="923.0"
                    WIDTH="1002.0"
                    HEIGHT="96.0"
                    WC="0.9884723294526339"></String>
          </TextLine>

          
          
          <TextLine ID="eSc_line_80803ae4"
                    TAGREFS="LT15288"
                    BASELINE="32 1041 1035 1051" 
                    HPOS="30.0"
                    VPOS="1010.0"
                    WIDTH="1005.0"
                    HEIGHT="103.0">
            <Shape><Polygon POINTS="32 1041 30 1092 83 1093 99 1104 100 1104 102 1104 103 1104 147 1099 162 1105 163 1105 294 1106 295 1106 296 1106 313 1098 326 1092 349 1099 374 1106 375 1106 377 1106 378 1106 379 1106 390 1100 405 1091 434 1100 454 1107 455 1107 456 1107 457 1107 473 1102 491 1094 549 1099 550 1099 590 1093 607 1104 613 1109 614 1109 615 1109 616 1109 640 1105 660 1102 678 1105 695 1110 696 1110 697 1110 719 1106 779 1096 903 1096 918 1106 919 1106 920 1106 921 1106 922 1106 941 1100 961 1111 964 1112 965 1112 966 1113 1033 1113 1035 1051 1035 1030 945 1028 929 1020 928 1020 927 1020 895 1027 894 1027 884 1027 782 1021 781 1021 759 1025 748 1026 744 1025 730 1017 729 1017 728 1017 617 1021 533 1025 515 1020 508 1017 507 1017 506 1017 505 1017 498 1019 481 1023 440 1017 406 1014 405 1014 404 1014 392 1017 372 1022 351 1016 342 1014 341 1014 340 1014 316 1015 251 1021 239 1014 238 1013 237 1013 236 1013 234 1013 222 1014 157 1021 134 1011 132 1011 131 1011 130 1011 129 1011 128 1011 110 1020 32 1010 32 1041"/></Shape>
	    <String CONTENT=""
                    HPOS="30.0"
                    VPOS="1010.0"
                    WIDTH="1005.0"
                    HEIGHT="103.0"
                    WC="0.9917600789377766"></String>
          </TextLine>

          
          
          <TextLine ID="eSc_line_f5a263da"
                    TAGREFS="LT15288"
                    BASELINE="30 1128 1036 1138" 
                    HPOS="29.0"
                    VPOS="1100.0"
                    WIDTH="1007.0"
                    HEIGHT="95.0">
            <Shape><Polygon POINTS="30 1128 29 1185 153 1188 154 1188 155 1188 164 1186 226 1169 238 1175 239 1175 240 1175 271 1173 295 1187 301 1189 302 1189 303 1189 342 1187 403 1181 404 1181 405 1181 419 1171 453 1171 472 1181 473 1181 474 1181 511 1173 576 1173 635 1188 654 1193 655 1193 657 1193 711 1192 712 1192 714 1192 718 1188 742 1175 810 1175 850 1188 851 1188 852 1188 853 1188 878 1180 901 1187 902 1187 903 1187 904 1187 927 1177 957 1177 976 1189 983 1195 984 1195 985 1195 986 1195 1034 1189 1036 1138 1036 1107 988 1107 986 1107 985 1107 966 1116 932 1106 929 1106 928 1106 846 1106 845 1106 844 1106 842 1106 818 1115 801 1106 798 1105 797 1105 795 1105 762 1106 660 1112 620 1106 593 1103 591 1103 570 1106 543 1111 521 1106 505 1103 504 1103 480 1106 456 1110 335 1110 330 1106 324 1102 323 1102 322 1102 321 1102 320 1102 306 1106 296 1109 276 1106 243 1102 241 1102 240 1102 232 1106 227 1109 149 1109 145 1106 137 1100 136 1100 135 1100 134 1100 132 1100 120 1106 118 1106 30 1106 30 1128"/></Shape>
	    <String CONTENT=""
                    HPOS="29.0"
                    VPOS="1100.0"
                    WIDTH="1007.0"
                    HEIGHT="95.0"
                    WC="0.9676925663290352"></String>
          </TextLine>

          
          
          <TextLine ID="eSc_line_003b2656"
                    TAGREFS="LT15288"
                    BASELINE="32 1219 1035 1228" 
                    HPOS="32.0"
                    VPOS="1187.0"
                    WIDTH="1003.0"
                    HEIGHT="95.0">
            <Shape><Polygon POINTS="32 1219 32 1266 42 1262 53 1266 67 1273 68 1273 69 1275 105 1275 105 1273 106 1273 107 1273 117 1266 131 1258 160 1266 161 1266 162 1266 281 1259 308 1259 322 1267 335 1276 336 1276 338 1276 339 1276 412 1271 413 1271 415 1271 418 1267 424 1264 430 1267 444 1277 445 1277 447 1277 597 1278 598 1278 600 1278 622 1269 636 1263 657 1269 661 1270 663 1270 664 1270 679 1269 729 1264 738 1269 757 1279 759 1279 760 1279 761 1279 780 1269 788 1265 808 1269 830 1273 831 1273 867 1270 904 1265 931 1267 933 1270 948 1282 950 1282 951 1282 952 1282 1008 1280 1009 1280 1034 1270 1035 1228 1035 1207 908 1194 907 1194 906 1194 875 1203 872 1205 817 1205 697 1203 690 1200 677 1193 676 1193 674 1193 673 1193 672 1193 663 1199 658 1202 594 1202 587 1198 575 1192 574 1192 527 1190 526 1190 428 1194 317 1199 277 1192 270 1190 269 1190 263 1190 228 1198 174 1190 173 1190 171 1190 156 1198 118 1188 111 1187 110 1187 109 1187 105 1188 83 1196 32 1187 32 1219"/></Shape>
	    <String CONTENT=""
                    HPOS="32.0"
                    VPOS="1187.0"
                    WIDTH="1003.0"
                    HEIGHT="95.0"
                    WC="0.9881698668003083"></String>
          </TextLine>

          
          
          <TextLine ID="eSc_line_1f4ebd6f"
                    TAGREFS="LT15288"
                    BASELINE="30 1307 1034 1316" 
                    HPOS="29.0"
                    VPOS="1273.0"
                    WIDTH="1005.0"
                    HEIGHT="100.0">
            <Shape><Polygon POINTS="29 1349 47 1359 48 1359 49 1359 77 1355 98 1366 99 1366 219 1367 220 1367 221 1367 222 1367 236 1359 256 1363 257 1363 258 1363 259 1363 260 1363 273 1354 279 1350 304 1355 348 1363 349 1363 351 1363 370 1356 386 1352 428 1352 466 1359 530 1371 531 1371 648 1363 664 1363 677 1365 729 1371 730 1371 731 1371 733 1371 738 1366 755 1355 830 1367 831 1367 832 1367 867 1356 953 1356 1030 1373 1034 1316 1034 1292 862 1282 861 1282 859 1282 844 1289 835 1294 784 1294 772 1286 768 1285 767 1285 766 1285 741 1286 657 1291 631 1291 619 1284 612 1279 610 1279 609 1279 608 1279 607 1279 590 1284 574 1288 551 1283 544 1282 543 1282 532 1283 486 1288 476 1282 475 1282 474 1282 473 1282 472 1282 413 1289 398 1279 393 1277 392 1277 391 1277 390 1277 389 1277 383 1279 371 1285 260 1277 249 1277 247 1277 246 1277 245 1277 221 1286 156 1286 86 1276 85 1276 84 1276 65 1283 32 1273 30 1307 29 1349"/></Shape>
	    <String CONTENT=""
                    HPOS="29.0"
                    VPOS="1273.0"
                    WIDTH="1005.0"
                    HEIGHT="100.0"
                    WC="0.9907653760164976"></String>
          </TextLine>

          
          
          <TextLine ID="eSc_line_cb299aad"
                    TAGREFS="LT15288"
                    BASELINE="33 1397 1035 1404" 
                    HPOS="32.0"
                    VPOS="1365.0"
                    WIDTH="1003.0"
                    HEIGHT="102.0">
            <Shape><Polygon POINTS="33 1397 32 1455 42 1462 43 1462 45 1462 46 1462 98 1455 99 1455 100 1455 102 1453 116 1445 196 1445 233 1450 237 1452 251 1463 252 1463 253 1463 255 1464 316 1464 316 1463 317 1463 341 1452 357 1446 424 1446 440 1452 476 1464 477 1464 479 1464 515 1457 536 1465 537 1465 538 1465 539 1465 564 1453 570 1458 571 1458 572 1458 574 1458 575 1458 591 1452 601 1449 634 1449 640 1451 661 1465 663 1465 664 1465 797 1467 798 1467 856 1453 923 1464 925 1464 1033 1450 1035 1404 1035 1381 937 1374 935 1374 910 1379 901 1380 895 1379 869 1369 868 1369 831 1369 830 1369 829 1369 813 1376 810 1379 767 1376 716 1373 715 1373 714 1373 709 1375 702 1379 598 1379 589 1373 582 1369 581 1369 579 1369 551 1373 528 1375 523 1372 512 1367 511 1367 510 1367 508 1367 493 1372 482 1375 473 1372 462 1367 461 1367 412 1367 411 1367 386 1369 343 1375 313 1368 298 1366 297 1366 284 1368 266 1372 259 1368 255 1366 253 1366 181 1366 180 1366 179 1366 176 1367 155 1374 33 1365 33 1397"/></Shape>
	    <String CONTENT="ומבעל דין קשה, בין שהוא בן ברית ובין"
                    HPOS="32.0"
                    VPOS="1365.0"
                    WIDTH="1003.0"
                    HEIGHT="102.0"
                    WC="0.9701371090752738"></String>
          </TextLine>

          
          
          <TextLine ID="eSc_line_e5594516"
                    TAGREFS="LT15288"
                    BASELINE="32 1485 1035 1485" 
                    HPOS="32.0"
                    VPOS="1453.0"
                    WIDTH="1003.0"
                    HEIGHT="94.0">
            <Shape><Polygon POINTS="32 1485 32 1531 59 1546 60 1546 61 1546 62 1546 85 1536 107 1546 109 1546 110 1547 156 1547 156 1546 157 1546 158 1546 182 1531 206 1531 233 1546 234 1546 236 1546 237 1546 333 1535 348 1545 349 1545 351 1545 352 1545 353 1545 408 1531 495 1534 517 1546 518 1546 519 1546 520 1546 559 1534 610 1544 612 1544 613 1544 636 1534 671 1539 672 1539 673 1539 674 1539 686 1531 724 1531 747 1546 748 1546 749 1546 750 1547 889 1547 889 1546 890 1546 951 1531 1035 1531 1035 1485 1034 1463 746 1467 727 1461 725 1461 724 1461 683 1467 666 1459 665 1459 664 1459 568 1467 551 1458 547 1456 546 1456 545 1456 533 1458 491 1465 468 1457 459 1453 457 1453 348 1453 347 1453 346 1453 341 1456 326 1463 255 1456 253 1456 252 1456 230 1463 219 1456 218 1456 217 1456 215 1456 150 1462 125 1453 124 1453 123 1453 32 1453 32 1485"/></Shape>
	    <String CONTENT=""
                    HPOS="32.0"
                    VPOS="1453.0"
                    WIDTH="1003.0"
                    HEIGHT="94.0"
                    WC="0.9732136511140399"></String>
          </TextLine>

          
          
          <TextLine ID="eSc_line_041df2de"
                    TAGREFS="LT15288"
                    BASELINE="32 1572 1034 1580" 
                    HPOS="30.0"
                    VPOS="1540.0"
                    WIDTH="1004.0"
                    HEIGHT="97.0">
            <Shape><Polygon POINTS="32 1572 30 1611 72 1617 91 1630 92 1630 93 1630 94 1630 131 1624 194 1631 195 1631 196 1631 230 1617 250 1631 251 1631 252 1631 253 1632 282 1632 282 1631 283 1631 284 1631 307 1616 309 1615 319 1616 367 1627 368 1627 410 1618 421 1616 426 1618 460 1634 461 1634 462 1634 550 1625 566 1634 568 1634 569 1634 570 1634 596 1628 666 1635 667 1635 668 1635 670 1635 687 1623 689 1622 692 1623 709 1627 710 1627 711 1627 712 1627 723 1623 737 1618 774 1624 794 1627 795 1627 797 1627 802 1624 817 1619 937 1625 938 1625 973 1621 984 1628 999 1637 1001 1637 1002 1637 1003 1637 1004 1637 1033 1628 1034 1580 1031 1553 895 1558 884 1552 880 1548 878 1548 877 1548 876 1548 875 1548 874 1548 869 1552 859 1558 805 1558 795 1552 789 1547 788 1547 787 1547 759 1546 757 1546 756 1546 746 1551 737 1555 697 1551 680 1549 679 1549 665 1551 627 1555 617 1551 603 1544 602 1544 555 1544 553 1544 552 1544 528 1551 514 1554 502 1549 488 1545 487 1545 486 1545 485 1545 475 1549 474 1549 387 1542 386 1542 385 1542 367 1549 358 1553 336 1549 292 1541 291 1541 253 1548 238 1552 227 1548 204 1541 202 1541 201 1541 163 1548 162 1548 150 1540 149 1540 148 1540 120 1540 119 1540 118 1540 117 1540 105 1548 102 1551 92 1548 69 1541 68 1541 67 1541 32 1547 32 1572"/></Shape>
	    <String CONTENT=""
                    HPOS="30.0"
                    VPOS="1540.0"
                    WIDTH="1004.0"
                    HEIGHT="97.0"
                    WC="0.9601734768260609"></String>
          </TextLine>

          
          
          <TextLine ID="eSc_line_eb4dc20e"
                    TAGREFS="LT15288"
                    BASELINE="33 1664 1035 1668" 
                    HPOS="32.0"
                    VPOS="1634.0"
                    WIDTH="1003.0"
                    HEIGHT="91.0">
            <Shape><Polygon POINTS="33 1664 32 1714 60 1709 81 1717 100 1722 102 1722 103 1722 104 1722 116 1717 132 1708 168 1717 189 1722 190 1722 192 1724 336 1724 336 1722 338 1722 346 1719 370 1707 404 1707 421 1715 422 1715 423 1715 466 1708 504 1720 514 1724 515 1724 517 1725 561 1725 561 1724 562 1724 570 1721 604 1708 616 1714 617 1714 619 1714 666 1707 711 1713 712 1713 793 1708 821 1717 823 1717 824 1717 928 1708 947 1708 971 1724 972 1724 973 1724 1031 1725 1035 1668 1035 1644 1014 1636 1012 1636 1011 1636 942 1643 939 1643 935 1643 900 1637 899 1637 897 1637 896 1637 889 1643 888 1644 702 1644 684 1641 641 1635 640 1635 557 1640 519 1642 493 1640 461 1636 460 1636 415 1638 380 1641 375 1638 368 1634 367 1634 366 1634 307 1634 306 1634 304 1634 303 1634 297 1637 291 1642 258 1642 252 1637 247 1634 246 1634 245 1634 244 1634 217 1637 187 1641 33 1636 33 1664"/></Shape>
	    <String CONTENT=""
                    HPOS="32.0"
                    VPOS="1634.0"
                    WIDTH="1003.0"
                    HEIGHT="91.0"
                    WC="0.9883834026955269"></String>
          </TextLine>

          
          
          <TextLine ID="eSc_line_12612ede"
                    TAGREFS="LT15288"
                    BASELINE="33 1751 1035 1756" 
                    HPOS="32.0"
                    VPOS="1724.0"
                    WIDTH="1003.0"
                    HEIGHT="89.0">
            <Shape><Polygon POINTS="33 1751 32 1807 58 1807 58 1805 59 1805 60 1805 78 1795 103 1805 110 1808 111 1808 112 1808 113 1808 125 1805 164 1795 199 1804 215 1809 217 1809 218 1810 255 1810 255 1809 256 1809 271 1803 292 1796 326 1803 355 1809 357 1809 358 1809 378 1802 396 1796 411 1802 431 1810 432 1810 540 1811 542 1811 543 1811 544 1811 555 1803 591 1800 653 1795 666 1800 690 1808 691 1808 692 1808 693 1808 706 1801 727 1811 728 1811 729 1811 730 1811 754 1801 819 1797 837 1797 839 1797 861 1811 862 1811 863 1811 864 1811 865 1811 889 1801 915 1813 916 1813 918 1813 919 1813 950 1796 952 1796 1033 1796 1035 1756 1034 1734 980 1727 979 1727 848 1732 784 1734 636 1734 623 1731 603 1726 602 1726 582 1730 566 1733 562 1730 556 1726 555 1726 553 1726 552 1726 431 1728 294 1732 253 1727 231 1725 230 1725 228 1725 222 1727 214 1731 208 1727 205 1724 204 1724 202 1724 201 1724 176 1727 153 1730 139 1726 129 1724 128 1724 126 1724 33 1725 33 1751"/></Shape>
	    <String CONTENT=""
                    HPOS="32.0"
                    VPOS="1724.0"
                    WIDTH="1003.0"
                    HEIGHT="89.0"
                    WC="0.9744452933470408"></String>
          </TextLine>

          
          
          <TextLine ID="eSc_line_400d00c4"
                    TAGREFS="LT15288"
                    BASELINE="985 1800 1025 1801" 
                    HPOS="984.0"
                    VPOS="1785.0"
                    WIDTH="41.0"
                    HEIGHT="39.0">
            <Shape><Polygon POINTS="985 1800 984 1817 1022 1824 1025 1801 1025 1786 985 1785 985 1800"/></Shape>
	    <String CONTENT=""
                    HPOS="984.0"
                    VPOS="1785.0"
                    WIDTH="41.0"
                    HEIGHT="39.0"
                    WC="0.9651273488998413"></String>
          </TextLine>

          
          
          <TextLine ID="eSc_line_e260faca"
                    TAGREFS="LT15288"
                    BASELINE="32 1839 1033 1843" 
                    HPOS="30.0"
                    VPOS="1811.0"
                    WIDTH="1003.0"
                    HEIGHT="103.0">
            <Shape><Polygon POINTS="32 1839 30 1885 78 1886 103 1904 104 1904 105 1904 106 1904 139 1900 161 1910 162 1910 163 1911 284 1911 284 1910 285 1910 309 1898 343 1910 345 1910 346 1910 347 1910 424 1890 432 1888 607 1888 613 1892 633 1903 634 1903 635 1903 664 1901 699 1912 700 1912 702 1913 735 1913 735 1912 736 1912 781 1894 791 1891 826 1891 836 1894 856 1904 857 1904 858 1904 888 1901 904 1913 906 1913 907 1913 908 1914 984 1914 984 1913 985 1913 1031 1897 1033 1843 1031 1823 744 1823 738 1820 728 1814 727 1814 725 1814 700 1820 689 1822 654 1818 596 1814 595 1814 562 1818 533 1822 515 1817 504 1815 502 1815 501 1815 462 1817 408 1821 400 1816 394 1813 393 1813 392 1813 391 1813 390 1813 389 1813 384 1816 375 1821 328 1816 281 1811 164 1811 163 1811 150 1814 128 1820 106 1814 102 1813 100 1813 99 1813 32 1813 32 1839"/></Shape>
	    <String CONTENT=""
                    HPOS="30.0"
                    VPOS="1811.0"
                    WIDTH="1003.0"
                    HEIGHT="103.0"
                    WC="0.9898931015940273"></String>
          </TextLine>

          
        </TextBlock>
        

        
      </PrintSpace>
    </Page>
  </Layout>
</alto>
