<?xml version="1.0" encoding="UTF-8"?>
<alto xmlns:xsi="http://www.w3.org/2001/XMLSchema-instance"
      xmlns="http://www.loc.gov/standards/alto/ns-v4#"
      xsi:schemaLocation="http://www.loc.gov/standards/alto/ns-v4# http://www.loc.gov/standards/alto/v4/alto-4-2.xsd">
  <Description>
    <MeasurementUnit>pixel</MeasurementUnit>
    <sourceImageInformation>
      <fileName>IE87752740_00022.jpg</fileName>
      <fileIdentifier>mets//export_doc4366_1col_14_copy_alto_202404261215.zip/IE87752740_00022.jpg</fileIdentifier>
    </sourceImageInformation>
  </Description>
  
  <Tags>
    <OtherTag ID="BT6914" LABEL="Handwritten" DESCRIPTION="block type Handwritten"/><OtherTag ID="BT6913" LABEL="RunningHeader" DESCRIPTION="block type RunningHeader"/><OtherTag ID="BT6912" LABEL="Catchword" DESCRIPTION="block type Catchword"/><OtherTag ID="BT6911" LABEL="Margin" DESCRIPTION="block type Margin"/><OtherTag ID="BT6910" LABEL="FooterCentral" DESCRIPTION="block type FooterCentral"/><OtherTag ID="BT6909" LABEL="MainCentral" DESCRIPTION="block type MainCentral"/><OtherTag ID="BT6908" LABEL="Header" DESCRIPTION="block type Header"/><OtherTag ID="BT4" LABEL="Illustration" DESCRIPTION="block type Illustration"/><OtherTag ID="BT3" LABEL="Commentary" DESCRIPTION="block type Commentary"/><OtherTag ID="BT2" LABEL="Main" DESCRIPTION="block type Main"/><OtherTag ID="BT1" LABEL="Title" DESCRIPTION="block type Title"/>
    <OtherTag ID="LT15289" LABEL="Handwritten" DESCRIPTION="line type Handwritten"/><OtherTag ID="LT15288" LABEL="MainCentral" DESCRIPTION="line type MainCentral"/><OtherTag ID="LT15287" LABEL="NotMain" DESCRIPTION="line type NotMain"/>
  </Tags>
  
  <Layout>
    <Page WIDTH="1352"
          HEIGHT="2254"
          PHYSICAL_IMG_NR="61"
          ID="eSc_dummypage_">
      <PrintSpace HPOS="0"
                  VPOS="0"
                  WIDTH="1352"
                  HEIGHT="2254">
        
        <TextBlock HPOS="45.0"
                   VPOS="200.0"
                   WIDTH="1141.0"
                   HEIGHT="1000.0"
                   ID="eSc_textblock_4be5a9a5"
                   TAGREFS="BT6909">
          <Shape><Polygon POINTS="1186 205 1186 1200 50 1185 45 220 60 205 531 200"/></Shape>
          
          
          <TextLine ID="eSc_line_229de052"
                    TAGREFS="LT15288"
                    BASELINE="45 226 1176 229" 
                    HPOS="43.0"
                    VPOS="200.0"
                    WIDTH="1133.0"
                    HEIGHT="79.0">
            <Shape><Polygon POINTS="1133 204 1121 204 1108 204 1096 204 1083 204 1071 204 1058 204 1051 204 1027 206 1019 202 1008 202 996 202 983 202 971 202 958 202 946 202 933 202 920 202 912 202 852 205 843 201 833 201 829 201 816 207 769 207 749 207 735 201 733 201 720 201 715 201 699 205 666 200 657 200 651 200 616 207 615 207 600 200 595 200 590 200 580 205 562 200 557 200 545 200 532 200 530 200 474 206 389 201 382 201 369 201 357 201 344 201 332 201 319 201 315 201 309 206 290 201 281 202 269 202 258 202 245 207 140 207 120 204 119 204 106 204 93 204 81 204 68 204 56 206 45 215 45 226 43 266 61 276 62 276 63 277 96 277 96 276 97 276 98 276 111 267 136 276 137 276 139 276 140 276 141 276 156 266 161 264 278 264 286 267 306 276 308 276 309 277 367 277 367 276 368 276 369 276 380 269 388 264 418 269 433 271 434 271 463 270 506 266 517 270 535 276 536 276 537 276 563 270 567 270 572 270 603 276 605 276 606 276 607 276 616 271 626 265 644 271 661 277 662 277 664 277 689 271 694 271 701 272 731 276 733 276 734 276 735 276 740 272 753 265 774 265 786 272 793 277 794 277 795 277 796 279 893 279 893 277 894 277 902 274 922 265 969 265 986 275 987 275 988 275 989 275 991 275 992 275 1019 265 1172 276 1176 229 1175 209 1138 204 1133 204"/></Shape>
	    <String CONTENT="מרחם על הארץ, ברוך מרחם על הבריות, ברוך"
                    HPOS="43.0"
                    VPOS="200.0"
                    WIDTH="1133.0"
                    HEIGHT="79.0"
                    WC="0.9875373672216367"></String>
          </TextLine>

          
          
          <TextLine ID="eSc_line_1bb5655d"
                    TAGREFS="LT15288"
                    BASELINE="46 306 1175 303" 
                    HPOS="45.0"
                    VPOS="276.0"
                    WIDTH="1130.0"
                    HEIGHT="79.0">
            <Shape><Polygon POINTS="46 306 46 336 76 338 105 354 106 354 107 355 182 355 182 354 184 354 185 354 205 341 250 354 251 354 253 355 313 355 313 354 314 354 315 354 334 341 339 338 350 341 359 344 360 344 362 344 363 344 364 344 367 341 375 335 423 335 479 335 494 343 509 353 511 353 512 353 513 353 553 345 593 353 595 353 596 353 597 353 608 344 624 335 651 335 681 345 701 353 702 353 704 353 705 353 706 353 715 346 716 345 721 346 736 349 738 349 739 349 740 349 744 346 756 338 768 345 769 345 770 345 771 345 773 345 800 335 837 345 838 345 839 345 840 345 884 334 904 334 932 349 937 351 938 351 939 353 986 353 986 351 987 351 988 351 991 350 1013 335 1053 339 1071 350 1071 351 1072 351 1073 351 1075 353 1174 353 1175 303 1174 281 749 276 748 276 593 283 586 283 585 283 561 276 560 276 558 276 324 284 305 284 298 284 208 277 206 277 172 284 93 277 92 277 91 277 78 284 66 277 65 277 63 277 62 277 45 284 46 306"/></Shape>
	    <String CONTENT="משלם שכר טוב ליראיו, ברוך חי לעד וקים לנצח,"
                    HPOS="45.0"
                    VPOS="276.0"
                    WIDTH="1130.0"
                    HEIGHT="79.0"
                    WC="0.9846996595693189"></String>
          </TextLine>

          
          
          <TextLine ID="eSc_line_a2cd8d50"
                    TAGREFS="LT15288"
                    BASELINE="45 381 1179 381" 
                    HPOS="45.0"
                    VPOS="353.0"
                    WIDTH="1134.0"
                    HEIGHT="77.0">
            <Shape><Polygon POINTS="45 381 45 418 57 427 58 427 60 427 61 427 62 427 63 427 71 421 119 429 120 429 121 429 150 416 157 413 281 413 290 418 306 429 308 429 309 429 310 430 352 430 352 429 353 429 378 419 390 413 400 419 410 425 412 425 413 425 414 425 442 420 484 429 486 429 487 429 488 429 502 420 514 413 546 413 586 420 627 429 629 429 630 429 631 429 641 421 652 414 662 421 674 429 675 429 676 429 677 429 679 429 700 421 715 418 733 423 756 429 758 429 759 429 760 429 773 423 790 414 826 423 849 429 850 429 852 429 853 429 854 429 862 424 868 420 879 424 888 427 889 427 890 427 892 427 898 424 927 413 961 413 981 425 986 429 987 429 988 429 989 430 1017 430 1017 429 1018 429 1027 425 1056 413 1076 427 1080 429 1081 429 1082 429 1083 429 1098 427 1122 421 1131 427 1135 429 1136 429 1137 429 1138 429 1179 427 1179 381 1179 363 1046 363 1026 353 1024 353 1023 353 929 354 928 354 927 354 917 360 805 353 804 353 763 361 750 354 749 354 748 354 563 353 562 353 561 353 560 353 545 363 488 363 467 353 466 353 464 353 363 359 322 353 320 353 319 353 304 360 186 361 136 353 135 353 134 353 107 363 45 363 45 381"/></Shape>
	    <String CONTENT="ברוך פודה ומציל, ברוך שמו: ברוך אתה יהוה אלהינו"
                    HPOS="45.0"
                    VPOS="353.0"
                    WIDTH="1134.0"
                    HEIGHT="77.0"
                    WC="0.9917072825961643"></String>
          </TextLine>

          
          
          <TextLine ID="eSc_line_7cfa1a6c"
                    TAGREFS="LT15288"
                    BASELINE="47 455 1179 458" 
                    HPOS="46.0"
                    VPOS="427.0"
                    WIDTH="1133.0"
                    HEIGHT="81.0">
            <Shape><Polygon POINTS="47 455 46 484 105 507 106 507 107 507 109 507 154 494 171 507 172 507 174 507 175 508 224 508 224 507 225 507 226 507 255 488 301 507 303 507 304 508 390 508 390 507 392 507 421 492 433 485 453 485 467 492 497 507 498 507 499 508 597 508 597 507 598 507 600 507 617 495 626 490 655 495 656 495 657 495 675 487 763 487 783 499 790 504 791 504 793 504 794 504 795 504 805 499 830 487 905 487 954 503 963 505 964 505 966 505 967 505 973 503 994 493 1076 487 1112 505 1116 508 1117 508 1118 508 1176 507 1179 458 1179 438 1161 428 1160 428 1159 428 1157 428 1156 428 1138 437 1117 428 1116 428 1115 428 1063 438 1034 428 1033 428 963 428 962 428 903 438 793 429 791 429 726 438 724 438 712 430 711 430 710 430 709 430 679 435 612 427 535 427 533 427 532 427 517 434 489 429 488 429 487 429 486 429 473 437 355 427 354 427 324 433 290 427 289 427 246 437 245 437 244 437 171 428 170 428 83 434 70 428 68 428 67 428 66 428 47 435 47 455"/></Shape>
	    <String CONTENT="מלך העולם האל האב הרחמן המהלל בפה עמו"
                    HPOS="46.0"
                    VPOS="427.0"
                    WIDTH="1133.0"
                    HEIGHT="81.0"
                    WC="0.9896204859018326"></String>
          </TextLine>

          
          
          <TextLine ID="eSc_line_3d20d508"
                    TAGREFS="LT15288"
                    BASELINE="45 533 1180 533" 
                    HPOS="45.0"
                    VPOS="507.0"
                    WIDTH="1135.0"
                    HEIGHT="80.0">
            <Shape><Polygon POINTS="45 533 45 566 104 586 105 586 106 586 107 586 149 568 181 581 182 581 184 581 185 581 209 573 225 583 226 583 228 583 271 586 273 586 274 586 275 586 301 569 306 567 375 567 383 571 416 586 417 586 418 587 479 587 479 586 481 586 517 572 532 567 580 567 595 573 626 586 627 586 629 587 696 587 696 586 697 586 720 574 724 573 733 574 794 586 795 586 796 586 815 576 833 567 918 567 932 576 933 576 934 576 936 576 937 576 958 568 989 578 996 579 997 579 998 579 999 579 1003 578 1028 567 1057 578 1076 586 1077 586 1078 586 1179 579 1180 533 1179 514 1047 507 1046 507 1045 507 1023 514 1017 515 1014 514 1004 507 1003 507 1002 507 928 507 927 507 925 507 924 507 914 514 910 517 832 517 824 514 806 508 805 508 804 508 775 513 685 507 684 507 682 507 655 514 646 515 626 514 561 507 560 507 507 514 491 515 486 514 469 507 468 507 467 507 407 513 377 507 375 507 374 507 354 514 348 517 290 517 280 514 249 507 248 507 246 507 245 507 235 513 161 509 160 509 135 514 125 515 115 514 82 507 81 507 45 513 45 533"/></Shape>
	    <String CONTENT="משבח ומפאר בלשון חסידיו ועבדיו ובשירי דוד"
                    HPOS="45.0"
                    VPOS="507.0"
                    WIDTH="1135.0"
                    HEIGHT="80.0"
                    WC="0.98411513622417"></String>
          </TextLine>

          
          
          <TextLine ID="eSc_line_7d1b5bee"
                    TAGREFS="LT15288"
                    BASELINE="48 612 1182 609" 
                    HPOS="47.0"
                    VPOS="582.0"
                    WIDTH="1135.0"
                    HEIGHT="82.0">
            <Shape><Polygon POINTS="48 612 48 646 76 663 77 663 78 663 80 663 127 657 182 663 184 663 185 663 225 647 233 644 251 647 275 651 276 651 295 648 317 644 325 648 359 663 360 663 362 663 363 663 403 649 418 644 474 651 483 651 484 651 486 651 487 651 502 644 512 651 530 663 531 663 532 663 533 664 577 664 577 663 578 663 605 652 626 643 691 646 704 653 716 662 717 662 719 662 720 662 721 662 745 654 778 643 864 643 884 656 893 662 894 662 895 662 897 662 936 657 946 656 948 657 958 662 959 662 961 663 1036 663 1036 662 1037 662 1046 658 1056 653 1063 658 1068 662 1070 662 1071 662 1072 662 1181 659 1182 609 1180 589 1008 589 1001 589 928 582 927 582 882 589 878 589 837 589 769 589 755 582 754 582 753 582 751 582 730 589 710 583 709 583 707 583 616 589 508 583 507 583 506 583 492 589 456 583 454 583 416 591 412 591 408 591 357 583 355 583 354 583 353 583 340 591 337 591 274 583 273 583 190 591 187 591 186 591 96 583 95 583 47 591 48 612"/></Shape>
	    <String CONTENT="עבדך, נהללך יהוה אלהינו בשבחות ובזמירות נגדלך"
                    HPOS="47.0"
                    VPOS="582.0"
                    WIDTH="1135.0"
                    HEIGHT="82.0"
                    WC="0.9877554923295975"></String>
          </TextLine>

          
          
          <TextLine ID="eSc_line_4a7c8754"
                    TAGREFS="LT15288"
                    BASELINE="45 688 1182 688" 
                    HPOS="45.0"
                    VPOS="661.0"
                    WIDTH="1137.0"
                    HEIGHT="82.0">
            <Shape><Polygon POINTS="45 688 45 722 83 727 105 742 106 742 107 742 109 743 141 743 141 742 142 742 185 725 187 723 190 725 215 740 216 740 218 740 244 742 245 742 246 742 278 726 283 723 288 726 328 742 329 742 330 742 332 742 353 735 379 742 380 742 382 742 383 742 384 742 405 727 413 723 447 723 459 728 493 741 494 741 496 741 497 741 533 728 551 723 610 723 625 730 660 742 661 742 662 743 706 743 706 742 707 742 709 742 725 731 736 723 754 731 778 742 779 742 780 743 885 743 885 742 887 742 907 733 929 723 997 723 1014 735 1026 742 1027 742 1028 742 1029 742 1031 742 1050 735 1061 742 1062 742 1063 742 1065 742 1181 736 1182 688 1181 673 1065 661 1063 661 1011 671 1002 673 952 673 943 669 908 661 907 661 905 661 865 669 850 672 826 668 780 662 779 662 778 662 763 668 751 673 705 673 697 667 690 662 689 662 687 662 608 662 607 662 606 662 590 666 567 672 555 666 545 661 543 661 542 661 482 664 385 672 368 663 362 661 360 661 359 661 199 662 197 662 165 671 136 661 135 661 134 661 45 661 45 688"/></Shape>
	    <String CONTENT="ונשבחך ונפארך ונזכיר שמך ונמליכך מלכנו"
                    HPOS="45.0"
                    VPOS="661.0"
                    WIDTH="1137.0"
                    HEIGHT="82.0"
                    WC="0.9721254372015232"></String>
          </TextLine>

          
          
          <TextLine ID="eSc_line_e72a5f76"
                    TAGREFS="LT15288"
                    BASELINE="45 761 1182 767" 
                    HPOS="43.0"
                    VPOS="733.0"
                    WIDTH="1139.0"
                    HEIGHT="84.0">
            <Shape><Polygon POINTS="45 761 43 791 73 792 116 811 117 811 119 811 180 803 209 811 210 811 211 811 213 811 234 801 279 812 280 812 281 812 329 801 353 812 354 812 355 813 447 813 447 812 448 812 449 812 466 801 467 800 468 801 484 812 486 812 487 812 555 813 556 813 557 813 578 803 595 796 651 805 705 813 706 813 707 813 726 807 754 797 813 797 837 808 838 808 839 808 840 808 864 797 900 805 902 805 953 797 1007 797 1033 808 1034 808 1036 808 1067 803 1091 815 1092 815 1093 815 1095 815 1096 815 1118 805 1135 816 1136 816 1137 816 1138 817 1180 817 1182 767 1181 748 1144 740 1142 740 1006 746 966 747 944 745 882 737 880 737 879 737 860 743 858 745 852 743 811 737 810 737 809 737 808 737 799 743 795 746 774 743 726 736 725 736 667 742 659 742 651 741 616 736 615 736 613 736 612 736 606 741 598 746 557 746 547 740 540 736 538 736 498 735 497 735 476 740 456 743 414 738 389 736 388 736 369 738 328 743 310 737 305 736 304 736 303 736 301 736 296 737 279 742 238 736 214 733 213 733 184 736 116 742 101 735 100 735 98 735 45 735 45 761"/></Shape>
	    <String CONTENT="אלהינו, חזן: יחיד, חי העולמים, מלך משבח ומפאר עדי"
                    HPOS="43.0"
                    VPOS="733.0"
                    WIDTH="1139.0"
                    HEIGHT="84.0"
                    WC="0.9887928759509866"></String>
          </TextLine>

          
          
          <TextLine ID="eSc_line_0637dd5b"
                    TAGREFS="LT15288"
                    BASELINE="43 840 1184 842" 
                    HPOS="42.0"
                    VPOS="811.0"
                    WIDTH="1142.0"
                    HEIGHT="83.0">
            <Shape><Polygon POINTS="1180 818 1086 812 1085 812 1083 812 1068 820 1063 821 1051 820 1009 812 1008 812 1007 812 979 820 974 820 962 820 877 812 875 812 874 812 873 812 863 820 859 821 838 820 780 813 779 813 744 820 729 821 711 820 666 813 665 813 588 820 575 820 561 820 464 811 463 811 417 820 410 820 398 820 301 811 300 811 299 811 298 811 286 820 285 820 275 820 211 812 210 812 176 820 172 820 167 820 136 812 135 812 43 818 43 840 42 872 92 874 112 885 114 885 115 885 116 885 132 880 159 891 160 891 161 892 205 892 205 891 206 891 208 891 218 884 264 891 265 891 266 891 313 876 315 876 317 876 338 891 339 891 340 891 342 892 412 892 412 891 413 891 414 891 432 880 453 891 454 891 456 892 517 892 517 891 518 891 520 891 536 880 545 875 610 875 621 881 642 892 644 892 645 892 704 882 741 892 743 892 744 892 745 892 766 882 776 877 788 882 804 891 805 891 806 891 808 891 809 891 821 884 834 876 889 876 902 884 903 884 904 884 905 884 907 884 925 876 939 885 948 891 949 891 951 891 952 891 953 891 969 885 996 876 1034 877 1047 886 1056 892 1057 892 1058 892 1060 894 1095 894 1095 892 1096 892 1097 892 1105 887 1121 876 1150 887 1160 891 1161 891 1162 891 1181 887 1184 842 1182 838 1180 818"/></Shape>
	    <String CONTENT="עד שמו הגדול: ברוך אתה יהוה מלך מהלל בתשבחות:"
                    HPOS="42.0"
                    VPOS="811.0"
                    WIDTH="1142.0"
                    HEIGHT="83.0"
                    WC="0.9835162121196126"></String>
          </TextLine>

          
          
          <TextLine ID="eSc_line_18fee425"
                    TAGREFS="LT15288"
                    BASELINE="45 916 1138 919" 
                    HPOS="43.0"
                    VPOS="894.0"
                    WIDTH="1095.0"
                    HEIGHT="71.0">
            <Shape><Polygon POINTS="45 916 43 949 62 959 63 959 65 959 66 959 86 950 155 950 172 962 174 962 175 962 176 962 177 962 214 950 313 950 334 959 335 959 337 959 338 959 339 959 353 950 375 962 377 962 378 964 447 964 447 962 448 962 484 951 497 960 498 960 499 960 568 962 570 962 571 962 586 956 595 964 596 964 597 964 598 964 641 954 671 964 672 964 674 964 675 964 676 964 699 951 744 951 773 964 774 964 775 964 829 961 830 961 832 961 848 951 887 951 907 964 908 964 909 964 910 965 1012 965 1012 964 1013 964 1014 964 1033 951 1048 960 1050 960 1051 960 1052 960 1053 960 1066 951 1088 964 1090 964 1091 964 1092 964 1137 950 1138 919 1137 896 45 894 45 916"/></Shape>
	    <String CONTENT="הודו ליהוה קראו בשמו הודיעו בעמים עלילתיו: שירו לו"
                    HPOS="43.0"
                    VPOS="894.0"
                    WIDTH="1095.0"
                    HEIGHT="71.0"
                    WC="0.9785884380340576"></String>
          </TextLine>

          
          
          <TextLine ID="eSc_line_490d90e6"
                    TAGREFS="LT15288"
                    BASELINE="45 995 1182 995" 
                    HPOS="45.0"
                    VPOS="966.0"
                    WIDTH="1137.0"
                    HEIGHT="79.0">
            <Shape><Polygon POINTS="45 995 45 1026 91 1030 112 1044 114 1044 115 1044 116 1045 171 1045 171 1044 172 1044 174 1044 192 1031 235 1044 236 1044 238 1045 298 1045 298 1044 299 1044 300 1044 319 1031 323 1029 330 1031 368 1044 369 1044 370 1045 441 1045 441 1044 442 1044 443 1044 458 1034 468 1028 583 1029 595 1035 612 1044 613 1044 615 1044 616 1044 640 1036 659 1030 669 1036 679 1044 680 1044 681 1044 682 1045 748 1045 748 1044 749 1044 750 1044 759 1038 771 1030 803 1030 820 1039 830 1044 832 1044 833 1045 884 1045 884 1044 885 1044 887 1044 892 1040 908 1030 957 1030 978 1039 979 1039 981 1039 982 1039 983 1039 1003 1028 1103 1029 1127 1044 1128 1044 1130 1044 1131 1045 1181 1045 1182 995 1181 976 1121 969 1120 969 1118 969 1100 975 1077 966 1076 966 1075 966 1017 975 758 966 756 966 755 966 725 975 709 966 707 966 674 966 672 966 671 966 655 975 605 966 603 966 602 966 568 976 504 976 337 966 335 966 295 975 253 966 251 966 250 966 223 976 165 976 65 966 63 966 62 966 45 975 45 995"/></Shape>
	    <String CONTENT="זמרו־לו שיחו בכל־נפלאותיו: התהללו בשם קדשו"
                    HPOS="45.0"
                    VPOS="966.0"
                    WIDTH="1137.0"
                    HEIGHT="79.0"
                    WC="0.9871248806395182"></String>
          </TextLine>

          
          
          <TextLine ID="eSc_line_0eb62fbe"
                    TAGREFS="LT15288"
                    BASELINE="45 1070 1184 1073" 
                    HPOS="43.0"
                    VPOS="1041.0"
                    WIDTH="1141.0"
                    HEIGHT="84.0">
            <Shape><Polygon POINTS="45 1070 43 1099 87 1100 130 1120 131 1120 132 1120 134 1120 170 1101 171 1101 205 1101 209 1103 243 1123 244 1123 245 1123 246 1124 291 1124 291 1123 293 1123 294 1123 314 1109 360 1123 362 1123 363 1124 407 1124 407 1123 408 1123 449 1108 481 1123 482 1123 483 1123 537 1116 570 1123 571 1123 572 1123 616 1110 620 1109 624 1110 674 1124 675 1124 676 1124 677 1124 702 1111 719 1103 823 1103 843 1114 860 1124 862 1124 863 1124 864 1125 951 1125 951 1124 952 1124 974 1116 983 1113 993 1116 1011 1123 1012 1123 1013 1123 1014 1123 1033 1116 1075 1104 1102 1118 1107 1120 1108 1120 1110 1120 1181 1119 1184 1073 1180 1053 1152 1053 1151 1051 1135 1043 1133 1043 1132 1043 1027 1049 1003 1043 1002 1043 1001 1043 768 1045 766 1045 765 1045 758 1050 755 1053 697 1053 692 1050 667 1043 666 1043 665 1043 578 1050 572 1050 568 1050 522 1041 521 1041 449 1050 441 1050 432 1050 373 1041 372 1041 320 1049 310 1050 278 1049 165 1044 164 1044 130 1049 117 1050 114 1049 100 1041 98 1041 97 1041 45 1048 45 1070"/></Shape>
	    <String CONTENT="ישמח לב מבקשי יהוה: דרשו יהוה ועזו בקשו פניו תמיד:"
                    HPOS="43.0"
                    VPOS="1041.0"
                    WIDTH="1141.0"
                    HEIGHT="84.0"
                    WC="0.991050739651141"></String>
          </TextLine>

          
          
          <TextLine ID="eSc_line_8415c8f4"
                    TAGREFS="LT15288"
                    BASELINE="45 1147 1186 1149" 
                    HPOS="43.0"
                    VPOS="1119.0"
                    WIDTH="1143.0"
                    HEIGHT="84.0">
            <Shape><Polygon POINTS="45 1147 43 1189 121 1200 122 1200 124 1200 145 1190 159 1184 259 1184 273 1192 276 1194 278 1194 279 1194 280 1194 281 1194 291 1192 319 1184 335 1192 352 1200 353 1200 354 1202 423 1202 423 1200 424 1200 439 1193 457 1184 506 1184 522 1193 533 1200 535 1200 536 1200 537 1202 588 1202 588 1200 590 1200 591 1200 600 1194 615 1185 680 1185 696 1194 706 1202 707 1202 709 1202 710 1202 711 1202 724 1195 728 1193 731 1195 744 1200 745 1200 746 1200 748 1200 759 1195 778 1185 794 1195 804 1202 805 1202 806 1202 808 1203 878 1203 878 1202 879 1202 893 1197 918 1185 936 1197 943 1202 944 1202 946 1202 947 1202 948 1202 961 1197 982 1188 998 1197 1007 1202 1008 1202 1009 1203 1043 1203 1043 1202 1045 1202 1055 1198 1081 1185 1103 1185 1128 1198 1136 1202 1137 1202 1138 1202 1184 1198 1186 1149 1186 1130 1072 1123 1071 1123 1070 1123 1051 1128 1041 1120 1040 1120 1038 1120 914 1120 913 1120 912 1120 892 1128 853 1120 852 1120 773 1128 763 1128 749 1128 650 1120 649 1120 647 1120 631 1127 629 1128 625 1127 608 1119 607 1119 606 1119 513 1127 499 1127 494 1125 468 1119 467 1119 466 1119 372 1125 363 1125 360 1125 337 1119 335 1119 334 1119 274 1125 249 1127 45 1124 45 1147"/></Shape>
	    <String CONTENT="זכרו נפלאתיו אשר עשה מפתיו ומשפטי־פיהו: זרע"
                    HPOS="43.0"
                    VPOS="1119.0"
                    WIDTH="1143.0"
                    HEIGHT="84.0"
                    WC="0.9815007212550141"></String>
          </TextLine>

          
        </TextBlock>
        

        
      </PrintSpace>
    </Page>
  </Layout>
</alto>
