<?xml version="1.0" encoding="utf-8"?>
<alto xmlns="http://www.loc.gov/standards/alto/ns-v4#" xmlns:xsi="http://www.w3.org/2001/XMLSchema-instance" xsi:schemaLocation="http://www.loc.gov/standards/alto/ns-v4# http://www.loc.gov/standards/alto/v4/alto-4-2.xsd">
<Description>
<MeasurementUnit>pixel</MeasurementUnit>
<sourceImageInformation>
<fileName>IE87373595_00008.jpg</fileName>
<fileIdentifier>mets//export_doc3594_1col_14_alto_202404221307.zip/IE87373595_00008.jpg</fileIdentifier>
</sourceImageInformation>
</Description>
<Tags>
<OtherTag DESCRIPTION="block type MainLeft" ID="BT6805" LABEL="MainLeft"/><OtherTag DESCRIPTION="block type MainRight" ID="BT6804" LABEL="MainRight"/><OtherTag DESCRIPTION="block type Margin" ID="BT6803" LABEL="Margin"/><OtherTag DESCRIPTION="block type Handwritten" ID="BT6802" LABEL="Handwritten"/><OtherTag DESCRIPTION="block type Stamp" ID="BT6801" LABEL="Stamp"/><OtherTag DESCRIPTION="block type FooterCentral" ID="BT6800" LABEL="FooterCentral"/><OtherTag DESCRIPTION="block type Catchword" ID="BT6799" LABEL="Catchword"/><OtherTag DESCRIPTION="block type MainCentral" ID="BT6798" LABEL="MainCentral"/><OtherTag DESCRIPTION="block type RunningHeader" ID="BT6797" LABEL="RunningHeader"/><OtherTag DESCRIPTION="block type Illustration" ID="BT4" LABEL="Illustration"/><OtherTag DESCRIPTION="block type Commentary" ID="BT3" LABEL="Commentary"/><OtherTag DESCRIPTION="block type Main" ID="BT2" LABEL="Main"/><OtherTag DESCRIPTION="block type Title" ID="BT1" LABEL="Title"/>
<OtherTag DESCRIPTION="line type MainLeft" ID="LT15195" LABEL="MainLeft"/><OtherTag DESCRIPTION="line type MainRight" ID="LT15194" LABEL="MainRight"/><OtherTag DESCRIPTION="line type Handwritten" ID="LT15193" LABEL="Handwritten"/><OtherTag DESCRIPTION="line type NotMain" ID="LT15192" LABEL="NotMain"/><OtherTag DESCRIPTION="line type MainCentral" ID="LT15191" LABEL="MainCentral"/>
</Tags>
<Layout>
<Page HEIGHT="1942" ID="eSc_dummypage_" PHYSICAL_IMG_NR="400" WIDTH="1146">
<PrintSpace HEIGHT="1942" HPOS="0" VPOS="0" WIDTH="1146">
<TextBlock HEIGHT="1660.0" HPOS="25.0" ID="eSc_textblock_ae4b21a9" TAGREFS="BT6798" VPOS="103.0" WIDTH="1000.0">
<Shape><Polygon POINTS="375 103 1025 112 1025 1587 1020 1742 1007 1755 142 1763 25 1751 25 129 34 112 375 103"/></Shape>
<TextLine BASELINE="30 134 1012 128" HEIGHT="66.0" HPOS="29.0" ID="eSc_line_9d04341d" TAGREFS="LT15191" VPOS="105.0" WIDTH="982.0">
<Shape><Polygon POINTS="998 111 982 111 966 111 950 111 933 111 917 111 901 110 885 110 869 110 853 110 836 110 820 110 804 108 788 108 772 108 755 108 739 108 723 108 707 108 691 106 674 106 658 106 642 106 626 106 610 106 594 106 585 105 265 105 254 106 237 106 221 106 205 106 189 108 173 108 157 108 140 110 124 110 108 110 92 110 76 111 59 111 43 111 33 116 29 132 29 171 114 161 126 169 127 169 129 169 131 171 134 171 296 171 296 169 297 169 299 169 301 168 310 161 482 165 615 168 616 168 618 168 632 163 642 160 650 163 662 168 663 168 665 168 704 161 730 158 760 161 810 166 812 166 1010 156 1011 127 1010 111 998 111"/></Shape>
<String CONTENT="" HEIGHT="66.0" HPOS="29.0" VPOS="105.0" WC="0.9693283655426719" WIDTH="982.0"/>
</TextLine>
<TextLine BASELINE="30 185 1014 176" HEIGHT="62.0" HPOS="27.0" ID="eSc_line_de91f768" TAGREFS="LT15191" VPOS="153.0" WIDTH="986.0">
<Shape><Polygon POINTS="29 184 29 215 1011 203 1013 174 1010 153 27 163 29 184"/></Shape>
<String CONTENT="" HEIGHT="62.0" HPOS="27.0" VPOS="153.0" WC="0.9902350873243614" WIDTH="986.0"/>
</TextLine>
<TextLine BASELINE="30 235 1014 223" HEIGHT="66.0" HPOS="27.0" ID="eSc_line_2d0dc08b" TAGREFS="LT15191" VPOS="202.0" WIDTH="986.0">
<Shape><Polygon POINTS="29 234 29 268 1011 257 1013 221 1010 202 27 212 29 234"/></Shape>
<String CONTENT="" HEIGHT="66.0" HPOS="27.0" VPOS="202.0" WC="0.9935108171775937" WIDTH="986.0"/>
</TextLine>
<TextLine BASELINE="31 282 1017 274" HEIGHT="63.0" HPOS="29.0" ID="eSc_line_c29626b7" TAGREFS="LT15191" VPOS="254.0" WIDTH="987.0">
<Shape><Polygon POINTS="30 281 30 312 224 317 226 317 320 309 352 307 356 309 364 315 365 315 367 315 369 315 475 307 511 305 527 307 581 313 582 313 629 305 645 304 674 305 772 312 773 312 809 304 819 302 843 304 948 310 950 310 1014 301 1016 273 1013 254 29 257 30 281"/></Shape>
<String CONTENT="" HEIGHT="63.0" HPOS="29.0" VPOS="254.0" WC="0.989583445172156" WIDTH="987.0"/>
</TextLine>
<TextLine BASELINE="31 331 1015 320" HEIGHT="67.0" HPOS="29.0" ID="eSc_line_1659c742" TAGREFS="LT15191" VPOS="297.0" WIDTH="985.0">
<Shape><Polygon POINTS="30 330 30 364 1014 352 1014 318 1011 297 29 309 30 330"/></Shape>
<String CONTENT="" HEIGHT="67.0" HPOS="29.0" VPOS="297.0" WC="0.9896253676556829" WIDTH="985.0"/>
</TextLine>
<TextLine BASELINE="31 379 1014 367" HEIGHT="68.0" HPOS="29.0" ID="eSc_line_fb5940cf" TAGREFS="LT15191" VPOS="347.0" WIDTH="984.0">
<Shape><Polygon POINTS="30 378 30 415 152 415 152 414 153 414 160 412 181 404 317 409 396 411 398 411 399 411 401 411 407 406 419 401 522 404 640 407 642 407 644 407 657 401 665 396 776 396 781 398 788 404 789 404 791 404 793 404 794 404 810 398 815 396 828 398 885 404 887 404 888 404 908 396 911 394 922 394 984 402 985 402 987 402 1013 393 1013 365 1010 347 29 357 30 378"/></Shape>
<String CONTENT="" HEIGHT="68.0" HPOS="29.0" VPOS="347.0" WC="0.9912789138880643" WIDTH="984.0"/>
</TextLine>
<TextLine BASELINE="31 426 1015 417" HEIGHT="67.0" HPOS="29.0" ID="eSc_line_389891d3" TAGREFS="LT15191" VPOS="394.0" WIDTH="985.0">
<Shape><Polygon POINTS="30 425 32 461 66 453 169 459 171 459 173 459 174 459 215 451 1013 451 1014 415 1011 394 29 399 30 425"/></Shape>
<String CONTENT="" HEIGHT="67.0" HPOS="29.0" VPOS="394.0" WC="0.9708290454000235" WIDTH="985.0"/>
</TextLine>
<TextLine BASELINE="29 474 1014 463" HEIGHT="68.0" HPOS="25.0" ID="eSc_line_cc306463" TAGREFS="LT15191" VPOS="436.0" WIDTH="988.0">
<Shape><Polygon POINTS="27 472 27 504 1011 491 1013 462 1010 436 958 446 938 436 937 436 935 436 861 436 859 436 857 436 856 436 856 438 854 438 843 448 707 441 650 440 649 440 647 440 637 443 621 449 615 443 611 440 610 440 608 440 606 440 605 440 590 445 574 449 569 445 564 441 564 440 563 440 561 440 519 440 517 440 516 440 501 446 487 453 412 453 403 448 386 441 385 441 383 441 382 441 354 449 338 453 330 449 317 443 315 443 314 443 263 451 246 453 239 451 220 443 218 443 216 443 25 454 27 472"/></Shape>
<String CONTENT="" HEIGHT="68.0" HPOS="25.0" VPOS="436.0" WC="0.9771634584123438" WIDTH="988.0"/>
</TextLine>
<TextLine BASELINE="29 523 1015 513" HEIGHT="67.0" HPOS="25.0" ID="eSc_line_23024b8b" TAGREFS="LT15191" VPOS="483.0" WIDTH="989.0">
<Shape><Polygon POINTS="27 522 27 550 1013 545 1014 511 1013 491 909 483 908 483 906 483 877 491 869 493 819 491 660 487 658 487 657 487 655 487 649 493 645 495 628 493 574 488 573 488 516 495 490 496 480 495 461 488 459 488 458 488 456 488 454 488 448 495 445 498 432 495 415 490 414 490 412 490 411 490 394 495 382 498 365 495 338 490 336 490 335 490 312 495 294 500 280 495 267 491 265 491 174 491 173 491 171 491 169 491 169 493 165 496 160 501 25 498 27 522"/></Shape>
<String CONTENT="" HEIGHT="67.0" HPOS="25.0" VPOS="483.0" WC="0.9936832162466916" WIDTH="989.0"/>
</TextLine>
<TextLine BASELINE="30 570 1016 559" HEIGHT="71.0" HPOS="27.0" ID="eSc_line_aed4fcb9" TAGREFS="LT15191" VPOS="537.0" WIDTH="987.0">
<Shape><Polygon POINTS="29 569 29 608 92 600 158 606 166 606 168 606 187 606 310 597 401 602 443 603 445 603 469 600 506 595 550 598 589 602 590 602 1013 589 1014 558 1013 537 715 537 713 537 712 537 710 537 710 538 700 545 519 540 474 538 472 538 458 540 388 548 348 540 343 540 341 540 339 540 338 540 307 550 288 542 286 542 284 542 244 550 155 543 153 543 152 543 150 543 137 551 27 543 29 569"/></Shape>
<String CONTENT="" HEIGHT="71.0" HPOS="27.0" VPOS="537.0" WC="0.9858035738917365" WIDTH="987.0"/>
</TextLine>
<TextLine BASELINE="30 620 1018 609" HEIGHT="65.0" HPOS="27.0" ID="eSc_line_8a587689" TAGREFS="LT15191" VPOS="585.0" WIDTH="989.0">
<Shape><Polygon POINTS="29 619 29 650 1014 640 1016 608 1013 585 27 597 29 619"/></Shape>
<String CONTENT="" HEIGHT="65.0" HPOS="27.0" VPOS="585.0" WC="0.9821724718616854" WIDTH="989.0"/>
</TextLine>
<TextLine BASELINE="31 668 1017 658" HEIGHT="71.0" HPOS="29.0" ID="eSc_line_d539f6a0" TAGREFS="LT15191" VPOS="629.0" WIDTH="987.0">
<Shape><Polygon POINTS="30 666 30 700 1016 689 1016 657 1011 629 977 637 394 636 393 636 191 645 29 639 30 666"/></Shape>
<String CONTENT="" HEIGHT="71.0" HPOS="29.0" VPOS="629.0" WC="0.9873666328097147" WIDTH="987.0"/>
</TextLine>
<TextLine BASELINE="30 716 1015 704" HEIGHT="69.0" HPOS="27.0" ID="eSc_line_9fe1d555" TAGREFS="LT15191" VPOS="678.0" WIDTH="987.0">
<Shape><Polygon POINTS="29 715 29 747 1014 731 1014 703 1010 678 979 686 888 679 878 679 877 679 875 679 874 679 853 687 815 681 812 681 810 681 806 681 730 691 27 694 29 715"/></Shape>
<String CONTENT="" HEIGHT="69.0" HPOS="27.0" VPOS="678.0" WC="0.993967327608991" WIDTH="987.0"/>
</TextLine>
<TextLine BASELINE="31 764 1014 753" HEIGHT="68.0" HPOS="29.0" ID="eSc_line_01434999" TAGREFS="LT15191" VPOS="726.0" WIDTH="984.0">
<Shape><Polygon POINTS="30 763 30 794 1011 781 1013 752 1011 729 838 726 836 726 815 729 794 734 778 729 764 726 762 726 760 726 759 726 746 731 728 737 574 737 558 731 551 729 550 729 548 729 547 729 545 729 545 731 543 731 537 739 482 739 462 733 453 729 451 729 449 729 448 729 446 729 446 731 445 731 445 733 438 739 377 733 354 731 352 731 341 733 307 741 208 734 182 733 181 733 166 734 113 742 29 736 30 763"/></Shape>
<String CONTENT="" HEIGHT="68.0" HPOS="29.0" VPOS="726.0" WC="0.9835652869845194" WIDTH="984.0"/>
</TextLine>
<TextLine BASELINE="30 814 1015 803" HEIGHT="62.0" HPOS="27.0" ID="eSc_line_a80fa99b" TAGREFS="LT15191" VPOS="781.0" WIDTH="987.0">
<Shape><Polygon POINTS="29 812 29 843 806 839 809 839 851 831 1011 838 1014 802 1011 781 27 791 29 812"/></Shape>
<String CONTENT="" HEIGHT="62.0" HPOS="27.0" VPOS="781.0" WC="0.9928316874429584" WIDTH="987.0"/>
</TextLine>
<TextLine BASELINE="31 864 1015 850" HEIGHT="75.0" HPOS="29.0" ID="eSc_line_fd674d75" TAGREFS="LT15191" VPOS="823.0" WIDTH="985.0">
<Shape><Polygon POINTS="30 862 30 891 144 898 145 898 187 891 210 888 229 891 267 896 268 896 270 896 271 896 278 890 284 885 403 883 459 890 495 893 496 893 498 893 500 893 505 890 514 883 550 888 560 890 561 890 563 890 566 888 584 881 610 888 623 891 624 891 626 891 628 891 637 888 657 881 730 888 762 890 764 890 765 890 775 886 807 878 830 886 831 886 833 886 836 886 919 877 1011 885 1014 849 1013 830 959 823 958 823 956 823 938 830 927 833 914 830 891 823 890 823 888 823 887 823 885 823 885 825 878 830 872 835 807 830 767 828 765 828 751 831 721 836 681 831 644 826 642 826 618 831 597 836 576 831 558 828 556 828 555 828 547 831 534 839 461 839 453 833 449 830 448 830 446 830 406 830 404 830 403 830 401 830 401 831 399 831 398 833 391 841 265 835 239 833 237 833 236 833 229 835 194 843 29 836 30 862"/></Shape>
<String CONTENT="" HEIGHT="75.0" HPOS="29.0" VPOS="823.0" WC="0.9735992782074829" WIDTH="985.0"/>
</TextLine>
<TextLine BASELINE="30 910 1015 903" HEIGHT="66.0" HPOS="27.0" ID="eSc_line_b8b0546a" TAGREFS="LT15191" VPOS="877.0" WIDTH="987.0">
<Shape><Polygon POINTS="29 909 29 935 213 943 215 943 258 937 280 933 314 937 370 941 372 941 404 937 433 932 516 937 576 940 577 940 644 937 770 930 801 937 809 938 810 938 812 938 814 938 814 937 823 928 865 937 867 937 869 937 870 937 946 928 1011 937 1014 901 1011 877 27 885 29 909"/></Shape>
<String CONTENT="" HEIGHT="66.0" HPOS="27.0" VPOS="877.0" WC="0.9596461891196668" WIDTH="987.0"/>
</TextLine>
<TextLine BASELINE="32 958 1015 947" HEIGHT="67.0" HPOS="29.0" ID="eSc_line_23db6e31" TAGREFS="LT15191" VPOS="920.0" WIDTH="985.0">
<Shape><Polygon POINTS="30 956 30 987 1013 977 1014 946 1011 927 875 928 869 927 854 920 853 920 851 920 849 920 848 920 838 927 831 930 775 927 730 924 728 924 687 927 626 932 603 927 590 924 589 924 587 924 556 927 500 933 446 927 427 925 425 925 424 925 417 927 398 933 250 928 249 928 191 937 29 928 30 956"/></Shape>
<String CONTENT="" HEIGHT="67.0" HPOS="29.0" VPOS="920.0" WC="0.9861712580296531" WIDTH="985.0"/>
</TextLine>
<TextLine BASELINE="30 1006 1014 995" HEIGHT="71.0" HPOS="27.0" ID="eSc_line_124bdc01" TAGREFS="LT15191" VPOS="969.0" WIDTH="986.0">
<Shape><Polygon POINTS="29 1004 29 1032 152 1040 153 1040 205 1032 207 1032 270 1038 271 1038 307 1030 310 1030 322 1030 433 1037 435 1037 477 1029 483 1029 493 1029 574 1035 576 1035 577 1035 579 1035 590 1029 592 1027 618 1027 730 1034 731 1034 1013 1024 1013 993 1008 969 980 977 872 971 870 971 869 971 867 971 867 972 859 979 796 971 791 971 789 971 785 971 728 982 624 982 615 972 613 972 611 972 610 972 608 972 606 972 587 982 479 974 472 974 471 974 469 974 446 983 317 975 310 975 309 975 301 975 147 987 27 979 29 1004"/></Shape>
<String CONTENT="" HEIGHT="71.0" HPOS="27.0" VPOS="969.0" WC="0.9906073084244361" WIDTH="986.0"/>
</TextLine>
<TextLine BASELINE="33 1054 1015 1045" HEIGHT="74.0" HPOS="30.0" ID="eSc_line_5315d4dd" TAGREFS="LT15191" VPOS="1016.0" WIDTH="984.0">
<Shape><Polygon POINTS="32 1053 32 1081 59 1090 61 1090 63 1090 118 1081 121 1081 123 1081 142 1090 144 1090 145 1090 221 1081 224 1081 228 1081 341 1089 343 1089 344 1089 346 1089 356 1079 362 1076 453 1076 458 1079 467 1087 469 1087 471 1087 472 1089 517 1089 517 1087 519 1087 521 1087 530 1079 535 1074 543 1079 558 1085 560 1085 561 1085 592 1079 611 1074 621 1079 636 1085 637 1085 639 1087 674 1087 674 1085 676 1085 678 1085 686 1077 692 1072 708 1077 728 1084 730 1084 731 1085 830 1085 830 1084 831 1084 833 1084 841 1077 851 1071 878 1077 896 1081 898 1081 899 1081 908 1077 921 1071 933 1077 942 1081 943 1081 945 1081 946 1081 955 1077 961 1072 966 1077 969 1081 971 1081 972 1081 974 1081 1013 1076 1014 1043 1011 1016 846 1027 681 1021 679 1021 678 1021 676 1021 666 1029 608 1022 606 1022 458 1030 401 1022 399 1022 354 1032 346 1026 346 1024 344 1024 343 1024 202 1024 195 1024 194 1024 192 1024 191 1024 179 1034 142 1026 140 1026 85 1034 30 1026 32 1053"/></Shape>
<String CONTENT="" HEIGHT="74.0" HPOS="30.0" VPOS="1016.0" WC="0.9687078877499229" WIDTH="984.0"/>
</TextLine>
<TextLine BASELINE="32 1102 1015 1091" HEIGHT="70.0" HPOS="29.0" ID="eSc_line_b7de0403" TAGREFS="LT15191" VPOS="1064.0" WIDTH="985.0">
<Shape><Polygon POINTS="30 1100 30 1134 479 1134 479 1132 488 1131 522 1124 652 1131 681 1131 683 1131 692 1129 744 1123 799 1129 802 1129 804 1129 810 1129 908 1121 1011 1127 1014 1090 1011 1064 681 1077 357 1071 356 1071 284 1081 218 1072 216 1072 215 1072 191 1082 29 1074 30 1100"/></Shape>
<String CONTENT="" HEIGHT="70.0" HPOS="29.0" VPOS="1064.0" WC="0.9846529999086934" WIDTH="985.0"/>
</TextLine>
<TextLine BASELINE="32 1152 1015 1140" HEIGHT="68.0" HPOS="29.0" ID="eSc_line_9610faec" TAGREFS="LT15191" VPOS="1118.0" WIDTH="985.0">
<Shape><Polygon POINTS="30 1150 30 1186 1014 1168 1014 1139 1011 1118 29 1131 30 1150"/></Shape>
<String CONTENT="" HEIGHT="68.0" HPOS="29.0" VPOS="1118.0" WC="0.9717716899785128" WIDTH="985.0"/>
</TextLine>
<TextLine BASELINE="31 1199 1013 1190" HEIGHT="73.0" HPOS="29.0" ID="eSc_line_35fa493d" TAGREFS="LT15191" VPOS="1163.0" WIDTH="982.0">
<Shape><Polygon POINTS="30 1197 30 1236 89 1228 191 1234 197 1234 199 1234 202 1234 252 1226 354 1233 370 1233 372 1233 380 1233 425 1225 1010 1225 1011 1189 1006 1163 976 1171 864 1165 849 1165 848 1165 846 1165 843 1165 810 1173 726 1166 707 1166 705 1166 29 1178 30 1197"/></Shape>
<String CONTENT="" HEIGHT="73.0" HPOS="29.0" VPOS="1163.0" WC="0.9949926529079676" WIDTH="982.0"/>
</TextLine>
<TextLine BASELINE="31 1247 1015 1239" HEIGHT="71.0" HPOS="29.0" ID="eSc_line_638df6b3" TAGREFS="LT15191" VPOS="1210.0" WIDTH="985.0">
<Shape><Polygon POINTS="30 1246 30 1273 45 1281 46 1281 48 1281 100 1273 203 1280 205 1280 207 1280 223 1272 228 1270 244 1272 296 1280 297 1280 485 1273 529 1272 551 1273 618 1278 619 1278 621 1278 632 1273 645 1267 712 1273 749 1276 751 1276 772 1273 817 1265 856 1273 864 1275 865 1275 883 1273 964 1265 1011 1273 1014 1238 1011 1210 815 1221 694 1213 658 1212 657 1212 637 1215 579 1223 537 1215 522 1213 521 1213 498 1216 448 1223 424 1216 414 1215 412 1215 411 1215 409 1215 407 1215 404 1216 394 1223 367 1218 351 1215 302 1215 301 1215 299 1215 297 1215 292 1218 283 1225 242 1220 216 1216 215 1216 213 1216 205 1220 192 1226 173 1220 165 1218 163 1218 161 1218 160 1218 150 1221 126 1226 29 1223 30 1246"/></Shape>
<String CONTENT="" HEIGHT="71.0" HPOS="29.0" VPOS="1210.0" WC="0.9907643712800125" WIDTH="985.0"/>
</TextLine>
<TextLine BASELINE="30 1296 1015 1288" HEIGHT="75.0" HPOS="27.0" ID="eSc_line_6730bece" TAGREFS="LT15191" VPOS="1260.0" WIDTH="987.0">
<Shape><Polygon POINTS="29 1294 29 1335 258 1331 260 1331 262 1331 271 1323 348 1330 367 1331 369 1331 382 1330 424 1322 608 1327 720 1328 721 1328 744 1323 760 1320 773 1323 789 1328 791 1328 793 1328 794 1328 807 1323 817 1318 854 1322 904 1327 906 1327 1013 1318 1014 1286 1011 1260 27 1272 29 1294"/></Shape>
<String CONTENT="" HEIGHT="75.0" HPOS="27.0" VPOS="1260.0" WC="0.9771138299256563" WIDTH="987.0"/>
</TextLine>
<TextLine BASELINE="132 1344 889 1339" HEIGHT="66.0" HPOS="129.0" ID="eSc_line_c59fdf45" TAGREFS="LT15191" VPOS="1312.0" WIDTH="759.0">
<Shape><Polygon POINTS="131 1343 131 1369 241 1369 244 1369 267 1378 268 1378 270 1378 385 1370 448 1377 449 1377 451 1377 472 1369 482 1367 492 1369 517 1377 519 1377 521 1377 522 1377 537 1369 539 1369 550 1377 551 1377 553 1377 555 1377 887 1369 888 1338 885 1317 760 1320 755 1317 744 1312 742 1312 741 1312 671 1318 632 1322 611 1318 576 1314 574 1314 526 1320 508 1322 505 1320 496 1314 495 1314 493 1314 382 1314 380 1314 378 1314 362 1322 357 1323 339 1322 275 1315 273 1315 271 1315 270 1315 270 1317 263 1323 262 1325 129 1325 131 1343"/></Shape>
<String CONTENT="" HEIGHT="66.0" HPOS="129.0" VPOS="1312.0" WC="0.9755983194526361" WIDTH="759.0"/>
</TextLine>
<TextLine BASELINE="33 1395 1014 1385" HEIGHT="68.0" HPOS="30.0" ID="eSc_line_effd1faf" TAGREFS="LT15191" VPOS="1354.0" WIDTH="983.0">
<Shape><Polygon POINTS="32 1393 32 1422 1011 1417 1013 1383 1010 1354 959 1364 898 1356 896 1356 895 1356 844 1365 781 1357 780 1357 778 1357 776 1357 775 1357 775 1359 767 1367 710 1367 700 1357 699 1357 697 1357 696 1357 689 1359 645 1369 547 1369 532 1361 529 1359 527 1359 526 1359 524 1359 522 1359 521 1361 506 1369 485 1361 482 1361 480 1361 479 1361 469 1362 424 1369 386 1362 372 1361 370 1361 348 1364 296 1370 30 1369 32 1393"/></Shape>
<String CONTENT="" HEIGHT="68.0" HPOS="30.0" VPOS="1354.0" WC="0.9825234053626893" WIDTH="983.0"/>
</TextLine>
<TextLine BASELINE="30 1441 853 1437" HEIGHT="67.0" HPOS="27.0" ID="eSc_line_e7f8dbd7" TAGREFS="LT15191" VPOS="1412.0" WIDTH="824.0">
<Shape><Polygon POINTS="29 1440 29 1479 126 1477 127 1477 129 1477 129 1475 137 1469 258 1475 299 1477 301 1477 331 1474 393 1467 453 1472 501 1475 503 1475 849 1464 851 1435 849 1416 27 1412 29 1440"/></Shape>
<String CONTENT="" HEIGHT="67.0" HPOS="27.0" VPOS="1412.0" WC="0.9935720471235422" WIDTH="824.0"/>
</TextLine>
<TextLine BASELINE="29 1491 1014 1481" HEIGHT="66.0" HPOS="25.0" ID="eSc_line_eff7b53c" TAGREFS="LT15191" VPOS="1453.0" WIDTH="988.0">
<Shape><Polygon POINTS="27 1490 27 1519 1011 1509 1013 1480 1010 1453 946 1461 877 1454 867 1454 865 1454 864 1454 862 1454 849 1464 823 1456 822 1456 820 1456 819 1456 817 1456 801 1466 710 1458 683 1456 681 1456 679 1456 668 1459 636 1467 605 1459 598 1459 597 1459 595 1459 594 1459 594 1461 581 1469 424 1469 412 1464 406 1459 404 1459 403 1459 401 1459 399 1459 378 1464 352 1471 249 1467 160 1464 158 1464 131 1469 116 1472 111 1469 100 1462 98 1462 97 1462 95 1462 25 1471 27 1490"/></Shape>
<String CONTENT="" HEIGHT="66.0" HPOS="25.0" VPOS="1453.0" WC="0.982797231247176" WIDTH="988.0"/>
</TextLine>
<TextLine BASELINE="30 1540 1013 1532" HEIGHT="69.0" HPOS="27.0" ID="eSc_line_9f3a8326" TAGREFS="LT15191" VPOS="1505.0" WIDTH="984.0">
<Shape><Polygon POINTS="29 1539 29 1566 155 1574 157 1574 158 1574 189 1566 191 1566 194 1566 221 1574 223 1574 224 1574 226 1574 250 1566 255 1564 260 1566 276 1573 278 1573 280 1573 326 1566 338 1564 351 1566 419 1573 420 1573 493 1564 513 1563 517 1564 532 1571 534 1571 535 1571 571 1564 581 1563 1010 1563 1011 1530 1010 1513 893 1505 891 1505 890 1505 859 1513 843 1505 841 1505 840 1505 838 1505 836 1505 823 1513 823 1514 679 1514 662 1506 660 1506 658 1506 619 1514 613 1516 576 1516 367 1509 365 1509 364 1509 362 1509 354 1517 352 1517 343 1517 224 1509 223 1509 27 1519 29 1539"/></Shape>
<String CONTENT="" HEIGHT="69.0" HPOS="27.0" VPOS="1505.0" WC="0.9697517248300406" WIDTH="984.0"/>
</TextLine>
<TextLine BASELINE="31 1588 1014 1578" HEIGHT="70.0" HPOS="29.0" ID="eSc_line_f61bf477" TAGREFS="LT15191" VPOS="1553.0" WIDTH="984.0">
<Shape><Polygon POINTS="30 1587 30 1623 1011 1607 1013 1577 1010 1553 29 1566 30 1587"/></Shape>
<String CONTENT="" HEIGHT="70.0" HPOS="29.0" VPOS="1553.0" WC="0.9862002473611098" WIDTH="984.0"/>
</TextLine>
<TextLine BASELINE="29 1638 1012 1625" HEIGHT="66.0" HPOS="25.0" ID="eSc_line_50f161d8" TAGREFS="LT15191" VPOS="1600.0" WIDTH="986.0">
<Shape><Polygon POINTS="27 1637 27 1666 1010 1653 1011 1624 1008 1600 25 1611 27 1637"/></Shape>
<String CONTENT="" HEIGHT="66.0" HPOS="25.0" VPOS="1600.0" WC="0.9860258473866228" WIDTH="986.0"/>
</TextLine>
<TextLine BASELINE="28 1684 1012 1673" HEIGHT="73.0" HPOS="25.0" ID="eSc_line_5678f060" TAGREFS="LT15191" VPOS="1647.0" WIDTH="986.0">
<Shape><Polygon POINTS="27 1683 27 1720 446 1720 446 1718 485 1712 496 1710 511 1712 573 1717 574 1717 606 1710 615 1708 628 1708 694 1715 696 1715 739 1707 746 1707 757 1707 856 1713 857 1713 1011 1702 1011 1671 1008 1647 955 1655 759 1650 757 1650 755 1650 726 1658 25 1658 27 1683"/></Shape>
<String CONTENT="" HEIGHT="73.0" HPOS="25.0" VPOS="1647.0" WC="0.9875713909258608" WIDTH="986.0"/>
</TextLine>
<TextLine BASELINE="28 1735 1011 1724" HEIGHT="81.0" HPOS="25.0" ID="eSc_line_8f5e609d" TAGREFS="LT15191" VPOS="1697.0" WIDTH="985.0">
<Shape><Polygon POINTS="27 1734 27 1772 249 1768 260 1770 312 1778 314 1778 360 1768 378 1765 386 1768 407 1778 409 1778 411 1778 475 1767 498 1763 508 1767 532 1776 534 1776 535 1778 587 1778 587 1776 676 1775 678 1775 704 1765 707 1763 708 1765 723 1770 725 1770 726 1770 728 1770 730 1770 736 1763 739 1762 741 1763 752 1773 754 1773 755 1773 757 1773 833 1763 867 1759 895 1762 956 1772 958 1772 1008 1760 1010 1723 1006 1697 955 1705 875 1699 867 1699 865 1699 864 1699 862 1699 844 1707 749 1700 728 1700 726 1700 717 1702 684 1708 666 1702 665 1702 663 1702 662 1702 649 1704 584 1710 522 1705 498 1704 496 1704 480 1705 443 1712 401 1707 377 1705 375 1705 25 1713 27 1734"/></Shape>
<String CONTENT="" HEIGHT="81.0" HPOS="25.0" VPOS="1697.0" WC="0.9678157850847406" WIDTH="985.0"/>
</TextLine>
</TextBlock>
</PrintSpace>
</Page>
</Layout>
</alto>