<?xml version="1.0" encoding="utf-8"?>
<alto xmlns="http://www.loc.gov/standards/alto/ns-v4#" xmlns:xsi="http://www.w3.org/2001/XMLSchema-instance" xsi:schemaLocation="http://www.loc.gov/standards/alto/ns-v4# http://www.loc.gov/standards/alto/v4/alto-4-2.xsd">
<Description>
<MeasurementUnit>pixel</MeasurementUnit>
<sourceImageInformation>
<fileName>IE87363560_00010.jpg</fileName>
<fileIdentifier>mets//export_doc3594_1col_14_alto_202404221307.zip/IE87363560_00010.jpg</fileIdentifier>
</sourceImageInformation>
</Description>
<Tags>
<OtherTag DESCRIPTION="block type MainLeft" ID="BT6805" LABEL="MainLeft"/><OtherTag DESCRIPTION="block type MainRight" ID="BT6804" LABEL="MainRight"/><OtherTag DESCRIPTION="block type Margin" ID="BT6803" LABEL="Margin"/><OtherTag DESCRIPTION="block type Handwritten" ID="BT6802" LABEL="Handwritten"/><OtherTag DESCRIPTION="block type Stamp" ID="BT6801" LABEL="Stamp"/><OtherTag DESCRIPTION="block type FooterCentral" ID="BT6800" LABEL="FooterCentral"/><OtherTag DESCRIPTION="block type Catchword" ID="BT6799" LABEL="Catchword"/><OtherTag DESCRIPTION="block type MainCentral" ID="BT6798" LABEL="MainCentral"/><OtherTag DESCRIPTION="block type RunningHeader" ID="BT6797" LABEL="RunningHeader"/><OtherTag DESCRIPTION="block type Illustration" ID="BT4" LABEL="Illustration"/><OtherTag DESCRIPTION="block type Commentary" ID="BT3" LABEL="Commentary"/><OtherTag DESCRIPTION="block type Main" ID="BT2" LABEL="Main"/><OtherTag DESCRIPTION="block type Title" ID="BT1" LABEL="Title"/>
<OtherTag DESCRIPTION="line type MainLeft" ID="LT15195" LABEL="MainLeft"/><OtherTag DESCRIPTION="line type MainRight" ID="LT15194" LABEL="MainRight"/><OtherTag DESCRIPTION="line type Handwritten" ID="LT15193" LABEL="Handwritten"/><OtherTag DESCRIPTION="line type NotMain" ID="LT15192" LABEL="NotMain"/><OtherTag DESCRIPTION="line type MainCentral" ID="LT15191" LABEL="MainCentral"/>
</Tags>
<Layout>
<Page HEIGHT="2263" ID="eSc_dummypage_" PHYSICAL_IMG_NR="384" WIDTH="1562">
<PrintSpace HEIGHT="2263" HPOS="0" VPOS="0" WIDTH="1562">
<TextBlock HEIGHT="2118.0" HPOS="35.0" ID="eSc_textblock_3907d3e7" TAGREFS="BT6798" VPOS="140.0" WIDTH="1235.0">
<Shape><Polygon POINTS="1255 150 1250 2040 1240 2176 1270 2258 968 2241 256 2241 65 2226 35 2191 40 150 508 140"/></Shape>
<TextLine BASELINE="40 172 1250 169" HEIGHT="71.0" HPOS="37.0" ID="eSc_line_6bc15f5f" TAGREFS="LT15191" VPOS="143.0" WIDTH="1211.0">
<Shape><Polygon POINTS="1245 148 1226 148 1207 148 1188 148 1169 148 1150 148 1131 148 1113 148 1094 147 1075 147 1056 147 1037 147 1018 147 999 147 980 147 962 147 943 145 924 145 905 145 886 145 867 145 848 145 830 145 811 145 792 143 773 143 762 143 118 147 113 148 94 148 75 148 56 148 54 147 37 147 39 171 39 207 203 214 205 214 207 214 209 214 216 207 222 203 299 203 315 207 347 214 348 214 350 214 352 214 354 214 365 205 371 203 458 203 467 205 498 214 499 214 501 214 503 214 505 214 518 205 520 203 531 205 577 213 579 213 650 203 677 201 688 203 714 211 716 211 718 211 720 211 735 203 737 203 765 203 1035 213 1037 213 1039 213 1065 201 1067 201 1075 201 1165 211 1167 211 1246 199 1248 167 1245 148 1245 148"/></Shape>
<String CONTENT="" HEIGHT="71.0" HPOS="37.0" VPOS="143.0" WC="0.98492227927331" WIDTH="1211.0"/>
</TextLine>
<TextLine BASELINE="40 223 1251 220" HEIGHT="53.0" HPOS="37.0" ID="eSc_line_16feec45" TAGREFS="LT15191" VPOS="201.0" WIDTH="1213.0">
<Shape><Polygon POINTS="39 222 39 252 1246 254 1250 218 1246 201 37 203 39 222"/></Shape>
<String CONTENT="" HEIGHT="53.0" HPOS="37.0" VPOS="201.0" WC="0.9789256959250479" WIDTH="1213.0"/>
</TextLine>
<TextLine BASELINE="40 275 1249 272" HEIGHT="61.0" HPOS="37.0" ID="eSc_line_26ed63ba" TAGREFS="LT15191" VPOS="252.0" WIDTH="1211.0">
<Shape><Polygon POINTS="39 273 39 303 1013 313 1014 313 1016 313 1043 303 1133 313 1135 313 1246 301 1248 271 1245 252 37 252 39 273"/></Shape>
<String CONTENT="" HEIGHT="61.0" HPOS="37.0" VPOS="252.0" WC="0.9740465893410146" WIDTH="1211.0"/>
</TextLine>
<TextLine BASELINE="42 329 1251 324" HEIGHT="64.0" HPOS="39.0" ID="eSc_line_a8969193" TAGREFS="LT15191" VPOS="303.0" WIDTH="1211.0">
<Shape><Polygon POINTS="41 328 41 358 124 367 126 367 216 358 228 358 232 358 260 367 262 367 264 367 265 367 299 358 303 358 352 358 845 365 847 365 1248 354 1250 322 1246 303 39 307 41 328"/></Shape>
<String CONTENT="" HEIGHT="64.0" HPOS="39.0" VPOS="303.0" WC="0.9837307307257581" WIDTH="1211.0"/>
</TextLine>
<TextLine BASELINE="41 378 1252 375" HEIGHT="66.0" HPOS="39.0" ID="eSc_line_57b0a890" TAGREFS="LT15191" VPOS="350.0" WIDTH="1211.0">
<Shape><Polygon POINTS="39 416 1248 405 1250 373 1248 356 39 350 39 377 39 416"/></Shape>
<String CONTENT="" HEIGHT="66.0" HPOS="39.0" VPOS="350.0" WC="0.9742729887366295" WIDTH="1211.0"/>
</TextLine>
<TextLine BASELINE="38 432 1249 432" HEIGHT="64.0" HPOS="37.0" ID="eSc_line_a72996b2" TAGREFS="LT15191" VPOS="405.0" WIDTH="1211.0">
<Shape><Polygon POINTS="37 431 37 469 1248 460 1248 431 1246 405 37 411 37 431"/></Shape>
<String CONTENT="" HEIGHT="64.0" HPOS="37.0" VPOS="405.0" WC="0.9909403153828212" WIDTH="1211.0"/>
</TextLine>
<TextLine BASELINE="40 485 1233 485" HEIGHT="60.0" HPOS="39.0" ID="eSc_line_f6b9e55f" TAGREFS="LT15191" VPOS="454.0" WIDTH="1192.0">
<Shape><Polygon POINTS="39 484 39 514 1231 514 1231 484 1231 463 824 454 822 454 756 463 750 463 743 463 682 454 681 454 679 454 677 454 667 463 665 465 579 465 573 463 496 454 494 454 358 463 352 463 347 463 215 454 213 454 39 463 39 484"/></Shape>
<String CONTENT="" HEIGHT="60.0" HPOS="39.0" VPOS="454.0" WC="0.9882716238498688" WIDTH="1192.0"/>
</TextLine>
<TextLine BASELINE="40 536 1250 536" HEIGHT="62.0" HPOS="39.0" ID="eSc_line_e3a4c02a" TAGREFS="LT15191" VPOS="505.0" WIDTH="1209.0">
<Shape><Polygon POINTS="39 535 39 567 1248 565 1248 535 1248 516 582 505 581 505 579 505 554 514 507 505 505 505 437 514 418 505 416 505 415 505 413 505 381 514 301 505 299 505 298 505 296 505 296 507 286 516 220 516 196 505 194 505 192 505 141 514 122 505 120 505 118 505 116 505 115 505 115 507 105 516 39 516 39 535"/></Shape>
<String CONTENT="" HEIGHT="62.0" HPOS="39.0" VPOS="505.0" WC="0.9663203154291425" WIDTH="1209.0"/>
</TextLine>
<TextLine BASELINE="41 588 1254 588" HEIGHT="71.0" HPOS="39.0" ID="eSc_line_fc01cba6" TAGREFS="LT15191" VPOS="556.0" WIDTH="1213.0">
<Shape><Polygon POINTS="39 586 39 626 249 618 475 624 688 627 690 627 692 627 694 627 701 622 705 618 724 620 764 627 765 627 767 627 769 627 781 620 786 618 901 618 907 620 928 627 930 627 931 627 1013 618 1024 618 1043 618 1224 627 1226 627 1228 627 1252 616 1252 586 1248 558 1226 567 1169 558 1152 556 1018 556 1016 556 1014 556 1013 556 1011 560 999 567 967 560 950 556 907 556 905 556 903 556 901 556 901 558 897 560 890 567 741 567 735 560 731 558 731 556 730 556 728 556 726 556 724 556 722 556 714 560 703 567 681 561 664 556 662 556 660 556 658 556 639 561 613 569 426 569 411 561 392 556 390 556 322 556 320 556 318 556 305 563 296 567 275 563 237 556 235 556 233 556 232 556 220 563 215 567 207 563 188 556 186 556 184 556 182 556 152 563 137 567 39 565 39 586"/></Shape>
<String CONTENT="" HEIGHT="71.0" HPOS="39.0" VPOS="556.0" WC="0.9764029015513027" WIDTH="1213.0"/>
</TextLine>
<TextLine BASELINE="41 637 1250 642" HEIGHT="67.0" HPOS="37.0" ID="eSc_line_6ac6f0e3" TAGREFS="LT15191" VPOS="611.0" WIDTH="1211.0">
<Shape><Polygon POINTS="39 635 37 665 58 675 60 675 62 675 792 669 850 678 852 678 1245 669 1248 641 1246 622 39 611 39 635"/></Shape>
<String CONTENT="" HEIGHT="67.0" HPOS="37.0" VPOS="611.0" WC="0.9744302872064952" WIDTH="1211.0"/>
</TextLine>
<TextLine BASELINE="41 688 1250 697" HEIGHT="79.0" HPOS="37.0" ID="eSc_line_3b696d31" TAGREFS="LT15191" VPOS="656.0" WIDTH="1211.0">
<Shape><Polygon POINTS="37 718 228 727 230 727 232 727 233 727 241 722 249 718 258 722 277 729 279 729 281 729 394 724 482 720 515 726 547 731 548 731 550 731 565 726 581 722 607 727 630 731 631 731 730 729 894 724 901 731 903 731 903 733 905 733 907 733 909 735 909 733 911 733 913 733 913 731 914 731 922 724 1120 724 1243 735 1248 695 1248 677 1124 665 1122 665 1120 665 1118 665 1109 673 1105 677 1026 677 1020 671 1011 663 1009 663 1007 663 1005 663 864 669 769 673 739 667 709 661 707 661 631 665 526 671 518 663 515 661 515 660 513 660 511 660 509 660 441 661 282 669 233 658 226 658 224 658 207 658 79 667 41 656 39 686 37 718"/></Shape>
<String CONTENT="" HEIGHT="79.0" HPOS="37.0" VPOS="656.0" WC="0.9740397171540693" WIDTH="1211.0"/>
</TextLine>
<TextLine BASELINE="40 743 1250 749" HEIGHT="78.0" HPOS="37.0" ID="eSc_line_75206d99" TAGREFS="LT15191" VPOS="712.0" WIDTH="1211.0">
<Shape><Polygon POINTS="39 741 37 773 233 784 235 784 237 784 273 775 284 771 288 775 301 784 303 784 305 784 465 786 467 786 469 786 471 786 484 775 484 773 620 773 624 775 637 784 639 784 641 784 643 784 699 775 701 775 703 775 716 786 716 788 718 788 720 788 722 788 724 788 767 775 771 775 871 775 873 775 886 786 886 788 888 788 890 788 892 788 1139 776 1156 790 1158 790 1160 790 1162 790 1245 775 1248 748 1246 729 1184 718 1182 718 905 726 903 726 901 726 886 716 884 716 882 716 880 716 613 724 598 714 596 714 594 714 592 714 590 714 554 724 552 724 509 714 507 714 505 714 503 714 490 724 488 726 345 726 339 724 305 712 303 712 301 712 39 720 39 741"/></Shape>
<String CONTENT="" HEIGHT="78.0" HPOS="37.0" VPOS="712.0" WC="0.948611816076132" WIDTH="1211.0"/>
</TextLine>
<TextLine BASELINE="40 794 1254 800" HEIGHT="78.0" HPOS="37.0" ID="eSc_line_68fe9ed0" TAGREFS="LT15191" VPOS="763.0" WIDTH="1215.0">
<Shape><Polygon POINTS="37 825 111 835 113 835 115 835 133 827 152 820 166 827 175 835 177 835 179 835 181 837 313 837 313 835 315 835 326 829 348 820 439 820 496 831 507 833 509 833 511 833 516 831 547 822 558 831 562 835 562 837 564 837 565 837 567 837 665 833 667 833 669 833 679 825 692 833 696 837 697 837 699 837 701 839 781 839 781 837 782 837 792 835 843 822 879 835 880 835 882 835 884 835 926 824 943 837 945 839 947 839 948 839 950 839 952 839 958 837 980 825 1011 837 1016 839 1018 839 1020 841 1120 841 1120 839 1122 839 1124 839 1154 827 1246 839 1252 799 1250 776 1205 782 1154 775 1114 769 1113 769 1111 769 1109 769 1103 775 1097 778 1079 775 1054 769 1052 769 1050 769 1048 769 1048 771 1045 773 1037 782 971 782 950 773 941 769 939 769 937 769 935 769 933 769 930 773 916 780 871 771 854 769 852 769 850 769 848 769 845 771 830 780 813 771 803 767 801 767 673 767 671 767 669 767 662 769 631 778 590 769 581 767 579 767 577 767 573 769 547 780 496 767 490 767 488 767 486 767 484 767 484 769 469 780 301 769 299 769 203 778 162 765 160 765 158 765 156 765 154 765 135 780 86 780 41 763 39 793 37 825"/></Shape>
<String CONTENT="" HEIGHT="78.0" HPOS="37.0" VPOS="763.0" WC="0.9829530279945444" WIDTH="1215.0"/>
</TextLine>
<TextLine BASELINE="40 849 1249 853" HEIGHT="68.0" HPOS="37.0" ID="eSc_line_c4799908" TAGREFS="LT15191" VPOS="825.0" WIDTH="1211.0">
<Shape><Polygon POINTS="39 848 37 878 47 888 47 890 49 890 50 890 52 891 265 891 265 890 267 890 269 890 279 880 315 890 316 890 318 890 320 890 358 878 430 890 432 890 433 890 435 890 435 888 447 878 567 878 699 890 701 890 703 890 731 880 758 891 760 891 762 893 848 893 848 891 850 891 852 891 871 880 1109 891 1111 891 1113 891 1114 891 1128 880 1245 880 1248 852 1246 825 39 825 39 848"/></Shape>
<String CONTENT="" HEIGHT="68.0" HPOS="37.0" VPOS="825.0" WC="0.959771410278652" WIDTH="1211.0"/>
</TextLine>
<TextLine BASELINE="44 901 1250 907" HEIGHT="75.0" HPOS="41.0" ID="eSc_line_a05a7707" TAGREFS="LT15191" VPOS="867.0" WIDTH="1207.0">
<Shape><Polygon POINTS="43 899 41 929 98 929 111 941 113 941 115 941 116 941 233 931 260 929 265 931 290 941 292 941 294 941 296 941 322 931 332 929 358 933 407 939 409 939 411 939 428 933 437 929 443 933 450 941 450 942 452 942 454 942 456 942 609 941 611 941 613 941 618 935 624 931 633 935 650 942 652 942 654 942 686 937 714 931 1243 942 1248 905 1248 886 1214 871 1213 871 1211 871 1013 884 1007 884 1005 884 988 871 986 871 984 871 982 871 796 882 718 869 716 869 714 869 690 880 652 869 650 869 648 869 647 869 645 869 645 871 630 882 630 884 582 884 579 882 533 869 531 869 530 869 528 869 494 882 490 882 488 882 445 867 443 867 441 867 439 867 405 880 371 867 369 867 367 867 292 880 288 880 43 880 43 899"/></Shape>
<String CONTENT="" HEIGHT="75.0" HPOS="41.0" VPOS="867.0" WC="0.9717100262641907" WIDTH="1207.0"/>
</TextLine>
<TextLine BASELINE="41 955 1197 958" HEIGHT="70.0" HPOS="37.0" ID="eSc_line_83fcab92" TAGREFS="LT15191" VPOS="927.0" WIDTH="1159.0">
<Shape><Polygon POINTS="39 954 37 980 133 982 150 995 152 995 154 995 156 995 158 995 190 984 290 984 301 995 303 995 305 995 307 995 373 984 390 995 392 995 394 995 396 995 492 984 596 995 598 995 699 984 733 995 735 995 737 995 811 984 865 995 867 997 935 997 935 995 937 995 939 995 939 993 950 984 1131 995 1133 995 1192 982 1196 956 1192 927 39 931 39 954"/></Shape>
<String CONTENT="" HEIGHT="70.0" HPOS="37.0" VPOS="927.0" WC="0.9536626853726127" WIDTH="1159.0"/>
</TextLine>
<TextLine BASELINE="45 1005 1248 1013" HEIGHT="83.0" HPOS="41.0" ID="eSc_line_d33dea3b" TAGREFS="LT15191" VPOS="971.0" WIDTH="1205.0">
<Shape><Polygon POINTS="43 1003 41 1033 115 1046 116 1046 196 1044 198 1044 199 1044 215 1035 218 1033 224 1035 250 1044 252 1044 254 1044 348 1035 360 1035 365 1035 420 1048 422 1048 518 1037 531 1048 531 1050 533 1050 535 1050 537 1050 741 1037 760 1037 762 1037 788 1052 790 1052 792 1052 794 1052 824 1039 854 1052 856 1052 858 1052 996 1039 1001 1039 1003 1039 1048 1054 1050 1054 1052 1054 1243 1039 1246 1012 1245 984 1137 978 1135 978 1133 978 1122 982 1109 990 1099 982 1094 978 1092 978 1090 978 941 976 939 976 937 976 935 976 930 982 922 990 848 990 833 982 816 976 814 976 813 976 811 976 797 982 786 988 722 982 656 976 654 976 624 982 603 986 596 982 581 974 579 974 577 974 543 982 524 986 467 982 352 973 350 973 348 973 347 973 347 974 339 982 335 986 286 986 277 982 245 971 243 971 241 971 239 971 215 982 211 984 158 984 154 982 141 971 139 971 137 971 135 971 133 971 132 971 115 982 111 982 43 982 43 1003"/></Shape>
<String CONTENT="" HEIGHT="83.0" HPOS="41.0" VPOS="971.0" WC="0.9813389811717289" WIDTH="1205.0"/>
</TextLine>
<TextLine BASELINE="50 1058 1252 1064" HEIGHT="76.0" HPOS="47.0" ID="eSc_line_28de7602" TAGREFS="LT15191" VPOS="1025.0" WIDTH="1203.0">
<Shape><Polygon POINTS="49 1057 47 1090 703 1099 705 1099 758 1090 765 1090 767 1090 781 1099 782 1099 784 1099 786 1099 788 1099 807 1090 811 1090 814 1090 852 1101 854 1101 856 1101 962 1091 1190 1101 1192 1101 1246 1090 1250 1063 1248 1040 1154 1031 1152 1031 1150 1031 1148 1031 1141 1039 1137 1042 1056 1042 1054 1039 1046 1033 1046 1031 1045 1031 1043 1031 1041 1031 1039 1031 1014 1039 1005 1040 996 1039 965 1029 963 1029 962 1029 960 1029 958 1029 947 1039 941 1042 860 1042 852 1037 833 1027 831 1027 830 1027 828 1027 797 1037 790 1040 726 1040 718 1037 701 1027 699 1027 647 1027 645 1027 643 1027 641 1027 641 1029 633 1035 630 1039 535 1039 531 1035 524 1027 522 1027 520 1027 518 1027 516 1027 498 1035 488 1039 479 1035 465 1029 464 1029 462 1029 418 1035 396 1037 388 1035 367 1025 365 1025 364 1025 298 1033 269 1037 262 1033 247 1025 245 1025 243 1025 241 1025 224 1033 216 1037 201 1033 169 1025 167 1025 166 1025 164 1025 162 1025 162 1027 154 1033 150 1037 135 1033 107 1025 105 1025 103 1025 49 1031 49 1057"/></Shape>
<String CONTENT="" HEIGHT="76.0" HPOS="47.0" VPOS="1025.0" WC="0.9697453228395376" WIDTH="1203.0"/>
</TextLine>
<TextLine BASELINE="45 1111 1252 1120" HEIGHT="72.0" HPOS="41.0" ID="eSc_line_119320c0" TAGREFS="LT15191" VPOS="1082.0" WIDTH="1209.0">
<Shape><Polygon POINTS="43 1110 41 1142 626 1142 633 1142 673 1152 675 1152 824 1144 831 1144 839 1144 950 1154 952 1154 1246 1144 1250 1118 1248 1097 1133 1086 1131 1086 971 1093 950 1084 948 1084 947 1084 882 1093 858 1084 856 1084 854 1084 741 1093 730 1093 728 1093 714 1084 713 1084 711 1084 709 1084 622 1091 565 1082 564 1082 43 1088 43 1110"/></Shape>
<String CONTENT="" HEIGHT="72.0" HPOS="41.0" VPOS="1082.0" WC="0.9639059196818959" WIDTH="1209.0"/>
</TextLine>
<TextLine BASELINE="38 1161 1250 1170" HEIGHT="79.0" HPOS="35.0" ID="eSc_line_29c21416" TAGREFS="LT15191" VPOS="1129.0" WIDTH="1213.0">
<Shape><Polygon POINTS="35 1189 47 1199 47 1201 49 1201 50 1201 52 1203 150 1203 150 1201 152 1201 184 1189 220 1201 222 1201 224 1201 364 1193 518 1205 520 1205 754 1193 767 1205 769 1205 771 1205 773 1205 977 1195 1169 1208 1171 1208 1245 1195 1248 1169 1248 1148 1222 1139 1220 1139 1218 1139 1058 1146 1007 1148 992 1144 965 1139 963 1139 962 1139 862 1142 781 1146 754 1140 724 1135 722 1135 681 1140 641 1144 562 1139 499 1133 498 1133 432 1135 281 1142 220 1131 211 1131 209 1131 194 1131 69 1140 39 1129 37 1159 35 1189"/></Shape>
<String CONTENT="" HEIGHT="79.0" HPOS="35.0" VPOS="1129.0" WC="0.9889497436009921" WIDTH="1213.0"/>
</TextLine>
<TextLine BASELINE="37 1214 1253 1223" HEIGHT="75.0" HPOS="33.0" ID="eSc_line_de7f959d" TAGREFS="LT15191" VPOS="1184.0" WIDTH="1219.0">
<Shape><Polygon POINTS="35 1212 33 1242 50 1252 52 1252 54 1252 56 1252 166 1242 275 1254 277 1254 475 1246 599 1255 601 1255 669 1246 696 1255 697 1255 699 1255 701 1255 724 1246 733 1255 735 1255 737 1255 739 1255 833 1248 845 1257 847 1257 848 1257 850 1259 939 1259 939 1257 941 1257 943 1257 956 1248 1065 1259 1067 1259 1069 1259 1092 1250 1248 1250 1252 1222 1250 1201 1050 1201 1045 1199 1028 1191 1026 1191 1024 1191 1022 1191 1020 1191 1011 1199 1007 1201 986 1199 916 1189 914 1189 818 1197 799 1199 794 1197 764 1188 762 1188 760 1188 575 1197 554 1197 541 1197 430 1186 294 1186 292 1186 290 1186 288 1186 277 1195 275 1195 216 1184 215 1184 35 1193 35 1212"/></Shape>
<String CONTENT="" HEIGHT="75.0" HPOS="33.0" VPOS="1184.0" WC="0.9800123831500178" WIDTH="1219.0"/>
</TextLine>
<TextLine BASELINE="40 1268 1251 1277" HEIGHT="85.0" HPOS="37.0" ID="eSc_line_02d816bc" TAGREFS="LT15191" VPOS="1235.0" WIDTH="1213.0">
<Shape><Polygon POINTS="39 1267 37 1304 256 1299 311 1306 360 1314 362 1314 364 1314 386 1306 405 1301 415 1306 418 1310 420 1310 422 1310 424 1310 426 1310 439 1306 458 1303 477 1306 520 1316 522 1318 682 1318 682 1316 684 1316 686 1316 696 1306 699 1304 707 1306 752 1316 754 1316 756 1316 758 1316 771 1306 775 1304 792 1306 852 1314 854 1314 856 1314 886 1306 894 1304 897 1306 924 1318 926 1318 928 1318 990 1306 997 1304 999 1306 1011 1318 1011 1320 1013 1320 1014 1320 1016 1320 1018 1320 1058 1310 1128 1320 1129 1320 1131 1320 1133 1320 1150 1306 1246 1304 1250 1276 1248 1252 1079 1242 1077 1242 1075 1242 1046 1250 1030 1254 988 1250 935 1244 933 1244 903 1250 886 1252 865 1250 816 1242 814 1242 813 1242 796 1248 788 1252 782 1248 764 1238 762 1238 760 1238 694 1248 681 1250 665 1248 607 1238 605 1238 603 1238 601 1238 592 1248 588 1250 573 1248 499 1237 498 1237 430 1248 418 1248 256 1248 254 1246 232 1237 230 1237 228 1237 126 1246 115 1246 113 1246 99 1235 98 1235 96 1235 94 1235 39 1244 39 1267"/></Shape>
<String CONTENT="" HEIGHT="85.0" HPOS="37.0" VPOS="1235.0" WC="0.9735896853300241" WIDTH="1213.0"/>
</TextLine>
<TextLine BASELINE="38 1321 1252 1327" HEIGHT="64.0" HPOS="35.0" ID="eSc_line_9f93b4c2" TAGREFS="LT15191" VPOS="1303.0" WIDTH="1215.0">
<Shape><Polygon POINTS="37 1320 35 1355 58 1363 60 1363 62 1363 64 1363 81 1355 105 1346 143 1355 177 1363 179 1365 345 1365 345 1363 392 1354 433 1346 714 1346 737 1352 811 1365 954 1367 956 1367 1039 1350 1041 1350 1043 1350 1111 1367 1113 1367 1114 1367 1177 1357 1199 1367 1201 1367 1203 1367 1205 1367 1248 1348 1250 1325 1250 1303 37 1303 37 1320"/></Shape>
<String CONTENT="" HEIGHT="64.0" HPOS="35.0" VPOS="1303.0" WC="0.986256831762742" WIDTH="1215.0"/>
</TextLine>
<TextLine BASELINE="35 1372 1250 1382" HEIGHT="81.0" HPOS="32.0" ID="eSc_line_099255b8" TAGREFS="LT15191" VPOS="1340.0" WIDTH="1216.0">
<Shape><Polygon POINTS="33 1371 32 1404 50 1412 52 1412 54 1412 56 1412 58 1412 69 1403 73 1401 75 1403 86 1412 88 1412 90 1412 92 1412 141 1403 147 1403 152 1403 190 1414 192 1414 194 1414 196 1414 198 1414 213 1403 216 1401 222 1404 239 1410 241 1410 243 1410 245 1410 260 1404 265 1401 271 1404 288 1416 290 1416 292 1416 294 1416 358 1404 360 1404 362 1404 437 1416 439 1416 501 1404 516 1403 565 1403 567 1404 584 1418 586 1418 588 1418 590 1418 669 1404 675 1404 692 1418 694 1418 696 1418 762 1420 764 1420 765 1420 801 1406 839 1406 913 1406 914 1406 1007 1421 1009 1421 1011 1421 1050 1412 1082 1421 1084 1421 1086 1421 1088 1421 1126 1408 1158 1418 1160 1418 1162 1418 1163 1418 1192 1410 1205 1421 1207 1421 1209 1421 1211 1421 1213 1421 1246 1406 1248 1380 1248 1359 1218 1350 1216 1350 1214 1350 1213 1350 1188 1359 1180 1361 1175 1357 1158 1350 1156 1350 1154 1350 1152 1350 1133 1357 1126 1361 1122 1357 1105 1346 1103 1346 1101 1346 1099 1346 1097 1346 1063 1357 1054 1361 1046 1357 1024 1346 1022 1346 1020 1346 960 1357 945 1361 822 1361 813 1357 786 1346 784 1346 782 1346 648 1355 641 1355 639 1355 605 1342 603 1342 520 1340 518 1340 375 1354 356 1355 347 1354 311 1346 309 1346 307 1346 305 1346 296 1354 292 1355 33 1354 33 1371"/></Shape>
<String CONTENT="" HEIGHT="81.0" HPOS="32.0" VPOS="1340.0" WC="0.963870644569397" WIDTH="1216.0"/>
</TextLine>
<TextLine BASELINE="44 1425 1248 1435" HEIGHT="72.0" HPOS="41.0" ID="eSc_line_e4700078" TAGREFS="LT15191" VPOS="1404.0" WIDTH="1205.0">
<Shape><Polygon POINTS="43 1423 41 1453 83 1469 84 1469 86 1469 188 1457 281 1470 282 1470 481 1459 520 1472 522 1472 524 1472 748 1461 764 1472 765 1472 767 1472 769 1472 1001 1463 1171 1476 1173 1476 1243 1463 1246 1433 1245 1414 43 1404 43 1423"/></Shape>
<String CONTENT="" HEIGHT="72.0" HPOS="41.0" VPOS="1404.0" WC="0.9760814125721271" WIDTH="1205.0"/>
</TextLine>
<TextLine BASELINE="36 1477 1238 1488" HEIGHT="59.0" HPOS="33.0" ID="eSc_line_d04ce1d4" TAGREFS="LT15191" VPOS="1457.0" WIDTH="1204.0">
<Shape><Polygon POINTS="35 1476 33 1516 1233 1516 1237 1487 1237 1469 1207 1459 1205 1459 1203 1459 1094 1467 1018 1457 35 1457 35 1476"/></Shape>
<String CONTENT="" HEIGHT="59.0" HPOS="33.0" VPOS="1457.0" WC="0.9783299458560659" WIDTH="1204.0"/>
</TextLine>
<TextLine BASELINE="36 1528 1217 1540" HEIGHT="83.0" HPOS="33.0" ID="eSc_line_ffc832f4" TAGREFS="LT15191" VPOS="1497.0" WIDTH="1183.0">
<Shape><Polygon POINTS="35 1527 33 1561 45 1570 47 1570 49 1570 50 1570 226 1561 265 1572 267 1572 269 1572 386 1563 435 1574 437 1574 439 1576 596 1576 596 1574 598 1574 622 1565 716 1574 718 1574 799 1567 818 1578 820 1578 822 1578 824 1578 826 1578 828 1578 845 1569 980 1569 1024 1580 1026 1580 1028 1580 1213 1569 1216 1538 1216 1519 1169 1506 1167 1506 1165 1506 1020 1518 909 1504 907 1504 905 1504 903 1504 882 1518 824 1518 803 1503 801 1503 799 1503 797 1503 796 1503 794 1503 777 1514 624 1501 622 1501 562 1514 430 1514 394 1501 392 1501 390 1501 388 1501 386 1501 373 1512 233 1512 190 1497 188 1497 186 1497 35 1508 35 1527"/></Shape>
<String CONTENT="" HEIGHT="83.0" HPOS="33.0" VPOS="1497.0" WC="0.9841310131377068" WIDTH="1183.0"/>
</TextLine>
<TextLine BASELINE="35 1584 1249 1595" HEIGHT="72.0" HPOS="32.0" ID="eSc_line_0e7e189c" TAGREFS="LT15191" VPOS="1559.0" WIDTH="1216.0">
<Shape><Polygon POINTS="33 1582 32 1610 54 1621 56 1621 58 1621 201 1612 273 1623 275 1623 415 1614 462 1625 464 1625 465 1625 575 1616 586 1625 588 1625 590 1625 592 1625 779 1618 811 1627 813 1627 814 1627 816 1627 818 1627 831 1618 905 1629 907 1629 1014 1619 1041 1631 1043 1631 1045 1631 1245 1619 1248 1593 1246 1570 33 1559 33 1582"/></Shape>
<String CONTENT="" HEIGHT="72.0" HPOS="32.0" VPOS="1559.0" WC="0.9749776380402702" WIDTH="1216.0"/>
</TextLine>
<TextLine BASELINE="35 1635 1251 1645" HEIGHT="79.0" HPOS="32.0" ID="eSc_line_f273eb09" TAGREFS="LT15191" VPOS="1606.0" WIDTH="1218.0">
<Shape><Polygon POINTS="33 1633 32 1668 358 1668 373 1670 409 1678 411 1678 413 1678 426 1670 432 1668 456 1672 518 1680 520 1680 611 1672 635 1670 641 1672 650 1680 652 1680 654 1680 656 1680 692 1672 696 1672 707 1682 709 1682 711 1682 843 1684 845 1684 984 1674 992 1674 996 1674 1050 1685 1052 1685 1246 1674 1250 1644 1248 1623 33 1606 33 1633"/></Shape>
<String CONTENT="" HEIGHT="79.0" HPOS="32.0" VPOS="1606.0" WC="0.9839366849730996" WIDTH="1218.0"/>
</TextLine>
<TextLine BASELINE="37 1688 1249 1697" HEIGHT="79.0" HPOS="33.0" ID="eSc_line_9c46a9b5" TAGREFS="LT15191" VPOS="1657.0" WIDTH="1215.0">
<Shape><Polygon POINTS="35 1687 33 1717 335 1733 337 1733 339 1733 341 1733 356 1723 388 1733 390 1733 392 1733 620 1723 637 1723 656 1734 658 1734 660 1734 662 1734 873 1725 890 1725 894 1725 943 1736 945 1736 999 1727 1013 1736 1014 1736 1016 1736 1018 1736 1245 1727 1248 1695 1248 1674 1207 1665 1205 1665 1203 1665 1152 1674 1145 1674 718 1674 665 1667 620 1661 618 1661 490 1663 273 1668 256 1659 254 1659 252 1659 250 1659 232 1659 94 1668 35 1657 35 1687"/></Shape>
<String CONTENT="" HEIGHT="79.0" HPOS="33.0" VPOS="1657.0" WC="0.9890988801206861" WIDTH="1215.0"/>
</TextLine>
<TextLine BASELINE="37 1738 1249 1751" HEIGHT="83.0" HPOS="33.0" ID="eSc_line_0eda16cf" TAGREFS="LT15191" VPOS="1710.0" WIDTH="1215.0">
<Shape><Polygon POINTS="35 1736 33 1767 122 1780 124 1780 182 1770 203 1783 205 1783 207 1783 209 1785 364 1785 364 1783 365 1783 367 1783 381 1774 403 1783 405 1783 407 1783 409 1783 437 1774 465 1785 467 1785 469 1785 471 1785 473 1785 473 1783 484 1774 552 1774 626 1787 628 1787 630 1787 669 1776 726 1789 728 1789 786 1778 822 1789 824 1789 1011 1791 1013 1791 1014 1791 1035 1782 1071 1793 1073 1793 1075 1793 1077 1793 1079 1793 1094 1782 1150 1793 1152 1793 1245 1780 1248 1750 1248 1731 982 1719 980 1719 933 1727 918 1729 914 1727 903 1717 901 1717 899 1717 897 1717 681 1725 645 1725 643 1725 635 1717 635 1716 633 1716 631 1716 630 1716 443 1723 403 1723 399 1721 388 1712 386 1712 384 1712 382 1712 381 1712 347 1721 345 1721 115 1721 113 1719 98 1710 96 1710 94 1710 92 1710 35 1717 35 1736"/></Shape>
<String CONTENT="" HEIGHT="83.0" HPOS="33.0" VPOS="1710.0" WC="0.9725835498641519" WIDTH="1215.0"/>
</TextLine>
<TextLine BASELINE="33 1794 1251 1802" HEIGHT="65.0" HPOS="30.0" ID="eSc_line_bf2ba4bf" TAGREFS="LT15191" VPOS="1768.0" WIDTH="1220.0">
<Shape><Polygon POINTS="32 1793 30 1825 1245 1833 1250 1800 1248 1774 947 1782 922 1772 920 1772 918 1772 913 1772 716 1780 658 1770 641 1768 639 1768 637 1768 631 1770 611 1778 501 1770 475 1768 473 1768 471 1768 469 1768 469 1770 458 1780 369 1780 32 1768 32 1793"/></Shape>
<String CONTENT="" HEIGHT="65.0" HPOS="30.0" VPOS="1768.0" WC="0.9641854665172633" WIDTH="1220.0"/>
</TextLine>
<TextLine BASELINE="32 1846 1248 1856" HEIGHT="76.0" HPOS="28.0" ID="eSc_line_8e979120" TAGREFS="LT15191" VPOS="1821.0" WIDTH="1218.0">
<Shape><Polygon POINTS="30 1844 28 1872 94 1889 96 1891 171 1891 171 1889 173 1889 175 1889 192 1878 228 1891 230 1891 232 1891 371 1882 386 1891 388 1891 390 1891 499 1893 501 1893 579 1880 633 1895 635 1895 637 1895 822 1882 882 1897 884 1897 886 1897 943 1885 999 1897 1001 1897 1003 1897 1028 1883 1065 1893 1067 1893 1069 1893 1243 1883 1246 1855 1245 1838 1069 1838 1063 1836 1030 1825 1028 1825 1026 1825 877 1834 854 1834 852 1834 835 1825 833 1825 831 1825 598 1831 588 1831 564 1821 562 1821 488 1821 486 1821 484 1821 482 1821 473 1831 471 1831 30 1827 30 1844"/></Shape>
<String CONTENT="" HEIGHT="76.0" HPOS="28.0" VPOS="1821.0" WC="0.977287986748655" WIDTH="1218.0"/>
</TextLine>
<TextLine BASELINE="33 1899 1249 1908" HEIGHT="70.0" HPOS="30.0" ID="eSc_line_e797b21d" TAGREFS="LT15191" VPOS="1878.0" WIDTH="1218.0">
<Shape><Polygon POINTS="32 1897 30 1932 39 1940 41 1940 43 1940 45 1940 98 1931 147 1940 149 1940 262 1931 290 1942 292 1942 294 1942 513 1932 577 1944 579 1944 709 1934 775 1946 777 1946 852 1936 930 1946 931 1946 933 1946 958 1936 999 1948 1001 1948 1003 1948 1245 1936 1248 1906 1246 1885 32 1878 32 1897"/></Shape>
<String CONTENT="" HEIGHT="70.0" HPOS="30.0" VPOS="1878.0" WC="0.9707028617461523" WIDTH="1218.0"/>
</TextLine>
<TextLine BASELINE="35 1954 1231 1962" HEIGHT="68.0" HPOS="32.0" ID="eSc_line_1784c7ca" TAGREFS="LT15191" VPOS="1927.0" WIDTH="1197.0">
<Shape><Polygon POINTS="33 1953 32 1980 160 1993 162 1993 164 1993 190 1983 237 1993 239 1993 322 1983 328 1983 330 1983 367 1995 369 1995 371 1995 1226 1991 1229 1961 1229 1944 1122 1931 1120 1931 1075 1940 847 1929 845 1929 796 1938 794 1938 790 1938 630 1927 628 1927 33 1931 33 1953"/></Shape>
<String CONTENT="" HEIGHT="68.0" HPOS="32.0" VPOS="1927.0" WC="0.9730322599411011" WIDTH="1197.0"/>
</TextLine>
<TextLine BASELINE="33 2004 1253 2015" HEIGHT="87.0" HPOS="30.0" ID="eSc_line_1e2822b4" TAGREFS="LT15191" VPOS="1970.0" WIDTH="1222.0">
<Shape><Polygon POINTS="30 2029 54 2044 56 2044 58 2044 60 2044 62 2044 94 2032 118 2044 120 2044 122 2044 124 2044 162 2029 199 2046 201 2046 203 2046 273 2031 315 2046 316 2046 318 2046 386 2040 435 2049 437 2049 843 2034 892 2034 926 2053 928 2053 930 2055 988 2055 988 2053 990 2053 992 2053 1014 2038 1065 2055 1067 2055 1069 2057 1169 2057 1169 2055 1248 2036 1252 2014 1252 1997 1186 1982 1184 1982 1071 1993 1054 1993 1050 1991 1030 1980 1028 1980 1026 1980 1024 1980 994 1991 990 1991 979 1989 903 1980 901 1980 899 1980 897 1980 897 1982 890 1987 882 1995 733 1995 709 1983 692 1978 690 1978 688 1978 645 1983 579 1991 518 1982 516 1982 515 1982 513 1982 501 1991 488 1980 486 1980 484 1980 482 1980 479 1980 428 1987 413 1978 409 1974 407 1974 405 1974 403 1974 367 1978 243 1989 186 1974 184 1974 182 1974 181 1974 179 1974 162 1987 141 1972 139 1972 137 1972 135 1972 133 1972 86 1987 33 1970 32 2002 30 2029"/></Shape>
<String CONTENT="" HEIGHT="87.0" HPOS="30.0" VPOS="1970.0" WC="0.9644730229462896" WIDTH="1222.0"/>
</TextLine>
<TextLine BASELINE="32 2059 1235 2069" HEIGHT="83.0" HPOS="28.0" ID="eSc_line_89ed8479" TAGREFS="LT15191" VPOS="2025.0" WIDTH="1205.0">
<Shape><Polygon POINTS="30 2057 28 2095 118 2085 224 2098 247 2100 249 2100 292 2098 405 2093 445 2100 464 2102 465 2102 467 2102 475 2100 501 2089 613 2089 622 2100 626 2102 626 2104 628 2104 630 2104 631 2104 722 2100 828 2097 854 2102 879 2106 880 2106 882 2106 892 2102 913 2093 952 2093 962 2102 965 2104 965 2106 967 2106 969 2106 1041 2108 1043 2108 1045 2108 1046 2108 1046 2106 1052 2102 1060 2095 1075 2102 1086 2108 1088 2108 1090 2108 1116 2102 1150 2095 1160 2102 1160 2104 1162 2104 1163 2104 1165 2104 1229 2102 1233 2068 1229 2042 1201 2048 1186 2042 1179 2038 1177 2038 1175 2038 1173 2038 1171 2038 1167 2042 1152 2049 1103 2042 1092 2040 1090 2040 1088 2040 1084 2042 1063 2049 1026 2042 1009 2038 909 2036 907 2036 905 2036 903 2036 896 2040 890 2046 882 2040 875 2036 873 2036 871 2036 869 2036 867 2036 852 2040 843 2044 831 2040 794 2031 792 2031 679 2031 677 2031 631 2040 616 2044 552 2040 405 2032 403 2032 401 2032 399 2032 390 2040 386 2044 243 2044 235 2040 177 2025 175 2025 173 2025 109 2040 107 2040 54 2025 52 2025 50 2025 49 2025 47 2025 30 2036 30 2057"/></Shape>
<String CONTENT="" HEIGHT="83.0" HPOS="28.0" VPOS="2025.0" WC="0.9734740706740833" WIDTH="1205.0"/>
</TextLine>
<TextLine BASELINE="31 2110 1228 2120" HEIGHT="77.0" HPOS="28.0" ID="eSc_line_22bb59ae" TAGREFS="LT15191" VPOS="2080.0" WIDTH="1198.0">
<Shape><Polygon POINTS="30 2108 28 2146 388 2149 390 2149 411 2147 462 2140 496 2147 507 2149 509 2149 526 2147 567 2140 577 2147 581 2151 582 2151 584 2151 586 2151 609 2147 639 2142 647 2147 652 2153 654 2153 656 2153 658 2155 731 2155 731 2153 733 2153 747 2147 762 2142 788 2147 824 2155 826 2155 828 2155 830 2155 839 2147 847 2144 888 2147 960 2155 962 2155 963 2155 986 2147 994 2146 1001 2147 1022 2157 1024 2157 1026 2157 1028 2157 1060 2147 1069 2146 1079 2147 1103 2157 1105 2157 1107 2157 1222 2147 1226 2119 1224 2100 1028 2098 1013 2087 1011 2087 1009 2087 1007 2087 1005 2087 1003 2087 990 2097 930 2087 928 2087 833 2095 818 2085 816 2085 814 2085 813 2085 664 2095 643 2095 641 2095 628 2083 626 2083 624 2083 622 2083 458 2093 432 2093 415 2091 322 2081 320 2081 264 2091 256 2091 254 2091 230 2080 228 2080 226 2080 30 2087 30 2108"/></Shape>
<String CONTENT="" HEIGHT="77.0" HPOS="28.0" VPOS="2080.0" WC="0.95612019678903" WIDTH="1198.0"/>
</TextLine>
<TextLine BASELINE="33 2163 1235 2182" HEIGHT="79.0" HPOS="30.0" ID="eSc_line_3412776e" TAGREFS="LT15191" VPOS="2134.0" WIDTH="1203.0">
<Shape><Polygon POINTS="32 2153 32 2161 30 2195 198 2198 199 2198 201 2198 207 2196 232 2187 243 2196 243 2198 245 2198 247 2198 249 2198 250 2198 254 2196 271 2189 279 2196 281 2198 281 2200 282 2200 284 2200 356 2202 358 2202 411 2198 475 2193 498 2198 516 2204 518 2204 520 2204 601 2198 673 2195 681 2200 690 2208 692 2208 694 2208 696 2208 756 2200 786 2196 807 2200 850 2210 852 2210 854 2210 890 2200 903 2198 935 2200 1048 2213 1050 2213 1052 2213 1075 2202 1079 2202 1143 2212 1145 2212 1229 2202 1233 2181 1231 2146 1167 2161 1114 2144 1111 2144 1109 2144 1107 2144 1099 2144 1041 2155 1016 2144 1011 2142 1009 2142 830 2140 828 2140 826 2140 820 2144 796 2155 737 2142 713 2138 711 2138 633 2142 562 2146 537 2142 507 2136 505 2136 503 2136 501 2136 496 2142 488 2147 458 2142 422 2134 420 2134 418 2134 416 2134 407 2140 399 2146 356 2140 315 2136 313 2136 311 2136 309 2136 303 2140 292 2146 37 2140 32 2153"/></Shape>
<String CONTENT="" HEIGHT="79.0" HPOS="30.0" VPOS="2134.0" WC="0.9793292203191983" WIDTH="1203.0"/>
</TextLine>
<TextLine BASELINE="64 2218 1235 2236" HEIGHT="78.0" HPOS="60.0" ID="eSc_line_e2a74bbe" TAGREFS="LT15191" VPOS="2183.0" WIDTH="1173.0">
<Shape><Polygon POINTS="62 2217 60 2240 77 2249 79 2249 81 2249 83 2249 573 2246 839 2261 852 2261 871 2261 890 2261 909 2261 928 2261 947 2261 965 2261 984 2261 1003 2261 1022 2261 1041 2261 1060 2261 1079 2261 1097 2261 1116 2261 1135 2261 1146 2261 1158 2255 1169 2261 1173 2261 1192 2261 1197 2261 1229 2253 1233 2234 1231 2212 1105 2212 1097 2210 1050 2196 1048 2196 1046 2196 980 2206 937 2195 935 2195 933 2195 869 2206 864 2206 847 2193 845 2193 843 2193 841 2193 671 2198 543 2189 541 2189 482 2198 426 2187 424 2187 333 2198 322 2198 298 2198 96 2183 94 2183 92 2183 62 2193 62 2217"/></Shape>
<String CONTENT="" HEIGHT="78.0" HPOS="60.0" VPOS="2183.0" WC="0.9417819161899388" WIDTH="1173.0"/>
</TextLine>
</TextBlock>
</PrintSpace>
</Page>
</Layout>
</alto>