<?xml version="1.0" encoding="utf-8"?>
<alto xmlns="http://www.loc.gov/standards/alto/ns-v4#" xmlns:xsi="http://www.w3.org/2001/XMLSchema-instance" xsi:schemaLocation="http://www.loc.gov/standards/alto/ns-v4# http://www.loc.gov/standards/alto/v4/alto-4-2.xsd">
<Description>
<MeasurementUnit>pixel</MeasurementUnit>
<sourceImageInformation>
<fileName>IE87184372_00008.jpg</fileName>
<fileIdentifier>mets//export_doc3594_1col_14_alto_202404221307.zip/IE87184372_00008.jpg</fileIdentifier>
</sourceImageInformation>
</Description>
<Tags>
<OtherTag DESCRIPTION="block type MainLeft" ID="BT6805" LABEL="MainLeft"/><OtherTag DESCRIPTION="block type MainRight" ID="BT6804" LABEL="MainRight"/><OtherTag DESCRIPTION="block type Margin" ID="BT6803" LABEL="Margin"/><OtherTag DESCRIPTION="block type Handwritten" ID="BT6802" LABEL="Handwritten"/><OtherTag DESCRIPTION="block type Stamp" ID="BT6801" LABEL="Stamp"/><OtherTag DESCRIPTION="block type FooterCentral" ID="BT6800" LABEL="FooterCentral"/><OtherTag DESCRIPTION="block type Catchword" ID="BT6799" LABEL="Catchword"/><OtherTag DESCRIPTION="block type MainCentral" ID="BT6798" LABEL="MainCentral"/><OtherTag DESCRIPTION="block type RunningHeader" ID="BT6797" LABEL="RunningHeader"/><OtherTag DESCRIPTION="block type Illustration" ID="BT4" LABEL="Illustration"/><OtherTag DESCRIPTION="block type Commentary" ID="BT3" LABEL="Commentary"/><OtherTag DESCRIPTION="block type Main" ID="BT2" LABEL="Main"/><OtherTag DESCRIPTION="block type Title" ID="BT1" LABEL="Title"/>
<OtherTag DESCRIPTION="line type MainLeft" ID="LT15195" LABEL="MainLeft"/><OtherTag DESCRIPTION="line type MainRight" ID="LT15194" LABEL="MainRight"/><OtherTag DESCRIPTION="line type Handwritten" ID="LT15193" LABEL="Handwritten"/><OtherTag DESCRIPTION="line type NotMain" ID="LT15192" LABEL="NotMain"/><OtherTag DESCRIPTION="line type MainCentral" ID="LT15191" LABEL="MainCentral"/>
</Tags>
<Layout>
<Page HEIGHT="1702" ID="eSc_dummypage_" PHYSICAL_IMG_NR="70" WIDTH="1145">
<PrintSpace HEIGHT="1702" HPOS="0" VPOS="0" WIDTH="1145">
<TextBlock HEIGHT="1399.0" HPOS="45.0" ID="eSc_textblock_9ff3004a" TAGREFS="BT6798" VPOS="196.0" WIDTH="959.0">
<Shape><Polygon POINTS="416 196 1001 208 1004 1576 993 1595 56 1591 49 1580 45 211 75 200 416 196"/></Shape>
<TextLine BASELINE="49 224 991 227" HEIGHT="55.0" HPOS="46.0" ID="eSc_line_d5bdaefb" TAGREFS="LT15191" VPOS="198.0" WIDTH="944.0">
<Shape><Polygon POINTS="855 205 841 204 827 204 820 204 817 207 814 208 584 208 578 205 553 198 551 198 550 198 549 198 524 205 515 198 513 198 512 198 500 198 412 198 411 198 410 198 387 205 377 207 339 204 249 198 245 198 231 198 219 198 202 204 195 205 59 204 48 209 48 222 46 245 986 253 990 226 987 208 882 208 872 207 864 205 855 205"/></Shape>
<String CONTENT="" HEIGHT="55.0" HPOS="46.0" VPOS="198.0" WC="0.9857845994932898" WIDTH="944.0"/>
</TextLine>
<TextLine BASELINE="52 272 993 277" HEIGHT="53.0" HPOS="49.0" ID="eSc_line_c7c6087c" TAGREFS="LT15191" VPOS="253.0" WIDTH="942.0">
<Shape><Polygon POINTS="51 270 49 292 148 302 150 302 151 302 177 295 520 304 522 304 629 297 642 297 659 297 770 306 771 306 812 299 820 299 832 299 900 306 902 306 988 300 991 276 990 253 51 253 51 270"/></Shape>
<String CONTENT="" HEIGHT="53.0" HPOS="49.0" VPOS="253.0" WC="0.9863267419514833" WIDTH="942.0"/>
</TextLine>
<TextLine BASELINE="52 322 995 328" HEIGHT="44.0" HPOS="49.0" ID="eSc_line_7dc69ccf" TAGREFS="LT15191" VPOS="304.0" WIDTH="945.0">
<Shape><Polygon POINTS="51 321 49 348 991 348 994 327 993 310 51 304 51 321"/></Shape>
<String CONTENT="" HEIGHT="44.0" HPOS="49.0" VPOS="304.0" WC="0.9972857367992402" WIDTH="945.0"/>
</TextLine>
<TextLine BASELINE="58 371 995 377" HEIGHT="59.0" HPOS="55.0" ID="eSc_line_92ff7dd1" TAGREFS="LT15191" VPOS="346.0" WIDTH="939.0">
<Shape><Polygon POINTS="55 391 96 401 97 402 229 402 229 401 231 401 248 394 249 394 297 402 299 402 400 395 408 395 415 395 471 402 472 402 509 397 520 395 534 397 590 404 591 404 634 398 644 397 654 398 686 404 688 404 689 404 702 398 707 397 733 399 798 405 800 405 991 401 994 375 993 360 759 350 757 350 717 356 700 357 683 354 654 350 652 350 629 354 610 357 597 353 587 350 585 350 584 350 566 353 540 357 215 348 214 348 87 354 58 346 56 370 55 391"/></Shape>
<String CONTENT="" HEIGHT="59.0" HPOS="55.0" VPOS="346.0" WC="0.9870175842581124" WIDTH="939.0"/>
</TextLine>
<TextLine BASELINE="52 422 996 426" HEIGHT="52.0" HPOS="49.0" ID="eSc_line_db572fdb" TAGREFS="LT15191" VPOS="397.0" WIDTH="945.0">
<Shape><Polygon POINTS="51 421 49 449 991 448 994 425 991 408 682 408 625 407 622 404 614 397 612 397 611 397 448 397 446 397 445 397 444 397 438 402 434 407 377 407 366 402 356 397 354 397 353 397 306 401 263 405 249 401 241 398 239 398 238 398 201 399 127 405 51 399 51 421"/></Shape>
<String CONTENT="" HEIGHT="52.0" HPOS="49.0" VPOS="397.0" WC="0.9995707388107593" WIDTH="945.0"/>
</TextLine>
<TextLine BASELINE="52 471 995 476" HEIGHT="59.0" HPOS="49.0" ID="eSc_line_56e2304b" TAGREFS="LT15191" VPOS="448.0" WIDTH="945.0">
<Shape><Polygon POINTS="51 470 49 500 273 494 286 503 288 503 289 503 290 503 292 503 305 497 350 503 364 504 366 504 374 503 405 497 496 503 515 504 516 504 517 504 519 504 519 503 532 496 566 496 576 504 577 504 578 504 580 504 585 504 625 496 666 504 678 506 679 506 689 504 722 497 776 497 793 504 795 506 797 506 798 507 841 507 841 506 842 506 844 506 845 504 852 497 874 504 878 506 879 506 881 506 882 506 886 504 909 499 919 504 920 506 922 506 923 506 925 506 991 504 994 475 993 458 956 449 954 449 795 455 747 456 733 455 702 449 700 449 664 453 652 455 649 453 644 448 642 448 641 448 639 448 547 452 493 455 465 452 434 448 51 448 51 470"/></Shape>
<String CONTENT="" HEIGHT="59.0" HPOS="49.0" VPOS="448.0" WC="0.9911186998965693" WIDTH="945.0"/>
</TextLine>
<TextLine BASELINE="52 520 996 525" HEIGHT="51.0" HPOS="49.0" ID="eSc_line_b09b5068" TAGREFS="LT15191" VPOS="493.0" WIDTH="945.0">
<Shape><Polygon POINTS="49 538 990 544 994 524 994 507 973 499 971 499 970 499 764 503 710 504 706 503 698 497 696 497 695 497 693 497 551 500 441 503 434 499 431 496 429 496 428 496 427 496 380 499 286 503 207 503 198 496 198 494 197 494 195 494 194 494 174 494 66 502 53 493 51 519 49 538"/></Shape>
<String CONTENT="" HEIGHT="51.0" HPOS="49.0" VPOS="493.0" WC="0.9898168912955693" WIDTH="945.0"/>
</TextLine>
<TextLine BASELINE="51 571 996 574" HEIGHT="53.0" HPOS="48.0" ID="eSc_line_bdef1e97" TAGREFS="LT15191" VPOS="546.0" WIDTH="946.0">
<Shape><Polygon POINTS="48 595 990 599 994 573 994 557 971 547 970 547 969 547 967 547 939 555 933 555 700 547 699 547 698 547 696 547 690 553 686 557 530 557 524 551 523 550 523 548 522 548 520 548 519 548 499 551 472 554 462 550 451 546 449 546 448 546 417 550 383 554 333 548 314 547 313 547 285 548 195 553 173 547 168 546 167 546 166 546 151 547 78 554 51 546 49 570 48 595"/></Shape>
<String CONTENT="" HEIGHT="53.0" HPOS="48.0" VPOS="546.0" WC="0.9564917198682236" WIDTH="946.0"/>
</TextLine>
<TextLine BASELINE="52 620 994 624" HEIGHT="49.0" HPOS="49.0" ID="eSc_line_db601dc1" TAGREFS="LT15191" VPOS="594.0" WIDTH="944.0">
<Shape><Polygon POINTS="51 619 49 643 990 643 993 622 991 605 549 595 547 595 546 595 526 604 524 604 517 597 516 597 515 597 513 597 462 602 427 594 425 594 424 594 422 594 421 594 407 602 405 602 351 595 350 595 349 595 322 602 320 602 51 602 51 619"/></Shape>
<String CONTENT="" HEIGHT="49.0" HPOS="49.0" VPOS="594.0" WC="0.9893486378369508" WIDTH="944.0"/>
</TextLine>
<TextLine BASELINE="52 669 995 672" HEIGHT="60.0" HPOS="49.0" ID="eSc_line_6e74edec" TAGREFS="LT15191" VPOS="643.0" WIDTH="945.0">
<Shape><Polygon POINTS="51 668 49 697 282 693 310 697 326 700 327 700 347 697 378 693 395 697 405 700 407 700 408 700 424 697 445 693 478 697 520 702 522 703 588 703 588 702 590 702 591 702 597 696 598 694 603 696 617 702 618 702 620 702 621 702 645 696 651 694 655 696 672 702 673 702 675 702 743 694 756 694 760 694 783 702 784 702 786 702 844 694 849 694 856 694 953 702 954 702 991 693 994 670 994 655 966 646 964 646 963 646 961 646 942 653 939 653 861 646 859 646 858 646 856 646 856 648 851 652 849 655 658 655 652 651 646 646 645 646 644 646 567 646 566 646 564 646 553 649 534 653 502 648 476 645 475 645 473 645 472 645 469 648 462 652 343 646 300 645 299 645 290 646 252 652 242 645 241 645 239 645 238 645 229 645 160 652 141 645 140 645 139 645 97 652 51 643 51 668"/></Shape>
<String CONTENT="" HEIGHT="60.0" HPOS="49.0" VPOS="643.0" WC="0.9869921016243269" WIDTH="945.0"/>
</TextLine>
<TextLine BASELINE="52 719 994 722" HEIGHT="50.0" HPOS="49.0" ID="eSc_line_c7860cbc" TAGREFS="LT15191" VPOS="697.0" WIDTH="944.0">
<Shape><Polygon POINTS="51 717 49 738 79 747 80 747 82 747 990 744 993 721 991 707 905 707 903 706 892 699 891 699 889 699 888 699 852 706 849 706 839 706 720 699 719 699 678 704 654 697 652 697 651 697 649 697 634 704 577 697 576 697 51 702 51 717"/></Shape>
<String CONTENT="" HEIGHT="50.0" HPOS="49.0" VPOS="697.0" WC="0.9989303302764893" WIDTH="944.0"/>
</TextLine>
<TextLine BASELINE="55 766 994 773" HEIGHT="63.0" HPOS="52.0" ID="eSc_line_f6a43000" TAGREFS="LT15191" VPOS="741.0" WIDTH="941.0">
<Shape><Polygon POINTS="53 765 52 788 129 798 130 798 235 791 255 799 256 799 258 799 310 792 330 799 332 799 333 799 551 794 615 802 617 802 618 802 632 795 699 802 700 802 787 795 800 804 801 804 803 804 804 804 990 795 993 772 990 748 818 755 642 746 617 744 615 744 614 744 612 744 612 746 598 753 549 744 543 744 541 744 532 744 437 751 428 744 428 743 427 743 425 743 424 743 402 743 261 751 161 741 153 741 151 741 148 741 107 750 53 741 53 765"/></Shape>
<String CONTENT="" HEIGHT="63.0" HPOS="52.0" VPOS="741.0" WC="0.9909880587032863" WIDTH="941.0"/>
</TextLine>
<TextLine BASELINE="52 817 995 822" HEIGHT="59.0" HPOS="49.0" ID="eSc_line_74a38c93" TAGREFS="LT15191" VPOS="794.0" WIDTH="945.0">
<Shape><Polygon POINTS="51 816 49 846 137 839 175 848 184 849 185 849 187 849 192 848 225 839 290 846 292 846 293 846 316 839 349 846 366 851 367 851 368 851 370 851 374 846 385 841 499 846 588 851 590 851 631 846 661 842 669 845 683 852 685 852 686 853 798 853 798 852 800 852 817 845 824 842 920 842 930 845 959 852 960 852 961 853 961 852 963 852 993 843 994 821 993 804 489 804 472 801 395 795 394 795 393 795 375 801 371 802 367 801 350 794 349 794 347 794 51 799 51 816"/></Shape>
<String CONTENT="" HEIGHT="59.0" HPOS="49.0" VPOS="794.0" WC="0.9942593116845403" WIDTH="945.0"/>
</TextLine>
<TextLine BASELINE="52 867 995 872" HEIGHT="63.0" HPOS="49.0" ID="eSc_line_acd505c9" TAGREFS="LT15191" VPOS="848.0" WIDTH="945.0">
<Shape><Polygon POINTS="51 866 49 910 238 911 239 911 241 911 242 911 248 907 273 892 324 897 326 897 327 897 329 897 343 887 363 894 364 894 366 894 417 892 432 904 434 904 435 904 437 904 438 904 441 903 475 889 486 897 488 897 489 897 490 897 533 889 639 900 646 900 648 900 649 900 651 900 664 894 672 900 690 911 692 911 693 911 695 911 696 911 726 899 739 893 749 899 756 902 757 902 759 902 879 899 881 899 882 899 886 896 895 890 915 894 937 900 939 900 991 893 994 870 993 855 51 848 51 866"/></Shape>
<String CONTENT="" HEIGHT="63.0" HPOS="49.0" VPOS="848.0" WC="0.9785743749910786" WIDTH="945.0"/>
</TextLine>
<TextLine BASELINE="403 918 650 918" HEIGHT="48.0" HPOS="402.0" ID="eSc_line_5e3dfb22" TAGREFS="LT15191" VPOS="896.0" WIDTH="247.0">
<Shape><Polygon POINTS="402 917 402 940 532 944 533 944 534 944 536 944 543 938 546 937 553 938 595 944 597 944 649 936 649 917 649 902 435 896 434 896 432 896 402 903 402 917"/></Shape>
<String CONTENT="" HEIGHT="48.0" HPOS="402.0" VPOS="896.0" WC="0.9992285668849945" WIDTH="247.0"/>
</TextLine>
<TextLine BASELINE="52 965 993 972" HEIGHT="72.0" HPOS="49.0" ID="eSc_line_12076d7c" TAGREFS="LT15191" VPOS="936.0" WIDTH="942.0">
<Shape><Polygon POINTS="51 964 49 991 140 1001 141 1001 181 992 198 988 212 992 245 1002 246 1002 248 1002 249 1002 283 992 292 989 295 992 305 1001 305 1002 306 1002 307 1002 425 1004 427 1004 489 992 502 991 534 992 641 999 642 999 713 994 726 1002 727 1002 729 1002 730 1002 732 1002 733 1002 746 992 747 992 757 992 842 1002 844 1002 906 994 925 1007 926 1007 927 1007 929 1008 970 1008 970 1007 971 1007 973 1007 990 994 991 971 988 946 805 951 794 946 784 940 783 940 709 940 707 940 706 940 692 946 678 951 632 951 624 946 618 941 617 941 615 941 614 941 560 946 512 948 506 946 498 938 496 938 495 938 456 938 455 938 454 938 452 938 442 946 437 948 414 946 361 937 360 937 358 937 339 946 333 948 262 948 258 946 242 936 241 936 239 936 238 936 158 946 153 946 151 946 140 936 139 936 137 936 136 936 134 936 107 943 75 936 73 936 72 936 51 944 51 964"/></Shape>
<String CONTENT="" HEIGHT="72.0" HPOS="49.0" VPOS="936.0" WC="0.9925095758267811" WIDTH="942.0"/>
</TextLine>
<TextLine BASELINE="392 1017 658 1019" HEIGHT="47.0" HPOS="390.0" ID="eSc_line_5a66d781" TAGREFS="LT15191" VPOS="999.0" WIDTH="266.0">
<Shape><Polygon POINTS="391 1016 390 1038 422 1046 424 1046 654 1042 656 1018 655 1001 391 999 391 1016"/></Shape>
<String CONTENT="" HEIGHT="47.0" HPOS="390.0" VPOS="999.0" WC="0.9867157777150471" WIDTH="266.0"/>
</TextLine>
<TextLine BASELINE="52 1064 992 1069" HEIGHT="80.0" HPOS="49.0" ID="eSc_line_29e34786" TAGREFS="LT15191" VPOS="1033.0" WIDTH="942.0">
<Shape><Polygon POINTS="51 1063 49 1111 307 1113 309 1113 310 1113 323 1107 354 1090 371 1097 373 1097 374 1097 499 1092 519 1103 527 1109 529 1109 530 1109 532 1109 533 1109 549 1103 576 1092 672 1092 693 1100 699 1102 700 1102 702 1102 703 1102 712 1099 732 1093 754 1099 770 1102 771 1102 821 1097 864 1093 869 1096 889 1110 891 1110 892 1110 893 1110 895 1110 927 1094 932 1093 987 1093 991 1068 987 1036 944 1050 726 1050 713 1038 712 1038 712 1036 710 1036 709 1036 678 1035 632 1035 631 1035 629 1035 628 1035 628 1036 625 1039 614 1049 459 1049 408 1041 364 1033 265 1033 263 1033 262 1033 261 1033 251 1041 244 1046 126 1046 122 1042 112 1033 110 1033 109 1033 107 1033 106 1033 104 1033 90 1042 85 1046 51 1043 51 1063"/></Shape>
<String CONTENT="" HEIGHT="80.0" HPOS="49.0" VPOS="1033.0" WC="0.9895780515252498" WIDTH="942.0"/>
</TextLine>
<TextLine BASELINE="481 1116 560 1118" HEIGHT="43.0" HPOS="478.0" ID="eSc_line_39176887" TAGREFS="LT15191" VPOS="1100.0" WIDTH="81.0">
<Shape><Polygon POINTS="480 1114 478 1138 554 1143 559 1117 557 1103 480 1100 480 1114"/></Shape>
<String CONTENT="" HEIGHT="43.0" HPOS="478.0" VPOS="1100.0" WC="0.9932069033384323" WIDTH="81.0"/>
</TextLine>
<TextLine BASELINE="52 1163 992 1169" HEIGHT="69.0" HPOS="49.0" ID="eSc_line_deb8eeed" TAGREFS="LT15191" VPOS="1126.0" WIDTH="942.0">
<Shape><Polygon POINTS="51 1161 49 1189 236 1185 390 1194 437 1195 438 1195 439 1195 445 1194 461 1188 987 1195 991 1168 991 1150 950 1134 949 1134 947 1134 946 1134 944 1134 927 1148 926 1150 835 1150 828 1146 798 1130 797 1130 795 1130 794 1130 769 1143 747 1130 746 1130 744 1130 710 1130 709 1130 652 1141 620 1147 594 1138 578 1134 577 1134 576 1134 574 1134 573 1134 568 1138 559 1147 434 1147 400 1134 378 1127 377 1127 375 1127 374 1127 373 1127 364 1133 346 1146 297 1146 276 1131 272 1127 270 1127 269 1127 51 1126 51 1161"/></Shape>
<String CONTENT="" HEIGHT="69.0" HPOS="49.0" VPOS="1126.0" WC="0.9950400714604359" WIDTH="942.0"/>
</TextLine>
<TextLine BASELINE="53 1211 992 1218" HEIGHT="48.0" HPOS="51.0" ID="eSc_line_b320181a" TAGREFS="LT15191" VPOS="1195.0" WIDTH="940.0">
<Shape><Polygon POINTS="52 1209 51 1235 987 1243 991 1216 990 1202 52 1195 52 1209"/></Shape>
<String CONTENT="האומר ועושה. המדבר ומקים שכל דבריו אמת וצדק:נאמן אתה" HEIGHT="48.0" HPOS="51.0" VPOS="1195.0" WC="0.991511462950239" WIDTH="940.0"/>
</TextLine>
<TextLine BASELINE="53 1260 992 1267" HEIGHT="53.0" HPOS="51.0" ID="eSc_line_1106471b" TAGREFS="LT15191" VPOS="1239.0" WIDTH="940.0">
<Shape><Polygon POINTS="52 1259 51 1286 987 1292 991 1266 988 1245 898 1252 883 1245 882 1245 881 1245 879 1245 862 1252 737 1252 722 1245 719 1243 717 1243 716 1243 715 1243 713 1243 712 1245 702 1252 620 1252 469 1245 350 1241 349 1241 297 1245 280 1246 272 1245 239 1239 238 1239 52 1245 52 1259"/></Shape>
<String CONTENT="הוא ה' אלהינו ונאמנים דבריך. ודבר אחד מדבריך אחור לא ישוב" HEIGHT="53.0" HPOS="51.0" VPOS="1239.0" WC="0.9980167645328449" WIDTH="940.0"/>
</TextLine>
<TextLine BASELINE="53 1312 992 1316" HEIGHT="66.0" HPOS="51.0" ID="eSc_line_970a3432" TAGREFS="LT15191" VPOS="1287.0" WIDTH="940.0">
<Shape><Polygon POINTS="52 1311 51 1348 107 1350 109 1350 110 1350 114 1348 148 1337 236 1337 253 1347 256 1350 258 1350 259 1350 261 1350 275 1347 326 1337 513 1337 556 1345 588 1351 590 1351 591 1351 604 1344 615 1338 665 1344 725 1351 726 1353 864 1353 864 1351 865 1351 866 1351 866 1350 875 1343 878 1341 889 1343 952 1351 953 1351 954 1351 956 1351 966 1343 971 1338 987 1341 991 1314 991 1300 960 1290 959 1290 957 1290 956 1290 954 1290 946 1299 851 1299 844 1299 832 1290 832 1289 831 1289 830 1289 828 1289 827 1289 800 1299 603 1299 449 1299 390 1287 388 1287 292 1296 279 1287 278 1287 276 1287 201 1287 200 1287 198 1287 197 1287 197 1289 190 1294 70 1289 69 1289 68 1289 52 1296 52 1311"/></Shape>
<String CONTENT="" HEIGHT="66.0" HPOS="51.0" VPOS="1287.0" WC="0.9857666354094233" WIDTH="940.0"/>
</TextLine>
<TextLine BASELINE="302 1361 737 1366" HEIGHT="55.0" HPOS="299.0" ID="eSc_line_5b3b4370" TAGREFS="LT15191" VPOS="1337.0" WIDTH="437.0">
<Shape><Polygon POINTS="300 1360 299 1382 732 1392 736 1365 733 1343 627 1348 509 1347 503 1340 500 1338 500 1337 499 1337 498 1337 448 1337 446 1337 445 1337 444 1337 444 1338 442 1338 435 1345 300 1338 300 1360"/></Shape>
<String CONTENT="" HEIGHT="55.0" HPOS="299.0" VPOS="1337.0" WC="0.9771337048573927" WIDTH="437.0"/>
</TextLine>
<TextLine BASELINE="135 1410 891 1419" HEIGHT="70.0" HPOS="133.0" ID="eSc_line_c179b51e" TAGREFS="LT15191" VPOS="1380.0" WIDTH="756.0">
<Shape><Polygon POINTS="134 1409 133 1433 148 1441 150 1441 151 1441 208 1435 248 1432 256 1436 269 1443 270 1443 272 1443 273 1443 290 1438 300 1433 334 1438 384 1445 385 1445 387 1445 408 1439 428 1435 510 1442 550 1445 551 1445 553 1445 554 1445 556 1443 564 1438 607 1443 608 1443 610 1443 611 1443 634 1436 642 1445 645 1446 645 1448 646 1448 648 1448 649 1448 669 1445 719 1438 756 1448 764 1449 766 1449 767 1450 808 1450 808 1449 810 1449 812 1448 830 1439 885 1449 889 1418 889 1398 841 1389 839 1389 838 1389 812 1397 798 1401 683 1397 543 1391 541 1391 540 1391 527 1395 520 1398 510 1395 462 1382 461 1382 459 1382 458 1382 434 1395 429 1398 407 1398 402 1395 371 1381 370 1381 368 1381 295 1395 289 1395 286 1395 253 1380 252 1380 158 1380 157 1380 156 1380 154 1380 134 1391 134 1409"/></Shape>
<String CONTENT="" HEIGHT="70.0" HPOS="133.0" VPOS="1380.0" WC="0.9916414790683322" WIDTH="756.0"/>
</TextLine>
<TextLine BASELINE="53 1460 990 1471" HEIGHT="74.0" HPOS="51.0" ID="eSc_line_2d62c1e8" TAGREFS="LT15191" VPOS="1426.0" WIDTH="937.0">
<Shape><Polygon POINTS="52 1459 51 1480 66 1490 68 1490 69 1490 70 1490 253 1483 285 1482 407 1484 410 1486 421 1494 422 1494 424 1494 425 1494 427 1494 452 1487 463 1484 486 1489 532 1496 533 1496 607 1492 671 1487 683 1493 692 1497 693 1497 695 1497 696 1497 709 1494 725 1490 750 1494 771 1499 773 1499 810 1496 896 1490 903 1496 903 1497 905 1497 906 1497 984 1500 988 1470 987 1452 923 1443 922 1443 888 1449 874 1450 868 1448 856 1442 855 1442 854 1442 803 1446 767 1449 760 1445 747 1436 746 1436 744 1436 743 1436 742 1436 740 1436 727 1445 720 1448 564 1448 544 1439 540 1438 539 1438 537 1438 536 1438 534 1438 533 1439 520 1446 471 1438 463 1436 462 1436 461 1436 459 1436 442 1445 384 1443 374 1435 370 1431 368 1431 367 1431 326 1431 324 1431 323 1431 322 1431 319 1433 307 1443 212 1443 168 1442 154 1429 154 1428 153 1428 151 1428 52 1426 52 1459"/></Shape>
<String CONTENT="" HEIGHT="74.0" HPOS="51.0" VPOS="1426.0" WC="0.992202365398407" WIDTH="937.0"/>
</TextLine>
<TextLine BASELINE="57 1508 990 1519" HEIGHT="64.0" HPOS="55.0" ID="eSc_line_76dee291" TAGREFS="LT15191" VPOS="1483.0" WIDTH="933.0">
<Shape><Polygon POINTS="56 1507 55 1528 89 1538 90 1538 92 1538 173 1533 187 1540 188 1540 190 1540 248 1533 410 1541 411 1541 446 1534 969 1547 970 1547 971 1547 987 1538 988 1517 987 1502 794 1500 790 1497 778 1489 777 1489 776 1489 774 1489 773 1489 749 1496 746 1497 743 1496 723 1487 722 1487 720 1487 645 1494 612 1497 510 1497 499 1492 482 1486 480 1486 479 1486 402 1490 324 1494 290 1489 263 1483 262 1483 211 1487 163 1490 144 1486 136 1483 134 1483 133 1483 131 1483 130 1483 127 1484 117 1492 56 1484 56 1507"/></Shape>
<String CONTENT="" HEIGHT="64.0" HPOS="55.0" VPOS="1483.0" WC="0.993672479282726" WIDTH="933.0"/>
</TextLine>
<TextLine BASELINE="54 1558 990 1568" HEIGHT="65.0" HPOS="52.0" ID="eSc_line_3802cc06" TAGREFS="LT15191" VPOS="1541.0" WIDTH="936.0">
<Shape><Polygon POINTS="53 1557 52 1595 126 1597 127 1597 129 1597 130 1597 130 1595 146 1587 252 1587 282 1595 292 1598 293 1598 295 1598 401 1595 585 1591 617 1591 621 1595 628 1601 628 1602 629 1602 631 1602 632 1602 675 1595 695 1592 707 1595 732 1602 733 1602 734 1602 778 1595 781 1595 794 1604 795 1604 797 1604 798 1604 835 1597 872 1605 874 1605 875 1606 969 1606 969 1605 970 1605 971 1605 987 1595 988 1567 988 1551 53 1541 53 1557"/></Shape>
<String CONTENT="" HEIGHT="65.0" HPOS="52.0" VPOS="1541.0" WC="0.989038284258409" WIDTH="936.0"/>
</TextLine>
</TextBlock>
</PrintSpace>
</Page>
</Layout>
</alto>