<?xml version="1.0" encoding="utf-8"?>
<alto xmlns="http://www.loc.gov/standards/alto/ns-v4#" xmlns:xsi="http://www.w3.org/2001/XMLSchema-instance" xsi:schemaLocation="http://www.loc.gov/standards/alto/ns-v4# http://www.loc.gov/standards/alto/v4/alto-4-2.xsd">
<Description>
<MeasurementUnit>pixel</MeasurementUnit>
<sourceImageInformation>
<fileName>IE87102540_00016.jpg</fileName>
<fileIdentifier>mets//export_doc3594_1col_14_alto_202404221307.zip/IE87102540_00016.jpg</fileIdentifier>
</sourceImageInformation>
</Description>
<Tags>
<OtherTag DESCRIPTION="block type MainLeft" ID="BT6805" LABEL="MainLeft"/><OtherTag DESCRIPTION="block type MainRight" ID="BT6804" LABEL="MainRight"/><OtherTag DESCRIPTION="block type Margin" ID="BT6803" LABEL="Margin"/><OtherTag DESCRIPTION="block type Handwritten" ID="BT6802" LABEL="Handwritten"/><OtherTag DESCRIPTION="block type Stamp" ID="BT6801" LABEL="Stamp"/><OtherTag DESCRIPTION="block type FooterCentral" ID="BT6800" LABEL="FooterCentral"/><OtherTag DESCRIPTION="block type Catchword" ID="BT6799" LABEL="Catchword"/><OtherTag DESCRIPTION="block type MainCentral" ID="BT6798" LABEL="MainCentral"/><OtherTag DESCRIPTION="block type RunningHeader" ID="BT6797" LABEL="RunningHeader"/><OtherTag DESCRIPTION="block type Illustration" ID="BT4" LABEL="Illustration"/><OtherTag DESCRIPTION="block type Commentary" ID="BT3" LABEL="Commentary"/><OtherTag DESCRIPTION="block type Main" ID="BT2" LABEL="Main"/><OtherTag DESCRIPTION="block type Title" ID="BT1" LABEL="Title"/>
<OtherTag DESCRIPTION="line type MainLeft" ID="LT15195" LABEL="MainLeft"/><OtherTag DESCRIPTION="line type MainRight" ID="LT15194" LABEL="MainRight"/><OtherTag DESCRIPTION="line type Handwritten" ID="LT15193" LABEL="Handwritten"/><OtherTag DESCRIPTION="line type NotMain" ID="LT15192" LABEL="NotMain"/><OtherTag DESCRIPTION="line type MainCentral" ID="LT15191" LABEL="MainCentral"/>
</Tags>
<Layout>
<Page HEIGHT="2797" ID="eSc_dummypage_" PHYSICAL_IMG_NR="37" WIDTH="2002">
<PrintSpace HEIGHT="2797" HPOS="0" VPOS="0" WIDTH="2002">
<TextBlock HEIGHT="2360.0" HPOS="118.0" ID="eSc_textblock_b2f4b142" TAGREFS="BT6798" VPOS="124.0" WIDTH="1683.0">
<Shape><Polygon POINTS="1801 136 1801 2484 124 2484 118 124"/></Shape>
<TextLine BASELINE="115 149 1779 156" HEIGHT="91.0" HPOS="112.0" ID="eSc_line_15ba3d46" TAGREFS="LT15191" VPOS="118.0" WIDTH="1666.0">
<Shape><Polygon POINTS="1768 135 1745 135 1722 135 1698 135 1675 135 1652 135 1628 135 1605 135 1582 135 1558 135 1535 135 1512 135 1488 135 1465 135 1442 132 1418 132 1395 132 1372 132 1348 132 1325 132 1302 132 1278 132 1255 132 1232 132 1208 132 1185 132 1162 132 1138 132 1115 130 1092 130 1068 130 1045 130 1022 130 998 130 975 130 952 130 928 130 905 130 882 130 858 130 835 130 812 130 788 130 765 128 742 128 718 128 695 128 672 128 648 128 625 128 602 128 578 128 555 128 532 128 508 128 485 128 462 128 438 125 415 125 392 125 368 125 345 125 322 125 298 125 275 125 252 125 228 125 205 125 182 125 158 125 135 125 133 118 114 118 114 146 112 198 459 205 462 205 464 205 466 205 473 198 480 193 564 193 672 198 851 207 854 207 856 207 884 198 891 195 893 198 903 207 905 207 907 207 910 207 912 207 938 198 947 195 1199 195 1204 198 1229 209 1232 209 1234 209 1309 198 1311 198 1313 198 1481 209 1484 209 1486 209 1488 209 1502 198 1568 198 1624 198 1645 209 1647 209 1649 209 1652 209 1654 209 1656 209 1673 198 1717 209 1719 209 1722 209 1724 209 1775 195 1778 153 1775 135 1768 135"/></Shape>
<String CONTENT="" HEIGHT="91.0" HPOS="112.0" VPOS="118.0" WC="0.9966056825684719" WIDTH="1666.0"/>
</TextLine>
<TextLine BASELINE="118 219 1782 231" HEIGHT="98.0" HPOS="114.0" ID="eSc_line_c709fd94" TAGREFS="LT15191" VPOS="186.0" WIDTH="1666.0">
<Shape><Polygon POINTS="116 216 114 272 1404 272 1418 272 1500 284 1502 284 1775 272 1780 230 1778 205 116 186 116 216"/></Shape>
<String CONTENT="" HEIGHT="98.0" HPOS="114.0" VPOS="186.0" WC="0.9933829621835188" WIDTH="1666.0"/>
</TextLine>
<TextLine BASELINE="118 293 1785 309" HEIGHT="86.0" HPOS="114.0" ID="eSc_line_e72ec18d" TAGREFS="LT15191" VPOS="263.0" WIDTH="1671.0">
<Shape><Polygon POINTS="116 291 114 342 1778 349 1785 307 1785 279 116 263 116 291"/></Shape>
<String CONTENT="" HEIGHT="86.0" HPOS="114.0" VPOS="263.0" WC="0.9876533224032475" WIDTH="1671.0"/>
</TextLine>
<TextLine BASELINE="121 365 1789 380" HEIGHT="93.0" HPOS="116.0" ID="eSc_line_37091ae9" TAGREFS="LT15191" VPOS="335.0" WIDTH="1671.0">
<Shape><Polygon POINTS="119 363 116 412 1780 428 1787 379 1787 351 119 335 119 363"/></Shape>
<String CONTENT="" HEIGHT="93.0" HPOS="116.0" VPOS="335.0" WC="0.9967664014548063" WIDTH="1671.0"/>
</TextLine>
<TextLine BASELINE="125 436 525 445 1789 449" HEIGHT="91.0" HPOS="121.0" ID="eSc_line_d1bb3a20" TAGREFS="LT15191" VPOS="410.0" WIDTH="1666.0">
<Shape><Polygon POINTS="123 435 121 480 373 496 375 496 676 487 791 484 802 489 819 496 821 496 823 496 968 491 1068 487 1089 491 1115 498 1117 498 1120 501 1782 501 1787 447 1785 410 123 410 123 435"/></Shape>
<String CONTENT="" HEIGHT="91.0" HPOS="121.0" VPOS="410.0" WC="0.9859348498284817" WIDTH="1666.0"/>
</TextLine>
<TextLine BASELINE="125 520 1789 517" HEIGHT="75.0" HPOS="121.0" ID="eSc_line_6cbfc7d4" TAGREFS="LT15191" VPOS="491.0" WIDTH="1666.0">
<Shape><Polygon POINTS="123 519 123 566 1785 561 1787 515 1782 491 121 494 123 519"/></Shape>
<String CONTENT="" HEIGHT="75.0" HPOS="121.0" VPOS="491.0" WC="0.9905600286366647" WIDTH="1666.0"/>
</TextLine>
<TextLine BASELINE="129 593 1792 596" HEIGHT="77.0" HPOS="126.0" ID="eSc_line_37567a57" TAGREFS="LT15191" VPOS="561.0" WIDTH="1666.0">
<Shape><Polygon POINTS="128 592 126 638 1787 638 1792 594 1789 571 128 561 128 592"/></Shape>
<String CONTENT="" HEIGHT="77.0" HPOS="126.0" VPOS="561.0" WC="0.9734004486690868" WIDTH="1666.0"/>
</TextLine>
<TextLine BASELINE="127 663 1792 666" HEIGHT="86.0" HPOS="123.0" ID="eSc_line_b302b374" TAGREFS="LT15191" VPOS="631.0" WIDTH="1669.0">
<Shape><Polygon POINTS="126 661 123 703 231 717 233 717 1787 706 1792 664 1787 631 126 631 126 661"/></Shape>
<String CONTENT="" HEIGHT="86.0" HPOS="123.0" VPOS="631.0" WC="0.997924105687575" WIDTH="1669.0"/>
</TextLine>
<TextLine BASELINE="127 741 1793 745" HEIGHT="91.0" HPOS="123.0" ID="eSc_line_e6a026d7" TAGREFS="LT15191" VPOS="699.0" WIDTH="1669.0">
<Shape><Polygon POINTS="126 738 123 790 1787 790 1792 743 1789 715 1218 701 1215 701 1106 708 1005 713 982 706 959 699 956 699 954 699 952 699 928 706 907 713 305 713 280 699 277 699 275 699 273 699 270 699 268 699 233 710 221 699 219 699 217 699 126 699 126 738"/></Shape>
<String CONTENT="" HEIGHT="91.0" HPOS="123.0" VPOS="699.0" WC="0.9884331751677949" WIDTH="1669.0"/>
</TextLine>
<TextLine BASELINE="132 812 1224 823 1792 817" HEIGHT="84.0" HPOS="128.0" ID="eSc_line_ca7277c8" TAGREFS="LT15191" VPOS="776.0" WIDTH="1664.0">
<Shape><Polygon POINTS="130 811 128 860 1789 860 1792 815 1789 794 1661 780 1659 780 1458 790 1388 792 1381 790 1358 778 1355 778 1353 778 1276 787 1255 790 1250 787 1241 778 1239 778 1236 778 1234 778 889 783 585 787 130 776 130 811"/></Shape>
<String CONTENT="" HEIGHT="84.0" HPOS="128.0" VPOS="776.0" WC="0.9903120676676432" WIDTH="1664.0"/>
</TextLine>
<TextLine BASELINE="132 885 1792 896" HEIGHT="86.0" HPOS="128.0" ID="eSc_line_4844a55a" TAGREFS="LT15191" VPOS="857.0" WIDTH="1664.0">
<Shape><Polygon POINTS="130 883 128 920 177 934 179 934 182 934 324 925 326 925 329 925 459 936 462 936 658 930 716 927 1785 943 1792 895 1789 862 130 857 130 883"/></Shape>
<String CONTENT="" HEIGHT="86.0" HPOS="128.0" VPOS="857.0" WC="0.9880435220126448" WIDTH="1664.0"/>
</TextLine>
<TextLine BASELINE="132 958 1796 964" HEIGHT="86.0" HPOS="128.0" ID="eSc_line_cee066e1" TAGREFS="LT15191" VPOS="930.0" WIDTH="1666.0">
<Shape><Polygon POINTS="130 957 128 1002 959 1016 961 1016 1789 1002 1794 962 1792 930 130 932 130 957"/></Shape>
<String CONTENT="" HEIGHT="86.0" HPOS="128.0" VPOS="930.0" WC="0.9946006839735466" WIDTH="1666.0"/>
</TextLine>
<TextLine BASELINE="130 1045 1796 1042" HEIGHT="82.0" HPOS="128.0" ID="eSc_line_74ae755c" TAGREFS="LT15191" VPOS="1006.0" WIDTH="1666.0">
<Shape><Polygon POINTS="128 1088 1792 1088 1794 1041 1792 1013 128 1006 128 1044 128 1088"/></Shape>
<String CONTENT="" HEIGHT="82.0" HPOS="128.0" VPOS="1006.0" WC="0.9932383885149096" WIDTH="1666.0"/>
</TextLine>
<TextLine BASELINE="130 1115 1793 1115" HEIGHT="79.0" HPOS="128.0" ID="eSc_line_7130b8ad" TAGREFS="LT15191" VPOS="1081.0" WIDTH="1664.0">
<Shape><Polygon POINTS="128 1114 128 1160 1792 1160 1792 1114 1792 1086 128 1081 128 1114"/></Shape>
<String CONTENT="" HEIGHT="79.0" HPOS="128.0" VPOS="1081.0" WC="0.9897400786479315" WIDTH="1664.0"/>
</TextLine>
<TextLine BASELINE="132 1188 1282 1191 1795 1184" HEIGHT="77.0" HPOS="130.0" ID="eSc_line_19a2aecb" TAGREFS="LT15191" VPOS="1163.0" WIDTH="1664.0">
<Shape><Polygon POINTS="130 1240 240 1230 1789 1237 1794 1181 1792 1163 130 1163 130 1186 130 1240"/></Shape>
<String CONTENT="" HEIGHT="77.0" HPOS="130.0" VPOS="1163.0" WC="0.995611418898289" WIDTH="1664.0"/>
</TextLine>
<TextLine BASELINE="135 1263 1798 1258" HEIGHT="86.0" HPOS="130.0" ID="eSc_line_95195428" TAGREFS="LT15191" VPOS="1226.0" WIDTH="1666.0">
<Shape><Polygon POINTS="133 1260 133 1312 1794 1300 1796 1256 1792 1226 130 1226 133 1260"/></Shape>
<String CONTENT="" HEIGHT="86.0" HPOS="130.0" VPOS="1226.0" WC="0.985695551007481" WIDTH="1666.0"/>
</TextLine>
<TextLine BASELINE="132 1337 1796 1322" HEIGHT="86.0" HPOS="128.0" ID="eSc_line_ac7e98b5" TAGREFS="LT15191" VPOS="1298.0" WIDTH="1666.0">
<Shape><Polygon POINTS="130 1335 130 1384 1792 1368 1794 1321 1789 1298 128 1309 130 1335"/></Shape>
<String CONTENT="" HEIGHT="86.0" HPOS="128.0" VPOS="1298.0" WC="0.9872436794367704" WIDTH="1666.0"/>
</TextLine>
<TextLine BASELINE="132 1410 1798 1393" HEIGHT="88.0" HPOS="128.0" ID="eSc_line_24bc306f" TAGREFS="LT15191" VPOS="1368.0" WIDTH="1668.0">
<Shape><Polygon POINTS="130 1407 130 1456 1794 1440 1796 1391 1792 1368 128 1382 130 1407"/></Shape>
<String CONTENT="" HEIGHT="88.0" HPOS="128.0" VPOS="1368.0" WC="0.9956218034029007" WIDTH="1668.0"/>
</TextLine>
<TextLine BASELINE="132 1483 837 1482 1798 1466" HEIGHT="94.0" HPOS="128.0" ID="eSc_line_6660c4f2" TAGREFS="LT15191" VPOS="1442.0" WIDTH="1668.0">
<Shape><Polygon POINTS="130 1482 130 1529 847 1536 849 1536 851 1536 893 1522 898 1519 914 1533 917 1533 919 1533 921 1536 1075 1536 1075 1533 1318 1519 1390 1529 1393 1529 1458 1515 1467 1512 1474 1515 1509 1524 1512 1524 1514 1526 1773 1526 1773 1524 1775 1524 1778 1524 1796 1510 1796 1463 1792 1442 910 1442 907 1442 844 1454 840 1454 816 1454 511 1447 508 1447 128 1461 130 1482"/></Shape>
<String CONTENT="" HEIGHT="94.0" HPOS="128.0" VPOS="1442.0" WC="0.9881712306629528" WIDTH="1668.0"/>
</TextLine>
<TextLine BASELINE="133 1555 971 1553 1798 1541" HEIGHT="100.0" HPOS="130.0" ID="eSc_line_a59f3370" TAGREFS="LT15191" VPOS="1510.0" WIDTH="1666.0">
<Shape><Polygon POINTS="133 1554 133 1598 329 1608 331 1608 399 1598 413 1596 420 1598 455 1608 457 1608 459 1608 564 1596 574 1596 576 1596 616 1610 618 1610 620 1610 623 1610 660 1596 667 1596 947 1608 949 1608 952 1608 954 1608 973 1594 977 1591 1012 1591 1243 1605 1246 1605 1330 1594 1486 1603 1488 1603 1491 1603 1535 1589 1542 1587 1547 1589 1577 1601 1579 1601 1582 1601 1584 1601 1612 1587 1614 1587 1733 1587 1736 1587 1768 1601 1771 1601 1773 1601 1775 1601 1778 1601 1796 1587 1796 1540 1792 1510 130 1531 133 1554"/></Shape>
<String CONTENT="" HEIGHT="100.0" HPOS="130.0" VPOS="1510.0" WC="0.9958146641839225" WIDTH="1666.0"/>
</TextLine>
<TextLine BASELINE="130 1630 1798 1614" HEIGHT="89.0" HPOS="126.0" ID="eSc_line_be50266b" TAGREFS="LT15191" VPOS="1591.0" WIDTH="1670.0">
<Shape><Polygon POINTS="128 1629 128 1675 1078 1680 1080 1680 1794 1659 1796 1612 1792 1591 126 1605 128 1629"/></Shape>
<String CONTENT="" HEIGHT="89.0" HPOS="126.0" VPOS="1591.0" WC="0.994278889591411" WIDTH="1670.0"/>
</TextLine>
<TextLine BASELINE="127 1710 1799 1695" HEIGHT="94.0" HPOS="123.0" ID="eSc_line_b03c85f8" TAGREFS="LT15191" VPOS="1661.0" WIDTH="1676.0">
<Shape><Polygon POINTS="126 1708 126 1755 1519 1755 1519 1752 1654 1738 1659 1738 1663 1738 1761 1750 1764 1750 1766 1750 1799 1736 1799 1694 1794 1661 123 1680 126 1708"/></Shape>
<String CONTENT="" HEIGHT="94.0" HPOS="123.0" VPOS="1661.0" WC="0.9905108046113399" WIDTH="1676.0"/>
</TextLine>
<TextLine BASELINE="129 1785 1799 1769" HEIGHT="84.0" HPOS="126.0" ID="eSc_line_0b4702a6" TAGREFS="LT15191" VPOS="1741.0" WIDTH="1673.0">
<Shape><Polygon POINTS="128 1783 128 1825 1799 1818 1799 1766 1794 1741 126 1755 128 1783"/></Shape>
<String CONTENT="" HEIGHT="84.0" HPOS="126.0" VPOS="1741.0" WC="0.9823635836779061" WIDTH="1673.0"/>
</TextLine>
<TextLine BASELINE="127 1861 1798 1847" HEIGHT="93.0" HPOS="123.0" ID="eSc_line_61e2dc98" TAGREFS="LT15191" VPOS="1818.0" WIDTH="1673.0">
<Shape><Polygon POINTS="126 1860 126 1911 249 1899 380 1908 389 1908 392 1908 394 1908 422 1894 445 1906 448 1906 450 1908 492 1908 681 1908 681 1906 693 1904 765 1892 863 1904 882 1904 884 1904 907 1901 1012 1890 1066 1899 1078 1901 1080 1901 1082 1901 1085 1901 1085 1899 1101 1890 1178 1899 1208 1901 1211 1901 1248 1897 1320 1890 1792 1890 1796 1846 1789 1818 123 1829 126 1860"/></Shape>
<String CONTENT="" HEIGHT="93.0" HPOS="123.0" VPOS="1818.0" WC="0.9838082759544767" WIDTH="1673.0"/>
</TextLine>
<TextLine BASELINE="125 1933 1798 1917" HEIGHT="91.0" HPOS="121.0" ID="eSc_line_20fe5a66" TAGREFS="LT15191" VPOS="1887.0" WIDTH="1675.0">
<Shape><Polygon POINTS="123 1932 123 1978 1794 1957 1796 1915 1787 1887 121 1901 123 1932"/></Shape>
<String CONTENT="" HEIGHT="91.0" HPOS="121.0" VPOS="1887.0" WC="0.9904526241364018" WIDTH="1675.0"/>
</TextLine>
<TextLine BASELINE="125 1999 1799 1995" HEIGHT="93.0" HPOS="121.0" ID="eSc_line_7b044d93" TAGREFS="LT15191" VPOS="1955.0" WIDTH="1678.0">
<Shape><Polygon POINTS="123 1997 123 2048 219 2037 1794 2041 1799 1992 1796 1964 956 1955 954 1955 884 1967 870 1969 121 1969 123 1997"/></Shape>
<String CONTENT="" HEIGHT="93.0" HPOS="121.0" VPOS="1955.0" WC="0.991873132980476" WIDTH="1678.0"/>
</TextLine>
<TextLine BASELINE="127 2074 1799 2066" HEIGHT="77.0" HPOS="123.0" ID="eSc_line_3227cad8" TAGREFS="LT15191" VPOS="2034.0" WIDTH="1676.0">
<Shape><Polygon POINTS="126 2072 126 2111 1796 2107 1799 2065 1794 2034 123 2041 126 2072"/></Shape>
<String CONTENT="" HEIGHT="77.0" HPOS="123.0" VPOS="2034.0" WC="0.9870224143228223" WIDTH="1676.0"/>
</TextLine>
<TextLine BASELINE="121 2144 1799 2138" HEIGHT="83.0" HPOS="116.0" ID="eSc_line_1fa35b48" TAGREFS="LT15191" VPOS="2107.0" WIDTH="1683.0">
<Shape><Polygon POINTS="119 2142 119 2190 1796 2176 1799 2137 1794 2107 116 2109 119 2142"/></Shape>
<String CONTENT="" HEIGHT="83.0" HPOS="116.0" VPOS="2107.0" WC="0.9759769553229922" WIDTH="1683.0"/>
</TextLine>
<TextLine BASELINE="121 2218 1798 2215" HEIGHT="82.0" HPOS="116.0" ID="eSc_line_d7f83793" TAGREFS="LT15191" VPOS="2183.0" WIDTH="1680.0">
<Shape><Polygon POINTS="119 2216 119 2258 921 2253 1246 2265 1309 2265 1311 2265 1320 2265 1374 2253 1423 2265 1430 2265 1432 2265 1451 2265 1619 2253 1652 2265 1654 2265 1656 2265 1659 2265 1661 2265 1680 2253 1792 2265 1796 2214 1785 2183 116 2183 119 2216"/></Shape>
<String CONTENT="" HEIGHT="82.0" HPOS="116.0" VPOS="2183.0" WC="0.9918974608182907" WIDTH="1680.0"/>
</TextLine>
<TextLine BASELINE="121 2291 1801 2287" HEIGHT="82.0" HPOS="119.0" ID="eSc_line_88151fa6" TAGREFS="LT15191" VPOS="2251.0" WIDTH="1680.0">
<Shape><Polygon POINTS="119 2333 1796 2326 1799 2286 1796 2258 119 2251 119 2288 119 2333"/></Shape>
<String CONTENT="" HEIGHT="82.0" HPOS="119.0" VPOS="2251.0" WC="0.9735710035110342" WIDTH="1680.0"/>
</TextLine>
<TextLine BASELINE="121 2368 1799 2358" HEIGHT="82.0" HPOS="116.0" ID="eSc_line_4f2e8cd0" TAGREFS="LT15191" VPOS="2328.0" WIDTH="1683.0">
<Shape><Polygon POINTS="119 2365 119 2410 1796 2410 1799 2356 1794 2328 116 2335 119 2365"/></Shape>
<String CONTENT="" HEIGHT="82.0" HPOS="116.0" VPOS="2328.0" WC="0.9963912616173426" WIDTH="1683.0"/>
</TextLine>
<TextLine BASELINE="121 2442 1798 2434" HEIGHT="91.0" HPOS="119.0" ID="eSc_line_480a14b1" TAGREFS="LT15191" VPOS="2398.0" WIDTH="1677.0">
<Shape><Polygon POINTS="119 2489 1794 2489 1796 2433 1787 2403 674 2398 672 2398 669 2398 630 2410 623 2412 119 2412 119 2440 119 2489"/></Shape>
<String CONTENT="" HEIGHT="91.0" HPOS="119.0" VPOS="2398.0" WC="0.979135666290919" WIDTH="1677.0"/>
</TextLine>
</TextBlock>
</PrintSpace>
</Page>
</Layout>
</alto>