<?xml version="1.0" encoding="utf-8"?>
<alto xmlns="http://www.loc.gov/standards/alto/ns-v4#" xmlns:xsi="http://www.w3.org/2001/XMLSchema-instance" xsi:schemaLocation="http://www.loc.gov/standards/alto/ns-v4# http://www.loc.gov/standards/alto/v4/alto-4-2.xsd">
<Description>
<MeasurementUnit>pixel</MeasurementUnit>
<sourceImageInformation>
<fileName>IE87556045_00011.jpg</fileName>
<fileIdentifier>mets//export_doc3594_1col_14_alto_202404221307.zip/IE87556045_00011.jpg</fileIdentifier>
</sourceImageInformation>
</Description>
<Tags>
<OtherTag DESCRIPTION="block type MainLeft" ID="BT6805" LABEL="MainLeft"/><OtherTag DESCRIPTION="block type MainRight" ID="BT6804" LABEL="MainRight"/><OtherTag DESCRIPTION="block type Margin" ID="BT6803" LABEL="Margin"/><OtherTag DESCRIPTION="block type Handwritten" ID="BT6802" LABEL="Handwritten"/><OtherTag DESCRIPTION="block type Stamp" ID="BT6801" LABEL="Stamp"/><OtherTag DESCRIPTION="block type FooterCentral" ID="BT6800" LABEL="FooterCentral"/><OtherTag DESCRIPTION="block type Catchword" ID="BT6799" LABEL="Catchword"/><OtherTag DESCRIPTION="block type MainCentral" ID="BT6798" LABEL="MainCentral"/><OtherTag DESCRIPTION="block type RunningHeader" ID="BT6797" LABEL="RunningHeader"/><OtherTag DESCRIPTION="block type Illustration" ID="BT4" LABEL="Illustration"/><OtherTag DESCRIPTION="block type Commentary" ID="BT3" LABEL="Commentary"/><OtherTag DESCRIPTION="block type Main" ID="BT2" LABEL="Main"/><OtherTag DESCRIPTION="block type Title" ID="BT1" LABEL="Title"/>
<OtherTag DESCRIPTION="line type MainLeft" ID="LT15195" LABEL="MainLeft"/><OtherTag DESCRIPTION="line type MainRight" ID="LT15194" LABEL="MainRight"/><OtherTag DESCRIPTION="line type Handwritten" ID="LT15193" LABEL="Handwritten"/><OtherTag DESCRIPTION="line type NotMain" ID="LT15192" LABEL="NotMain"/><OtherTag DESCRIPTION="line type MainCentral" ID="LT15191" LABEL="MainCentral"/>
</Tags>
<Layout>
<Page HEIGHT="2223" ID="eSc_dummypage_" PHYSICAL_IMG_NR="618" WIDTH="1195">
<PrintSpace HEIGHT="2223" HPOS="0" VPOS="0" WIDTH="1195">
<TextBlock HEIGHT="1219.0" HPOS="4.0" ID="eSc_textblock_05805d4c" TAGREFS="BT6798" VPOS="202.0" WIDTH="1042.0">
<Shape><Polygon POINTS="1046 212 1036 1421 4 1416 4 212 228 202"/></Shape>
<TextLine BASELINE="3 230 1035 228" HEIGHT="59.0" HPOS="1.0" ID="eSc_line_94000896" TAGREFS="LT15191" VPOS="205.0" WIDTH="1032.0">
<Shape><Polygon POINTS="1018 211 1000 211 981 211 963 211 944 211 926 211 907 211 889 211 870 209 852 209 833 209 815 209 796 209 778 209 759 209 741 209 722 209 704 207 685 207 666 207 648 207 629 207 611 207 592 207 574 207 555 207 544 205 131 205 129 207 111 207 92 207 74 209 55 209 37 211 18 211 1 229 1 264 1031 264 1033 227 1030 211 1018 211"/></Shape>
<String CONTENT="" HEIGHT="59.0" HPOS="1.0" VPOS="205.0" WC="0.9771420749751004" WIDTH="1032.0"/>
</TextLine>
<TextLine BASELINE="3 272 1038 270" HEIGHT="61.0" HPOS="1.0" ID="eSc_line_d93ea385" TAGREFS="LT15191" VPOS="244.0" WIDTH="1036.0">
<Shape><Polygon POINTS="1 270 1 305 1035 298 1037 268 1035 251 25 244 24 244 22 244 9 250 1 270"/></Shape>
<String CONTENT="" HEIGHT="61.0" HPOS="1.0" VPOS="244.0" WC="0.9979434114582134" WIDTH="1036.0"/>
</TextLine>
<TextLine BASELINE="3 316 1039 313" HEIGHT="57.0" HPOS="1.0" ID="eSc_line_737ae1d2" TAGREFS="LT15191" VPOS="287.0" WIDTH="1036.0">
<Shape><Polygon POINTS="1 314 1 340 1033 344 1037 311 1033 287 7 296 1 314"/></Shape>
<String CONTENT="" HEIGHT="57.0" HPOS="1.0" VPOS="287.0" WC="0.9919444610332621" WIDTH="1036.0"/>
</TextLine>
<TextLine BASELINE="3 359 1039 356" HEIGHT="58.0" HPOS="1.0" ID="eSc_line_e4ba2ac1" TAGREFS="LT15191" VPOS="329.0" WIDTH="1036.0">
<Shape><Polygon POINTS="1 357 1 387 1035 387 1037 355 1035 331 42 329 40 329 38 329 9 337 1 357"/></Shape>
<String CONTENT="" HEIGHT="58.0" HPOS="1.0" VPOS="329.0" WC="0.9720406070832284" WIDTH="1036.0"/>
</TextLine>
<TextLine BASELINE="3 402 1040 400" HEIGHT="53.0" HPOS="1.0" ID="eSc_line_1be3e120" TAGREFS="LT15191" VPOS="374.0" WIDTH="1038.0">
<Shape><Polygon POINTS="1 401 1 426 1035 427 1039 398 1035 374 7 383 1 401"/></Shape>
<String CONTENT="" HEIGHT="53.0" HPOS="1.0" VPOS="374.0" WC="0.9730504028223179" WIDTH="1038.0"/>
</TextLine>
<TextLine BASELINE="3 444 1039 442" HEIGHT="65.0" HPOS="1.0" ID="eSc_line_01de131b" TAGREFS="LT15191" VPOS="414.0" WIDTH="1036.0">
<Shape><Polygon POINTS="1 442 1 476 622 468 626 470 633 477 635 477 637 477 639 479 824 479 824 477 826 477 828 477 837 468 854 477 855 477 857 479 991 479 991 477 1035 466 1037 440 1031 414 998 426 817 426 798 418 791 414 789 414 787 414 752 418 702 424 689 418 678 414 676 414 674 414 650 420 629 424 620 420 607 414 605 414 603 414 602 414 600 414 592 420 587 426 465 426 459 422 437 414 435 414 433 414 431 414 407 424 403 424 398 424 357 414 355 414 287 424 233 414 231 414 229 414 198 424 135 414 133 414 38 424 14 414 12 414 1 442"/></Shape>
<String CONTENT="" HEIGHT="65.0" HPOS="1.0" VPOS="414.0" WC="0.9899004980669184" WIDTH="1036.0"/>
</TextLine>
<TextLine BASELINE="3 487 1039 485" HEIGHT="52.0" HPOS="1.0" ID="eSc_line_298648e0" TAGREFS="LT15191" VPOS="468.0" WIDTH="1036.0">
<Shape><Polygon POINTS="1 485 1 513 346 520 348 520 381 516 424 511 448 516 461 520 463 520 465 520 466 520 478 516 502 511 615 518 657 520 659 520 674 518 726 511 741 518 744 520 746 520 748 520 770 518 881 511 1033 520 1037 483 1035 468 7 468 1 485"/></Shape>
<String CONTENT="" HEIGHT="52.0" HPOS="1.0" VPOS="468.0" WC="0.9868662235913453" WIDTH="1036.0"/>
</TextLine>
<TextLine BASELINE="3 528 1039 531" HEIGHT="58.0" HPOS="0.0" ID="eSc_line_aa2917f8" TAGREFS="LT15191" VPOS="507.0" WIDTH="1037.0">
<Shape><Polygon POINTS="1 527 0 557 446 563 448 563 450 563 455 561 470 553 496 561 503 563 505 563 507 563 509 563 515 561 529 553 535 561 537 561 537 563 539 563 540 563 542 565 603 565 603 563 605 563 611 561 637 553 691 561 702 563 704 563 705 563 707 563 724 553 968 553 1031 563 1037 529 1035 511 9 507 1 527"/></Shape>
<String CONTENT="" HEIGHT="58.0" HPOS="0.0" VPOS="507.0" WC="0.9973821118474007" WIDTH="1037.0"/>
</TextLine>
<TextLine BASELINE="58 570 1039 574" HEIGHT="55.0" HPOS="56.0" ID="eSc_line_bd35f11a" TAGREFS="LT15191" VPOS="547.0" WIDTH="983.0">
<Shape><Polygon POINTS="58 570 56 590 114 598 116 598 117 598 137 594 144 600 145 600 147 600 148 600 149 600 175 594 290 600 291 600 328 592 388 600 389 600 390 600 411 594 432 601 433 601 434 601 477 594 500 601 501 601 502 601 504 601 505 601 515 595 624 601 625 601 626 601 627 601 638 594 648 601 650 601 651 601 716 602 717 602 803 601 804 601 816 595 861 602 862 602 863 602 892 595 1013 602 1014 602 1015 602 1038 594 1039 574 1038 555 858 549 857 549 856 549 836 554 826 556 816 554 795 549 794 549 793 549 792 549 779 554 774 556 772 554 767 550 766 550 764 550 564 548 563 548 562 548 548 554 546 555 530 554 478 549 477 549 438 554 425 555 422 554 415 549 413 549 412 549 411 549 350 554 342 554 339 554 313 547 312 547 311 547 271 554 266 555 112 555 109 554 95 548 93 548 92 548 58 553 58 570"/></Shape>
<String CONTENT="" HEIGHT="55.0" HPOS="56.0" VPOS="547.0" WC="0.9852676422431551" WIDTH="983.0"/>
</TextLine>
<TextLine BASELINE="3 612 1039 615" HEIGHT="55.0" HPOS="0.0" ID="eSc_line_e130b2dc" TAGREFS="LT15191" VPOS="587.0" WIDTH="1037.0">
<Shape><Polygon POINTS="1 611 0 639 1031 642 1037 613 1035 596 5 587 1 611"/></Shape>
<String CONTENT="" HEIGHT="55.0" HPOS="0.0" VPOS="587.0" WC="0.9864594521267074" WIDTH="1037.0"/>
</TextLine>
<TextLine BASELINE="3 657 1039 659" HEIGHT="58.0" HPOS="0.0" ID="eSc_line_2571110c" TAGREFS="LT15191" VPOS="631.0" WIDTH="1037.0">
<Shape><Polygon POINTS="1 655 0 683 1031 689 1037 657 1033 631 9 633 1 655"/></Shape>
<String CONTENT="" HEIGHT="58.0" HPOS="0.0" VPOS="631.0" WC="0.989537751465513" WIDTH="1037.0"/>
</TextLine>
<TextLine BASELINE="3 701 1039 701" HEIGHT="52.0" HPOS="1.0" ID="eSc_line_9c043333" TAGREFS="LT15191" VPOS="683.0" WIDTH="1036.0">
<Shape><Polygon POINTS="1 700 1 735 1037 726 1037 700 1037 683 7 683 1 700"/></Shape>
<String CONTENT="" HEIGHT="52.0" HPOS="1.0" VPOS="683.0" WC="0.9857648285952482" WIDTH="1036.0"/>
</TextLine>
<TextLine BASELINE="3 744 1036 744" HEIGHT="62.0" HPOS="1.0" ID="eSc_line_c613656f" TAGREFS="LT15191" VPOS="716.0" WIDTH="1034.0">
<Shape><Polygon POINTS="1 742 1 778 1035 774 1035 742 1033 716 9 724 1 742"/></Shape>
<String CONTENT="" HEIGHT="62.0" HPOS="1.0" VPOS="716.0" WC="0.9892643833982533" WIDTH="1034.0"/>
</TextLine>
<TextLine BASELINE="3 787 1038 785" HEIGHT="57.0" HPOS="1.0" ID="eSc_line_753a03de" TAGREFS="LT15191" VPOS="759.0" WIDTH="1036.0">
<Shape><Polygon POINTS="1 785 1 816 1035 811 1037 783 1035 768 96 759 94 759 7 768 1 785"/></Shape>
<String CONTENT="" HEIGHT="57.0" HPOS="1.0" VPOS="759.0" WC="0.9849809711439568" WIDTH="1036.0"/>
</TextLine>
<TextLine BASELINE="3 829 1035 832" HEIGHT="55.0" HPOS="0.0" ID="eSc_line_a722cc00" TAGREFS="LT15191" VPOS="802.0" WIDTH="1033.0">
<Shape><Polygon POINTS="1 828 0 857 1030 857 1033 831 1030 802 9 807 1 828"/></Shape>
<String CONTENT="" HEIGHT="55.0" HPOS="0.0" VPOS="802.0" WC="0.988834830193684" WIDTH="1033.0"/>
</TextLine>
<TextLine BASELINE="3 873 1035 876" HEIGHT="50.0" HPOS="0.0" ID="eSc_line_20effa4c" TAGREFS="LT15191" VPOS="852.0" WIDTH="1033.0">
<Shape><Polygon POINTS="1 872 0 902 1030 900 1033 874 1031 852 9 852 1 872"/></Shape>
<String CONTENT="" HEIGHT="50.0" HPOS="0.0" VPOS="852.0" WC="0.9817108090581566" WIDTH="1033.0"/>
</TextLine>
<TextLine BASELINE="3 915 1035 920" HEIGHT="65.0" HPOS="0.0" ID="eSc_line_1885d655" TAGREFS="LT15191" VPOS="885.0" WIDTH="1033.0">
<Shape><Polygon POINTS="1 913 0 939 1028 950 1033 918 1031 896 148 896 138 887 138 885 137 885 135 885 33 885 31 885 29 885 11 891 1 913"/></Shape>
<String CONTENT="" HEIGHT="65.0" HPOS="0.0" VPOS="885.0" WC="0.9859938123187081" WIDTH="1033.0"/>
</TextLine>
<TextLine BASELINE="3 958 1036 962" HEIGHT="61.0" HPOS="0.0" ID="eSc_line_623e7690" TAGREFS="LT15191" VPOS="933.0" WIDTH="1035.0">
<Shape><Polygon POINTS="1 957 0 987 390 992 392 992 409 991 463 983 476 991 478 992 479 992 481 992 483 992 515 991 637 985 715 992 735 994 737 994 750 992 813 985 944 994 954 994 956 994 957 994 959 994 970 985 1030 994 1035 961 1031 933 9 937 1 957"/></Shape>
<String CONTENT="" HEIGHT="61.0" HPOS="0.0" VPOS="933.0" WC="0.9766327775441683" WIDTH="1035.0"/>
</TextLine>
<TextLine BASELINE="3 1001 1035 1006" HEIGHT="58.0" HPOS="0.0" ID="eSc_line_d28fc992" TAGREFS="LT15191" VPOS="981.0" WIDTH="1033.0">
<Shape><Polygon POINTS="1 1000 0 1029 672 1029 687 1039 689 1039 691 1039 692 1039 746 1029 800 1039 802 1039 1030 1028 1033 1005 1031 985 9 981 1 1000"/></Shape>
<String CONTENT="" HEIGHT="58.0" HPOS="0.0" VPOS="981.0" WC="0.9844002892573674" WIDTH="1033.0"/>
</TextLine>
<TextLine BASELINE="3 1044 1034 1049" HEIGHT="56.0" HPOS="0.0" ID="eSc_line_0a86a0ae" TAGREFS="LT15191" VPOS="1024.0" WIDTH="1033.0">
<Shape><Polygon POINTS="1 1042 0 1063 40 1076 42 1076 44 1076 155 1067 342 1078 344 1078 346 1078 381 1068 413 1078 415 1078 416 1078 476 1068 479 1068 481 1068 566 1078 568 1078 633 1070 644 1068 652 1070 685 1080 687 1080 689 1080 1030 1072 1033 1048 1031 1024 9 1024 1 1042"/></Shape>
<String CONTENT="" HEIGHT="56.0" HPOS="0.0" VPOS="1024.0" WC="0.9875296532062062" WIDTH="1033.0"/>
</TextLine>
<TextLine BASELINE="3 1085 1033 1091" HEIGHT="65.0" HPOS="0.0" ID="eSc_line_cdfdd321" TAGREFS="LT15191" VPOS="1059.0" WIDTH="1031.0">
<Shape><Polygon POINTS="1 1083 0 1109 14 1120 16 1120 18 1120 20 1122 176 1122 176 1120 177 1120 179 1120 192 1111 227 1120 229 1120 231 1120 233 1120 235 1120 246 1111 344 1122 346 1124 568 1124 568 1122 570 1122 594 1113 616 1122 618 1122 620 1122 668 1113 681 1124 683 1124 685 1124 687 1124 689 1124 728 1115 824 1124 826 1124 1028 1113 1031 1089 1026 1061 991 1070 850 1061 828 1061 826 1061 805 1061 705 1070 670 1063 652 1059 650 1059 648 1059 635 1063 618 1068 572 1063 529 1059 528 1059 526 1059 509 1065 492 1068 481 1065 468 1059 466 1059 465 1059 435 1065 413 1068 327 1065 183 1059 181 1059 7 1067 1 1083"/></Shape>
<String CONTENT="" HEIGHT="65.0" HPOS="0.0" VPOS="1059.0" WC="0.9950731723539291" WIDTH="1031.0"/>
</TextLine>
<TextLine BASELINE="3 1130 1031 1136" HEIGHT="52.0" HPOS="0.0" ID="eSc_line_d985214b" TAGREFS="LT15191" VPOS="1107.0" WIDTH="1030.0">
<Shape><Polygon POINTS="1 1128 0 1159 1026 1159 1030 1135 1026 1107 9 1107 1 1128"/></Shape>
<String CONTENT="" HEIGHT="52.0" HPOS="0.0" VPOS="1107.0" WC="0.9743568864133623" WIDTH="1030.0"/>
</TextLine>
<TextLine BASELINE="3 1174 1034 1178" HEIGHT="51.0" HPOS="0.0" ID="eSc_line_bfbdc339" TAGREFS="LT15191" VPOS="1154.0" WIDTH="1033.0">
<Shape><Polygon POINTS="1 1172 0 1205 1030 1205 1033 1176 1031 1157 9 1154 1 1172"/></Shape>
<String CONTENT="" HEIGHT="51.0" HPOS="0.0" VPOS="1154.0" WC="0.9855081469325696" WIDTH="1033.0"/>
</TextLine>
<TextLine BASELINE="3 1217 1033 1221" HEIGHT="55.0" HPOS="0.0" ID="eSc_line_39542041" TAGREFS="LT15191" VPOS="1189.0" WIDTH="1031.0">
<Shape><Polygon POINTS="1 1215 0 1244 1028 1244 1031 1220 1031 1204 1004 1193 1002 1193 1000 1193 998 1193 996 1193 985 1202 739 1193 737 1193 735 1193 707 1202 691 1191 689 1191 687 1191 685 1191 463 1200 389 1191 387 1191 385 1191 346 1200 344 1200 342 1200 264 1189 263 1189 261 1189 231 1200 7 1200 1 1215"/></Shape>
<String CONTENT="" HEIGHT="55.0" HPOS="0.0" VPOS="1189.0" WC="0.9955342603581292" WIDTH="1031.0"/>
</TextLine>
<TextLine BASELINE="3 1262 1030 1265" HEIGHT="63.0" HPOS="0.0" ID="eSc_line_45af87a8" TAGREFS="LT15191" VPOS="1231.0" WIDTH="1028.0">
<Shape><Polygon POINTS="1 1261 0 1289 1022 1294 1028 1263 1028 1241 1015 1231 1013 1231 1011 1231 1009 1231 1007 1231 1006 1231 991 1241 889 1231 887 1231 817 1241 781 1231 779 1231 778 1231 776 1231 746 1241 698 1231 696 1231 583 1241 531 1231 529 1231 442 1241 303 1231 301 1231 300 1231 298 1231 287 1241 251 1231 250 1231 248 1231 118 1241 96 1231 94 1231 92 1231 90 1231 88 1231 88 1233 79 1243 9 1243 1 1261"/></Shape>
<String CONTENT="" HEIGHT="63.0" HPOS="0.0" VPOS="1231.0" WC="0.9925029565548075" WIDTH="1028.0"/>
</TextLine>
<TextLine BASELINE="3 1305 1030 1307" HEIGHT="56.0" HPOS="0.0" ID="eSc_line_6cb4e27d" TAGREFS="LT15191" VPOS="1281.0" WIDTH="1028.0">
<Shape><Polygon POINTS="1 1304 0 1333 1022 1337 1028 1306 1024 1281 9 1283 1 1304"/></Shape>
<String CONTENT="" HEIGHT="56.0" HPOS="0.0" VPOS="1281.0" WC="0.9731355995502112" WIDTH="1028.0"/>
</TextLine>
<TextLine BASELINE="3 1348 1031 1348" HEIGHT="56.0" HPOS="3.0" ID="eSc_line_2c79cbfd" TAGREFS="LT15191" VPOS="1325.0" WIDTH="1028.0">
<Shape><Polygon POINTS="3 1375 148 1372 155 1377 158 1379 159 1379 160 1379 228 1380 229 1380 247 1377 274 1372 307 1378 326 1380 327 1380 328 1380 334 1378 348 1372 359 1378 360 1379 362 1379 363 1379 364 1379 397 1378 479 1374 507 1378 522 1380 523 1380 525 1380 530 1379 544 1373 559 1379 564 1380 565 1380 567 1381 652 1381 652 1380 653 1380 657 1379 673 1372 731 1372 751 1379 752 1379 753 1379 755 1379 926 1372 1030 1380 1031 1348 1031 1331 1009 1325 1008 1325 1007 1325 949 1331 946 1332 846 1332 845 1331 831 1325 830 1325 829 1325 798 1331 793 1331 776 1331 671 1325 593 1325 591 1325 590 1325 589 1325 583 1330 579 1331 546 1330 464 1325 463 1325 462 1325 451 1328 444 1331 439 1328 431 1325 430 1325 428 1325 409 1328 395 1331 363 1328 318 1325 317 1325 281 1328 248 1331 228 1327 210 1325 208 1325 207 1325 196 1327 184 1331 173 1327 165 1325 164 1325 163 1325 161 1325 156 1327 149 1331 3 1327 3 1348"/></Shape>
<String CONTENT="" HEIGHT="56.0" HPOS="3.0" VPOS="1325.0" WC="0.998913158158787" WIDTH="1028.0"/>
</TextLine>
<TextLine BASELINE="3 1390 1026 1390" HEIGHT="70.0" HPOS="1.0" ID="eSc_line_a9b8079e" TAGREFS="LT15191" VPOS="1367.0" WIDTH="1023.0">
<Shape><Polygon POINTS="1 1389 1 1420 96 1420 113 1433 113 1435 114 1435 116 1435 118 1437 172 1437 172 1435 174 1435 176 1435 192 1420 194 1420 214 1420 229 1433 229 1435 231 1435 233 1435 235 1435 389 1433 390 1433 392 1433 405 1424 429 1433 431 1433 433 1433 435 1433 437 1433 448 1422 490 1435 492 1435 494 1435 550 1426 570 1435 572 1435 574 1435 576 1435 607 1422 615 1420 637 1422 692 1430 694 1430 729 1424 744 1420 748 1424 759 1433 759 1435 761 1435 763 1435 765 1435 767 1435 796 1424 805 1420 824 1424 865 1431 867 1431 868 1431 885 1424 894 1420 913 1424 941 1430 943 1430 944 1430 956 1424 963 1420 970 1424 987 1433 989 1433 991 1433 993 1433 1024 1424 1024 1389 1022 1367 9 1370 1 1389"/></Shape>
<String CONTENT="" HEIGHT="70.0" HPOS="1.0" VPOS="1367.0" WC="0.9765624042068209" WIDTH="1023.0"/>
</TextLine>
</TextBlock>
</PrintSpace>
</Page>
</Layout>
</alto>