<?xml version="1.0" encoding="utf-8"?>
<alto xmlns="http://www.loc.gov/standards/alto/ns-v4#" xmlns:xsi="http://www.w3.org/2001/XMLSchema-instance" xsi:schemaLocation="http://www.loc.gov/standards/alto/ns-v4# http://www.loc.gov/standards/alto/v4/alto-4-2.xsd">
<Description>
<MeasurementUnit>pixel</MeasurementUnit>
<sourceImageInformation>
<fileName>IE87626805_00049.jpg</fileName>
<fileIdentifier>mets//export_doc3594_1col_14_alto_202404221307.zip/IE87626805_00049.jpg</fileIdentifier>
</sourceImageInformation>
</Description>
<Tags>
<OtherTag DESCRIPTION="block type MainLeft" ID="BT6805" LABEL="MainLeft"/><OtherTag DESCRIPTION="block type MainRight" ID="BT6804" LABEL="MainRight"/><OtherTag DESCRIPTION="block type Margin" ID="BT6803" LABEL="Margin"/><OtherTag DESCRIPTION="block type Handwritten" ID="BT6802" LABEL="Handwritten"/><OtherTag DESCRIPTION="block type Stamp" ID="BT6801" LABEL="Stamp"/><OtherTag DESCRIPTION="block type FooterCentral" ID="BT6800" LABEL="FooterCentral"/><OtherTag DESCRIPTION="block type Catchword" ID="BT6799" LABEL="Catchword"/><OtherTag DESCRIPTION="block type MainCentral" ID="BT6798" LABEL="MainCentral"/><OtherTag DESCRIPTION="block type RunningHeader" ID="BT6797" LABEL="RunningHeader"/><OtherTag DESCRIPTION="block type Illustration" ID="BT4" LABEL="Illustration"/><OtherTag DESCRIPTION="block type Commentary" ID="BT3" LABEL="Commentary"/><OtherTag DESCRIPTION="block type Main" ID="BT2" LABEL="Main"/><OtherTag DESCRIPTION="block type Title" ID="BT1" LABEL="Title"/>
<OtherTag DESCRIPTION="line type MainLeft" ID="LT15195" LABEL="MainLeft"/><OtherTag DESCRIPTION="line type MainRight" ID="LT15194" LABEL="MainRight"/><OtherTag DESCRIPTION="line type Handwritten" ID="LT15193" LABEL="Handwritten"/><OtherTag DESCRIPTION="line type NotMain" ID="LT15192" LABEL="NotMain"/><OtherTag DESCRIPTION="line type MainCentral" ID="LT15191" LABEL="MainCentral"/>
</Tags>
<Layout>
<Page HEIGHT="2407" ID="eSc_dummypage_" PHYSICAL_IMG_NR="674" WIDTH="1516">
<PrintSpace HEIGHT="2407" HPOS="0" VPOS="0" WIDTH="1516">
<TextBlock HEIGHT="2031.0" HPOS="181.0" ID="eSc_textblock_f8e44285" TAGREFS="BT6798" VPOS="176.0" WIDTH="1233.0">
<Shape><Polygon POINTS="528 176 1414 181 1408 2207 187 2197 181 203 208 181 528 176"/></Shape>
<TextLine BASELINE="188 209 1403 203" HEIGHT="61.0" HPOS="188.0" ID="eSc_line_cf13d028" TAGREFS="LT15191" VPOS="177.0" WIDTH="1215.0">
<Shape><Polygon POINTS="1391 180 1378 180 1364 180 1351 180 1338 180 1324 180 1311 180 1297 180 1284 180 1271 180 1257 180 1244 180 1230 180 1217 180 1204 180 1190 180 1177 179 1164 179 1150 179 1137 179 1123 179 1110 179 1097 179 1083 179 1070 179 1057 179 1043 179 1030 179 1016 179 1003 179 990 179 976 179 963 177 950 177 947 177 203 183 200 185 190 193 188 209 188 232 627 238 628 238 709 234 785 230 793 234 798 236 800 236 801 238 912 238 912 236 913 236 915 236 917 234 924 228 943 234 948 235 950 235 951 235 980 234 1081 228 1137 234 1152 235 1153 235 1154 235 1160 234 1189 227 1287 227 1297 234 1299 234 1300 234 1301 234 1303 234 1352 227 1400 234 1403 203 1400 180 1391 180"/></Shape>
<String CONTENT="" HEIGHT="61.0" HPOS="188.0" VPOS="177.0" WC="0.9962158754016414" WIDTH="1215.0"/>
</TextLine>
<TextLine BASELINE="190 251 1403 244" HEIGHT="55.0" HPOS="188.0" ID="eSc_line_323b2376" TAGREFS="LT15191" VPOS="227.0" WIDTH="1215.0">
<Shape><Polygon POINTS="190 251 190 282 1402 271 1403 244 1400 227 188 232 190 251"/></Shape>
<String CONTENT="" HEIGHT="55.0" HPOS="188.0" VPOS="227.0" WC="0.9975486783420339" WIDTH="1215.0"/>
</TextLine>
<TextLine BASELINE="188 292 1406 288" HEIGHT="46.0" HPOS="187.0" ID="eSc_line_264eb35c" TAGREFS="LT15191" VPOS="270.0" WIDTH="1219.0">
<Shape><Polygon POINTS="188 292 188 315 1403 316 1406 288 1403 270 187 274 188 292"/></Shape>
<String CONTENT="" HEIGHT="46.0" HPOS="187.0" VPOS="270.0" WC="0.9968960651984582" WIDTH="1219.0"/>
</TextLine>
<TextLine BASELINE="188 335 1406 328" HEIGHT="55.0" HPOS="187.0" ID="eSc_line_fe5a264d" TAGREFS="LT15191" VPOS="304.0" WIDTH="1219.0">
<Shape><Polygon POINTS="188 335 188 359 1404 354 1406 328 1404 311 1176 304 1174 304 1140 312 1134 312 1118 312 1008 306 1007 306 928 314 916 314 912 314 892 307 891 307 889 307 741 314 738 314 737 314 706 307 705 307 703 307 674 315 670 315 666 315 643 310 642 310 448 316 414 316 409 316 369 310 367 310 315 316 314 316 311 316 266 310 264 310 263 310 242 316 211 310 210 310 208 310 187 316 188 335"/></Shape>
<String CONTENT="" HEIGHT="55.0" HPOS="187.0" VPOS="304.0" WC="0.98950588393521" WIDTH="1219.0"/>
</TextLine>
<TextLine BASELINE="187 378 1406 371" HEIGHT="48.0" HPOS="185.0" ID="eSc_line_d9b22e04" TAGREFS="LT15191" VPOS="354.0" WIDTH="1221.0">
<Shape><Polygon POINTS="187 378 187 402 1404 402 1406 371 1403 354 185 359 187 378"/></Shape>
<String CONTENT="" HEIGHT="48.0" HPOS="185.0" VPOS="354.0" WC="0.9864481507163299" WIDTH="1221.0"/>
</TextLine>
<TextLine BASELINE="190 418 1406 414" HEIGHT="48.0" HPOS="188.0" ID="eSc_line_44f72a9c" TAGREFS="LT15191" VPOS="395.0" WIDTH="1218.0">
<Shape><Polygon POINTS="190 418 190 442 1403 443 1406 414 1403 395 188 399 190 418"/></Shape>
<String CONTENT="" HEIGHT="48.0" HPOS="188.0" VPOS="395.0" WC="0.9919333599507809" WIDTH="1218.0"/>
</TextLine>
<TextLine BASELINE="188 461 1358 454" HEIGHT="57.0" HPOS="188.0" ID="eSc_line_44087023" TAGREFS="LT15191" VPOS="431.0" WIDTH="1170.0">
<Shape><Polygon POINTS="188 488 1356 488 1358 454 1355 435 1226 438 1206 435 1169 431 1168 431 1122 437 1098 439 1094 437 1089 433 1087 433 1086 433 998 433 996 433 954 438 939 439 933 438 917 433 916 433 915 433 913 433 891 438 880 442 789 442 780 439 754 434 753 434 719 439 711 441 703 439 662 434 660 434 551 441 529 442 517 442 460 435 458 435 390 442 375 443 359 442 278 437 276 437 275 437 274 437 263 443 262 445 188 445 188 461 188 488"/></Shape>
<String CONTENT="" HEIGHT="57.0" HPOS="188.0" VPOS="431.0" WC="0.9921141818388185" WIDTH="1170.0"/>
</TextLine>
<TextLine BASELINE="188 502 1402 498" HEIGHT="56.0" HPOS="188.0" ID="eSc_line_1d48a1ba" TAGREFS="LT15191" VPOS="478.0" WIDTH="1214.0">
<Shape><Polygon POINTS="188 534 1400 526 1402 498 1400 481 188 478 188 502 188 534"/></Shape>
<String CONTENT="" HEIGHT="56.0" HPOS="188.0" VPOS="478.0" WC="0.9922927286889818" WIDTH="1214.0"/>
</TextLine>
<TextLine BASELINE="662 544 1402 540" HEIGHT="59.0" HPOS="660.0" ID="eSc_line_e9311ff0" TAGREFS="LT15191" VPOS="517.0" WIDTH="742.0">
<Shape><Polygon POINTS="662 544 662 568 686 568 687 569 694 575 694 576 695 576 697 576 698 576 699 576 722 569 757 576 758 576 760 576 761 576 761 575 768 569 769 568 772 569 793 576 794 576 796 576 797 576 813 569 817 568 820 569 836 576 837 576 838 576 979 575 980 575 990 569 996 566 1007 569 1022 575 1023 575 1024 575 1109 570 1201 565 1213 570 1220 573 1221 573 1222 573 1224 573 1233 570 1255 565 1399 570 1402 540 1399 521 1202 524 1193 522 1165 517 1164 517 1101 524 1078 525 1062 524 1020 518 1019 518 925 525 896 526 892 525 885 520 884 520 883 520 881 520 805 526 790 526 780 526 698 520 697 520 660 526 662 544"/></Shape>
<String CONTENT="" HEIGHT="59.0" HPOS="660.0" VPOS="517.0" WC="0.9806381812909755" WIDTH="742.0"/>
</TextLine>
<TextLine BASELINE="188 587 1354 581" HEIGHT="62.0" HPOS="184.0" ID="eSc_line_6dff396d" TAGREFS="LT15191" VPOS="555.0" WIDTH="1169.0">
<Shape><Polygon POINTS="186 585 186 617 1351 617 1353 579 1351 559 184 555 186 585"/></Shape>
<String CONTENT="" HEIGHT="62.0" HPOS="184.0" VPOS="555.0" WC="0.9946548189177657" WIDTH="1169.0"/>
</TextLine>
<TextLine BASELINE="190 629 1403 623" HEIGHT="51.0" HPOS="188.0" ID="eSc_line_d8df9fda" TAGREFS="LT15191" VPOS="605.0" WIDTH="1215.0">
<Shape><Polygon POINTS="190 629 190 656 1402 651 1403 623 1400 605 188 611 190 629"/></Shape>
<String CONTENT="" HEIGHT="51.0" HPOS="188.0" VPOS="605.0" WC="0.9881236404180527" WIDTH="1215.0"/>
</TextLine>
<TextLine BASELINE="188 669 1403 665" HEIGHT="51.0" HPOS="187.0" ID="eSc_line_53a5fed4" TAGREFS="LT15191" VPOS="647.0" WIDTH="1216.0">
<Shape><Polygon POINTS="188 669 188 698 1402 695 1403 665 1400 647 187 652 188 669"/></Shape>
<String CONTENT="" HEIGHT="51.0" HPOS="187.0" VPOS="647.0" WC="0.9934232952073216" WIDTH="1216.0"/>
</TextLine>
<TextLine BASELINE="958 710 1403 710" HEIGHT="48.0" HPOS="958.0" ID="eSc_line_01884175" TAGREFS="LT15191" VPOS="695.0" WIDTH="445.0">
<Shape><Polygon POINTS="958 710 958 734 976 742 978 742 979 742 1014 735 1015 735 1016 735 1035 742 1036 742 1038 743 1137 743 1137 742 1138 742 1140 742 1146 736 1150 735 1164 738 1188 742 1189 742 1190 742 1198 738 1205 735 1216 738 1229 742 1230 742 1232 742 1247 739 1264 735 1402 740 1403 710 1403 695 958 695 958 710"/></Shape>
<String CONTENT="" HEIGHT="48.0" HPOS="958.0" VPOS="695.0" WC="0.9957851004600525" WIDTH="445.0"/>
</TextLine>
<TextLine BASELINE="188 754 1338 751" HEIGHT="56.0" HPOS="187.0" ID="eSc_line_82c0804f" TAGREFS="LT15191" VPOS="726.0" WIDTH="1151.0">
<Shape><Polygon POINTS="188 754 188 780 1335 782 1338 751 1335 730 986 732 966 731 915 726 913 726 912 726 911 726 903 731 900 732 893 731 867 726 865 726 864 726 849 731 845 732 829 731 761 726 760 726 725 732 713 734 683 732 610 727 608 727 607 727 592 732 587 735 460 735 457 734 438 727 437 727 436 727 400 734 396 734 394 734 385 727 384 727 382 727 285 727 283 727 187 734 188 754"/></Shape>
<String CONTENT="" HEIGHT="56.0" HPOS="187.0" VPOS="726.0" WC="0.9859150767326355" WIDTH="1151.0"/>
</TextLine>
<TextLine BASELINE="192 795 1403 791" HEIGHT="53.0" HPOS="191.0" ID="eSc_line_685a4de8" TAGREFS="LT15191" VPOS="768.0" WIDTH="1212.0">
<Shape><Polygon POINTS="192 795 192 821 1402 818 1403 791 1398 768 1386 775 1110 771 1008 770 1007 770 1006 770 1000 772 987 776 816 774 687 771 686 771 191 778 192 795"/></Shape>
<String CONTENT="" HEIGHT="53.0" HPOS="191.0" VPOS="768.0" WC="0.9831670358561088" WIDTH="1212.0"/>
</TextLine>
<TextLine BASELINE="194 839 1403 834" HEIGHT="54.0" HPOS="194.0" ID="eSc_line_10083225" TAGREFS="LT15191" VPOS="811.0" WIDTH="1209.0">
<Shape><Polygon POINTS="194 865 1402 862 1403 834 1400 811 1339 818 872 814 871 814 785 821 523 815 521 815 520 815 491 822 194 817 194 839 194 865"/></Shape>
<String CONTENT="" HEIGHT="54.0" HPOS="194.0" VPOS="811.0" WC="0.9889902409278986" WIDTH="1209.0"/>
</TextLine>
<TextLine BASELINE="196 875 1403 879" HEIGHT="51.0" HPOS="195.0" ID="eSc_line_3daddc3a" TAGREFS="LT15191" VPOS="859.0" WIDTH="1208.0">
<Shape><Polygon POINTS="196 875 195 898 234 907 235 907 236 907 262 901 276 907 278 907 279 909 413 909 413 907 414 907 416 907 425 901 433 907 434 907 436 907 437 907 582 901 595 901 608 909 610 909 611 909 612 910 725 910 725 909 726 909 727 909 737 902 749 909 750 909 751 909 793 902 797 902 810 902 999 910 1000 910 1002 910 1027 903 1028 903 1034 903 1115 910 1117 910 1118 910 1133 903 1135 903 1220 903 1222 905 1230 910 1232 910 1233 910 1235 910 1400 905 1403 879 1402 861 196 859 196 875"/></Shape>
<String CONTENT="" HEIGHT="51.0" HPOS="195.0" VPOS="859.0" WC="0.9939489943139693" WIDTH="1208.0"/>
</TextLine>
<TextLine BASELINE="190 922 1404 920" HEIGHT="48.0" HPOS="190.0" ID="eSc_line_9934e33e" TAGREFS="LT15191" VPOS="902.0" WIDTH="1214.0">
<Shape><Polygon POINTS="190 950 1403 946 1404 920 1403 902 190 902 190 922 190 950"/></Shape>
<String CONTENT="" HEIGHT="48.0" HPOS="190.0" VPOS="902.0" WC="0.9806628511912787" WIDTH="1214.0"/>
</TextLine>
<TextLine BASELINE="191 962 1404 962" HEIGHT="44.0" HPOS="191.0" ID="eSc_line_e20ae7d2" TAGREFS="LT15191" VPOS="946.0" WIDTH="1213.0">
<Shape><Polygon POINTS="191 962 191 986 1403 990 1404 962 1404 946 191 946 191 962"/></Shape>
<String CONTENT="" HEIGHT="44.0" HPOS="191.0" VPOS="946.0" WC="0.9932717110429491" WIDTH="1213.0"/>
</TextLine>
<TextLine BASELINE="190 1008 1403 1004" HEIGHT="57.0" HPOS="190.0" ID="eSc_line_24219124" TAGREFS="LT15191" VPOS="980.0" WIDTH="1213.0">
<Shape><Polygon POINTS="190 1030 591 1037 592 1037 640 1030 643 1030 656 1030 960 1036 962 1036 1403 1028 1403 1004 1400 984 1243 986 1232 984 1216 980 1214 980 1213 980 1184 984 1168 986 1152 985 1115 980 1114 980 1038 985 1014 986 1011 985 999 980 998 980 996 980 995 980 982 985 976 988 956 985 920 981 919 981 889 986 875 988 848 986 781 981 780 981 778 981 777 981 769 986 766 989 687 989 678 986 635 981 634 981 557 988 536 989 512 988 422 982 421 982 420 982 401 989 398 990 190 990 190 1008 190 1030"/></Shape>
<String CONTENT="" HEIGHT="57.0" HPOS="190.0" VPOS="980.0" WC="0.996707019480792" WIDTH="1213.0"/>
</TextLine>
<TextLine BASELINE="640 1048 1400 1045" HEIGHT="54.0" HPOS="639.0" ID="eSc_line_b19d4ddd" TAGREFS="LT15191" VPOS="1026.0" WIDTH="761.0">
<Shape><Polygon POINTS="640 1048 640 1071 671 1071 673 1072 679 1077 679 1079 681 1079 682 1079 683 1079 762 1072 789 1071 797 1073 814 1079 816 1079 817 1080 987 1080 987 1079 1008 1075 1036 1069 1070 1075 1085 1077 1086 1077 1119 1076 1210 1069 1220 1076 1220 1077 1221 1077 1222 1077 1224 1079 1399 1079 1400 1045 1398 1026 639 1029 640 1048"/></Shape>
<String CONTENT="" HEIGHT="54.0" HPOS="639.0" VPOS="1026.0" WC="0.9857321480909983" WIDTH="761.0"/>
</TextLine>
<TextLine BASELINE="190 1089 1353 1087" HEIGHT="56.0" HPOS="186.0" ID="eSc_line_895cb678" TAGREFS="LT15191" VPOS="1067.0" WIDTH="1165.0">
<Shape><Polygon POINTS="188 1087 188 1123 1349 1115 1351 1085 1347 1067 186 1067 188 1087"/></Shape>
<String CONTENT="" HEIGHT="56.0" HPOS="186.0" VPOS="1067.0" WC="0.9794834911823272" WIDTH="1165.0"/>
</TextLine>
<TextLine BASELINE="190 1132 1399 1129" HEIGHT="49.0" HPOS="188.0" ID="eSc_line_e4623552" TAGREFS="LT15191" VPOS="1111.0" WIDTH="1211.0">
<Shape><Polygon POINTS="190 1132 190 1156 1396 1160 1399 1129 1396 1111 188 1111 190 1132"/></Shape>
<String CONTENT="" HEIGHT="49.0" HPOS="188.0" VPOS="1111.0" WC="0.9895321306060342" WIDTH="1211.0"/>
</TextLine>
<TextLine BASELINE="190 1174 1399 1171" HEIGHT="49.0" HPOS="190.0" ID="eSc_line_5c24a831" TAGREFS="LT15191" VPOS="1151.0" WIDTH="1209.0">
<Shape><Polygon POINTS="190 1198 1396 1200 1399 1171 1398 1154 190 1151 190 1174 190 1198"/></Shape>
<String CONTENT="" HEIGHT="49.0" HPOS="190.0" VPOS="1151.0" WC="0.9845894352713628" WIDTH="1209.0"/>
</TextLine>
<TextLine BASELINE="191 1215 1400 1215" HEIGHT="55.0" HPOS="191.0" ID="eSc_line_eb0aca5c" TAGREFS="LT15191" VPOS="1192.0" WIDTH="1209.0">
<Shape><Polygon POINTS="191 1215 191 1247 1400 1244 1400 1215 1400 1199 191 1192 191 1215"/></Shape>
<String CONTENT="" HEIGHT="55.0" HPOS="191.0" VPOS="1192.0" WC="0.990311975990023" WIDTH="1209.0"/>
</TextLine>
<TextLine BASELINE="191 1259 1399 1256" HEIGHT="51.0" HPOS="191.0" ID="eSc_line_eb7cd93c" TAGREFS="LT15191" VPOS="1236.0" WIDTH="1208.0">
<Shape><Polygon POINTS="191 1283 1396 1287 1399 1256 1398 1239 191 1236 191 1259 191 1283"/></Shape>
<String CONTENT="" HEIGHT="51.0" HPOS="191.0" VPOS="1236.0" WC="0.9952308390821729" WIDTH="1208.0"/>
</TextLine>
<TextLine BASELINE="192 1301 1398 1298" HEIGHT="51.0" HPOS="191.0" ID="eSc_line_183fd563" TAGREFS="LT15191" VPOS="1279.0" WIDTH="1207.0">
<Shape><Polygon POINTS="192 1301 192 1326 1395 1330 1398 1298 1395 1279 191 1282 192 1301"/></Shape>
<String CONTENT="" HEIGHT="51.0" HPOS="191.0" VPOS="1279.0" WC="0.9655072403990704" WIDTH="1207.0"/>
</TextLine>
<TextLine BASELINE="437 1342 1400 1342" HEIGHT="45.0" HPOS="437.0" ID="eSc_line_200bdda1" TAGREFS="LT15191" VPOS="1326.0" WIDTH="963.0">
<Shape><Polygon POINTS="437 1342 437 1371 1400 1369 1400 1342 1400 1326 437 1326 437 1342"/></Shape>
<String CONTENT="" HEIGHT="45.0" HPOS="437.0" VPOS="1326.0" WC="0.9993446862922525" WIDTH="963.0"/>
</TextLine>
<TextLine BASELINE="191 1385 1356 1382" HEIGHT="53.0" HPOS="188.0" ID="eSc_line_fe24ccc1" TAGREFS="LT15191" VPOS="1361.0" WIDTH="1167.0">
<Shape><Polygon POINTS="190 1384 190 1412 1351 1414 1355 1380 1351 1361 188 1363 190 1384"/></Shape>
<String CONTENT="" HEIGHT="53.0" HPOS="188.0" VPOS="1361.0" WC="0.9879891335964203" WIDTH="1167.0"/>
</TextLine>
<TextLine BASELINE="192 1426 1403 1426" HEIGHT="52.0" HPOS="192.0" ID="eSc_line_c96dfa67" TAGREFS="LT15191" VPOS="1402.0" WIDTH="1211.0">
<Shape><Polygon POINTS="192 1426 192 1453 1402 1454 1403 1426 1402 1402 1320 1409 1236 1402 1222 1402 1221 1402 1220 1402 1217 1402 1200 1410 1082 1410 1057 1404 1047 1402 1046 1402 1045 1402 1039 1404 1027 1410 591 1410 579 1408 551 1402 549 1402 548 1402 536 1408 531 1410 429 1410 422 1408 396 1402 394 1402 346 1409 341 1409 338 1409 314 1402 313 1402 311 1402 271 1409 270 1409 268 1409 238 1402 236 1402 192 1409 192 1426"/></Shape>
<String CONTENT="" HEIGHT="52.0" HPOS="192.0" VPOS="1402.0" WC="0.9830610950787863" WIDTH="1211.0"/>
</TextLine>
<TextLine BASELINE="1111 1469 1404 1469" HEIGHT="50.0" HPOS="1111.0" ID="eSc_line_37ef43d6" TAGREFS="LT15191" VPOS="1450.0" WIDTH="293.0">
<Shape><Polygon POINTS="1111 1469 1111 1500 1404 1500 1404 1469 1403 1450 1111 1450 1111 1469"/></Shape>
<String CONTENT="" HEIGHT="50.0" HPOS="1111.0" VPOS="1450.0" WC="0.9979341149330139" WIDTH="293.0"/>
</TextLine>
<TextLine BASELINE="188 1511 1354 1508" HEIGHT="64.0" HPOS="184.0" ID="eSc_line_4f617e25" TAGREFS="LT15191" VPOS="1478.0" WIDTH="1169.0">
<Shape><Polygon POINTS="186 1510 186 1542 1351 1534 1353 1506 1351 1486 767 1478 765 1478 704 1488 692 1490 184 1490 186 1510"/></Shape>
<String CONTENT="" HEIGHT="64.0" HPOS="184.0" VPOS="1478.0" WC="0.9795823116151113" WIDTH="1169.0"/>
</TextLine>
<TextLine BASELINE="190 1552 1404 1555" HEIGHT="48.0" HPOS="188.0" ID="eSc_line_5e325576" TAGREFS="LT15191" VPOS="1531.0" WIDTH="1216.0">
<Shape><Polygon POINTS="190 1552 188 1579 1402 1579 1404 1555 1402 1531 190 1533 190 1552"/></Shape>
<String CONTENT="" HEIGHT="48.0" HPOS="188.0" VPOS="1531.0" WC="0.9880560636520386" WIDTH="1216.0"/>
</TextLine>
<TextLine BASELINE="191 1595 1403 1595" HEIGHT="40.0" HPOS="191.0" ID="eSc_line_fae6f64c" TAGREFS="LT15191" VPOS="1579.0" WIDTH="1212.0">
<Shape><Polygon POINTS="191 1595 191 1619 1402 1619 1403 1595 1402 1579 191 1579 191 1595"/></Shape>
<String CONTENT="" HEIGHT="40.0" HPOS="191.0" VPOS="1579.0" WC="0.9992744859420892" WIDTH="1212.0"/>
</TextLine>
<TextLine BASELINE="191 1636 1404 1636" HEIGHT="52.0" HPOS="191.0" ID="eSc_line_f21e54bf" TAGREFS="LT15191" VPOS="1616.0" WIDTH="1213.0">
<Shape><Polygon POINTS="191 1636 191 1660 214 1668 215 1668 216 1668 286 1662 322 1668 323 1668 381 1662 390 1668 392 1668 393 1668 394 1668 444 1662 488 1668 489 1668 527 1662 528 1662 529 1662 615 1668 616 1668 723 1662 729 1662 730 1662 755 1668 757 1668 758 1668 1404 1662 1404 1636 1404 1619 191 1616 191 1636"/></Shape>
<String CONTENT="" HEIGHT="52.0" HPOS="191.0" VPOS="1616.0" WC="0.9882403752383064" WIDTH="1213.0"/>
</TextLine>
<TextLine BASELINE="188 1680 1406 1680" HEIGHT="47.0" HPOS="188.0" ID="eSc_line_00c4009e" TAGREFS="LT15191" VPOS="1663.0" WIDTH="1218.0">
<Shape><Polygon POINTS="188 1680 188 1708 1404 1710 1406 1680 1406 1663 188 1663 188 1680"/></Shape>
<String CONTENT="" HEIGHT="47.0" HPOS="188.0" VPOS="1663.0" WC="0.9979259501332822" WIDTH="1218.0"/>
</TextLine>
<TextLine BASELINE="194 1718 1406 1721" HEIGHT="48.0" HPOS="192.0" ID="eSc_line_9c08ad0b" TAGREFS="LT15191" VPOS="1703.0" WIDTH="1214.0">
<Shape><Polygon POINTS="194 1718 192 1750 1402 1751 1406 1721 1404 1704 194 1703 194 1718"/></Shape>
<String CONTENT="" HEIGHT="48.0" HPOS="192.0" VPOS="1703.0" WC="0.9909825455397367" WIDTH="1214.0"/>
</TextLine>
<TextLine BASELINE="955 1763 1404 1761" HEIGHT="52.0" HPOS="954.0" ID="eSc_line_dc5130a3" TAGREFS="LT15191" VPOS="1742.0" WIDTH="450.0">
<Shape><Polygon POINTS="955 1763 955 1786 990 1794 991 1794 1032 1787 1035 1787 1038 1787 1065 1794 1066 1794 1067 1794 1115 1789 1123 1787 1131 1789 1165 1794 1166 1794 1208 1789 1224 1787 1403 1790 1404 1761 1402 1742 954 1743 955 1763"/></Shape>
<String CONTENT="" HEIGHT="52.0" HPOS="954.0" VPOS="1742.0" WC="0.9912857848864335" WIDTH="450.0"/>
</TextLine>
<TextLine BASELINE="192 1805 1347 1801" HEIGHT="58.0" HPOS="188.0" ID="eSc_line_d80070ec" TAGREFS="LT15191" VPOS="1781.0" WIDTH="1157.0">
<Shape><Polygon POINTS="190 1803 190 1839 1343 1831 1345 1799 1341 1781 188 1783 190 1803"/></Shape>
<String CONTENT="" HEIGHT="58.0" HPOS="188.0" VPOS="1781.0" WC="0.9829567537378909" WIDTH="1157.0"/>
</TextLine>
<TextLine BASELINE="191 1845 1345 1848" HEIGHT="50.0" HPOS="188.0" ID="eSc_line_20959cca" TAGREFS="LT15191" VPOS="1825.0" WIDTH="1155.0">
<Shape><Polygon POINTS="190 1843 188 1875 1339 1873 1343 1847 1341 1829 190 1825 190 1843"/></Shape>
<String CONTENT="" HEIGHT="50.0" HPOS="188.0" VPOS="1825.0" WC="0.9863694837127907" WIDTH="1155.0"/>
</TextLine>
<TextLine BASELINE="194 1886 1406 1889" HEIGHT="53.0" HPOS="192.0" ID="eSc_line_540fc670" TAGREFS="LT15191" VPOS="1865.0" WIDTH="1214.0">
<Shape><Polygon POINTS="194 1886 192 1912 1402 1918 1406 1889 1404 1873 695 1873 693 1872 667 1865 666 1865 665 1865 634 1872 630 1872 624 1872 568 1865 567 1865 504 1872 495 1873 297 1873 294 1872 286 1865 285 1865 283 1865 282 1865 194 1870 194 1886"/></Shape>
<String CONTENT="" HEIGHT="53.0" HPOS="192.0" VPOS="1865.0" WC="0.9922939455005485" WIDTH="1214.0"/>
</TextLine>
<TextLine BASELINE="192 1932 1406 1932" HEIGHT="50.0" HPOS="192.0" ID="eSc_line_54c014f6" TAGREFS="LT15191" VPOS="1914.0" WIDTH="1214.0">
<Shape><Polygon POINTS="192 1932 192 1964 1406 1957 1406 1932 1404 1914 192 1914 192 1932"/></Shape>
<String CONTENT="" HEIGHT="50.0" HPOS="192.0" VPOS="1914.0" WC="0.9837876625463996" WIDTH="1214.0"/>
</TextLine>
<TextLine BASELINE="196 1972 1406 1972" HEIGHT="47.0" HPOS="196.0" ID="eSc_line_5c270a3e" TAGREFS="LT15191" VPOS="1952.0" WIDTH="1210.0">
<Shape><Polygon POINTS="196 1972 196 1999 1406 1997 1406 1972 1404 1952 196 1953 196 1972"/></Shape>
<String CONTENT="" HEIGHT="47.0" HPOS="196.0" VPOS="1952.0" WC="0.9873692863865903" WIDTH="1210.0"/>
</TextLine>
<TextLine BASELINE="192 2012 1407 2015" HEIGHT="49.0" HPOS="191.0" ID="eSc_line_21c6419c" TAGREFS="LT15191" VPOS="1995.0" WIDTH="1216.0">
<Shape><Polygon POINTS="192 2012 191 2036 218 2044 219 2044 220 2044 1404 2043 1407 2015 1407 1997 192 1995 192 2012"/></Shape>
<String CONTENT="" HEIGHT="49.0" HPOS="191.0" VPOS="1995.0" WC="0.9698936799659005" WIDTH="1216.0"/>
</TextLine>
<TextLine BASELINE="188 2057 1356 2055" HEIGHT="51.0" HPOS="184.0" ID="eSc_line_a5c302f9" TAGREFS="LT15191" VPOS="2033.0" WIDTH="1171.0">
<Shape><Polygon POINTS="186 2055 186 2084 1353 2082 1355 2053 1353 2035 184 2033 186 2055"/></Shape>
<String CONTENT="" HEIGHT="51.0" HPOS="184.0" VPOS="2033.0" WC="0.992964732070123" WIDTH="1171.0"/>
</TextLine>
<TextLine BASELINE="195 2099 1406 2096" HEIGHT="46.0" HPOS="195.0" ID="eSc_line_feb61995" TAGREFS="LT15191" VPOS="2080.0" WIDTH="1211.0">
<Shape><Polygon POINTS="195 2124 1403 2126 1406 2096 1404 2080 195 2080 195 2099 195 2124"/></Shape>
<String CONTENT="" HEIGHT="46.0" HPOS="195.0" VPOS="2080.0" WC="0.9931211104759803" WIDTH="1211.0"/>
</TextLine>
<TextLine BASELINE="192 2139 1407 2142" HEIGHT="53.0" HPOS="191.0" ID="eSc_line_5e7df4a7" TAGREFS="LT15191" VPOS="2119.0" WIDTH="1216.0">
<Shape><Polygon POINTS="192 2139 191 2164 250 2172 251 2172 1404 2168 1407 2142 1406 2120 192 2119 192 2139"/></Shape>
<String CONTENT="" HEIGHT="53.0" HPOS="191.0" VPOS="2119.0" WC="0.9855143237805021" WIDTH="1216.0"/>
</TextLine>
<TextLine BASELINE="192 2181 1406 2183" HEIGHT="75.0" HPOS="191.0" ID="eSc_line_b662c22d" TAGREFS="LT15191" VPOS="2159.0" WIDTH="1215.0">
<Shape><Polygon POINTS="192 2181 191 2217 232 2231 234 2231 235 2231 236 2231 279 2218 385 2218 418 2231 420 2231 421 2231 422 2231 449 2225 462 2231 464 2231 465 2231 608 2230 667 2221 773 2229 774 2229 833 2219 836 2219 861 2233 863 2233 864 2233 865 2233 889 2225 950 2233 951 2234 1176 2234 1176 2233 1177 2233 1178 2233 1194 2221 1198 2219 1301 2219 1315 2222 1362 2233 1363 2233 1364 2233 1404 2222 1406 2183 1403 2162 806 2167 792 2160 790 2160 789 2160 256 2166 192 2159 192 2181"/></Shape>
<String CONTENT="" HEIGHT="75.0" HPOS="191.0" VPOS="2159.0" WC="0.9831084876820662" WIDTH="1215.0"/>
</TextLine>
</TextBlock>
</PrintSpace>
</Page>
</Layout>
</alto>