<?xml version="1.0" encoding="UTF-8"?>
<alto xmlns:xsi="http://www.w3.org/2001/XMLSchema-instance"
      xmlns="http://www.loc.gov/standards/alto/ns-v4#"
      xsi:schemaLocation="http://www.loc.gov/standards/alto/ns-v4# http://www.loc.gov/standards/alto/v4/alto-4-2.xsd">
  <Description>
    <MeasurementUnit>pixel</MeasurementUnit>
    <sourceImageInformation>
      <fileName>IE87447950_00015.jpg</fileName>
      <fileIdentifier>mets//export_doc4366_1col_14_copy_alto_202404261215.zip/IE87447950_00015.jpg</fileIdentifier>
    </sourceImageInformation>
  </Description>
  
  <Tags>
    <OtherTag ID="BT6914" LABEL="Handwritten" DESCRIPTION="block type Handwritten"/><OtherTag ID="BT6913" LABEL="RunningHeader" DESCRIPTION="block type RunningHeader"/><OtherTag ID="BT6912" LABEL="Catchword" DESCRIPTION="block type Catchword"/><OtherTag ID="BT6911" LABEL="Margin" DESCRIPTION="block type Margin"/><OtherTag ID="BT6910" LABEL="FooterCentral" DESCRIPTION="block type FooterCentral"/><OtherTag ID="BT6909" LABEL="MainCentral" DESCRIPTION="block type MainCentral"/><OtherTag ID="BT6908" LABEL="Header" DESCRIPTION="block type Header"/><OtherTag ID="BT4" LABEL="Illustration" DESCRIPTION="block type Illustration"/><OtherTag ID="BT3" LABEL="Commentary" DESCRIPTION="block type Commentary"/><OtherTag ID="BT2" LABEL="Main" DESCRIPTION="block type Main"/><OtherTag ID="BT1" LABEL="Title" DESCRIPTION="block type Title"/>
    <OtherTag ID="LT15289" LABEL="Handwritten" DESCRIPTION="line type Handwritten"/><OtherTag ID="LT15288" LABEL="MainCentral" DESCRIPTION="line type MainCentral"/><OtherTag ID="LT15287" LABEL="NotMain" DESCRIPTION="line type NotMain"/>
  </Tags>
  
  <Layout>
    <Page WIDTH="1251"
          HEIGHT="2165"
          PHYSICAL_IMG_NR="21"
          ID="eSc_dummypage_">
      <PrintSpace HPOS="0"
                  VPOS="0"
                  WIDTH="1251"
                  HEIGHT="2165">
        
        <TextBlock HPOS="206.0"
                   VPOS="216.0"
                   WIDTH="1029.0"
                   HEIGHT="509.0"
                   ID="eSc_textblock_59e87aa2"
                   TAGREFS="BT6909">
          <Shape><Polygon POINTS="1235 221 1233 725 206 725 206 221 221 216"/></Shape>
          
          
          <TextLine ID="eSc_line_5eaca06e"
                    TAGREFS="LT15288"
                    BASELINE="210 242 1226 247" 
                    HPOS="209.0"
                    VPOS="216.0"
                    WIDTH="1017.0"
                    HEIGHT="77.0">
            <Shape><Polygon POINTS="1171 220 1159 220 1151 220 1125 222 1097 226 1089 222 1083 220 1075 220 1074 220 1070 222 1063 227 980 227 963 222 945 218 943 218 932 218 914 222 909 223 908 222 903 218 894 218 882 218 870 218 858 218 846 218 834 218 822 218 820 218 784 222 759 224 745 222 727 218 726 218 719 217 709 222 706 224 548 224 530 222 485 217 485 217 473 217 461 216 459 216 447 222 446 222 439 222 386 216 377 216 369 216 346 222 344 222 340 222 319 216 317 216 309 216 295 222 293 222 210 222 210 242 209 276 285 288 286 288 287 288 316 280 331 287 333 287 334 287 335 287 353 279 356 279 359 279 396 287 398 287 399 287 416 280 418 279 421 280 431 288 433 288 434 288 463 289 464 289 465 289 485 283 522 289 523 289 524 289 525 289 536 282 538 280 558 282 611 289 612 289 613 289 630 283 639 280 645 283 655 289 656 289 657 289 659 289 746 285 827 281 837 287 843 291 844 291 845 291 846 292 896 292 896 291 916 288 957 281 979 288 988 292 989 292 991 293 1119 293 1119 292 1121 292 1123 291 1139 282 1223 292 1226 247 1225 223 1180 220 1171 220"/></Shape>
	    <String CONTENT="הים לבדך לכל ממלכות הארץ. אתה עשית את־השמים"
                    HPOS="209.0"
                    VPOS="216.0"
                    WIDTH="1017.0"
                    HEIGHT="77.0"
                    WC="0.9894982430669996"></String>
          </TextLine>

          
          
          <TextLine ID="eSc_line_8ff4b69d"
                    TAGREFS="LT15288"
                    BASELINE="210 309 1229 311" 
                    HPOS="209.0"
                    VPOS="280.0"
                    WIDTH="1020.0"
                    HEIGHT="77.0">
            <Shape><Polygon POINTS="209 341 303 354 304 356 329 356 329 354 330 354 331 354 346 343 347 343 369 343 371 343 387 354 388 354 389 354 390 356 421 356 421 354 422 354 423 354 436 345 439 343 443 345 473 354 475 354 476 354 477 354 495 346 500 343 571 343 578 347 594 354 595 354 596 354 597 354 615 347 623 345 631 347 647 354 648 354 649 356 695 356 695 354 696 354 707 348 718 343 731 350 748 356 749 356 750 356 774 354 775 354 777 354 783 350 789 345 801 350 814 356 815 356 816 357 861 357 861 356 862 356 873 351 882 347 898 352 904 353 905 353 906 353 915 352 944 345 979 353 994 356 995 357 1042 357 1042 356 1044 356 1045 356 1047 353 1059 346 1071 354 1074 356 1075 356 1076 356 1077 356 1101 354 1176 350 1225 356 1229 311 1228 291 1161 282 1160 282 1159 282 1158 282 1148 289 1147 291 1115 291 1111 289 1087 282 1086 282 1085 282 1042 288 1030 289 992 287 914 283 912 283 911 283 910 283 905 287 899 291 774 291 745 285 719 281 718 281 700 285 688 287 679 285 672 282 671 282 670 282 648 285 607 288 584 283 572 281 571 281 550 283 505 288 482 282 477 281 476 281 475 281 473 281 470 282 453 289 396 289 382 281 381 281 380 281 312 281 311 281 310 281 294 288 270 281 269 281 268 281 267 281 238 288 211 280 210 309 209 341"/></Shape>
	    <String CONTENT="ואת־הארץ את־הים ואת־כל־אשר בם. ומי בכל־מעשי"
                    HPOS="209.0"
                    VPOS="280.0"
                    WIDTH="1020.0"
                    HEIGHT="77.0"
                    WC="0.9856145138090308"></String>
          </TextLine>

          
          
          <TextLine ID="eSc_line_a1116700"
                    TAGREFS="LT15288"
                    BASELINE="217 372 1228 377" 
                    HPOS="216.0"
                    VPOS="347.0"
                    WIDTH="1012.0"
                    HEIGHT="73.0">
            <Shape><Polygon POINTS="217 372 216 400 280 404 303 416 304 416 305 417 362 417 362 416 363 416 396 404 399 404 404 404 445 412 446 412 447 412 461 405 465 404 467 405 481 417 482 417 483 417 484 418 525 418 525 417 526 417 528 417 543 407 549 404 560 407 583 414 584 414 585 414 623 408 632 407 636 408 654 417 655 417 656 417 694 410 714 406 733 411 749 414 750 414 751 414 753 414 759 411 769 405 827 405 856 413 867 416 868 416 869 416 870 416 876 413 897 405 955 405 988 416 1002 419 1003 419 1004 419 1005 419 1017 416 1027 413 1040 417 1052 419 1053 419 1054 420 1133 420 1133 419 1134 419 1135 419 1136 418 1143 413 1151 418 1152 419 1153 419 1154 419 1155 420 1225 420 1228 377 1226 358 1077 350 1044 350 1042 350 1041 350 1040 350 1030 357 1017 350 1016 350 1015 350 891 356 885 356 869 348 868 348 867 348 866 348 852 354 822 350 821 350 796 356 793 356 791 356 768 348 767 348 766 348 733 356 730 356 728 356 714 347 713 347 712 347 710 347 682 354 680 354 629 347 627 347 594 354 591 354 589 354 552 348 550 348 549 348 535 354 525 347 524 347 523 347 522 347 466 353 466 354 393 354 393 353 380 347 378 347 377 347 217 352 217 372"/></Shape>
	    <String CONTENT="ידיך בעליונים או בתחתונים שיאמר לך מה תעשה."
                    HPOS="216.0"
                    VPOS="347.0"
                    WIDTH="1012.0"
                    HEIGHT="73.0"
                    WC="0.9889538098465313"></String>
          </TextLine>

          
          
          <TextLine ID="eSc_line_4d434c51"
                    TAGREFS="LT15288"
                    BASELINE="212 439 1228 442" 
                    HPOS="211.0"
                    VPOS="412.0"
                    WIDTH="1017.0"
                    HEIGHT="75.0">
            <Shape><Polygon POINTS="212 439 211 466 250 475 251 475 252 475 277 469 301 483 303 483 304 483 305 484 333 484 333 483 334 483 335 483 354 470 356 469 356 470 377 483 378 483 380 483 381 483 473 471 499 469 504 472 520 483 522 483 523 483 570 484 571 484 572 484 599 473 609 470 636 475 694 484 695 484 696 484 716 476 732 470 751 476 775 484 777 484 778 484 779 484 807 477 827 472 834 478 843 484 844 484 845 484 949 485 950 485 951 485 962 481 979 471 1028 482 1039 483 1040 483 1041 483 1042 483 1044 482 1052 477 1062 482 1069 485 1070 485 1071 487 1092 487 1092 485 1093 485 1094 485 1098 483 1116 471 1224 484 1228 442 1226 423 1056 423 1052 420 1041 416 1040 416 1039 416 1038 416 1029 420 1024 423 940 423 920 419 888 414 887 414 862 418 848 420 740 417 653 414 651 414 636 416 599 420 578 416 573 414 572 414 571 414 570 414 568 414 568 416 561 420 555 416 553 413 552 413 550 413 549 413 548 413 541 414 522 419 402 413 387 413 386 413 378 413 293 419 212 412 212 439"/></Shape>
	    <String CONTENT="אבינו שבשמים עשה עמנו חסד בעבור שמך הגדול"
                    HPOS="211.0"
                    VPOS="412.0"
                    WIDTH="1017.0"
                    HEIGHT="75.0"
                    WC="0.9834758348581267"></String>
          </TextLine>

          
          
          <TextLine ID="eSc_line_af0a5d0e"
                    TAGREFS="LT15288"
                    BASELINE="211 503 1228 507" 
                    HPOS="210.0"
                    VPOS="478.0"
                    WIDTH="1018.0"
                    HEIGHT="74.0">
            <Shape><Polygon POINTS="211 503 210 535 255 535 262 537 291 548 292 548 293 549 325 549 325 548 327 548 328 548 345 538 350 535 359 538 377 544 378 544 380 544 411 538 431 535 446 538 476 548 477 548 478 548 479 548 497 540 507 535 538 540 596 549 597 549 599 549 621 541 633 536 650 541 677 548 678 548 679 548 680 548 682 548 691 541 700 536 803 537 811 542 825 549 826 549 827 549 828 549 854 543 861 541 868 543 888 550 890 550 891 552 950 552 950 550 951 550 952 550 962 543 974 537 1014 537 1027 544 1040 550 1041 550 1042 552 1086 552 1086 550 1087 550 1101 546 1110 542 1122 546 1140 550 1141 550 1142 550 1225 546 1228 507 1226 482 211 478 211 503"/></Shape>
	    <String CONTENT="שנקרא עלינו וקים־לנו יהוה אלהינו מה שכתוב בעת"
                    HPOS="210.0"
                    VPOS="478.0"
                    WIDTH="1018.0"
                    HEIGHT="74.0"
                    WC="0.98137399998117"></String>
          </TextLine>

          
          
          <TextLine ID="eSc_line_63a74f81"
                    TAGREFS="LT15288"
                    BASELINE="212 568 1226 576" 
                    HPOS="211.0"
                    VPOS="544.0"
                    WIDTH="1015.0"
                    HEIGHT="75.0">
            <Shape><Polygon POINTS="212 568 211 601 240 602 255 613 256 613 257 613 258 614 402 614 402 613 404 613 405 613 418 603 421 602 427 603 460 614 461 614 463 614 464 614 491 604 500 602 510 604 547 615 548 615 549 617 605 617 605 615 606 615 607 615 620 606 624 603 636 606 677 615 678 615 725 607 742 604 767 607 810 613 811 613 813 613 814 613 821 608 828 604 875 604 884 608 908 618 909 618 910 618 968 614 969 614 970 614 976 609 983 606 1042 606 1056 611 1077 619 1078 619 1080 619 1081 619 1103 611 1115 607 1147 612 1176 615 1177 615 1178 615 1180 615 1183 612 1188 609 1223 612 1226 576 1225 554 212 544 212 568"/></Shape>
	    <String CONTENT="ההיא אביא אתכם ובעת קבצי אתכם כי־אתן אתכם"
                    HPOS="211.0"
                    VPOS="544.0"
                    WIDTH="1015.0"
                    HEIGHT="75.0"
                    WC="0.996284486317053"></String>
          </TextLine>

          
          
          <TextLine ID="eSc_line_55c47f1c"
                    TAGREFS="LT15288"
                    BASELINE="214 635 1226 639" 
                    HPOS="212.0"
                    VPOS="607.0"
                    WIDTH="1014.0"
                    HEIGHT="80.0">
            <Shape><Polygon POINTS="214 635 212 669 275 684 276 684 277 684 301 672 370 684 495 685 496 685 497 685 530 675 540 673 587 674 589 677 602 685 603 685 605 685 606 685 639 679 683 685 684 685 685 685 712 678 727 674 734 679 737 680 738 680 739 680 740 680 742 680 748 679 767 674 814 680 820 680 821 680 828 680 905 674 931 681 944 686 945 686 946 686 965 683 992 677 1012 684 1022 686 1023 686 1024 687 1224 687 1226 639 1226 621 1205 609 1204 609 1202 609 1201 609 1161 621 1125 621 1110 609 1109 609 1107 609 1106 609 1058 620 1029 609 1028 609 1027 609 951 619 911 608 910 608 851 608 850 608 849 608 848 608 834 618 815 613 814 613 813 613 811 613 793 619 792 619 786 619 659 609 657 609 625 617 605 608 603 608 602 608 536 618 532 618 529 618 497 612 496 612 454 617 440 609 439 609 437 609 383 614 360 607 359 607 358 607 318 617 316 617 214 617 214 635"/></Shape>
	    <String CONTENT="לשם ולתהלה בכל עמי הארץ בשובי את־שבותיכם"
                    HPOS="212.0"
                    VPOS="607.0"
                    WIDTH="1014.0"
                    HEIGHT="80.0"
                    WC="0.9830395951867104"></String>
          </TextLine>

          
          
          <TextLine ID="eSc_line_9ff395db"
                    TAGREFS="LT15288"
                    BASELINE="524 701 917 703" 
                    HPOS="523.0"
                    VPOS="673.0"
                    WIDTH="394.0"
                    HEIGHT="75.0">
            <Shape><Polygon POINTS="524 701 523 727 602 727 608 733 614 738 614 739 615 739 617 739 618 740 657 740 657 739 659 739 668 736 691 727 719 738 738 745 739 745 740 745 772 740 773 740 779 745 779 746 780 746 781 746 783 748 862 748 862 746 863 746 864 746 866 745 873 739 914 746 917 703 917 686 884 674 882 674 846 674 845 674 844 674 843 674 834 681 813 675 811 675 810 675 809 675 808 675 795 684 793 685 792 684 772 674 771 674 769 674 768 674 767 674 751 684 750 685 721 685 714 684 700 679 698 679 697 679 651 681 636 673 635 673 633 673 632 673 603 681 596 684 524 681 524 701"/></Shape>
	    <String CONTENT="לעיניכם אמר י"
                    HPOS="523.0"
                    VPOS="673.0"
                    WIDTH="394.0"
                    HEIGHT="75.0"
                    WC="0.958561584353447"></String>
          </TextLine>

          
        </TextBlock>
        
        <TextBlock HPOS="206.0"
                   VPOS="742.0"
                   WIDTH="1027.0"
                   HEIGHT="107.0"
                   ID="eSc_textblock_cbadc827"
                   TAGREFS="BT6909">
          <Shape><Polygon POINTS="206 831 206 742 1233 742 1233 849 206 849"/></Shape>
          
          
          <TextLine ID="eSc_line_e3290bf9"
                    TAGREFS="LT15288"
                    BASELINE="216 766 1223 774" 
                    HPOS="215.0"
                    VPOS="738.0"
                    WIDTH="1008.0"
                    HEIGHT="79.0">
            <Shape><Polygon POINTS="216 766 215 790 283 807 285 807 319 804 321 804 322 804 333 796 364 804 365 804 366 804 368 804 388 795 392 793 396 795 427 807 428 807 429 807 430 807 431 807 448 797 449 796 449 797 469 808 470 808 471 808 472 808 473 808 512 798 518 797 530 798 572 805 573 805 574 805 585 801 594 796 609 801 644 811 645 811 647 811 648 811 667 802 676 798 683 803 689 807 690 807 691 807 692 807 708 803 725 799 731 804 736 808 737 808 738 808 739 808 740 808 742 808 745 804 750 802 814 805 815 805 816 805 837 798 849 807 851 809 852 809 854 809 855 809 856 809 861 808 875 802 893 808 899 810 900 810 902 810 903 810 908 809 934 797 967 797 1003 811 1008 813 1009 813 1010 813 1011 813 1016 811 1066 798 1086 814 1089 816 1091 816 1092 816 1093 817 1220 817 1223 774 1223 754 1155 754 1154 752 1143 744 1142 744 1141 744 1140 744 1139 744 1121 752 1119 752 939 752 934 751 884 742 882 742 842 748 810 742 809 742 808 742 807 742 793 750 774 740 773 740 772 740 695 749 694 749 639 739 638 739 588 746 530 739 529 739 458 746 425 738 424 738 423 738 380 746 300 740 299 740 216 745 216 766"/></Shape>
	    <String CONTENT=""
                    HPOS="215.0"
                    VPOS="738.0"
                    WIDTH="1008.0"
                    HEIGHT="79.0"
                    WC="0.9945312345281561"></String>
          </TextLine>

          
          
          <TextLine ID="eSc_line_8a62ad43"
                    TAGREFS="LT15288"
                    BASELINE="216 819 1062 825" 
                    HPOS="215.0"
                    VPOS="795.0"
                    WIDTH="847.0"
                    HEIGHT="64.0">
            <Shape><Polygon POINTS="216 819 215 847 263 855 264 855 331 850 351 849 359 850 382 856 383 856 384 856 410 851 417 850 436 851 491 856 493 856 494 856 502 852 507 850 524 852 553 857 554 857 630 853 701 851 713 855 721 858 722 858 724 858 725 858 736 856 749 852 796 856 821 858 822 858 823 858 825 858 826 857 833 852 850 857 855 858 856 858 857 858 887 857 1003 853 1058 859 1062 825 1062 807 1045 799 1044 799 1042 799 994 805 993 805 945 799 944 799 903 805 899 805 890 798 888 798 887 798 886 798 766 804 755 804 753 804 724 797 722 797 721 797 691 803 635 797 633 797 632 797 608 803 606 803 594 803 459 796 458 796 346 801 342 801 329 795 328 795 327 795 325 795 310 801 309 801 216 801 216 819"/></Shape>
	    <String CONTENT=""
                    HPOS="215.0"
                    VPOS="795.0"
                    WIDTH="847.0"
                    HEIGHT="64.0"
                    WC="0.9816755664591886"></String>
          </TextLine>

          
        </TextBlock>
        
        <TextBlock HPOS="206.0"
                   VPOS="850.0"
                   WIDTH="1027.0"
                   HEIGHT="80.0"
                   ID="eSc_textblock_79a7f891"
                   TAGREFS="BT6909">
          <Shape><Polygon POINTS="206 850 1233 850 1233 930 208 930"/></Shape>
          
          
          <TextLine ID="eSc_line_99575176"
                    TAGREFS="LT15288"
                    BASELINE="218 874 832 873 1226 879" 
                    HPOS="218.0"
                    VPOS="847.0"
                    WIDTH="1008.0"
                    HEIGHT="61.0">
            <Shape><Polygon POINTS="218 874 218 905 325 905 325 904 327 904 346 897 382 902 383 902 384 902 402 896 414 902 416 902 417 902 418 902 434 896 523 902 524 902 621 897 644 905 645 905 647 905 648 905 673 897 725 897 749 903 750 903 751 903 854 898 885 905 886 905 887 905 937 898 957 905 958 905 959 905 987 899 1012 906 1014 906 1015 906 1016 906 1036 899 1059 906 1060 906 1062 908 1224 908 1226 879 1223 850 1206 857 1152 850 1151 850 1149 850 1148 850 1104 857 1068 850 1066 850 1033 858 848 858 795 857 783 849 781 849 780 849 779 849 777 849 724 857 589 857 566 849 565 849 564 849 476 856 447 847 446 847 445 847 443 847 442 847 441 847 427 855 371 847 369 847 368 847 365 847 305 855 218 847 218 874"/></Shape>
	    <String CONTENT=""
                    HPOS="218.0"
                    VPOS="847.0"
                    WIDTH="1008.0"
                    HEIGHT="61.0"
                    WC="0.9659554509373455"></String>
          </TextLine>

          
          
          <TextLine ID="eSc_line_8cc267eb"
                    TAGREFS="LT15288"
                    BASELINE="493 908 943 912" 
                    HPOS="491.0"
                    VPOS="887.0"
                    WIDTH="451.0"
                    HEIGHT="51.0">
            <Shape><Polygon POINTS="492 907 491 929 507 938 509 938 510 938 938 932 942 911 938 887 492 887 492 907"/></Shape>
	    <String CONTENT=""
                    HPOS="491.0"
                    VPOS="887.0"
                    WIDTH="451.0"
                    HEIGHT="51.0"
                    WC="0.9640585921312633"></String>
          </TextLine>

          
        </TextBlock>
        
        <TextBlock HPOS="208.0"
                   VPOS="931.0"
                   WIDTH="1025.0"
                   HEIGHT="320.0"
                   ID="eSc_textblock_8f958958"
                   TAGREFS="BT6909">
          <Shape><Polygon POINTS="208 931 1233 931 1232 1251 214 1251"/></Shape>
          
          
          <TextLine ID="eSc_line_78b9c13c"
                    TAGREFS="LT15288"
                    BASELINE="217 947 1225 952" 
                    HPOS="216.0"
                    VPOS="922.0"
                    WIDTH="1009.0"
                    HEIGHT="79.0">
            <Shape><Polygon POINTS="217 947 216 981 263 992 264 992 265 992 299 983 335 974 392 983 393 983 394 983 418 973 478 987 488 988 489 988 490 988 494 987 523 975 541 988 542 988 543 988 579 989 580 989 582 989 584 988 623 973 659 973 695 987 696 987 697 987 698 987 743 974 780 989 781 989 783 989 784 989 823 974 891 987 892 987 893 987 920 974 956 974 985 991 986 991 987 991 988 991 989 991 1004 983 1026 997 1030 1000 1032 1000 1033 1000 1034 1001 1223 1001 1225 952 1224 932 1104 926 1103 926 1101 926 1089 930 1083 934 982 934 940 930 854 924 852 924 804 930 787 932 778 930 750 924 749 924 748 924 730 930 724 932 722 930 716 924 715 924 714 924 713 924 668 929 659 930 648 929 597 923 596 923 525 929 508 930 494 929 431 922 430 922 217 928 217 947"/></Shape>
	    <String CONTENT="והערב נא יהוה אלהינו את־דברי תורתך בפינו ובפי עמך"
                    HPOS="216.0"
                    VPOS="922.0"
                    WIDTH="1009.0"
                    HEIGHT="79.0"
                    WC="0.9921414754828628"></String>
          </TextLine>

          
          
          <TextLine ID="eSc_line_2f0130aa"
                    TAGREFS="LT15288"
                    BASELINE="224 999 1024 1000" 
                    HPOS="223.0"
                    VPOS="980.0"
                    WIDTH="801.0"
                    HEIGHT="57.0">
            <Shape><Polygon POINTS="224 999 223 1028 291 1029 298 1036 299 1036 300 1036 301 1036 374 1030 408 1036 410 1037 479 1037 479 1036 481 1036 493 1030 524 1036 525 1037 623 1037 623 1036 624 1036 625 1036 632 1030 672 1036 673 1036 674 1036 688 1030 707 1036 708 1036 709 1036 710 1036 731 1030 951 1036 952 1036 983 1030 1002 1036 1003 1036 1004 1036 1005 1036 1023 1029 1024 1000 1023 982 224 980 224 999"/></Shape>
	    <String CONTENT="בית ישראל. ונהיה אנחנו וצאצאינו וצאצאי עמך בית"
                    HPOS="223.0"
                    VPOS="980.0"
                    WIDTH="801.0"
                    HEIGHT="57.0"
                    WC="0.9940455595652262"></String>
          </TextLine>

          
          
          <TextLine ID="eSc_line_78ba60bb"
                    TAGREFS="LT15288"
                    BASELINE="220 1051 1225 1054" 
                    HPOS="218.0"
                    VPOS="1027.0"
                    WIDTH="1007.0"
                    HEIGHT="69.0">
            <Shape><Polygon POINTS="220 1051 218 1092 319 1093 321 1093 322 1093 323 1093 333 1084 386 1084 423 1093 428 1093 558 1094 559 1094 560 1094 561 1094 562 1093 576 1086 612 1086 623 1093 624 1094 625 1094 626 1094 627 1094 637 1093 659 1088 672 1093 676 1094 677 1094 678 1094 679 1094 683 1093 697 1086 856 1086 867 1093 868 1094 869 1094 870 1094 872 1094 873 1094 878 1093 896 1088 911 1093 916 1094 917 1094 1002 1095 1003 1095 1004 1095 1005 1095 1008 1093 1015 1088 1030 1093 1039 1095 1040 1095 1041 1096 1193 1096 1193 1095 1194 1095 1199 1093 1208 1088 1220 1093 1225 1054 1224 1036 1145 1036 1145 1035 1136 1029 1135 1029 1134 1029 1133 1029 1097 1035 1095 1035 1093 1035 1062 1029 1060 1029 1024 1035 1021 1036 941 1036 940 1035 927 1029 926 1029 925 1029 839 1034 837 1034 821 1028 820 1028 819 1028 608 1034 574 1034 570 1034 538 1027 537 1027 495 1033 494 1034 309 1034 307 1033 300 1027 299 1027 298 1027 297 1027 220 1031 220 1051"/></Shape>
	    <String CONTENT=""
                    HPOS="218.0"
                    VPOS="1027.0"
                    WIDTH="1007.0"
                    HEIGHT="69.0"
                    WC="0.9941356333819302"></String>
          </TextLine>

          
          
          <TextLine ID="eSc_line_dba8d5d5"
                    TAGREFS="LT15288"
                    BASELINE="556 1102 904 1105" 
                    HPOS="555.0"
                    VPOS="1078.0"
                    WIDTH="349.0"
                    HEIGHT="64.0">
            <Shape><Polygon POINTS="556 1102 555 1130 591 1129 607 1131 644 1140 645 1140 647 1140 661 1133 671 1140 672 1140 673 1140 674 1140 676 1140 677 1140 677 1139 684 1131 688 1129 713 1129 720 1131 734 1141 736 1141 737 1141 738 1142 795 1142 795 1141 796 1141 797 1141 797 1140 804 1134 810 1140 811 1140 813 1140 863 1141 864 1141 866 1141 867 1141 878 1133 902 1133 904 1105 903 1089 850 1089 849 1088 838 1080 837 1080 836 1080 834 1080 793 1088 791 1088 790 1088 767 1080 766 1080 765 1080 763 1080 762 1080 754 1087 731 1078 730 1078 728 1078 727 1078 707 1087 660 1078 659 1078 657 1078 656 1078 643 1087 642 1088 614 1088 614 1087 606 1080 606 1078 605 1078 603 1078 602 1078 556 1086 556 1102"/></Shape>
	    <String CONTENT=""
                    HPOS="555.0"
                    VPOS="1078.0"
                    WIDTH="349.0"
                    HEIGHT="64.0"
                    WC="0.9949814230203629"></String>
          </TextLine>

          
          
          <TextLine ID="eSc_line_16e556f6"
                    TAGREFS="LT15288"
                    BASELINE="221 1157 1224 1163" 
                    HPOS="220.0"
                    VPOS="1127.0"
                    WIDTH="1004.0"
                    HEIGHT="79.0">
            <Shape><Polygon POINTS="221 1157 220 1181 325 1195 327 1195 328 1195 352 1187 378 1195 380 1195 381 1195 382 1195 408 1185 414 1184 421 1185 445 1194 446 1194 447 1194 477 1188 491 1184 506 1188 538 1197 540 1197 541 1197 542 1197 543 1197 554 1189 559 1185 567 1189 580 1195 582 1195 583 1195 584 1195 595 1190 605 1187 625 1191 662 1199 663 1199 665 1199 685 1193 700 1188 716 1193 732 1199 733 1199 734 1199 778 1195 848 1188 906 1197 915 1199 916 1199 917 1199 919 1199 919 1197 939 1187 970 1187 1021 1200 1022 1200 1023 1200 1024 1200 1054 1189 1078 1202 1085 1205 1086 1205 1087 1206 1222 1206 1224 1163 1222 1135 1192 1140 1147 1135 1119 1131 1118 1131 1117 1131 1109 1135 1093 1141 1047 1141 1026 1135 1009 1130 1008 1130 1006 1130 968 1135 932 1139 923 1135 915 1130 914 1130 870 1130 869 1130 849 1135 834 1137 809 1135 763 1129 762 1129 761 1129 760 1129 753 1135 749 1137 730 1135 708 1131 707 1131 692 1135 679 1137 672 1135 659 1129 657 1129 656 1129 655 1129 635 1135 621 1137 595 1135 541 1128 540 1128 495 1135 481 1136 471 1135 441 1128 400 1127 399 1127 398 1127 396 1127 388 1133 339 1127 338 1127 336 1127 311 1135 307 1135 221 1135 221 1157"/></Shape>
	    <String CONTENT=""
                    HPOS="220.0"
                    VPOS="1127.0"
                    WIDTH="1004.0"
                    HEIGHT="79.0"
                    WC="0.9912632620334625"></String>
          </TextLine>

          
          
          <TextLine ID="eSc_line_bc566d22"
                    TAGREFS="LT15288"
                    BASELINE="264 1208 1060 1211" 
                    HPOS="263.0"
                    VPOS="1182.0"
                    WIDTH="797.0"
                    HEIGHT="68.0">
            <Shape><Polygon POINTS="264 1208 263 1232 342 1248 344 1248 345 1248 364 1241 398 1248 399 1248 400 1248 401 1248 414 1240 436 1248 437 1248 439 1248 440 1248 476 1237 487 1235 555 1235 565 1240 580 1247 582 1247 583 1247 612 1241 625 1237 631 1241 642 1248 643 1248 644 1248 645 1248 678 1242 694 1249 695 1249 696 1249 697 1249 698 1249 709 1242 721 1236 743 1236 757 1243 760 1246 761 1246 762 1246 807 1249 808 1249 809 1249 823 1244 851 1236 878 1238 885 1246 887 1248 887 1249 888 1249 890 1249 891 1250 914 1250 914 1249 915 1249 916 1249 916 1248 919 1247 927 1238 955 1248 961 1249 962 1249 963 1250 1058 1250 1060 1211 1059 1193 931 1183 929 1183 928 1183 927 1183 917 1191 915 1193 910 1191 870 1184 869 1184 868 1184 845 1191 840 1193 833 1191 793 1185 792 1185 765 1191 760 1193 759 1191 749 1184 748 1184 746 1184 745 1184 744 1184 743 1184 732 1191 730 1194 682 1194 674 1191 636 1183 635 1183 633 1183 632 1183 621 1191 620 1193 567 1193 566 1191 553 1182 552 1182 550 1182 549 1182 548 1182 547 1182 538 1189 519 1184 518 1184 517 1184 516 1184 501 1191 500 1191 499 1191 465 1182 464 1182 463 1182 416 1189 406 1182 405 1182 404 1182 402 1182 401 1182 400 1182 387 1191 384 1191 264 1191 264 1208"/></Shape>
	    <String CONTENT=""
                    HPOS="263.0"
                    VPOS="1182.0"
                    WIDTH="797.0"
                    HEIGHT="68.0"
                    WC="0.9706761254505678"></String>
          </TextLine>

          
        </TextBlock>
        
        <TextBlock HPOS="214.0"
                   VPOS="1255.0"
                   WIDTH="1018.0"
                   HEIGHT="115.0"
                   ID="eSc_textblock_78571b4c"
                   TAGREFS="BT6909">
          <Shape><Polygon POINTS="214 1255 1232 1255 1232 1370 216 1370"/></Shape>
          
          
          <TextLine ID="eSc_line_095a381a"
                    TAGREFS="LT15288"
                    BASELINE="226 1261 1224 1267" 
                    HPOS="224.0"
                    VPOS="1237.0"
                    WIDTH="1000.0"
                    HEIGHT="51.0">
            <Shape><Polygon POINTS="226 1261 224 1288 1222 1288 1224 1267 1223 1247 1097 1241 1095 1241 1094 1241 1085 1246 1082 1247 1080 1246 1069 1241 1068 1241 1066 1241 1065 1241 1046 1246 1034 1248 992 1246 940 1242 939 1242 888 1244 855 1247 850 1244 838 1240 837 1240 836 1240 809 1244 802 1246 791 1244 742 1238 740 1238 739 1238 720 1244 714 1246 700 1244 659 1240 657 1240 656 1240 645 1244 642 1246 638 1244 625 1237 624 1237 623 1237 535 1243 518 1246 470 1246 466 1243 454 1237 453 1237 452 1237 451 1237 433 1243 428 1244 423 1243 402 1238 401 1238 400 1238 352 1243 347 1243 346 1243 339 1237 338 1237 336 1237 335 1237 334 1237 319 1243 318 1243 226 1243 226 1261"/></Shape>
	    <String CONTENT=""
                    HPOS="224.0"
                    VPOS="1237.0"
                    WIDTH="1000.0"
                    HEIGHT="51.0"
                    WC="0.9761939918001493"></String>
          </TextLine>

          
          
          <TextLine ID="eSc_line_51a1b8c1"
                    TAGREFS="LT15288"
                    BASELINE="228 1300 1228 1305" 
                    HPOS="227.0"
                    VPOS="1282.0"
                    WIDTH="1001.0"
                    HEIGHT="53.0">
            <Shape><Polygon POINTS="228 1300 227 1330 317 1331 318 1331 328 1330 375 1321 395 1330 400 1331 401 1331 402 1331 404 1331 407 1330 421 1324 436 1330 442 1331 443 1331 445 1331 461 1329 485 1326 490 1329 494 1332 495 1332 496 1332 497 1333 589 1333 589 1332 590 1332 600 1329 614 1323 725 1323 743 1327 755 1331 756 1331 757 1331 803 1327 850 1324 864 1327 887 1333 888 1333 890 1333 923 1327 934 1325 937 1326 943 1331 944 1331 945 1331 946 1331 1053 1329 1077 1335 1078 1335 1080 1335 1145 1329 1200 1335 1201 1335 1202 1335 1226 1325 1228 1305 1228 1286 228 1282 228 1300"/></Shape>
	    <String CONTENT=""
                    HPOS="227.0"
                    VPOS="1282.0"
                    WIDTH="1001.0"
                    HEIGHT="53.0"
                    WC="0.9732209069606585"></String>
          </TextLine>

          
          
          <TextLine ID="eSc_line_a0f9a9c0"
                    TAGREFS="LT15288"
                    BASELINE="600 1336 858 1338" 
                    HPOS="599.0"
                    VPOS="1320.0"
                    WIDTH="259.0"
                    HEIGHT="48.0">
            <Shape><Polygon POINTS="600 1336 599 1362 783 1368 784 1368 785 1368 786 1368 793 1362 856 1362 858 1338 857 1323 600 1320 600 1336"/></Shape>
	    <String CONTENT=""
                    HPOS="599.0"
                    VPOS="1320.0"
                    WIDTH="259.0"
                    HEIGHT="48.0"
                    WC="0.989950355887413"></String>
          </TextLine>

          
        </TextBlock>
        
        <TextBlock HPOS="216.0"
                   VPOS="1371.0"
                   WIDTH="1016.0"
                   HEIGHT="532.0"
                   ID="eSc_textblock_c8b86cb4"
                   TAGREFS="BT6909">
          <Shape><Polygon POINTS="1230 1899 250 1903 226 1889 216 1371 1232 1371"/></Shape>
          
          
          <TextLine ID="eSc_line_87e612d7"
                    TAGREFS="LT15288"
                    BASELINE="228 1392 1228 1400" 
                    HPOS="227.0"
                    VPOS="1361.0"
                    WIDTH="1001.0"
                    HEIGHT="83.0">
            <Shape><Polygon POINTS="228 1392 227 1418 310 1436 311 1436 312 1436 354 1421 365 1418 374 1422 393 1432 394 1432 395 1432 396 1432 430 1424 435 1422 439 1424 470 1438 471 1438 472 1438 473 1438 507 1425 522 1420 541 1426 560 1432 561 1432 562 1432 600 1431 601 1431 602 1431 607 1427 618 1421 676 1430 688 1431 689 1431 690 1431 691 1431 691 1430 709 1418 825 1432 826 1432 827 1432 851 1419 891 1434 893 1436 894 1436 896 1436 897 1436 898 1436 937 1420 965 1430 967 1430 968 1430 969 1430 1000 1420 1058 1420 1088 1440 1092 1443 1093 1443 1094 1443 1095 1444 1225 1444 1228 1400 1226 1375 1196 1369 1195 1369 1165 1374 1147 1378 1134 1374 1115 1369 1113 1369 1112 1369 1111 1369 1092 1374 1077 1378 1000 1378 982 1374 933 1366 932 1366 884 1374 870 1375 857 1373 805 1365 804 1365 746 1373 727 1375 686 1375 683 1373 660 1363 659 1363 657 1363 607 1371 556 1362 555 1362 554 1362 526 1372 523 1373 513 1372 451 1365 449 1365 405 1372 396 1373 392 1372 357 1361 356 1361 354 1361 353 1361 324 1372 322 1372 321 1372 294 1363 293 1363 292 1363 291 1363 289 1363 279 1372 276 1372 228 1372 228 1392"/></Shape>
	    <String CONTENT=""
                    HPOS="227.0"
                    VPOS="1361.0"
                    WIDTH="1001.0"
                    HEIGHT="83.0"
                    WC="0.9898600839078426"></String>
          </TextLine>

          
          
          <TextLine ID="eSc_line_ddc9c3eb"
                    TAGREFS="LT15288"
                    BASELINE="229 1446 1045 1446" 
                    HPOS="229.0"
                    VPOS="1421.0"
                    WIDTH="816.0"
                    HEIGHT="66.0">
            <Shape><Polygon POINTS="229 1446 229 1487 303 1487 303 1486 304 1486 305 1486 321 1477 372 1486 374 1486 375 1486 412 1477 445 1486 446 1486 447 1486 478 1485 479 1485 481 1485 481 1484 490 1477 606 1477 670 1486 671 1486 742 1477 884 1486 885 1486 886 1486 920 1477 934 1486 935 1486 937 1486 938 1486 987 1479 995 1486 997 1486 998 1486 999 1487 1044 1487 1045 1446 1045 1428 1021 1421 1020 1421 1018 1421 1017 1421 1003 1427 968 1421 967 1421 909 1427 789 1421 787 1421 750 1427 733 1421 732 1421 731 1421 229 1426 229 1446"/></Shape>
	    <String CONTENT=""
                    HPOS="229.0"
                    VPOS="1421.0"
                    WIDTH="816.0"
                    HEIGHT="66.0"
                    WC="0.9801728015854245"></String>
          </TextLine>

          
          
          <TextLine ID="eSc_line_baefaf4a"
                    TAGREFS="LT15288"
                    BASELINE="230 1498 1226 1501" 
                    HPOS="229.0"
                    VPOS="1474.0"
                    WIDTH="997.0"
                    HEIGHT="65.0">
            <Shape><Polygon POINTS="230 1498 229 1525 269 1526 291 1537 292 1537 293 1538 383 1538 383 1537 384 1537 410 1527 434 1537 435 1537 436 1537 475 1531 484 1537 485 1537 487 1537 488 1537 525 1531 562 1534 564 1534 565 1534 580 1527 615 1533 617 1533 645 1527 688 1537 689 1537 690 1537 725 1527 751 1538 753 1538 754 1539 886 1539 886 1538 887 1538 888 1538 899 1529 925 1538 926 1538 927 1539 999 1539 999 1538 1000 1538 1021 1528 1074 1528 1099 1538 1100 1538 1101 1538 1164 1529 1176 1538 1177 1538 1178 1538 1180 1539 1205 1539 1205 1538 1206 1538 1225 1527 1226 1501 1224 1475 1184 1484 1134 1484 1117 1475 1116 1475 1115 1475 1076 1475 1075 1475 1074 1475 1072 1475 1062 1483 909 1477 891 1477 890 1477 878 1477 795 1483 775 1478 767 1475 766 1475 765 1475 742 1478 709 1481 683 1478 653 1474 651 1474 650 1474 639 1478 635 1480 631 1479 623 1474 621 1474 620 1474 461 1479 393 1481 372 1480 312 1474 311 1474 230 1480 230 1498"/></Shape>
	    <String CONTENT=""
                    HPOS="229.0"
                    VPOS="1474.0"
                    WIDTH="997.0"
                    HEIGHT="65.0"
                    WC="0.9919884812373382"></String>
          </TextLine>

          
          
          <TextLine ID="eSc_line_cc4a7374"
                    TAGREFS="LT15288"
                    BASELINE="234 1547 1229 1555" 
                    HPOS="233.0"
                    VPOS="1523.0"
                    WIDTH="996.0"
                    HEIGHT="70.0">
            <Shape><Polygon POINTS="234 1547 233 1575 279 1586 280 1586 322 1580 360 1586 362 1586 363 1586 364 1586 372 1580 425 1587 427 1587 428 1587 451 1580 453 1579 457 1580 477 1587 478 1587 479 1587 481 1587 508 1580 512 1580 519 1580 580 1588 582 1588 583 1588 584 1588 593 1582 596 1580 624 1580 638 1582 667 1588 668 1588 670 1588 686 1584 698 1580 708 1584 719 1588 720 1588 721 1588 722 1588 724 1588 730 1584 736 1581 769 1581 810 1586 849 1590 850 1590 851 1590 862 1586 878 1581 887 1587 893 1591 894 1591 896 1591 897 1592 940 1592 940 1591 941 1591 943 1591 946 1588 955 1582 1011 1588 1032 1591 1033 1591 1034 1591 1039 1590 1058 1582 1089 1591 1097 1592 1098 1592 1099 1592 1107 1591 1135 1584 1152 1591 1154 1592 1155 1592 1157 1593 1226 1593 1229 1555 1226 1537 1110 1538 1100 1535 1078 1529 1077 1529 1010 1528 1009 1528 1008 1528 1006 1528 998 1535 991 1535 903 1537 899 1534 894 1531 893 1531 892 1531 891 1531 754 1533 733 1526 732 1526 624 1526 623 1526 621 1526 600 1533 535 1525 534 1525 427 1533 416 1533 411 1533 375 1525 374 1525 280 1532 276 1532 275 1532 250 1523 248 1523 247 1523 246 1523 245 1523 234 1529 234 1547"/></Shape>
	    <String CONTENT=""
                    HPOS="233.0"
                    VPOS="1523.0"
                    WIDTH="996.0"
                    HEIGHT="70.0"
                    WC="0.9916627318301099"></String>
          </TextLine>

          
          
          <TextLine ID="eSc_line_9de04549"
                    TAGREFS="LT15288"
                    BASELINE="230 1603 1226 1608" 
                    HPOS="229.0"
                    VPOS="1576.0"
                    WIDTH="997.0"
                    HEIGHT="73.0">
            <Shape><Polygon POINTS="230 1603 229 1642 353 1644 354 1644 356 1644 357 1644 368 1636 445 1641 446 1641 447 1641 467 1635 519 1642 520 1642 561 1635 573 1644 574 1644 576 1644 577 1644 578 1644 579 1644 594 1633 625 1641 626 1641 627 1641 629 1641 655 1633 713 1633 730 1645 731 1645 732 1645 733 1645 734 1645 757 1634 797 1646 798 1646 799 1646 801 1646 802 1646 803 1646 846 1634 887 1634 905 1646 906 1646 908 1646 909 1647 971 1647 971 1646 973 1646 974 1646 993 1635 1027 1635 1059 1647 1060 1647 1062 1647 1063 1647 1064 1647 1065 1647 1107 1636 1146 1647 1147 1647 1148 1649 1224 1649 1226 1608 1225 1590 1193 1582 1192 1582 1121 1588 1109 1588 1106 1587 1095 1580 1094 1580 1093 1580 1092 1580 1044 1587 1032 1588 1020 1587 976 1579 975 1579 876 1585 834 1587 828 1585 820 1579 819 1579 817 1579 816 1579 789 1584 771 1587 753 1584 727 1578 726 1578 697 1582 677 1586 648 1582 614 1578 613 1578 589 1581 561 1586 542 1581 530 1578 529 1578 528 1578 526 1578 516 1580 496 1586 481 1580 475 1578 473 1578 472 1578 471 1578 470 1578 467 1580 459 1585 396 1579 364 1576 363 1576 344 1579 294 1585 283 1578 282 1576 281 1576 280 1576 279 1576 230 1576 230 1603"/></Shape>
	    <String CONTENT=""
                    HPOS="229.0"
                    VPOS="1576.0"
                    WIDTH="997.0"
                    HEIGHT="73.0"
                    WC="0.9856170296669007"></String>
          </TextLine>

          
          
          <TextLine ID="eSc_line_9141b8dc"
                    TAGREFS="LT15288"
                    BASELINE="359 1653 1115 1657" 
                    HPOS="358.0"
                    VPOS="1629.0"
                    WIDTH="757.0"
                    HEIGHT="69.0">
            <Shape><Polygon POINTS="359 1653 358 1681 393 1688 394 1688 395 1688 406 1683 417 1693 417 1694 418 1694 419 1694 421 1694 422 1694 458 1683 476 1694 477 1694 478 1694 479 1695 500 1695 500 1694 501 1694 502 1694 502 1693 513 1683 543 1694 544 1694 546 1694 547 1694 564 1687 593 1694 594 1694 595 1694 596 1694 597 1694 609 1685 612 1685 655 1693 656 1693 657 1693 682 1686 685 1685 686 1686 696 1694 696 1695 697 1695 698 1695 700 1697 736 1697 736 1695 737 1695 754 1687 769 1695 771 1695 772 1695 773 1695 785 1689 805 1694 807 1694 808 1694 809 1694 825 1687 832 1685 839 1688 861 1697 862 1697 863 1697 905 1688 909 1688 911 1688 938 1697 939 1697 940 1698 964 1698 964 1697 965 1697 967 1697 975 1689 977 1687 987 1689 1004 1694 1005 1694 1006 1694 1026 1691 1044 1686 1051 1691 1060 1697 1062 1697 1063 1697 1064 1697 1112 1691 1115 1657 1113 1641 1014 1633 1012 1633 1011 1633 992 1640 991 1641 917 1641 916 1640 898 1632 897 1632 896 1632 791 1639 787 1639 786 1639 745 1630 744 1630 743 1630 730 1636 698 1630 697 1630 696 1630 677 1639 676 1639 674 1639 647 1630 645 1630 644 1630 643 1630 623 1639 621 1639 620 1639 606 1629 605 1629 603 1629 602 1629 554 1638 553 1638 502 1629 501 1629 500 1629 473 1636 452 1630 451 1630 449 1630 448 1630 433 1638 431 1638 359 1638 359 1653"/></Shape>
	    <String CONTENT=""
                    HPOS="358.0"
                    VPOS="1629.0"
                    WIDTH="757.0"
                    HEIGHT="69.0"
                    WC="0.9645332023501396"></String>
          </TextLine>

          
          
          <TextLine ID="eSc_line_e3f49fce"
                    TAGREFS="LT15288"
                    BASELINE="232 1709 1225 1713" 
                    HPOS="230.0"
                    VPOS="1680.0"
                    WIDTH="995.0"
                    HEIGHT="72.0">
            <Shape><Polygon POINTS="232 1709 230 1740 234 1744 234 1745 235 1745 236 1745 238 1745 275 1740 287 1748 288 1748 289 1748 291 1748 292 1748 315 1741 359 1746 360 1746 362 1746 363 1746 374 1739 401 1747 402 1747 404 1747 442 1740 459 1736 472 1740 501 1750 502 1750 504 1750 505 1750 536 1741 546 1739 579 1741 632 1746 633 1746 635 1746 644 1742 659 1738 685 1742 696 1745 697 1745 698 1745 700 1745 702 1744 712 1738 737 1744 749 1746 750 1746 751 1746 759 1744 767 1741 772 1744 779 1750 780 1750 781 1750 783 1750 784 1750 801 1745 821 1739 893 1739 904 1746 905 1747 906 1747 908 1747 909 1747 910 1747 915 1746 938 1740 949 1746 953 1750 955 1750 956 1750 957 1750 958 1750 968 1747 992 1740 1059 1740 1071 1748 1076 1752 1077 1752 1078 1752 1080 1752 1223 1750 1225 1713 1225 1689 1211 1682 1210 1682 1113 1682 1112 1682 1111 1682 1097 1689 1087 1695 1000 1695 991 1689 987 1688 986 1688 985 1688 967 1689 926 1693 899 1689 850 1682 849 1682 848 1682 846 1682 834 1689 828 1693 791 1689 727 1683 726 1683 689 1689 674 1692 668 1689 645 1680 644 1680 643 1680 547 1689 546 1689 512 1680 511 1680 510 1680 508 1680 473 1689 451 1680 449 1680 448 1680 447 1680 421 1689 418 1691 408 1689 362 1685 360 1685 232 1689 232 1709"/></Shape>
	    <String CONTENT=""
                    HPOS="230.0"
                    VPOS="1680.0"
                    WIDTH="995.0"
                    HEIGHT="72.0"
                    WC="0.9808018353520608"></String>
          </TextLine>

          
          
          <TextLine ID="eSc_line_d911e799"
                    TAGREFS="LT15288"
                    BASELINE="232 1764 1051 1764" 
                    HPOS="232.0"
                    VPOS="1736.0"
                    WIDTH="819.0"
                    HEIGHT="66.0">
            <Shape><Polygon POINTS="232 1764 232 1793 288 1801 289 1801 291 1801 292 1801 304 1794 315 1801 316 1801 317 1801 318 1801 451 1794 470 1800 471 1800 472 1800 526 1794 536 1801 537 1801 538 1801 540 1802 596 1802 596 1801 597 1801 599 1801 599 1800 606 1794 656 1801 657 1801 659 1801 677 1794 700 1801 701 1801 702 1802 742 1802 742 1801 743 1801 744 1801 755 1794 778 1801 779 1801 780 1801 851 1794 890 1801 891 1801 892 1801 893 1801 902 1794 915 1801 916 1801 917 1801 919 1801 934 1795 943 1801 944 1801 945 1801 946 1802 1018 1802 1018 1801 1020 1801 1051 1793 1051 1764 1051 1745 1003 1736 1002 1736 1000 1736 980 1745 837 1745 816 1736 815 1736 814 1736 813 1736 791 1744 761 1736 760 1736 759 1736 757 1736 727 1744 715 1736 714 1736 713 1736 674 1736 673 1736 637 1744 630 1738 629 1738 627 1738 523 1736 522 1736 520 1736 519 1736 511 1745 481 1745 452 1736 451 1736 449 1736 448 1736 430 1745 303 1745 261 1736 259 1736 258 1736 232 1744 232 1764"/></Shape>
	    <String CONTENT=""
                    HPOS="232.0"
                    VPOS="1736.0"
                    WIDTH="819.0"
                    HEIGHT="66.0"
                    WC="0.9818085600168277"></String>
          </TextLine>

          
          
          <TextLine ID="eSc_line_87016d9e"
                    TAGREFS="LT15288"
                    BASELINE="235 1812 1224 1817" 
                    HPOS="234.0"
                    VPOS="1794.0"
                    WIDTH="990.0"
                    HEIGHT="64.0">
            <Shape><Polygon POINTS="235 1812 234 1852 269 1847 281 1854 282 1854 283 1854 285 1855 417 1855 417 1854 419 1854 464 1846 487 1854 490 1855 491 1855 493 1855 524 1854 706 1847 726 1855 730 1857 731 1857 732 1857 733 1857 737 1855 759 1848 809 1855 811 1855 813 1855 814 1855 815 1855 827 1848 899 1848 914 1857 915 1857 916 1857 917 1857 923 1857 975 1848 1041 1848 1054 1857 1056 1858 1057 1858 1058 1858 1059 1858 1222 1857 1224 1817 1223 1799 235 1794 235 1812"/></Shape>
	    <String CONTENT=""
                    HPOS="234.0"
                    VPOS="1794.0"
                    WIDTH="990.0"
                    HEIGHT="64.0"
                    WC="0.9944741301811658"></String>
          </TextLine>

          
          
          <TextLine ID="eSc_line_edb902bd"
                    TAGREFS="LT15288"
                    BASELINE="394 1864 1045 1869" 
                    HPOS="393.0"
                    VPOS="1841.0"
                    WIDTH="652.0"
                    HEIGHT="75.0">
            <Shape><Polygon POINTS="394 1864 393 1897 478 1908 479 1908 481 1908 511 1901 514 1900 517 1901 531 1908 532 1908 534 1908 574 1906 587 1913 588 1913 589 1913 590 1913 591 1913 609 1907 651 1913 653 1913 654 1913 671 1905 678 1901 689 1905 701 1908 702 1908 703 1908 704 1908 706 1908 709 1905 716 1901 748 1905 748 1906 756 1913 756 1914 757 1914 759 1914 760 1914 761 1914 762 1914 773 1907 778 1903 783 1907 791 1914 792 1914 793 1914 795 1916 862 1916 862 1914 863 1914 864 1914 870 1908 879 1902 911 1910 939 1916 940 1916 1042 1912 1045 1869 1044 1853 994 1853 994 1852 979 1845 977 1845 976 1845 934 1852 931 1852 927 1852 881 1842 880 1842 879 1842 863 1851 836 1843 834 1843 833 1843 787 1851 786 1851 785 1851 775 1842 774 1842 773 1842 772 1842 732 1851 728 1851 721 1845 720 1845 719 1845 718 1845 663 1849 662 1849 654 1842 654 1841 653 1841 651 1841 597 1841 596 1841 595 1841 580 1849 579 1849 577 1849 547 1841 546 1841 544 1841 543 1841 528 1848 526 1848 446 1842 445 1842 394 1847 394 1864"/></Shape>
	    <String CONTENT=""
                    HPOS="393.0"
                    VPOS="1841.0"
                    WIDTH="652.0"
                    HEIGHT="75.0"
                    WC="0.9900083970278502"></String>
          </TextLine>

          
        </TextBlock>
        

        
      </PrintSpace>
    </Page>
  </Layout>
</alto>
