<?xml version="1.0" encoding="UTF-8"?>
<alto xmlns:xsi="http://www.w3.org/2001/XMLSchema-instance"
      xmlns="http://www.loc.gov/standards/alto/ns-v4#"
      xsi:schemaLocation="http://www.loc.gov/standards/alto/ns-v4# http://www.loc.gov/standards/alto/v4/alto-4-2.xsd">
  <Description>
    <MeasurementUnit>pixel</MeasurementUnit>
    <sourceImageInformation>
      <fileName>IE87705971_00006.jpg</fileName>
      <fileIdentifier>mets//export_doc4366_1col_14_copy_alto_202404261215.zip/IE87705971_00006.jpg</fileIdentifier>
    </sourceImageInformation>
  </Description>
  
  <Tags>
    <OtherTag ID="BT6914" LABEL="Handwritten" DESCRIPTION="block type Handwritten"/><OtherTag ID="BT6913" LABEL="RunningHeader" DESCRIPTION="block type RunningHeader"/><OtherTag ID="BT6912" LABEL="Catchword" DESCRIPTION="block type Catchword"/><OtherTag ID="BT6911" LABEL="Margin" DESCRIPTION="block type Margin"/><OtherTag ID="BT6910" LABEL="FooterCentral" DESCRIPTION="block type FooterCentral"/><OtherTag ID="BT6909" LABEL="MainCentral" DESCRIPTION="block type MainCentral"/><OtherTag ID="BT6908" LABEL="Header" DESCRIPTION="block type Header"/><OtherTag ID="BT4" LABEL="Illustration" DESCRIPTION="block type Illustration"/><OtherTag ID="BT3" LABEL="Commentary" DESCRIPTION="block type Commentary"/><OtherTag ID="BT2" LABEL="Main" DESCRIPTION="block type Main"/><OtherTag ID="BT1" LABEL="Title" DESCRIPTION="block type Title"/>
    <OtherTag ID="LT15289" LABEL="Handwritten" DESCRIPTION="line type Handwritten"/><OtherTag ID="LT15288" LABEL="MainCentral" DESCRIPTION="line type MainCentral"/><OtherTag ID="LT15287" LABEL="NotMain" DESCRIPTION="line type NotMain"/>
  </Tags>
  
  <Layout>
    <Page WIDTH="706"
          HEIGHT="1316"
          PHYSICAL_IMG_NR="44"
          ID="eSc_dummypage_">
      <PrintSpace HPOS="0"
                  VPOS="0"
                  WIDTH="706"
                  HEIGHT="1316">
        
        <TextBlock HPOS="23.0"
                   VPOS="122.0"
                   WIDTH="639.0"
                   HEIGHT="1003.0"
                   ID="eSc_textblock_ecc457fb"
                   TAGREFS="BT6909">
          <Shape><Polygon POINTS="46 122 662 128 656 1125 23 1116 32 210 35 128 46 122"/></Shape>
          
          
          <TextLine ID="eSc_line_a03ea983"
                    TAGREFS="LT15288"
                    BASELINE="52 141 478 163 491 167 656 170" 
                    HPOS="49.0"
                    VPOS="139.0"
                    WIDTH="606.0"
                    HEIGHT="74.0">
            <Shape><Polygon POINTS="456 160 445 159 434 159 423 157 412 156 401 156 390 155 379 155 368 154 357 154 346 153 335 153 325 152 314 152 303 151 292 151 281 150 270 150 259 149 248 149 237 148 226 148 215 146 204 146 193 145 182 145 171 144 160 144 149 143 138 143 127 142 116 142 105 141 94 141 84 140 73 140 62 139 51 139 51 140 49 172 66 184 68 184 69 184 93 186 94 186 95 186 120 175 122 174 182 178 183 179 195 189 196 189 197 189 198 189 199 189 200 189 200 188 208 182 234 190 236 190 237 190 238 190 239 190 245 184 251 180 306 182 343 191 360 195 361 195 362 195 367 193 371 191 372 194 377 198 377 199 378 199 379 199 380 199 382 199 394 195 415 188 446 199 461 203 462 203 463 203 464 203 465 203 469 200 485 191 511 203 521 208 522 208 651 213 655 169 655 154 507 144 506 144 505 144 503 144 498 149 490 154 468 154 467 160"/></Shape>
	    <String CONTENT="אהבת עולם בית ישראל עמך"
                    HPOS="49.0"
                    VPOS="139.0"
                    WIDTH="606.0"
                    HEIGHT="74.0"
                    WC="0.984977496167024"></String>
          </TextLine>

          
          
          <TextLine ID="eSc_line_7962925f"
                    TAGREFS="LT15288"
                    BASELINE="45 195 487 216" 
                    HPOS="41.0"
                    VPOS="172.0"
                    WIDTH="445.0"
                    HEIGHT="74.0">
            <Shape><Polygon POINTS="43 194 41 221 110 233 111 233 113 233 132 227 138 233 139 233 139 234 140 234 141 234 142 234 175 229 181 229 187 230 210 236 211 236 213 236 262 234 273 234 276 235 296 242 297 242 298 242 349 240 366 239 482 246 486 214 486 196 430 187 429 187 428 187 427 187 420 194 419 194 383 193 382 191 371 184 370 184 368 184 367 184 331 189 323 189 261 186 261 185 256 179 255 179 255 178 254 178 253 178 252 178 251 178 236 183 114 172 113 172 111 172 97 177 96 177 43 175 43 194"/></Shape>
	    <String CONTENT="אהבת. תורה ומצות"
                    HPOS="41.0"
                    VPOS="172.0"
                    WIDTH="445.0"
                    HEIGHT="74.0"
                    WC="0.9890914969146252"></String>
          </TextLine>

          
          
          <TextLine ID="eSc_line_73b26191"
                    TAGREFS="LT15288"
                    BASELINE="40 248 418 266 493 272 654 275" 
                    HPOS="37.0"
                    VPOS="218.0"
                    WIDTH="616.0"
                    HEIGHT="92.0">
            <Shape><Polygon POINTS="37 275 62 287 63 287 64 287 65 287 90 277 91 277 117 284 118 284 119 284 153 280 158 280 159 280 174 291 175 291 176 291 177 291 178 291 208 284 211 282 213 284 219 290 219 291 220 291 221 291 222 291 223 291 242 286 251 293 251 295 252 295 253 295 254 295 255 295 283 288 288 286 290 288 297 295 297 296 298 296 299 296 300 296 338 290 351 289 385 291 387 293 396 300 397 300 398 300 399 300 400 300 401 300 409 295 423 302 424 302 426 302 461 298 480 295 487 299 496 305 497 305 498 305 615 310 617 310 618 310 626 307 637 301 647 308 653 274 653 251 623 243 622 243 621 243 620 243 604 248 596 252 529 251 512 244 497 237 496 237 495 237 475 242 453 246 438 240 426 234 424 234 423 234 422 234 410 237 395 243 383 237 382 237 380 237 335 241 321 233 317 231 316 231 315 231 307 232 273 239 258 239 249 229 247 228 247 227 245 227 244 227 243 227 242 227 237 228 226 231 207 227 196 224 195 224 183 225 119 232 96 231 84 220 83 220 82 220 40 218 39 247 37 275"/></Shape>
	    <String CONTENT="חקים ומשפטים אותנו למדת. על"
                    HPOS="37.0"
                    VPOS="218.0"
                    WIDTH="616.0"
                    HEIGHT="92.0"
                    WC="0.9858554807993082"></String>
          </TextLine>

          
          
          <TextLine ID="eSc_line_30d3fbe8"
                    TAGREFS="LT15288"
                    BASELINE="38 301 381 315 531 325 656 328" 
                    HPOS="35.0"
                    VPOS="278.0"
                    WIDTH="620.0"
                    HEIGHT="87.0">
            <Shape><Polygon POINTS="37 300 35 326 65 334 66 334 92 331 121 344 122 344 124 344 161 341 180 346 181 346 182 346 183 346 210 337 215 335 217 337 223 344 223 345 225 345 226 345 227 345 256 339 259 339 261 339 298 352 299 352 363 354 364 354 365 354 382 346 391 343 402 348 424 357 426 357 427 357 461 352 471 349 478 352 500 360 501 360 502 360 503 360 505 360 514 354 521 350 576 350 598 350 606 359 610 364 610 365 611 365 612 365 613 365 652 361 655 327 655 311 590 309 589 308 578 301 577 301 576 301 575 301 542 305 540 305 525 296 524 296 523 296 522 296 521 296 502 303 482 293 480 293 479 293 417 298 407 290 406 290 405 290 404 290 402 290 386 299 363 299 362 298 326 287 325 287 323 287 297 291 279 285 278 285 277 285 186 290 184 290 183 290 152 279 151 279 150 279 149 279 148 279 137 287 124 278 122 278 121 278 120 278 37 284 37 300"/></Shape>
	    <String CONTENT="כן ה' אלהינו בשכבנו ובקומנו"
                    HPOS="35.0"
                    VPOS="278.0"
                    WIDTH="620.0"
                    HEIGHT="87.0"
                    WC="0.9945789597652577"></String>
          </TextLine>

          
          
          <TextLine ID="eSc_line_5bc82235"
                    TAGREFS="LT15288"
                    BASELINE="36 354 283 363 493 376 656 380" 
                    HPOS="32.0"
                    VPOS="330.0"
                    WIDTH="623.0"
                    HEIGHT="85.0">
            <Shape><Polygon POINTS="35 353 32 378 74 386 75 386 104 382 111 382 119 383 157 393 158 393 159 393 160 393 180 388 186 386 192 388 207 395 208 395 209 395 232 390 237 390 244 391 278 398 279 398 303 394 322 392 330 396 339 402 340 402 341 402 342 402 370 399 396 395 426 402 450 407 451 407 485 405 546 402 554 409 554 410 555 410 556 410 557 410 558 410 575 404 583 411 583 412 584 412 585 412 586 412 587 412 588 412 596 405 651 415 655 379 655 361 378 343 377 343 376 343 354 348 353 348 351 348 328 341 327 341 326 341 325 341 303 346 300 346 289 345 194 336 193 336 131 338 127 338 124 338 73 330 72 330 35 334 35 353"/></Shape>
	    <String CONTENT="נשיח בחקיך. ונשמח בדברי תורתך"
                    HPOS="32.0"
                    VPOS="330.0"
                    WIDTH="623.0"
                    HEIGHT="85.0"
                    WC="0.9767190771443504"></String>
          </TextLine>

          
          
          <TextLine ID="eSc_line_aeecf781"
                    TAGREFS="LT15288"
                    BASELINE="40 405 185 410 313 419 524 429 659 432" 
                    HPOS="37.0"
                    VPOS="382.0"
                    WIDTH="621.0"
                    HEIGHT="84.0">
            <Shape><Polygon POINTS="39 404 37 430 74 441 75 441 76 441 77 441 79 441 87 436 103 443 104 443 105 443 106 443 107 443 117 436 118 435 121 436 139 441 140 441 141 441 189 439 208 439 210 440 220 449 220 450 221 450 222 450 245 451 247 451 248 451 265 444 272 441 287 445 311 451 312 451 314 451 332 448 343 446 352 449 373 457 374 457 375 457 398 452 416 458 417 458 418 458 419 458 433 454 445 449 451 455 455 459 455 460 456 460 457 460 506 462 507 462 508 462 516 458 524 454 535 459 544 463 545 463 655 466 658 430 658 416 619 405 618 405 617 405 587 411 538 404 536 404 535 404 521 410 429 407 428 406 402 394 401 394 325 391 323 391 322 391 290 400 242 390 241 390 184 395 182 395 171 386 171 384 170 384 169 384 167 384 166 384 151 390 120 382 119 382 118 382 117 382 82 391 81 391 39 390 39 404"/></Shape>
	    <String CONTENT="ובמצותיך לעולם ועד: כי הם"
                    HPOS="37.0"
                    VPOS="382.0"
                    WIDTH="621.0"
                    HEIGHT="84.0"
                    WC="0.999765175084273"></String>
          </TextLine>

          
          
          <TextLine ID="eSc_line_0ed4e211"
                    TAGREFS="LT15288"
                    BASELINE="40 459 654 482" 
                    HPOS="37.0"
                    VPOS="434.0"
                    WIDTH="616.0"
                    HEIGHT="80.0">
            <Shape><Polygon POINTS="39 458 37 488 70 484 104 492 125 496 126 496 127 496 136 493 153 486 171 494 177 497 178 497 180 497 194 495 232 490 241 497 243 498 243 500 244 500 245 500 247 500 256 498 276 495 306 501 329 504 330 504 331 504 337 502 345 497 355 502 359 504 360 504 361 504 362 504 367 503 391 496 445 496 500 508 514 511 585 513 586 513 587 513 589 512 600 506 648 514 653 481 653 464 617 457 615 457 614 457 604 461 602 462 599 461 586 457 585 457 584 457 542 459 523 459 521 458 514 452 514 451 513 451 512 451 511 451 478 456 463 457 443 454 408 447 407 447 406 447 397 451 389 455 357 449 342 447 341 447 325 448 277 450 237 444 214 439 213 439 211 439 205 441 191 447 182 441 181 441 180 441 178 441 157 446 147 438 144 437 143 437 142 437 141 437 129 438 101 440 39 434 39 458"/></Shape>
	    <String CONTENT="חיינו וארך ימינו ובהם נהגה"
                    HPOS="37.0"
                    VPOS="434.0"
                    WIDTH="616.0"
                    HEIGHT="80.0"
                    WC="0.9879466030332777"></String>
          </TextLine>

          
          
          <TextLine ID="eSc_line_bdc49921"
                    TAGREFS="LT15288"
                    BASELINE="32 510 314 523 360 527 656 532" 
                    HPOS="29.0"
                    VPOS="488.0"
                    WIDTH="626.0"
                    HEIGHT="76.0">
            <Shape><Polygon POINTS="31 509 29 539 48 539 49 539 63 549 64 549 65 549 66 549 107 542 113 541 119 542 161 552 162 552 210 546 225 545 227 547 234 553 234 554 236 554 237 554 238 554 274 549 282 548 284 549 296 557 297 557 298 557 299 557 300 557 316 551 317 550 319 551 333 558 334 558 335 559 371 559 371 558 388 553 404 550 413 554 424 560 426 560 427 560 446 557 456 554 464 557 476 561 477 561 478 561 479 561 486 558 494 553 505 559 514 563 516 563 517 563 518 563 525 560 532 557 539 560 546 563 547 563 652 564 655 531 655 516 543 502 542 502 541 502 540 502 530 508 522 503 522 502 521 502 520 502 519 502 518 502 498 507 478 498 477 498 476 498 475 498 455 506 446 509 436 505 432 504 431 504 430 504 409 504 349 506 340 501 330 495 329 495 328 495 327 495 326 495 325 495 320 500 316 496 316 495 315 495 314 495 312 495 267 497 205 502 189 494 181 490 180 490 141 489 140 489 139 489 131 492 121 495 31 488 31 509"/></Shape>
	    <String CONTENT="יומם ולילה: ואהבתך אל תסיר"
                    HPOS="29.0"
                    VPOS="488.0"
                    WIDTH="626.0"
                    HEIGHT="76.0"
                    WC="0.9960165253052344"></String>
          </TextLine>

          
          
          <TextLine ID="eSc_line_91c43817"
                    TAGREFS="LT15288"
                    BASELINE="31 561 129 564 182 570 650 587" 
                    HPOS="29.0"
                    VPOS="540.0"
                    WIDTH="619.0"
                    HEIGHT="81.0">
            <Shape><Polygon POINTS="30 560 29 586 128 604 129 604 174 595 187 593 242 594 245 599 247 599 247 600 248 600 249 600 250 600 251 600 252 600 253 599 258 596 263 600 274 608 275 608 276 608 305 610 306 610 307 610 326 604 329 603 337 605 373 613 374 613 375 613 376 613 376 611 382 607 387 602 409 608 429 615 430 615 483 617 484 617 499 614 531 606 551 617 558 620 559 620 561 620 583 618 610 616 644 621 648 586 648 568 613 560 612 560 581 564 563 566 503 561 419 552 418 552 395 556 376 559 364 554 353 550 352 550 351 550 350 550 342 553 332 558 298 551 287 550 286 550 277 551 247 554 229 549 218 545 217 545 216 545 215 545 206 548 191 552 172 546 161 542 160 542 159 542 146 545 135 547 30 540 30 560"/></Shape>
	    <String CONTENT="ממנו לעולמים. ברוך אתה ה'."
                    HPOS="29.0"
                    VPOS="540.0"
                    WIDTH="619.0"
                    HEIGHT="81.0"
                    WC="0.9896625924110413"></String>
          </TextLine>

          
          
          <TextLine ID="eSc_line_cb053664"
                    TAGREFS="LT15288"
                    BASELINE="145 623 536 632" 
                    HPOS="143.0"
                    VPOS="599.0"
                    WIDTH="392.0"
                    HEIGHT="64.0">
            <Shape><Polygon POINTS="144 622 143 647 204 655 205 655 233 651 240 650 243 651 264 660 265 660 266 660 310 654 323 652 331 654 351 662 352 662 353 663 533 663 535 631 534 615 472 614 471 613 454 604 453 604 452 604 410 611 400 613 388 610 340 600 261 599 260 599 259 599 243 607 242 607 241 607 226 602 225 602 223 602 222 602 206 606 196 608 144 605 144 622"/></Shape>
	    <String CONTENT="אוהב עמו ישראל:"
                    HPOS="143.0"
                    VPOS="599.0"
                    WIDTH="392.0"
                    HEIGHT="64.0"
                    WC="0.9859603881835938"></String>
          </TextLine>

          
          
          <TextLine ID="eSc_line_490e3ffa"
                    TAGREFS="LT15288"
                    BASELINE="168 671 514 677" 
                    HPOS="166.0"
                    VPOS="645.0"
                    WIDTH="347.0"
                    HEIGHT="64.0">
            <Shape><Polygon POINTS="167 670 166 695 187 704 188 704 189 704 191 704 214 697 221 704 221 705 222 705 223 705 225 705 260 698 318 706 319 706 320 706 339 699 385 699 396 708 397 708 398 708 399 708 427 702 496 709 497 709 498 709 512 701 513 676 513 660 360 658 351 652 341 648 340 648 339 648 300 651 249 654 231 648 226 645 225 645 167 645 167 670"/></Shape>
	    <String CONTENT="שמע יחיד אומר: אל מלך נאמן:"
                    HPOS="166.0"
                    VPOS="645.0"
                    WIDTH="347.0"
                    HEIGHT="64.0"
                    WC="0.9899373469145402"></String>
          </TextLine>

          
          
          <TextLine ID="eSc_line_d09656ea"
                    TAGREFS="LT15288"
                    BASELINE="40 719 351 727 640 742" 
                    HPOS="39.0"
                    VPOS="693.0"
                    WIDTH="601.0"
                    HEIGHT="85.0">
            <Shape><Polygon POINTS="39 748 52 757 53 757 54 757 54 757 55 757 56 757 69 749 89 755 90 755 91 755 92 755 108 750 122 746 148 746 194 755 209 758 210 758 219 756 240 752 254 758 255 758 256 758 256 758 257 758 258 758 271 753 286 754 308 761 323 765 324 765 324 765 325 765 331 762 348 754 375 754 386 763 387 763 387 763 400 764 401 764 447 758 474 761 485 768 486 768 487 768 487 768 488 768 495 766 506 772 510 774 511 774 580 776 581 776 584 776 609 770 636 778 640 742 640 723 550 720 547 717 533 712 532 712 531 712 531 712 519 716 515 717 498 715 479 712 478 712 466 714 457 715 454 713 444 708 443 708 442 708 425 712 425 712 423 712 408 706 408 706 374 705 373 705 373 705 361 709 354 710 346 708 338 705 338 705 337 705 313 706 296 706 280 704 252 700 251 700 250 700 242 702 232 706 217 706 209 701 207 699 206 699 205 699 204 699 204 699 201 701 192 706 180 706 171 699 171 698 171 698 170 698 169 698 166 698 137 704 97 703 76 694 76 694 75 694 74 694 73 694 53 697 42 693 40 719 39 748"/></Shape>
	    <String CONTENT="שמע ישראל ה' אלהינו ה' אח"
                    HPOS="39.0"
                    VPOS="693.0"
                    WIDTH="601.0"
                    HEIGHT="85.0"
                    WC="0.9665085902580848"></String>
          </TextLine>

          
          
          <TextLine ID="eSc_line_125845d5"
                    TAGREFS="LT15288"
                    BASELINE="162 776 466 785 472 785 517 788" 
                    HPOS="160.0"
                    VPOS="746.0"
                    WIDTH="356.0"
                    HEIGHT="75.0">
            <Shape><Polygon POINTS="161 775 160 808 172 802 178 808 183 812 184 812 185 812 186 812 187 812 188 812 194 809 205 802 279 803 288 810 293 813 294 813 295 813 296 813 391 813 410 819 411 819 412 819 413 819 433 812 435 812 438 812 477 821 478 821 513 813 516 787 516 769 491 769 489 767 480 759 479 759 478 759 477 759 454 765 444 767 439 764 428 757 427 757 426 757 424 757 402 762 385 765 371 759 352 752 351 752 350 752 349 752 330 757 311 762 304 755 297 750 296 750 295 750 294 750 293 750 277 753 269 755 254 752 238 749 237 749 236 749 231 751 213 759 197 749 197 747 196 747 195 747 161 746 161 775"/></Shape>
	    <String CONTENT=""
                    HPOS="160.0"
                    VPOS="746.0"
                    WIDTH="356.0"
                    HEIGHT="75.0"
                    WC="0.9728284197695115"></String>
          </TextLine>

          
          
          <TextLine ID="eSc_line_6c74c11c"
                    TAGREFS="LT15288"
                    BASELINE="21 823 341 831 367 834 635 845" 
                    HPOS="19.0"
                    VPOS="793.0"
                    WIDTH="615.0"
                    HEIGHT="90.0">
            <Shape><Polygon POINTS="20 822 19 848 36 848 37 849 47 857 47 858 48 858 49 858 50 858 51 858 52 858 61 852 102 859 103 859 104 859 121 854 129 852 132 855 151 869 152 869 153 869 154 869 155 869 176 858 196 864 197 864 198 864 221 859 231 858 233 860 239 865 239 866 240 866 241 866 242 866 271 863 318 857 348 857 377 869 387 872 388 872 389 872 400 870 432 863 453 874 464 879 465 879 630 883 634 844 633 815 564 821 512 811 501 809 500 809 494 810 458 818 431 808 424 806 423 806 422 806 421 806 417 807 406 812 393 807 391 807 390 807 389 807 363 813 297 813 289 806 288 806 287 806 286 806 249 811 234 802 233 802 232 802 231 802 198 807 182 799 180 798 178 798 177 798 176 798 174 799 152 808 141 801 140 801 139 801 138 801 137 801 115 807 104 797 104 796 103 796 102 796 101 796 99 796 98 796 79 806 70 797 70 796 69 796 68 796 20 793 20 822"/></Shape>
	    <String CONTENT=""
                    HPOS="19.0"
                    VPOS="793.0"
                    WIDTH="615.0"
                    HEIGHT="90.0"
                    WC="0.9859559819811866"></String>
          </TextLine>

          
          
          <TextLine ID="eSc_line_095a8d0a"
                    TAGREFS="LT15288"
                    BASELINE="22 875 452 886" 
                    HPOS="21.0"
                    VPOS="850.0"
                    WIDTH="431.0"
                    HEIGHT="69.0">
            <Shape><Polygon POINTS="21 905 46 909 47 909 48 909 54 907 59 905 62 907 66 910 67 910 68 910 89 910 90 910 91 910 92 910 92 910 94 908 98 904 111 908 111 908 112 908 113 908 114 908 124 900 160 900 166 906 167 906 168 906 192 907 196 911 198 913 198 913 199 913 200 913 201 913 210 912 242 906 294 915 302 916 302 916 313 915 325 914 326 914 327 914 337 906 361 906 369 914 369 915 370 915 370 915 449 919 452 886 452 867 419 859 418 859 396 864 388 866 376 864 370 862 370 862 361 863 341 864 337 861 333 859 332 859 332 859 331 859 321 861 305 864 299 860 294 856 293 856 292 856 291 856 278 859 274 856 274 856 273 856 272 856 272 856 271 856 263 859 253 863 235 863 228 858 227 856 226 856 226 856 225 856 224 856 223 856 223 857 223 857 218 862 195 856 184 853 183 853 182 853 182 853 176 856 162 861 141 856 141 856 109 859 102 855 101 855 100 855 23 850 22 875 21 905"/></Shape>
	    <String CONTENT=""
                    HPOS="21.0"
                    VPOS="850.0"
                    WIDTH="431.0"
                    HEIGHT="69.0"
                    WC="0.9657665428362394"></String>
          </TextLine>

          
          
          <TextLine ID="eSc_line_93907be0"
                    TAGREFS="LT15288"
                    BASELINE="22 926 299 933 633 947" 
                    HPOS="21.0"
                    VPOS="905.0"
                    WIDTH="612.0"
                    HEIGHT="77.0">
            <Shape><Polygon POINTS="22 926 21 952 53 962 54 962 54 962 80 958 120 964 121 964 122 964 136 958 139 957 144 959 157 962 158 962 158 962 169 959 177 958 185 960 197 964 198 964 198 964 217 962 226 961 238 963 266 968 267 968 285 965 302 962 356 965 362 969 371 973 372 973 373 973 386 970 404 966 431 972 447 976 447 976 448 976 455 973 466 970 471 974 474 976 474 976 475 976 476 976 487 975 506 973 511 976 513 978 514 978 515 978 515 978 545 978 606 977 611 981 611 981 612 981 613 981 613 982 631 982 633 947 633 929 575 929 569 927 553 921 552 921 551 921 513 924 419 918 419 918 406 920 395 921 377 919 347 914 324 913 323 913 322 913 316 916 313 918 305 916 294 913 294 913 263 911 262 911 261 911 256 914 253 915 249 913 240 910 239 910 239 910 205 912 162 913 22 905 22 926"/></Shape>
	    <String CONTENT=""
                    HPOS="21.0"
                    VPOS="905.0"
                    WIDTH="612.0"
                    HEIGHT="77.0"
                    WC="0.9942631262999314"></String>
          </TextLine>

          
          
          <TextLine ID="eSc_line_d2f2ee00"
                    TAGREFS="LT15288"
                    BASELINE="20 979 173 981 452 993 637 995" 
                    HPOS="17.0"
                    VPOS="955.0"
                    WIDTH="619.0"
                    HEIGHT="75.0">
            <Shape><Polygon POINTS="19 978 17 1007 54 1004 87 1012 114 1017 115 1017 116 1017 117 1017 125 1013 129 1011 196 1011 204 1015 211 1020 213 1020 214 1020 215 1020 234 1016 259 1011 266 1017 273 1023 274 1023 275 1023 276 1023 319 1019 377 1014 389 1022 396 1026 397 1026 398 1026 418 1027 419 1027 458 1024 523 1018 541 1027 548 1030 550 1030 551 1030 573 1028 602 1024 633 1029 636 994 636 980 624 974 623 974 622 974 577 979 574 979 562 971 561 971 559 971 558 971 557 971 538 978 524 969 523 969 522 969 521 969 520 969 501 977 500 977 499 977 465 967 464 967 463 967 365 972 357 972 356 972 346 963 345 963 344 963 343 963 295 970 293 970 292 970 284 963 284 962 283 962 282 962 281 962 279 962 265 969 241 960 240 960 239 960 197 967 196 967 193 967 138 957 137 957 75 961 58 956 57 956 55 956 54 956 45 961 37 955 36 955 35 955 34 955 32 955 19 960 19 978"/></Shape>
	    <String CONTENT=""
                    HPOS="17.0"
                    VPOS="955.0"
                    WIDTH="619.0"
                    HEIGHT="75.0"
                    WC="0.9984795532443307"></String>
          </TextLine>

          
          
          <TextLine ID="eSc_line_2aa17349"
                    TAGREFS="LT15288"
                    BASELINE="18 1030 167 1033 638 1049" 
                    HPOS="15.0"
                    VPOS="1002.0"
                    WIDTH="622.0"
                    HEIGHT="79.0">
            <Shape><Polygon POINTS="15 1065 75 1067 76 1067 77 1067 105 1060 131 1061 139 1069 140 1069 140 1070 141 1070 142 1070 143 1070 144 1070 149 1069 170 1061 176 1067 176 1068 177 1068 178 1068 180 1068 181 1068 198 1062 211 1070 213 1070 214 1070 215 1070 220 1070 260 1064 270 1071 275 1074 276 1074 277 1074 355 1075 356 1075 357 1075 359 1075 363 1072 371 1068 398 1073 413 1075 415 1075 416 1075 420 1073 427 1070 442 1073 471 1081 472 1081 473 1081 635 1076 637 1048 636 1025 484 1026 463 1018 461 1017 460 1017 458 1017 453 1017 416 1024 359 1014 349 1013 348 1013 346 1013 343 1014 319 1020 301 1013 300 1013 299 1013 226 1017 213 1008 211 1008 210 1008 209 1008 205 1008 165 1013 111 1005 109 1005 108 1005 107 1005 54 1012 18 1002 17 1029 15 1065"/></Shape>
	    <String CONTENT=""
                    HPOS="15.0"
                    VPOS="1002.0"
                    WIDTH="622.0"
                    HEIGHT="79.0"
                    WC="0.9920576788760997"></String>
          </TextLine>

          
          
          <TextLine ID="eSc_line_6c498c33"
                    TAGREFS="LT15288"
                    BASELINE="19 1082 227 1085 398 1095 637 1101" 
                    HPOS="16.0"
                    VPOS="1061.0"
                    WIDTH="620.0"
                    HEIGHT="79.0">
            <Shape><Polygon POINTS="18 1081 16 1115 36 1126 37 1126 38 1126 88 1117 94 1116 95 1117 105 1124 106 1124 107 1124 108 1124 109 1124 110 1124 118 1118 119 1117 128 1118 210 1131 211 1131 270 1124 278 1122 281 1124 287 1130 287 1131 288 1131 289 1131 290 1131 292 1131 304 1128 326 1135 327 1135 370 1136 371 1136 372 1136 390 1128 396 1126 402 1128 413 1132 415 1132 416 1132 443 1130 479 1127 503 1132 523 1137 524 1137 525 1137 533 1133 543 1129 592 1132 597 1136 601 1140 602 1140 603 1140 604 1140 634 1137 636 1099 636 1082 562 1081 559 1079 553 1073 552 1073 551 1073 550 1073 548 1073 547 1073 542 1078 536 1073 536 1072 535 1072 534 1072 533 1072 532 1072 531 1072 523 1078 522 1078 457 1078 455 1075 446 1069 445 1069 444 1069 416 1069 415 1069 413 1069 412 1069 407 1073 404 1075 389 1073 355 1068 354 1068 315 1071 290 1072 277 1069 251 1063 250 1063 226 1068 211 1070 191 1067 159 1061 18 1061 18 1081"/></Shape>
	    <String CONTENT=""
                    HPOS="16.0"
                    VPOS="1061.0"
                    WIDTH="620.0"
                    HEIGHT="79.0"
                    WC="0.9893671025832494"></String>
          </TextLine>

          
        </TextBlock>
        

        
      </PrintSpace>
    </Page>
  </Layout>
</alto>
