<?xml version="1.0" encoding="UTF-8"?>
<alto xmlns:xsi="http://www.w3.org/2001/XMLSchema-instance"
      xmlns="http://www.loc.gov/standards/alto/ns-v4#"
      xsi:schemaLocation="http://www.loc.gov/standards/alto/ns-v4# http://www.loc.gov/standards/alto/v4/alto-4-2.xsd">
  <Description>
    <MeasurementUnit>pixel</MeasurementUnit>
    <sourceImageInformation>
      <fileName>IE61220167_00084.jpg</fileName>
      <fileIdentifier>mets//export_doc4367_test4matthieu_alto_202404261220.zip/IE61220167_00084.jpg</fileIdentifier>
    </sourceImageInformation>
  </Description>
  
  <Tags>
    <OtherTag ID="BT8356" LABEL="MainLeft" DESCRIPTION="block type MainLeft"/><OtherTag ID="BT8355" LABEL="MainRight" DESCRIPTION="block type MainRight"/><OtherTag ID="BT6914" LABEL="Handwritten" DESCRIPTION="block type Handwritten"/><OtherTag ID="BT6913" LABEL="RunningHeader" DESCRIPTION="block type RunningHeader"/><OtherTag ID="BT6912" LABEL="Catchword" DESCRIPTION="block type Catchword"/><OtherTag ID="BT6911" LABEL="Margin" DESCRIPTION="block type Margin"/><OtherTag ID="BT6910" LABEL="FooterCentral" DESCRIPTION="block type FooterCentral"/><OtherTag ID="BT6909" LABEL="MainCentral" DESCRIPTION="block type MainCentral"/><OtherTag ID="BT6908" LABEL="Header" DESCRIPTION="block type Header"/><OtherTag ID="BT4" LABEL="Illustration" DESCRIPTION="block type Illustration"/><OtherTag ID="BT3" LABEL="Commentary" DESCRIPTION="block type Commentary"/><OtherTag ID="BT2" LABEL="Main" DESCRIPTION="block type Main"/><OtherTag ID="BT1" LABEL="Title" DESCRIPTION="block type Title"/>
    <OtherTag ID="LT15938" LABEL="MainLeft" DESCRIPTION="line type MainLeft"/><OtherTag ID="LT15937" LABEL="MainRight" DESCRIPTION="line type MainRight"/><OtherTag ID="LT15289" LABEL="Handwritten" DESCRIPTION="line type Handwritten"/><OtherTag ID="LT15288" LABEL="MainCentral" DESCRIPTION="line type MainCentral"/><OtherTag ID="LT15287" LABEL="NotMain" DESCRIPTION="line type NotMain"/>
  </Tags>
  
  <Layout>
    <Page WIDTH="1246"
          HEIGHT="1791"
          PHYSICAL_IMG_NR="7"
          ID="eSc_dummypage_">
      <PrintSpace HPOS="0"
                  VPOS="0"
                  WIDTH="1246"
                  HEIGHT="1791">
        
        <TextBlock HPOS="39.0"
                   VPOS="151.0"
                   WIDTH="907.0"
                   HEIGHT="1428.0"
                   ID="eSc_textblock_ab76e7e2"
                   TAGREFS="BT6909">
          <Shape><Polygon POINTS="55 151 946 155 942 1555 926 1579 43 1571 39 485 43 171 55 151"/></Shape>
          
          
          <TextLine ID="eSc_line_4e3880cd"
                    TAGREFS="LT15288"
                    BASELINE="52 184 929 186" 
                    HPOS="51.0"
                    VPOS="162.0"
                    WIDTH="878.0"
                    HEIGHT="69.0">
            <Shape><Polygon POINTS="52 184 51 230 149 231 150 231 158 230 184 224 215 229 230 231 231 231 307 228 389 225 393 227 399 231 400 231 401 231 402 231 403 231 404 231 409 227 412 226 446 227 491 228 492 228 493 228 494 228 496 226 504 222 515 226 518 227 519 227 520 227 521 227 522 227 523 226 535 218 710 218 761 220 768 224 777 228 778 228 779 228 780 228 789 224 799 219 865 220 869 223 880 230 881 230 882 230 883 230 927 222 929 186 927 162 52 162 52 184"/></Shape>
	    <String CONTENT="הגדול הגבור והנורא. אל עליון קונה"
                    HPOS="51.0"
                    VPOS="162.0"
                    WIDTH="878.0"
                    HEIGHT="69.0"
                    WC="0.9907498237414237"></String>
          </TextLine>

          
          
          <TextLine ID="eSc_line_dca6900f"
                    TAGREFS="LT15288"
                    BASELINE="53 258 931 255" 
                    HPOS="52.0"
                    VPOS="232.0"
                    WIDTH="879.0"
                    HEIGHT="74.0">
            <Shape><Polygon POINTS="53 258 53 298 68 303 69 303 70 303 99 298 116 295 125 298 149 306 150 306 151 306 198 299 316 306 317 306 318 306 345 296 346 295 479 294 481 295 494 301 495 301 496 301 533 296 554 305 555 305 556 306 611 306 611 305 612 305 636 294 638 293 676 293 678 293 698 304 699 304 700 305 765 305 765 304 812 298 905 302 906 302 907 302 931 291 931 255 928 232 910 240 602 240 591 235 589 234 588 234 587 234 582 235 560 240 552 235 551 235 550 235 484 234 483 234 469 236 440 240 387 237 345 234 344 234 52 239 53 258"/></Shape>
	    <String CONTENT="שמים וארץ:מגן אבות בדברו. מחיה מתים"
                    HPOS="52.0"
                    VPOS="232.0"
                    WIDTH="879.0"
                    HEIGHT="74.0"
                    WC="0.9830286843436105"></String>
          </TextLine>

          
          
          <TextLine ID="eSc_line_1e489b81"
                    TAGREFS="LT15288"
                    BASELINE="50 334 930 331" 
                    HPOS="49.0"
                    VPOS="307.0"
                    WIDTH="881.0"
                    HEIGHT="72.0">
            <Shape><Polygon POINTS="50 334 50 367 75 378 76 378 77 378 113 372 178 377 179 377 180 377 207 369 225 364 314 364 326 370 336 377 337 377 338 377 339 377 340 377 341 377 351 371 365 363 495 363 520 373 534 378 535 378 536 379 634 379 634 378 698 377 699 377 704 375 732 363 746 369 747 369 748 369 777 363 805 374 806 374 807 374 808 374 844 363 860 373 861 373 862 373 928 377 930 331 928 313 662 313 658 313 636 307 635 307 634 307 633 307 621 313 617 314 609 313 592 309 591 309 554 313 536 314 529 313 512 308 511 308 462 308 461 308 460 308 459 308 452 313 448 315 362 315 358 313 351 308 350 308 349 308 348 308 347 308 334 313 326 315 318 313 307 309 306 309 305 309 244 313 200 315 194 313 186 309 185 309 184 309 49 312 50 334"/></Shape>
	    <String CONTENT="במאמרו. המלך הקדוש שאין כמוהו. המניח"
                    HPOS="49.0"
                    VPOS="307.0"
                    WIDTH="881.0"
                    HEIGHT="72.0"
                    WC="0.9775448511628544"></String>
          </TextLine>

          
          
          <TextLine ID="eSc_line_eba95cdc"
                    TAGREFS="LT15288"
                    BASELINE="50 405 929 405" 
                    HPOS="50.0"
                    VPOS="378.0"
                    WIDTH="879.0"
                    HEIGHT="75.0">
            <Shape><Polygon POINTS="50 405 50 437 77 445 78 445 79 445 80 445 96 437 97 437 174 437 176 437 217 452 218 452 219 452 220 452 263 437 265 437 339 437 340 437 362 452 363 452 364 452 365 453 483 453 483 452 484 452 499 446 544 452 545 452 546 452 563 445 577 452 578 452 579 453 668 453 668 452 669 452 670 452 684 442 753 452 754 452 755 452 785 437 886 451 887 451 888 451 889 451 912 437 929 437 929 405 929 386 896 378 877 378 876 378 875 378 874 378 862 385 857 389 787 389 780 385 773 382 772 382 771 382 755 385 740 389 583 389 575 385 568 382 567 382 566 382 537 385 530 385 529 385 515 378 514 378 513 378 485 385 470 388 436 384 420 383 419 383 406 384 375 388 354 384 322 378 247 378 246 378 245 378 233 384 231 384 205 380 204 380 203 380 193 384 183 388 174 384 161 378 160 378 126 378 125 378 124 378 109 384 97 388 50 384 50 405"/></Shape>
	    <String CONTENT="לעמו ביום שבת קדשו. כי בם רצה להניח להם."
                    HPOS="50.0"
                    VPOS="378.0"
                    WIDTH="879.0"
                    HEIGHT="75.0"
                    WC="0.9871468544006348"></String>
          </TextLine>

          
          
          <TextLine ID="eSc_line_1682007f"
                    TAGREFS="LT15288"
                    BASELINE="49 478 920 483" 
                    HPOS="48.0"
                    VPOS="452.0"
                    WIDTH="872.0"
                    HEIGHT="75.0">
            <Shape><Polygon POINTS="49 478 48 508 77 509 104 523 105 523 106 524 176 524 176 523 177 523 221 510 286 510 308 521 309 521 310 521 311 521 342 511 395 511 444 511 465 523 466 523 467 523 468 523 469 523 483 514 517 524 518 524 685 526 686 526 687 526 704 519 753 527 754 527 791 526 792 526 793 526 804 519 822 527 823 527 824 527 825 527 842 522 876 526 877 526 878 526 879 526 897 514 918 514 920 483 919 465 887 457 886 457 885 457 870 463 856 457 855 457 854 457 853 457 852 457 843 463 841 465 786 465 767 462 728 456 727 456 699 461 684 464 657 461 621 456 620 456 619 456 618 456 613 460 608 463 579 459 549 456 548 456 547 456 540 459 531 463 516 459 514 458 513 458 512 458 485 458 281 462 270 455 269 454 268 454 267 454 266 454 257 455 203 461 158 453 155 453 154 453 151 453 102 461 91 453 90 453 89 453 49 452 49 478"/></Shape>
	    <String CONTENT="לפניו נעבוד ביראה ופחד. ונודה לשמו בכל"
                    HPOS="48.0"
                    VPOS="452.0"
                    WIDTH="872.0"
                    HEIGHT="75.0"
                    WC="0.9983783009889964"></String>
          </TextLine>

          
          
          <TextLine ID="eSc_line_2fbc7c51"
                    TAGREFS="LT15288"
                    BASELINE="49 557 926 557" 
                    HPOS="49.0"
                    VPOS="532.0"
                    WIDTH="877.0"
                    HEIGHT="72.0">
            <Shape><Polygon POINTS="49 557 49 603 87 596 119 603 122 603 123 603 127 603 169 596 253 601 255 601 256 601 257 601 277 596 299 601 307 603 308 603 309 603 321 601 347 596 373 600 375 600 376 600 383 600 435 597 441 599 450 603 451 603 452 603 474 599 486 597 491 599 500 603 501 603 502 603 503 603 504 603 509 599 511 598 525 599 599 603 600 603 601 603 621 598 626 597 631 597 648 603 649 603 650 604 803 604 803 603 804 603 816 597 889 600 890 600 926 595 926 557 926 539 903 534 902 534 901 534 900 534 894 538 891 541 718 541 712 538 704 535 703 535 702 535 665 538 633 540 629 538 625 535 624 535 623 535 623 535 584 537 569 538 563 537 533 532 532 532 501 537 483 540 474 537 460 532 459 532 458 532 428 537 414 539 364 537 309 534 308 534 307 534 302 536 295 540 279 536 260 532 259 532 217 536 197 538 193 536 185 532 184 532 183 532 49 535 49 557"/></Shape>
	    <String CONTENT="יום תמיד מעין הברכות: אל ההודאות. אדון"
                    HPOS="49.0"
                    VPOS="532.0"
                    WIDTH="877.0"
                    HEIGHT="72.0"
                    WC="0.9931628688787802"></String>
          </TextLine>

          
          
          <TextLine ID="eSc_line_80ee3f7b"
                    TAGREFS="LT15288"
                    BASELINE="52 627 922 630" 
                    HPOS="51.0"
                    VPOS="604.0"
                    WIDTH="871.0"
                    HEIGHT="75.0">
            <Shape><Polygon POINTS="52 627 51 668 159 675 160 675 161 675 176 670 194 677 195 677 196 677 350 672 379 678 380 678 381 678 398 671 454 677 455 677 456 677 471 669 479 665 533 665 540 669 544 672 545 672 546 672 547 672 582 669 629 665 664 669 680 671 691 679 692 679 693 679 694 679 728 674 749 679 750 679 751 679 752 679 753 679 768 669 774 666 807 669 860 675 861 675 862 675 874 669 875 669 919 669 922 630 921 613 885 606 884 606 726 612 711 612 710 612 696 606 695 606 694 606 693 606 680 612 679 613 632 613 620 612 530 605 529 605 420 611 410 611 404 611 361 606 360 606 359 606 345 611 342 611 340 611 319 604 318 604 317 604 52 609 52 627"/></Shape>
	    <String CONTENT="השלום. מקדש השבת ומברך שביעי. ומניח"
                    HPOS="51.0"
                    VPOS="604.0"
                    WIDTH="871.0"
                    HEIGHT="75.0"
                    WC="0.9933697213144863"></String>
          </TextLine>

          
          
          <TextLine ID="eSc_line_b7925a91"
                    TAGREFS="LT15288"
                    BASELINE="118 705 842 703" 
                    HPOS="117.0"
                    VPOS="676.0"
                    WIDTH="725.0"
                    HEIGHT="80.0">
            <Shape><Polygon POINTS="118 705 118 744 136 744 138 745 155 755 156 755 157 755 158 755 159 755 179 748 206 755 207 755 207 756 234 756 234 755 235 755 236 755 246 748 272 755 273 755 274 756 346 756 346 755 347 755 362 747 365 745 368 747 381 755 382 755 383 755 384 755 385 755 399 747 401 747 444 744 484 746 487 748 498 754 499 754 500 755 571 755 571 754 572 754 582 749 587 747 616 749 618 749 619 749 620 749 641 743 685 748 686 748 713 743 725 749 726 749 727 749 728 749 748 744 765 751 773 754 774 754 775 754 841 751 842 703 840 685 700 685 696 684 670 676 669 676 625 676 624 676 623 676 597 684 593 685 531 685 530 684 516 677 515 677 514 677 475 684 462 686 431 684 378 680 377 680 376 680 375 680 370 684 367 686 351 684 329 681 328 681 311 684 298 686 288 684 263 677 262 677 261 677 260 677 248 682 163 677 162 677 117 683 118 705"/></Shape>
	    <String CONTENT="בקדשה לעם מדשני ענג זכר למעשה"
                    HPOS="117.0"
                    VPOS="676.0"
                    WIDTH="725.0"
                    HEIGHT="80.0"
                    WC="0.9926007390022278"></String>
          </TextLine>

          
          
          <TextLine ID="eSc_line_9ac5b6ed"
                    TAGREFS="LT15288"
                    BASELINE="45 852 919 852" 
                    HPOS="45.0"
                    VPOS="825.0"
                    WIDTH="874.0"
                    HEIGHT="75.0">
            <Shape><Polygon POINTS="45 852 45 894 133 899 134 899 135 899 148 894 166 887 181 894 193 899 194 899 195 900 257 900 257 899 258 899 259 899 268 893 276 889 288 893 305 899 306 899 307 899 308 899 328 893 334 891 339 893 353 899 354 899 355 899 356 899 357 899 367 893 371 890 388 893 429 899 430 899 498 892 547 887 613 887 619 891 620 892 621 892 622 892 623 892 632 891 665 887 674 891 691 899 692 899 693 900 712 900 712 899 713 899 714 899 726 891 730 888 759 887 770 890 792 898 793 898 849 899 850 899 851 899 874 890 882 887 918 889 919 852 919 832 875 825 874 825 734 832 720 832 710 832 613 825 612 825 611 825 610 825 599 832 598 833 533 833 532 832 509 825 508 825 507 825 477 832 475 832 472 832 408 825 407 825 406 825 388 832 388 833 343 833 341 832 278 825 277 825 222 832 196 825 195 825 194 825 150 832 84 825 83 825 45 832 45 852"/></Shape>
	    <String CONTENT="בראשית: אלהינו ואלהי אבותינו רצה נא במנוחתנו."
                    HPOS="45.0"
                    VPOS="825.0"
                    WIDTH="874.0"
                    HEIGHT="75.0"
                    WC="0.9970366535960017"></String>
          </TextLine>

          
          
          <TextLine ID="eSc_line_14ace57a"
                    TAGREFS="LT15288"
                    BASELINE="377 779 589 779" 
                    HPOS="377.0"
                    VPOS="756.0"
                    WIDTH="212.0"
                    HEIGHT="65.0">
            <Shape><Polygon POINTS="377 779 377 821 437 821 437 820 438 820 439 820 439 819 443 816 453 807 501 807 510 812 523 820 524 820 525 820 526 821 548 821 548 820 549 820 550 820 565 808 567 807 589 807 589 779 589 764 557 756 461 756 460 756 459 756 444 763 429 758 428 758 427 758 377 763 377 779"/></Shape>
	    <String CONTENT=""
                    HPOS="377.0"
                    VPOS="756.0"
                    WIDTH="212.0"
                    HEIGHT="65.0"
                    WC="0.999812262398856"></String>
          </TextLine>

          
          
          <TextLine ID="eSc_line_dcfe1d0e"
                    TAGREFS="LT15288"
                    BASELINE="44 1001 915 1003" 
                    HPOS="43.0"
                    VPOS="979.0"
                    WIDTH="872.0"
                    HEIGHT="73.0">
            <Shape><Polygon POINTS="44 1001 43 1044 76 1050 77 1050 78 1050 94 1044 112 1038 151 1038 176 1044 192 1047 193 1047 194 1047 204 1043 219 1038 302 1038 310 1043 321 1050 322 1050 323 1050 324 1050 383 1043 481 1051 482 1052 701 1052 701 1051 702 1051 703 1051 712 1045 723 1051 724 1051 725 1051 760 1046 803 1051 804 1051 805 1051 847 1039 849 1039 913 1039 915 1003 914 986 711 980 710 980 661 985 657 985 654 985 628 980 627 980 626 980 625 980 619 985 618 986 483 986 475 984 438 980 437 980 413 984 403 979 402 979 401 979 400 979 384 984 382 984 324 979 323 979 289 984 286 984 279 984 188 979 187 979 44 983 44 1001"/></Shape>
	    <String CONTENT=""
                    HPOS="43.0"
                    VPOS="979.0"
                    WIDTH="872.0"
                    HEIGHT="73.0"
                    WC="0.9937099003129535"></String>
          </TextLine>

          
          
          <TextLine ID="eSc_line_b6861d19"
                    TAGREFS="LT15288"
                    BASELINE="46 928 722 927" 
                    HPOS="45.0"
                    VPOS="901.0"
                    WIDTH="677.0"
                    HEIGHT="77.0">
            <Shape><Polygon POINTS="46 928 46 968 205 977 206 977 254 968 261 967 266 968 299 977 300 977 301 977 302 977 303 977 316 968 317 967 390 966 393 968 400 974 401 974 402 974 434 977 435 977 436 977 458 967 462 966 498 966 501 967 515 977 516 977 517 977 518 978 553 978 553 977 554 977 555 977 571 967 572 967 587 971 588 971 589 971 613 967 621 966 626 967 667 977 668 978 707 978 707 977 708 977 709 977 722 967 722 927 720 911 695 911 694 911 674 901 673 901 672 901 671 901 670 901 662 906 622 902 621 902 620 902 619 902 608 910 591 903 590 903 589 903 588 903 587 903 575 911 574 911 570 911 540 906 539 906 504 911 502 911 501 911 494 905 493 905 492 905 491 905 490 905 469 910 445 901 444 901 443 901 442 901 421 911 384 911 354 911 353 911 324 902 323 902 322 902 321 902 295 910 159 901 158 901 157 901 156 901 142 910 129 906 128 906 127 906 126 906 114 911 89 902 88 902 87 902 45 911 46 928"/></Shape>
	    <String CONTENT=""
                    HPOS="45.0"
                    VPOS="901.0"
                    WIDTH="677.0"
                    HEIGHT="77.0"
                    WC="0.9981951392613925"></String>
          </TextLine>

          
          
          <TextLine ID="eSc_line_96a7f8db"
                    TAGREFS="LT15288"
                    BASELINE="42 1076 915 1078" 
                    HPOS="41.0"
                    VPOS="1043.0"
                    WIDTH="874.0"
                    HEIGHT="80.0">
            <Shape><Polygon POINTS="42 1076 41 1113 51 1119 52 1119 53 1119 54 1119 55 1119 67 1114 88 1121 89 1121 90 1122 134 1122 134 1121 135 1121 156 1110 170 1103 232 1103 242 1109 247 1113 248 1113 249 1113 250 1113 269 1109 293 1104 303 1109 328 1121 329 1121 330 1122 365 1122 365 1121 366 1121 394 1108 406 1103 420 1108 441 1115 442 1115 443 1115 444 1115 463 1108 476 1103 495 1108 510 1111 511 1111 541 1108 562 1122 563 1122 564 1122 565 1123 698 1123 698 1122 699 1122 741 1107 762 1113 763 1113 764 1113 765 1113 793 1105 799 1104 804 1105 828 1113 829 1113 830 1113 913 1104 915 1078 915 1057 907 1052 906 1052 905 1052 904 1052 903 1052 902 1052 894 1058 889 1061 870 1061 853 1057 821 1051 820 1051 819 1051 800 1056 785 1060 776 1056 758 1047 757 1047 756 1047 755 1047 754 1047 742 1055 739 1057 702 1060 688 1054 667 1045 666 1045 665 1045 664 1045 663 1045 651 1053 641 1059 492 1054 491 1054 490 1054 478 1059 464 1054 463 1054 462 1054 420 1059 405 1054 404 1054 403 1054 402 1054 385 1059 276 1047 249 1044 248 1044 247 1044 240 1046 204 1057 159 1045 156 1044 155 1044 117 1044 116 1044 115 1044 94 1053 81 1044 80 1044 79 1044 42 1043 42 1076"/></Shape>
	    <String CONTENT=""
                    HPOS="41.0"
                    VPOS="1043.0"
                    WIDTH="874.0"
                    HEIGHT="80.0"
                    WC="0.9755616172766074"></String>
          </TextLine>

          
          
          <TextLine ID="eSc_line_3ff22c12"
                    TAGREFS="LT15288"
                    BASELINE="42 1149 914 1156" 
                    HPOS="41.0"
                    VPOS="1123.0"
                    WIDTH="873.0"
                    HEIGHT="81.0">
            <Shape><Polygon POINTS="42 1149 41 1184 191 1186 205 1193 206 1193 207 1193 207 1193 218 1188 230 1193 231 1193 232 1193 277 1190 314 1199 315 1199 316 1199 359 1193 370 1199 371 1199 372 1199 489 1200 490 1200 491 1200 514 1190 515 1190 524 1190 575 1194 584 1201 585 1201 586 1201 587 1201 660 1196 680 1200 681 1200 682 1200 683 1200 692 1194 703 1200 704 1200 705 1200 706 1200 725 1193 728 1192 735 1193 754 1195 755 1195 768 1193 779 1191 787 1194 816 1203 817 1203 818 1204 892 1204 892 1203 893 1203 913 1194 914 1156 913 1136 844 1130 843 1130 842 1130 841 1130 836 1134 834 1135 828 1134 802 1131 801 1131 800 1131 791 1134 783 1136 769 1133 746 1129 745 1129 744 1129 743 1129 737 1133 731 1137 688 1137 670 1132 653 1128 652 1128 634 1131 616 1135 595 1131 585 1129 584 1129 573 1130 546 1135 518 1130 503 1127 502 1127 501 1127 496 1129 486 1135 448 1135 420 1128 409 1126 408 1126 407 1126 403 1128 392 1133 279 1126 256 1125 255 1125 235 1125 93 1131 84 1125 83 1125 82 1125 42 1123 42 1149"/></Shape>
	    <String CONTENT=""
                    HPOS="41.0"
                    VPOS="1123.0"
                    WIDTH="873.0"
                    HEIGHT="81.0"
                    WC="0.9794782435192781"></String>
          </TextLine>

          
          
          <TextLine ID="eSc_line_b529e927"
                    TAGREFS="LT15288"
                    BASELINE="43 1223 914 1226" 
                    HPOS="42.0"
                    VPOS="1199.0"
                    WIDTH="872.0"
                    HEIGHT="83.0">
            <Shape><Polygon POINTS="43 1223 42 1278 118 1279 119 1279 120 1279 123 1278 138 1271 160 1277 166 1279 167 1279 168 1280 247 1280 247 1279 248 1279 253 1276 270 1268 308 1268 400 1273 401 1273 457 1269 489 1274 527 1280 528 1280 602 1273 613 1272 615 1273 623 1277 624 1277 625 1277 626 1277 643 1272 651 1270 657 1272 679 1281 680 1281 681 1281 768 1274 789 1281 790 1281 791 1282 863 1282 863 1281 864 1281 865 1281 881 1271 912 1269 914 1226 913 1209 878 1209 878 1208 863 1201 862 1201 861 1201 827 1208 826 1208 795 1201 760 1201 759 1201 758 1201 757 1201 746 1208 745 1209 688 1209 686 1208 664 1201 663 1201 662 1201 661 1201 645 1208 643 1208 603 1208 603 1207 594 1201 593 1201 592 1201 591 1201 554 1207 534 1200 533 1200 532 1200 451 1207 446 1207 442 1207 387 1200 386 1200 173 1206 159 1206 157 1206 134 1199 133 1199 132 1199 131 1199 107 1206 105 1206 103 1206 73 1199 72 1199 43 1205 43 1223"/></Shape>
	    <String CONTENT=""
                    HPOS="42.0"
                    VPOS="1199.0"
                    WIDTH="872.0"
                    HEIGHT="83.0"
                    WC="0.9863516464829445"></String>
          </TextLine>

          
          
          <TextLine ID="eSc_line_fb453e14"
                    TAGREFS="LT15288"
                    BASELINE="44 1377 911 1373" 
                    HPOS="43.0"
                    VPOS="1347.0"
                    WIDTH="868.0"
                    HEIGHT="74.0">
            <Shape><Polygon POINTS="44 1377 44 1408 70 1404 78 1408 102 1420 103 1420 104 1421 138 1421 138 1420 139 1420 161 1408 193 1408 194 1408 195 1408 199 1406 213 1398 305 1398 319 1404 339 1414 340 1414 372 1419 373 1419 497 1417 498 1417 523 1403 550 1415 551 1415 632 1418 633 1418 634 1418 635 1418 654 1407 695 1407 696 1407 697 1407 713 1398 719 1396 752 1396 756 1398 781 1411 782 1411 783 1411 784 1411 812 1404 855 1411 856 1411 857 1411 911 1395 911 1373 909 1354 816 1356 811 1354 798 1347 797 1347 769 1347 768 1347 767 1347 766 1347 756 1354 747 1360 683 1360 577 1359 564 1355 541 1348 540 1348 539 1348 538 1348 514 1355 500 1359 494 1355 490 1352 489 1352 488 1352 487 1352 459 1355 440 1357 428 1355 396 1349 395 1349 352 1354 332 1350 331 1350 297 1356 258 1363 210 1363 201 1356 197 1353 196 1353 195 1353 194 1353 173 1356 159 1358 154 1356 141 1350 140 1350 139 1350 43 1356 44 1377"/></Shape>
	    <String CONTENT=""
                    HPOS="43.0"
                    VPOS="1347.0"
                    WIDTH="868.0"
                    HEIGHT="74.0"
                    WC="0.9892309499638421"></String>
          </TextLine>

          
          
          <TextLine ID="eSc_line_4efe3c25"
                    TAGREFS="LT15288"
                    BASELINE="396 1300 563 1300" 
                    HPOS="396.0"
                    VPOS="1273.0"
                    WIDTH="167.0"
                    HEIGHT="72.0">
            <Shape><Polygon POINTS="396 1300 396 1338 451 1345 452 1345 563 1341 563 1300 563 1284 538 1283 526 1274 525 1274 524 1274 523 1274 522 1274 500 1280 465 1273 464 1273 463 1273 462 1273 462 1274 456 1280 396 1283 396 1300"/></Shape>
	    <String CONTENT=""
                    HPOS="396.0"
                    VPOS="1273.0"
                    WIDTH="167.0"
                    HEIGHT="72.0"
                    WC="0.9997392773628235"></String>
          </TextLine>

          
          
          <TextLine ID="eSc_line_ca02cb8c"
                    TAGREFS="LT15288"
                    BASELINE="42 1449 710 1452" 
                    HPOS="41.0"
                    VPOS="1423.0"
                    WIDTH="669.0"
                    HEIGHT="73.0">
            <Shape><Polygon POINTS="42 1449 41 1483 53 1493 54 1493 55 1493 56 1494 91 1494 91 1493 92 1493 93 1493 99 1487 114 1492 115 1492 116 1492 117 1492 134 1483 171 1493 172 1493 173 1493 220 1487 230 1493 231 1493 232 1493 233 1493 255 1489 287 1494 288 1494 289 1494 290 1494 302 1485 303 1484 304 1485 312 1489 313 1489 314 1489 315 1489 325 1485 329 1484 410 1484 414 1487 416 1490 417 1490 418 1490 419 1490 420 1490 428 1487 436 1484 444 1487 461 1494 462 1494 463 1494 464 1494 485 1488 488 1487 489 1488 496 1493 497 1493 498 1493 499 1493 500 1493 512 1488 513 1488 521 1495 522 1495 523 1495 524 1496 558 1496 558 1495 588 1490 613 1485 630 1490 645 1495 646 1495 647 1495 708 1491 710 1452 708 1430 598 1435 582 1430 575 1428 574 1428 573 1428 572 1428 564 1430 546 1435 534 1430 528 1428 527 1428 440 1428 439 1428 424 1431 408 1434 385 1431 368 1429 367 1429 366 1429 362 1431 356 1434 341 1434 338 1431 331 1425 331 1424 330 1424 329 1424 285 1424 284 1424 283 1424 282 1424 282 1425 274 1431 274 1432 221 1433 218 1432 207 1424 206 1424 205 1424 158 1423 157 1423 156 1423 155 1423 145 1432 144 1432 143 1432 109 1426 108 1426 107 1426 86 1432 82 1433 42 1433 42 1449"/></Shape>
	    <String CONTENT=""
                    HPOS="41.0"
                    VPOS="1423.0"
                    WIDTH="669.0"
                    HEIGHT="73.0"
                    WC="0.9829504269140737"></String>
          </TextLine>

          
          
          <TextLine ID="eSc_line_687ee41e"
                    TAGREFS="LT15288"
                    BASELINE="42 1523 908 1526" 
                    HPOS="41.0"
                    VPOS="1501.0"
                    WIDTH="867.0"
                    HEIGHT="81.0">
            <Shape><Polygon POINTS="42 1523 41 1571 60 1576 61 1576 62 1576 72 1572 91 1563 272 1563 293 1574 303 1579 304 1579 305 1579 326 1574 344 1570 360 1575 377 1580 378 1580 379 1581 536 1581 536 1580 537 1580 544 1576 568 1564 596 1564 644 1578 657 1581 658 1581 659 1582 735 1582 735 1581 736 1581 737 1581 741 1578 745 1576 765 1579 783 1581 784 1581 785 1581 791 1579 819 1569 838 1569 855 1580 857 1581 858 1581 859 1581 860 1581 870 1580 894 1576 904 1580 908 1526 908 1510 891 1503 890 1503 788 1503 787 1503 786 1503 774 1509 737 1503 736 1503 689 1509 685 1509 672 1509 548 1504 547 1504 546 1504 536 1508 523 1502 522 1502 521 1502 441 1508 435 1508 425 1508 275 1501 274 1501 237 1507 236 1508 165 1508 164 1507 156 1501 155 1501 154 1501 153 1501 42 1506 42 1523"/></Shape>
	    <String CONTENT=""
                    HPOS="41.0"
                    VPOS="1501.0"
                    WIDTH="867.0"
                    HEIGHT="81.0"
                    WC="0.9946126955396989"></String>
          </TextLine>

          
        </TextBlock>
        

        
      </PrintSpace>
    </Page>
  </Layout>
</alto>
