<?xml version="1.0" encoding="UTF-8"?>
<alto xmlns:xsi="http://www.w3.org/2001/XMLSchema-instance"
      xmlns="http://www.loc.gov/standards/alto/ns-v4#"
      xsi:schemaLocation="http://www.loc.gov/standards/alto/ns-v4# http://www.loc.gov/standards/alto/v4/alto-4-2.xsd">
  <Description>
    <MeasurementUnit>pixel</MeasurementUnit>
    <sourceImageInformation>
      <fileName>IE87447950_00011.jpg</fileName>
      <fileIdentifier>mets//export_doc4366_1col_14_copy_alto_202404261215.zip/IE87447950_00011.jpg</fileIdentifier>
    </sourceImageInformation>
  </Description>
  
  <Tags>
    <OtherTag ID="BT8356" LABEL="MainLeft" DESCRIPTION="block type MainLeft"/><OtherTag ID="BT8355" LABEL="MainRight" DESCRIPTION="block type MainRight"/><OtherTag ID="BT6914" LABEL="Handwritten" DESCRIPTION="block type Handwritten"/><OtherTag ID="BT6913" LABEL="RunningHeader" DESCRIPTION="block type RunningHeader"/><OtherTag ID="BT6912" LABEL="Catchword" DESCRIPTION="block type Catchword"/><OtherTag ID="BT6911" LABEL="Margin" DESCRIPTION="block type Margin"/><OtherTag ID="BT6910" LABEL="FooterCentral" DESCRIPTION="block type FooterCentral"/><OtherTag ID="BT6909" LABEL="MainCentral" DESCRIPTION="block type MainCentral"/><OtherTag ID="BT6908" LABEL="Header" DESCRIPTION="block type Header"/><OtherTag ID="BT4" LABEL="Illustration" DESCRIPTION="block type Illustration"/><OtherTag ID="BT3" LABEL="Commentary" DESCRIPTION="block type Commentary"/><OtherTag ID="BT2" LABEL="Main" DESCRIPTION="block type Main"/><OtherTag ID="BT1" LABEL="Title" DESCRIPTION="block type Title"/>
    <OtherTag ID="LT15938" LABEL="MainLeft" DESCRIPTION="line type MainLeft"/><OtherTag ID="LT15937" LABEL="MainRight" DESCRIPTION="line type MainRight"/><OtherTag ID="LT15289" LABEL="Handwritten" DESCRIPTION="line type Handwritten"/><OtherTag ID="LT15288" LABEL="MainCentral" DESCRIPTION="line type MainCentral"/><OtherTag ID="LT15287" LABEL="NotMain" DESCRIPTION="line type NotMain"/>
  </Tags>
  
  <Layout>
    <Page WIDTH="1242"
          HEIGHT="2175"
          PHYSICAL_IMG_NR="20"
          ID="eSc_dummypage_">
      <PrintSpace HPOS="0"
                  VPOS="0"
                  WIDTH="1242"
                  HEIGHT="2175">
        
        <TextBlock HPOS="194.0"
                   VPOS="232.0"
                   WIDTH="999.0"
                   HEIGHT="196.0"
                   ID="eSc_textblock_60c668f7"
                   TAGREFS="BT6909">
          <Shape><Polygon POINTS="1193 236 1193 428 194 428 195 232"/></Shape>
          
          
          <TextLine ID="eSc_line_256bcecd"
                    TAGREFS="LT15288"
                    BASELINE="194 252 1188 259" 
                    HPOS="193.0"
                    VPOS="230.0"
                    WIDTH="995.0"
                    HEIGHT="52.0">
            <Shape><Polygon POINTS="1174 235 1162 235 1150 235 1137 235 1125 235 1119 235 1095 238 1092 238 1090 238 1087 235 1077 235 1065 235 1053 235 1041 235 1031 235 1015 236 1013 235 1004 235 992 235 980 235 968 235 956 235 944 235 932 235 920 235 908 235 896 235 887 235 865 236 863 235 859 235 847 234 835 234 823 234 811 234 799 234 787 234 776 234 775 235 773 235 767 235 759 234 751 234 738 234 726 234 714 234 702 234 700 234 692 235 690 234 678 234 666 234 654 234 650 234 647 234 642 234 630 234 627 234 617 234 605 234 593 234 581 234 569 234 557 234 545 234 533 234 521 233 509 233 497 233 484 233 472 233 460 233 448 233 441 233 436 233 424 233 412 233 400 233 388 233 376 233 364 233 351 233 339 233 327 233 315 233 303 233 291 233 279 233 267 233 255 233 243 233 230 233 218 233 206 233 194 230 194 252 193 275 1185 282 1188 259 1188 239 1174 235 1174 235"/></Shape>
	    <String CONTENT=""
                    HPOS="193.0"
                    VPOS="230.0"
                    WIDTH="995.0"
                    HEIGHT="52.0"
                    WC="0.9620177633053547"></String>
          </TextLine>

          
          
          <TextLine ID="eSc_line_05d87dad"
                    TAGREFS="LT15288"
                    BASELINE="199 291 1188 297" 
                    HPOS="198.0"
                    VPOS="273.0"
                    WIDTH="990.0"
                    HEIGHT="48.0">
            <Shape><Polygon POINTS="199 291 198 314 1185 321 1188 297 1187 279 199 273 199 291"/></Shape>
	    <String CONTENT=""
                    HPOS="198.0"
                    VPOS="273.0"
                    WIDTH="990.0"
                    HEIGHT="48.0"
                    WC="0.9880607104301453"></String>
          </TextLine>

          
          
          <TextLine ID="eSc_line_e40c1c8d"
                    TAGREFS="LT15288"
                    BASELINE="205 327 1188 335" 
                    HPOS="204.0"
                    VPOS="308.0"
                    WIDTH="984.0"
                    HEIGHT="46.0">
            <Shape><Polygon POINTS="205 327 204 344 344 352 345 354 1186 354 1188 335 1187 317 205 308 205 327"/></Shape>
	    <String CONTENT=""
                    HPOS="204.0"
                    VPOS="308.0"
                    WIDTH="984.0"
                    HEIGHT="46.0"
                    WC="0.9766788603294463"></String>
          </TextLine>

          
          
          <TextLine ID="eSc_line_996fd853"
                    TAGREFS="LT15288"
                    BASELINE="197 363 1189 373" 
                    HPOS="195.0"
                    VPOS="345.0"
                    WIDTH="994.0"
                    HEIGHT="59.0">
            <Shape><Polygon POINTS="197 363 195 393 247 389 345 396 376 397 377 397 386 396 412 390 436 396 449 398 599 399 601 399 647 396 688 392 691 396 694 397 694 398 695 398 696 398 697 398 740 396 781 393 792 396 815 402 816 402 817 402 845 396 853 395 870 396 939 403 940 403 974 396 977 396 979 396 998 403 1000 403 1001 403 1130 397 1148 404 1150 404 1151 404 1187 396 1189 373 1189 355 197 345 197 363"/></Shape>
	    <String CONTENT=""
                    HPOS="195.0"
                    VPOS="345.0"
                    WIDTH="994.0"
                    HEIGHT="59.0"
                    WC="0.9743941492504544"></String>
          </TextLine>

          
          
          <TextLine ID="eSc_line_26110469"
                    TAGREFS="LT15288"
                    BASELINE="599 404 787 404" 
                    HPOS="599.0"
                    VPOS="386.0"
                    WIDTH="188.0"
                    HEIGHT="50.0">
            <Shape><Polygon POINTS="599 404 599 431 638 427 665 433 674 435 676 435 677 435 680 433 695 427 707 433 709 435 711 435 712 436 787 436 787 404 786 386 599 390 599 404"/></Shape>
	    <String CONTENT=""
                    HPOS="599.0"
                    VPOS="386.0"
                    WIDTH="188.0"
                    HEIGHT="50.0"
                    WC="0.931228987195275"></String>
          </TextLine>

          
        </TextBlock>
        
        <TextBlock HPOS="191.0"
                   VPOS="432.0"
                   WIDTH="1002.0"
                   HEIGHT="589.0"
                   ID="eSc_textblock_aa4f3f37"
                   TAGREFS="BT6909">
          <Shape><Polygon POINTS="1193 1021 191 1021 194 432 1193 432"/></Shape>
          
          
          <TextLine ID="eSc_line_15079abe"
                    TAGREFS="LT15288"
                    BASELINE="191 471 1187 482" 
                    HPOS="189.0"
                    VPOS="438.0"
                    WIDTH="998.0"
                    HEIGHT="102.0">
            <Shape><Polygon POINTS="191 471 189 509 263 528 264 528 292 526 293 526 295 526 313 514 322 507 370 515 373 515 374 515 377 515 396 512 406 517 414 520 416 520 417 520 418 520 428 517 457 508 524 515 526 515 527 515 542 509 562 519 563 519 564 519 565 519 597 511 616 523 617 523 619 523 620 523 621 523 644 513 656 519 657 519 659 519 660 519 676 511 711 517 712 517 713 517 736 511 747 518 748 518 749 518 861 528 862 528 863 528 890 517 952 528 954 528 955 528 978 515 1009 535 1014 538 1015 538 1017 538 1183 540 1187 482 1187 460 1075 445 1073 445 967 456 928 445 927 445 926 445 925 445 894 455 848 444 847 444 846 444 821 451 790 443 789 443 788 443 723 450 707 442 706 442 705 442 653 449 634 441 633 441 611 441 610 441 609 441 608 441 591 453 545 453 515 439 513 439 512 439 453 447 441 439 440 439 438 439 437 439 436 439 413 447 395 438 394 438 393 438 334 449 275 439 274 439 273 439 250 448 211 442 210 442 209 442 191 448 191 471"/></Shape>
	    <String CONTENT="ברוך אתה יהוה אלהינו מלך העולם אשר קדשנו"
                    HPOS="189.0"
                    VPOS="438.0"
                    WIDTH="998.0"
                    HEIGHT="102.0"
                    WC="0.9842051640152931"></String>
          </TextLine>

          
          
          <TextLine ID="eSc_line_16274596"
                    TAGREFS="LT15288"
                    BASELINE="331 538 973 541" 
                    HPOS="330.0"
                    VPOS="511.0"
                    WIDTH="643.0"
                    HEIGHT="81.0">
            <Shape><Polygon POINTS="331 538 330 571 380 572 394 584 395 584 396 584 397 584 399 584 400 584 406 580 430 588 431 588 432 588 434 588 435 588 453 575 454 573 458 575 482 582 483 582 484 582 486 582 498 577 526 589 527 589 528 589 529 589 530 589 539 582 570 587 572 587 573 587 592 577 599 573 617 577 643 583 644 583 666 578 684 575 700 580 732 590 734 590 735 592 751 592 751 590 752 590 753 590 753 589 763 581 770 575 804 575 822 582 844 590 845 590 846 590 971 584 973 541 972 523 902 523 902 522 893 514 892 514 891 514 890 514 888 514 887 514 879 522 877 522 855 515 853 515 852 515 794 522 786 522 781 522 746 514 744 514 743 514 728 520 725 522 719 520 680 513 679 513 678 513 659 520 655 522 653 520 643 514 642 514 640 514 639 514 638 514 621 519 613 512 613 511 611 511 610 511 609 511 573 518 484 511 483 511 482 511 465 519 463 520 460 519 442 512 441 512 440 512 438 512 437 512 430 519 331 519 331 538"/></Shape>
	    <String CONTENT="במצותיו וצונו על נטילת ידים:"
                    HPOS="330.0"
                    VPOS="511.0"
                    WIDTH="643.0"
                    HEIGHT="81.0"
                    WC="0.9718797591424757"></String>
          </TextLine>

          
          
          <TextLine ID="eSc_line_de982600"
                    TAGREFS="LT15288"
                    BASELINE="192 648 1187 658" 
                    HPOS="191.0"
                    VPOS="612.0"
                    WIDTH="996.0"
                    HEIGHT="96.0">
            <Shape><Polygon POINTS="192 648 191 675 244 697 245 697 246 697 247 697 249 697 275 677 276 676 279 677 293 682 295 682 296 682 338 679 364 677 368 680 378 688 379 688 380 688 382 688 383 688 400 681 402 680 405 681 420 693 422 693 423 693 424 693 460 687 482 698 483 698 484 698 486 698 526 686 530 685 536 686 563 692 564 692 565 692 574 687 580 683 586 687 604 702 605 702 607 702 608 702 609 702 642 689 643 689 656 696 657 696 659 696 660 696 676 691 697 685 755 693 803 700 804 700 805 700 806 700 812 696 833 682 874 682 917 696 919 696 920 696 992 691 1011 703 1015 706 1017 706 1018 706 1183 708 1187 658 1187 631 1092 630 1078 623 1077 623 1076 623 988 629 979 629 977 629 933 617 932 617 931 617 877 624 859 619 858 619 857 619 856 619 834 628 832 628 830 628 796 616 795 616 752 616 751 616 749 616 748 616 732 627 728 627 633 615 632 615 551 621 471 613 470 613 469 613 449 624 448 624 446 624 403 612 402 612 401 612 353 622 192 622 192 648"/></Shape>
	    <String CONTENT="ברוך אתה יהוה אלהינו מלך העולם אשר יצר את"
                    HPOS="191.0"
                    VPOS="612.0"
                    WIDTH="996.0"
                    HEIGHT="96.0"
                    WC="0.9730290923363123"></String>
          </TextLine>

          
          
          <TextLine ID="eSc_line_21a2b856"
                    TAGREFS="LT15288"
                    BASELINE="192 712 974 717" 
                    HPOS="191.0"
                    VPOS="687.0"
                    WIDTH="783.0"
                    HEIGHT="77.0">
            <Shape><Polygon POINTS="192 712 191 744 205 750 206 750 208 750 247 747 264 760 266 760 267 760 268 761 319 761 319 760 320 760 365 745 366 745 395 761 396 761 397 762 446 762 446 761 447 761 448 761 466 746 468 746 471 746 513 752 515 752 558 747 574 746 578 747 602 761 603 761 604 761 631 760 632 760 653 749 655 747 709 747 712 750 728 762 729 762 730 762 781 763 782 764 818 764 818 763 819 763 821 763 821 762 833 751 836 749 848 751 903 763 904 763 972 752 974 717 973 698 800 698 794 697 758 689 757 689 755 689 736 696 728 689 726 689 725 689 724 689 558 694 556 694 550 689 550 688 549 688 547 688 546 688 545 688 544 688 538 694 515 688 513 688 512 688 482 694 480 694 475 694 420 688 419 688 308 693 299 693 287 687 286 687 285 687 192 692 192 712"/></Shape>
	    <String CONTENT="האדם בחכמה וברא בו נקבים נקבים"
                    HPOS="191.0"
                    VPOS="687.0"
                    WIDTH="783.0"
                    HEIGHT="77.0"
                    WC="0.9967661658922832"></String>
          </TextLine>

          
          
          <TextLine ID="eSc_line_900fb953"
                    TAGREFS="LT15288"
                    BASELINE="191 779 1193 787" 
                    HPOS="189.0"
                    VPOS="750.0"
                    WIDTH="1004.0"
                    HEIGHT="81.0">
            <Shape><Polygon POINTS="191 779 189 810 257 821 258 821 309 813 314 813 315 813 330 824 331 824 332 824 333 824 378 814 384 814 390 815 435 824 436 824 437 824 465 816 476 814 494 816 522 821 523 821 551 818 575 815 590 819 617 826 619 826 620 826 686 820 738 816 749 821 761 827 763 827 764 827 789 822 815 818 847 824 869 827 870 827 871 827 880 825 897 818 915 824 916 824 917 824 946 819 956 826 957 827 959 827 960 827 961 827 962 827 967 826 990 819 1011 827 1015 828 1017 828 1018 828 1029 827 1061 822 1101 828 1111 830 1112 830 1113 830 1117 828 1146 821 1157 830 1158 830 1159 830 1160 831 1191 831 1193 787 1191 766 1154 754 1153 754 1152 754 1121 760 1067 754 1066 754 1065 754 1064 754 1048 764 1019 752 1018 752 949 752 948 752 946 752 927 763 926 763 921 763 857 751 856 751 800 761 794 762 787 761 751 754 749 754 673 760 666 760 665 760 653 750 651 750 650 750 649 750 605 758 598 760 191 754 191 779"/></Shape>
	    <String CONTENT="חלולים חלולים גלוי וידוע לפני כסא כבודך שאם"
                    HPOS="189.0"
                    VPOS="750.0"
                    WIDTH="1004.0"
                    HEIGHT="81.0"
                    WC="0.9779969315196193"></String>
          </TextLine>

          
          
          <TextLine ID="eSc_line_4dce4855"
                    TAGREFS="LT15288"
                    BASELINE="191 843 1194 853" 
                    HPOS="189.0"
                    VPOS="818.0"
                    WIDTH="1005.0"
                    HEIGHT="76.0">
            <Shape><Polygon POINTS="191 843 189 872 234 885 235 885 237 885 238 885 258 874 281 874 313 874 343 874 345 876 362 885 364 885 365 885 428 878 437 877 440 878 453 888 454 888 455 888 457 888 522 879 547 877 556 880 574 889 575 889 576 890 619 890 619 889 620 889 621 889 631 882 638 878 657 883 684 889 685 889 686 889 700 884 702 883 703 884 713 890 714 890 715 890 717 890 782 885 850 880 870 888 871 888 873 888 874 888 875 888 876 888 888 882 900 888 907 891 908 891 954 892 955 892 956 892 957 892 962 889 975 882 994 882 1011 890 1015 892 1017 892 1191 894 1194 853 1193 833 1073 833 1071 832 1063 825 1061 825 1060 825 1059 825 961 831 946 831 937 830 884 824 882 824 841 830 836 830 835 830 821 822 819 822 684 821 683 821 490 826 466 826 461 826 430 819 429 819 388 825 384 825 380 825 319 818 318 818 316 818 302 824 252 818 251 818 191 822 191 843"/></Shape>
	    <String CONTENT="יפתח אחד מהם או יסתם אחד מהם אי אפשר"
                    HPOS="189.0"
                    VPOS="818.0"
                    WIDTH="1005.0"
                    HEIGHT="76.0"
                    WC="0.9945827910774633"></String>
          </TextLine>

          
          
          <TextLine ID="eSc_line_8346a655"
                    TAGREFS="LT15288"
                    BASELINE="191 909 1193 918" 
                    HPOS="189.0"
                    VPOS="880.0"
                    WIDTH="1004.0"
                    HEIGHT="89.0">
            <Shape><Polygon POINTS="191 909 189 941 238 958 239 958 240 958 303 944 309 943 310 944 332 961 333 961 334 961 336 961 337 961 380 947 386 944 390 947 402 953 403 953 405 953 406 953 420 947 429 944 475 944 515 950 570 958 572 958 573 958 591 952 610 946 620 953 636 964 637 964 638 964 639 964 640 964 660 954 666 950 682 954 696 958 697 958 699 958 700 958 706 955 721 947 759 947 777 956 789 965 790 965 792 965 793 965 829 959 834 958 840 959 870 965 871 965 873 965 884 960 900 952 925 952 961 961 977 966 978 966 979 967 1023 967 1023 966 1024 966 1025 966 1029 964 1041 955 1059 965 1065 967 1066 967 1067 969 1191 969 1193 918 1189 896 1177 888 1176 888 1175 888 1174 888 1130 897 1105 889 1104 889 1102 889 1030 896 1008 886 1007 886 1006 886 915 896 881 896 865 885 864 885 863 885 862 885 795 895 697 895 682 886 680 886 679 886 678 886 661 892 650 885 649 885 648 885 647 885 594 892 516 886 515 886 513 886 512 886 504 892 435 882 434 882 380 891 336 890 324 880 322 880 321 880 320 880 191 890 191 909"/></Shape>
	    <String CONTENT=""
                    HPOS="189.0"
                    VPOS="880.0"
                    WIDTH="1004.0"
                    HEIGHT="89.0"
                    WC="0.9951188902963292"></String>
          </TextLine>

          
          
          <TextLine ID="eSc_line_56d4a414"
                    TAGREFS="LT15288"
                    BASELINE="520 979 863 979" 
                    HPOS="520.0"
                    VPOS="948.0"
                    WIDTH="343.0"
                    HEIGHT="79.0">
            <Shape><Polygon POINTS="520 979 520 1010 555 1010 592 1024 593 1024 594 1024 596 1024 611 1016 642 1025 643 1025 644 1027 674 1027 674 1025 676 1025 677 1025 677 1024 692 1010 715 1017 717 1017 718 1017 752 1010 767 1024 767 1025 769 1025 770 1025 771 1025 827 1023 828 1023 863 1008 863 979 863 963 809 955 807 955 806 955 793 960 780 948 778 948 777 948 746 948 744 948 743 948 713 960 711 963 697 963 695 960 680 948 679 948 678 948 677 948 628 959 579 952 578 952 576 952 575 952 563 959 559 961 553 959 535 953 534 953 533 953 532 953 520 958 520 979"/></Shape>
	    <String CONTENT=""
                    HPOS="520.0"
                    VPOS="948.0"
                    WIDTH="343.0"
                    HEIGHT="79.0"
                    WC="0.9990511444898752"></String>
          </TextLine>

          
        </TextBlock>
        
        <TextBlock HPOS="190.0"
                   VPOS="1030.0"
                   WIDTH="1003.0"
                   HEIGHT="131.0"
                   ID="eSc_textblock_88f40220"
                   TAGREFS="BT6909">
          <Shape><Polygon POINTS="191 1030 1193 1030 1193 1161 190 1161"/></Shape>
          
          
          <TextLine ID="eSc_line_265ca424"
                    TAGREFS="LT15288"
                    BASELINE="191 1050 1188 1057" 
                    HPOS="189.0"
                    VPOS="1024.0"
                    WIDTH="999.0"
                    HEIGHT="59.0">
            <Shape><Polygon POINTS="191 1050 189 1074 1185 1083 1188 1057 1187 1037 1127 1037 1125 1036 1111 1029 1110 1029 1108 1029 1107 1029 1106 1029 1096 1036 1095 1037 1048 1037 1046 1036 1023 1028 1021 1028 1020 1028 979 1035 978 1035 977 1035 923 1028 922 1028 880 1035 875 1035 871 1035 840 1027 839 1027 770 1027 769 1027 767 1027 747 1034 744 1034 741 1034 697 1027 696 1027 590 1033 579 1033 573 1033 509 1024 507 1024 468 1031 465 1033 399 1033 396 1031 385 1024 384 1024 383 1024 382 1024 191 1029 191 1050"/></Shape>
	    <String CONTENT=""
                    HPOS="189.0"
                    VPOS="1024.0"
                    WIDTH="999.0"
                    HEIGHT="59.0"
                    WC="0.9708231886227926"></String>
          </TextLine>

          
          
          <TextLine ID="eSc_line_b611d0ea"
                    TAGREFS="LT15288"
                    BASELINE="192 1085 1191 1098" 
                    HPOS="191.0"
                    VPOS="1068.0"
                    WIDTH="1000.0"
                    HEIGHT="58.0">
            <Shape><Polygon POINTS="192 1085 191 1108 1187 1126 1191 1098 1187 1079 192 1068 192 1085"/></Shape>
	    <String CONTENT=""
                    HPOS="191.0"
                    VPOS="1068.0"
                    WIDTH="1000.0"
                    HEIGHT="58.0"
                    WC="0.973650159744116"></String>
          </TextLine>

          
          
          <TextLine ID="eSc_line_232f889d"
                    TAGREFS="LT15288"
                    BASELINE="386 1124 995 1128" 
                    HPOS="385.0"
                    VPOS="1109.0"
                    WIDTH="610.0"
                    HEIGHT="46.0">
            <Shape><Polygon POINTS="386 1124 385 1155 992 1153 995 1128 994 1114 386 1109 386 1124"/></Shape>
	    <String CONTENT=""
                    HPOS="385.0"
                    VPOS="1109.0"
                    WIDTH="610.0"
                    HEIGHT="46.0"
                    WC="0.987870221788233"></String>
          </TextLine>

          
        </TextBlock>
        
        <TextBlock HPOS="188.0"
                   VPOS="1162.0"
                   WIDTH="1005.0"
                   HEIGHT="417.0"
                   ID="eSc_textblock_26df135b"
                   TAGREFS="BT6909">
          <Shape><Polygon POINTS="1193 1579 188 1574 190 1162 1193 1162"/></Shape>
          
          
          <TextLine ID="eSc_line_c6648bd3"
                    TAGREFS="LT15288"
                    BASELINE="188 1196 789 1198 1186 1207" 
                    HPOS="187.0"
                    VPOS="1166.0"
                    WIDTH="999.0"
                    HEIGHT="85.0">
            <Shape><Polygon POINTS="188 1196 187 1227 216 1227 221 1228 260 1243 261 1243 262 1243 263 1243 290 1231 304 1224 361 1224 379 1232 386 1236 388 1236 389 1236 390 1236 395 1233 405 1227 414 1233 419 1237 420 1237 422 1237 423 1237 440 1234 483 1225 504 1236 516 1242 517 1242 518 1242 547 1237 549 1237 579 1247 580 1247 581 1247 582 1247 584 1247 596 1238 613 1226 647 1226 663 1239 665 1239 666 1239 667 1239 668 1239 688 1233 701 1240 715 1248 717 1248 718 1248 719 1248 736 1242 738 1240 746 1242 787 1248 788 1248 818 1243 858 1237 877 1244 880 1245 881 1245 882 1245 887 1245 908 1240 916 1245 922 1250 923 1250 925 1250 926 1251 926 1250 927 1250 928 1250 934 1247 961 1230 1006 1230 1031 1248 1033 1250 1035 1250 1036 1250 1182 1251 1186 1207 1185 1185 1124 1170 1047 1169 1046 1169 1044 1169 1043 1169 1023 1182 1020 1185 956 1185 952 1182 923 1168 922 1168 921 1168 920 1168 891 1179 829 1179 794 1167 793 1167 792 1167 741 1178 721 1172 720 1172 719 1172 718 1172 717 1172 703 1180 660 1168 659 1168 657 1168 552 1178 533 1168 532 1168 530 1168 449 1178 440 1179 432 1178 385 1168 384 1168 383 1168 364 1178 362 1179 304 1179 299 1176 256 1166 255 1166 253 1166 252 1166 235 1175 188 1175 188 1196"/></Shape>
	    <String CONTENT="אלהי, נשמה שנתת בי טהורה היא אתה"
                    HPOS="187.0"
                    VPOS="1166.0"
                    WIDTH="999.0"
                    HEIGHT="85.0"
                    WC="0.9702323642936913"></String>
          </TextLine>

          
          
          <TextLine ID="eSc_line_485e181e"
                    TAGREFS="LT15288"
                    BASELINE="188 1261 956 1265" 
                    HPOS="187.0"
                    VPOS="1237.0"
                    WIDTH="769.0"
                    HEIGHT="72.0">
            <Shape><Polygon POINTS="188 1261 187 1301 193 1305 194 1305 195 1305 197 1305 198 1305 204 1300 215 1291 229 1300 239 1305 240 1305 241 1305 243 1305 244 1305 251 1300 267 1290 278 1300 280 1302 281 1302 282 1302 324 1307 325 1307 326 1307 345 1300 367 1292 380 1301 388 1306 389 1306 390 1306 391 1306 393 1306 409 1301 442 1290 507 1290 528 1301 542 1308 544 1308 545 1309 632 1309 632 1308 633 1308 634 1308 634 1307 642 1301 645 1298 649 1301 650 1303 651 1303 653 1303 654 1303 655 1303 656 1303 659 1302 665 1297 677 1302 699 1309 700 1309 701 1309 724 1306 725 1306 726 1306 730 1302 742 1292 783 1292 795 1302 803 1308 803 1309 804 1309 805 1309 806 1309 807 1309 828 1303 851 1309 852 1309 853 1309 855 1309 870 1302 876 1300 884 1302 903 1309 904 1309 905 1309 954 1302 956 1265 956 1249 925 1239 923 1239 922 1239 921 1239 909 1245 842 1239 841 1239 840 1239 813 1248 798 1242 796 1242 795 1242 749 1248 734 1240 732 1240 731 1240 699 1247 654 1238 653 1238 651 1238 630 1247 616 1238 615 1238 614 1238 613 1238 533 1245 492 1238 490 1238 489 1238 488 1238 488 1239 478 1248 452 1248 442 1238 442 1237 441 1237 440 1237 438 1237 188 1245 188 1261"/></Shape>
	    <String CONTENT="בראתה אתה יצרתה אתה נפחתה"
                    HPOS="187.0"
                    VPOS="1237.0"
                    WIDTH="769.0"
                    HEIGHT="72.0"
                    WC="0.9776297500056605"></String>
          </TextLine>

          
          
          <TextLine ID="eSc_line_e5516cd2"
                    TAGREFS="LT15288"
                    BASELINE="189 1324 1191 1336" 
                    HPOS="188.0"
                    VPOS="1297.0"
                    WIDTH="1003.0"
                    HEIGHT="85.0">
            <Shape><Polygon POINTS="189 1324 188 1353 220 1354 244 1370 245 1370 246 1370 247 1370 287 1364 297 1371 298 1371 299 1371 301 1371 302 1371 326 1360 354 1360 373 1370 374 1370 426 1372 428 1372 429 1372 430 1372 453 1358 454 1358 492 1358 493 1359 522 1373 523 1373 524 1375 561 1375 561 1373 562 1373 586 1361 611 1375 613 1375 614 1375 647 1372 648 1372 649 1372 667 1361 671 1360 721 1360 725 1363 743 1371 744 1371 746 1371 747 1371 748 1371 760 1364 787 1377 788 1377 789 1378 829 1378 829 1377 830 1377 871 1365 880 1363 884 1365 899 1376 900 1376 902 1376 903 1376 904 1376 920 1370 940 1378 942 1378 943 1379 983 1379 983 1378 984 1378 1004 1367 1040 1379 1041 1379 1089 1381 1090 1382 1112 1382 1112 1381 1113 1381 1115 1381 1130 1370 1135 1366 1140 1370 1153 1378 1154 1378 1156 1378 1157 1378 1158 1378 1189 1370 1191 1336 1188 1313 1146 1308 1145 1308 1144 1308 1128 1313 1117 1317 1105 1313 1088 1307 1087 1307 1085 1307 1084 1307 1072 1313 1066 1317 992 1317 974 1312 954 1307 952 1307 916 1311 897 1313 893 1311 886 1306 885 1306 884 1306 882 1306 881 1306 870 1311 864 1313 845 1311 790 1302 789 1302 648 1308 591 1311 579 1308 555 1301 553 1301 552 1301 551 1301 534 1307 529 1309 524 1307 507 1300 506 1300 505 1300 468 1307 458 1308 455 1307 443 1298 442 1298 441 1298 384 1297 351 1297 350 1297 349 1297 348 1297 337 1306 333 1307 189 1305 189 1324"/></Shape>
	    <String CONTENT="בי ואתה משמרה בקרבי ואתה עתיד לטלה ממני"
                    HPOS="188.0"
                    VPOS="1297.0"
                    WIDTH="1003.0"
                    HEIGHT="85.0"
                    WC="0.9763527824120088"></String>
          </TextLine>

          
          
          <TextLine ID="eSc_line_bee66e4c"
                    TAGREFS="LT15288"
                    BASELINE="187 1392 1189 1402" 
                    HPOS="186.0"
                    VPOS="1365.0"
                    WIDTH="1003.0"
                    HEIGHT="81.0">
            <Shape><Polygon POINTS="187 1392 186 1421 241 1436 243 1436 297 1437 298 1437 299 1437 301 1437 325 1423 367 1436 368 1436 370 1436 371 1436 386 1428 408 1439 409 1439 411 1440 468 1440 468 1439 469 1439 492 1428 512 1439 513 1439 515 1440 542 1440 542 1439 544 1439 545 1439 565 1425 604 1425 630 1441 631 1441 632 1441 633 1441 634 1441 667 1427 713 1427 731 1435 732 1435 734 1435 735 1435 752 1430 778 1442 780 1442 781 1442 782 1442 783 1442 805 1428 825 1428 894 1443 896 1443 952 1436 965 1445 966 1445 967 1445 968 1445 969 1445 992 1437 1000 1443 1001 1443 1002 1443 1129 1446 1130 1446 1131 1446 1133 1446 1158 1431 1187 1431 1189 1402 1189 1383 1160 1372 1159 1372 1158 1372 1077 1382 1044 1376 1043 1376 994 1381 927 1370 926 1370 798 1378 780 1369 778 1369 777 1369 752 1373 740 1367 738 1367 737 1367 689 1378 643 1378 609 1366 608 1366 563 1366 562 1366 561 1366 542 1376 493 1365 492 1365 432 1375 408 1366 407 1366 406 1366 405 1366 377 1373 370 1367 368 1367 367 1367 366 1367 187 1372 187 1392"/></Shape>
	    <String CONTENT="ולהחזירה בי לעתיד לבא, כל זמן שהנשמה בקרבי"
                    HPOS="186.0"
                    VPOS="1365.0"
                    WIDTH="1003.0"
                    HEIGHT="81.0"
                    WC="0.9749567924543868"></String>
          </TextLine>

          
          
          <TextLine ID="eSc_line_5b9df49f"
                    TAGREFS="LT15288"
                    BASELINE="192 1459 1189 1469" 
                    HPOS="191.0"
                    VPOS="1429.0"
                    WIDTH="998.0"
                    HEIGHT="85.0">
            <Shape><Polygon POINTS="192 1459 191 1492 244 1501 245 1501 298 1498 314 1506 315 1506 316 1506 374 1499 432 1506 434 1506 472 1497 476 1497 482 1498 526 1504 527 1504 528 1504 541 1498 546 1497 586 1499 593 1499 607 1509 608 1509 609 1509 610 1510 631 1510 631 1509 632 1509 633 1509 644 1500 648 1498 732 1499 736 1501 753 1510 754 1510 755 1510 757 1510 758 1510 769 1503 770 1501 777 1503 836 1511 838 1511 904 1505 956 1512 957 1512 959 1512 973 1505 983 1501 1014 1506 1063 1514 1064 1514 1094 1508 1098 1508 1101 1508 1136 1514 1137 1514 1139 1514 1140 1514 1147 1509 1156 1504 1163 1509 1170 1512 1171 1512 1173 1512 1187 1509 1189 1469 1188 1450 1065 1450 1060 1447 1033 1441 1032 1441 1031 1441 1003 1447 1002 1447 981 1436 980 1436 979 1436 978 1436 977 1436 961 1447 960 1447 954 1447 913 1441 911 1441 879 1446 876 1446 873 1446 815 1434 813 1434 754 1443 690 1433 689 1433 620 1443 617 1443 615 1443 591 1435 590 1435 588 1435 541 1441 513 1431 512 1431 511 1431 510 1431 477 1442 440 1442 431 1442 431 1441 405 1430 403 1430 402 1430 324 1439 312 1429 310 1429 309 1429 308 1429 307 1429 289 1439 192 1439 192 1459"/></Shape>
	    <String CONTENT="מודה אני לפניך יהוה אלהי ואלהי אבותי רבון כל המעשים"
                    HPOS="191.0"
                    VPOS="1429.0"
                    WIDTH="998.0"
                    HEIGHT="85.0"
                    WC="0.9702910944527271"></String>
          </TextLine>

          
          
          <TextLine ID="eSc_line_e5437226"
                    TAGREFS="LT15288"
                    BASELINE="191 1524 1186 1534" 
                    HPOS="189.0"
                    VPOS="1498.0"
                    WIDTH="997.0"
                    HEIGHT="88.0">
            <Shape><Polygon POINTS="191 1524 189 1559 227 1561 246 1574 247 1574 249 1574 250 1574 251 1574 270 1566 372 1574 373 1574 374 1574 390 1567 474 1572 475 1572 476 1572 484 1568 492 1564 558 1564 573 1570 597 1580 598 1580 599 1580 639 1572 648 1570 657 1572 705 1581 706 1581 753 1574 806 1567 839 1576 846 1579 847 1579 848 1579 850 1579 855 1578 874 1568 890 1578 891 1579 892 1579 893 1579 937 1584 938 1585 969 1585 969 1584 971 1584 979 1580 1006 1570 1033 1581 1040 1584 1041 1584 1042 1584 1043 1584 1048 1582 1072 1574 1105 1584 1111 1585 1112 1585 1113 1586 1183 1586 1186 1534 1185 1516 1067 1516 1064 1515 1032 1504 1031 1504 967 1504 966 1504 965 1504 963 1504 951 1512 903 1503 902 1503 863 1510 823 1503 822 1503 821 1503 819 1503 806 1511 619 1511 614 1510 561 1501 559 1501 507 1509 504 1509 500 1509 436 1501 435 1501 403 1508 394 1500 393 1500 391 1500 390 1500 353 1506 342 1498 341 1498 339 1498 338 1498 292 1506 291 1506 191 1506 191 1524"/></Shape>
	    <String CONTENT="אדון כל הנשמות: ברוך אתה יהוה המחזיר נשמות"
                    HPOS="189.0"
                    VPOS="1498.0"
                    WIDTH="997.0"
                    HEIGHT="88.0"
                    WC="0.9861870451671321"></String>
          </TextLine>

          
        </TextBlock>
        

        
      </PrintSpace>
    </Page>
  </Layout>
</alto>
