<?xml version="1.0" encoding="UTF-8"?>
<alto xmlns:xsi="http://www.w3.org/2001/XMLSchema-instance"
      xmlns="http://www.loc.gov/standards/alto/ns-v4#"
      xsi:schemaLocation="http://www.loc.gov/standards/alto/ns-v4# http://www.loc.gov/standards/alto/v4/alto-4-2.xsd">
  <Description>
    <MeasurementUnit>pixel</MeasurementUnit>
    <sourceImageInformation>
      <fileName>IE87363222_00008.jpg</fileName>
      <fileIdentifier>mets//export_doc4366_1col_14_copy_alto_202404261215.zip/IE87363222_00008.jpg</fileIdentifier>
    </sourceImageInformation>
  </Description>
  
  <Tags>
    <OtherTag ID="BT8356" LABEL="MainLeft" DESCRIPTION="block type MainLeft"/><OtherTag ID="BT8355" LABEL="MainRight" DESCRIPTION="block type MainRight"/><OtherTag ID="BT6914" LABEL="Handwritten" DESCRIPTION="block type Handwritten"/><OtherTag ID="BT6913" LABEL="RunningHeader" DESCRIPTION="block type RunningHeader"/><OtherTag ID="BT6912" LABEL="Catchword" DESCRIPTION="block type Catchword"/><OtherTag ID="BT6911" LABEL="Margin" DESCRIPTION="block type Margin"/><OtherTag ID="BT6910" LABEL="FooterCentral" DESCRIPTION="block type FooterCentral"/><OtherTag ID="BT6909" LABEL="MainCentral" DESCRIPTION="block type MainCentral"/><OtherTag ID="BT6908" LABEL="Header" DESCRIPTION="block type Header"/><OtherTag ID="BT4" LABEL="Illustration" DESCRIPTION="block type Illustration"/><OtherTag ID="BT3" LABEL="Commentary" DESCRIPTION="block type Commentary"/><OtherTag ID="BT2" LABEL="Main" DESCRIPTION="block type Main"/><OtherTag ID="BT1" LABEL="Title" DESCRIPTION="block type Title"/>
    <OtherTag ID="LT15938" LABEL="MainLeft" DESCRIPTION="line type MainLeft"/><OtherTag ID="LT15937" LABEL="MainRight" DESCRIPTION="line type MainRight"/><OtherTag ID="LT15289" LABEL="Handwritten" DESCRIPTION="line type Handwritten"/><OtherTag ID="LT15288" LABEL="MainCentral" DESCRIPTION="line type MainCentral"/><OtherTag ID="LT15287" LABEL="NotMain" DESCRIPTION="line type NotMain"/>
  </Tags>
  
  <Layout>
    <Page WIDTH="1185"
          HEIGHT="1854"
          PHYSICAL_IMG_NR="19"
          ID="eSc_dummypage_">
      <PrintSpace HPOS="0"
                  VPOS="0"
                  WIDTH="1185"
                  HEIGHT="1854">
        
        <TextBlock HPOS="16.0"
                   VPOS="193.0"
                   WIDTH="946.0"
                   HEIGHT="1433.0"
                   ID="eSc_textblock_dfa0d3f1"
                   TAGREFS="BT6909">
          <Shape><Polygon POINTS="933 197 962 210 950 1618 350 1626 24 1614 16 354 32 193"/></Shape>
          
          
          <TextLine ID="eSc_line_9640aae5"
                    TAGREFS="LT15288"
                    BASELINE="27 224 955 229" 
                    HPOS="24.0"
                    VPOS="193.0"
                    WIDTH="930.0"
                    HEIGHT="83.0">
            <Shape><Polygon POINTS="952 207 937 199 925 196 901 196 891 196 875 196 860 196 844 196 843 196 826 210 768 210 756 196 754 196 751 196 736 196 720 196 705 196 689 196 674 196 659 196 643 196 642 194 638 196 637 196 635 196 621 207 580 196 578 196 577 196 575 196 573 196 572 196 529 207 439 196 434 196 433 196 431 196 413 205 385 197 383 197 382 197 380 197 379 197 366 207 259 207 236 196 230 193 225 193 210 193 194 193 179 193 163 193 148 193 146 193 142 196 126 203 26 196 26 222 24 270 160 271 162 271 163 271 165 271 165 270 177 258 250 251 278 270 287 270 293 270 315 256 366 267 368 267 369 267 371 267 371 265 389 250 408 250 422 258 423 258 425 258 426 258 428 258 443 251 474 268 476 268 478 268 508 262 538 271 539 271 541 271 542 271 586 259 620 265 621 265 623 265 624 265 642 253 713 262 714 262 716 262 742 253 835 253 880 273 881 273 883 273 884 273 886 273 897 265 949 276 954 228 954 207 952 207"/></Shape>
	    <String CONTENT=""
                    HPOS="24.0"
                    VPOS="193.0"
                    WIDTH="930.0"
                    HEIGHT="83.0"
                    WC="0.974904749637995"></String>
          </TextLine>

          
          
          <TextLine ID="eSc_line_de59fc94"
                    TAGREFS="LT15288"
                    BASELINE="179 273 853 278" 
                    HPOS="176.0"
                    VPOS="241.0"
                    WIDTH="676.0"
                    HEIGHT="71.0">
            <Shape><Polygon POINTS="177 271 176 301 280 309 281 309 283 309 301 302 306 301 312 302 334 309 335 309 337 309 372 302 383 301 386 302 399 310 400 310 402 310 403 310 566 304 601 302 607 304 634 312 635 312 637 312 674 304 677 304 686 304 802 312 804 312 849 304 852 276 850 244 736 244 734 244 733 244 686 256 448 256 425 245 419 242 417 242 416 242 402 245 366 254 270 254 261 245 256 242 256 241 255 241 253 241 252 241 177 245 177 271"/></Shape>
	    <String CONTENT=""
                    HPOS="176.0"
                    VPOS="241.0"
                    WIDTH="676.0"
                    HEIGHT="71.0"
                    WC="0.9831210494041442"></String>
          </TextLine>

          
          
          <TextLine ID="eSc_line_d68d259a"
                    TAGREFS="LT15288"
                    BASELINE="141 323 850 327" 
                    HPOS="139.0"
                    VPOS="292.0"
                    WIDTH="710.0"
                    HEIGHT="86.0">
            <Shape><Polygon POINTS="140 322 139 350 167 352 177 363 177 364 179 364 180 364 182 364 184 364 185 364 196 356 256 361 258 361 283 356 298 353 309 358 329 366 331 366 332 366 334 366 358 359 380 353 391 361 403 369 405 369 406 369 408 369 409 369 428 361 439 358 445 363 461 375 462 375 464 375 515 376 516 378 597 378 597 376 598 376 600 376 611 369 624 358 646 370 660 376 662 376 663 378 696 378 696 376 697 376 710 372 758 355 799 375 801 375 844 376 849 325 846 295 498 307 461 296 459 296 457 296 372 305 346 296 344 296 343 296 283 304 258 293 256 293 255 293 190 299 140 292 140 322"/></Shape>
	    <String CONTENT=""
                    HPOS="139.0"
                    VPOS="292.0"
                    WIDTH="710.0"
                    HEIGHT="86.0"
                    WC="0.9956089834372203"></String>
          </TextLine>

          
          
          <TextLine ID="eSc_line_6ce18953"
                    TAGREFS="LT15288"
                    BASELINE="25 417 953 422" 
                    HPOS="23.0"
                    VPOS="370.0"
                    WIDTH="929.0"
                    HEIGHT="112.0">
            <Shape><Polygon POINTS="24 415 23 448 108 474 109 474 111 474 112 474 142 461 154 471 156 471 157 471 159 471 160 471 207 455 219 451 253 451 397 451 416 461 437 474 439 474 499 478 501 478 558 469 570 478 572 478 573 478 575 480 626 480 626 478 628 478 651 471 668 465 676 471 679 474 680 474 682 474 683 474 685 474 691 472 703 468 733 474 747 475 748 475 750 475 751 475 753 474 762 466 824 477 832 477 833 477 835 477 836 477 863 463 878 478 880 478 880 480 881 480 883 480 884 482 949 482 952 421 951 383 925 384 923 384 922 384 922 386 908 398 875 381 874 381 872 381 870 381 869 381 841 400 722 400 674 397 651 378 648 375 646 375 645 375 643 375 614 378 560 383 530 376 521 375 519 375 512 376 440 392 433 386 433 384 431 384 430 384 428 384 369 389 344 381 343 381 341 381 340 381 338 381 317 397 276 397 261 384 259 384 258 384 256 384 194 393 162 372 160 372 159 372 139 372 105 372 103 372 102 372 75 386 60 372 58 372 57 372 24 370 24 415"/></Shape>
	    <String CONTENT=""
                    HPOS="23.0"
                    VPOS="370.0"
                    WIDTH="929.0"
                    HEIGHT="112.0"
                    WC="0.9700471885276564"></String>
          </TextLine>

          
          
          <TextLine ID="eSc_line_b8f0b68e"
                    TAGREFS="LT15288"
                    BASELINE="26 484 760 489" 
                    HPOS="23.0"
                    VPOS="455.0"
                    WIDTH="736.0"
                    HEIGHT="85.0">
            <Shape><Polygon POINTS="24 483 23 517 92 536 94 537 122 537 122 536 123 536 125 536 142 522 145 520 227 520 242 525 287 537 289 537 290 537 292 537 324 526 340 522 352 528 371 537 372 537 374 539 451 539 451 537 453 537 454 537 454 536 461 531 471 522 488 522 518 533 536 539 538 539 539 540 612 540 612 539 614 539 615 539 618 536 626 529 642 536 649 539 651 539 652 539 654 539 660 537 694 523 753 539 759 488 759 468 739 460 737 460 736 460 702 466 694 468 693 466 680 458 679 458 677 458 676 458 674 458 659 466 654 469 581 469 572 465 555 458 553 458 552 458 550 458 529 465 513 468 487 463 461 460 459 460 409 463 352 466 318 461 293 458 292 458 290 458 289 458 286 461 278 466 255 460 230 455 228 455 24 457 24 483"/></Shape>
	    <String CONTENT=""
                    HPOS="23.0"
                    VPOS="455.0"
                    WIDTH="736.0"
                    HEIGHT="85.0"
                    WC="0.9698501442159925"></String>
          </TextLine>

          
          
          <TextLine ID="eSc_line_607395d2"
                    TAGREFS="LT15288"
                    BASELINE="118 554 853 562" 
                    HPOS="116.0"
                    VPOS="519.0"
                    WIDTH="736.0"
                    HEIGHT="99.0">
            <Shape><Polygon POINTS="117 553 116 597 177 610 179 610 180 610 182 610 196 601 221 584 242 594 244 594 245 594 247 594 249 594 249 593 256 587 270 594 272 594 273 594 275 594 276 594 278 594 290 585 315 604 317 604 318 604 320 604 321 604 323 604 343 597 349 604 357 610 357 611 358 611 360 611 361 611 363 611 365 611 365 610 371 605 394 585 496 585 508 594 508 596 510 596 512 596 513 596 515 596 536 588 556 599 558 599 560 599 561 599 563 599 578 590 666 596 668 596 669 596 703 587 728 591 751 614 753 614 753 616 754 616 756 616 758 618 849 618 852 560 850 525 753 536 728 525 727 525 725 525 611 534 572 525 570 525 569 525 567 525 546 534 425 534 414 525 414 523 413 523 411 523 409 523 408 523 406 525 391 533 297 533 280 525 266 519 264 519 262 519 117 523 117 553"/></Shape>
	    <String CONTENT=""
                    HPOS="116.0"
                    VPOS="519.0"
                    WIDTH="736.0"
                    HEIGHT="99.0"
                    WC="0.9580095847447713"></String>
          </TextLine>

          
          
          <TextLine ID="eSc_line_75ea9866"
                    TAGREFS="LT15288"
                    BASELINE="265 626 705 628" 
                    HPOS="262.0"
                    VPOS="587.0"
                    WIDTH="441.0"
                    HEIGHT="98.0">
            <Shape><Polygon POINTS="264 625 262 667 301 685 303 685 304 685 408 679 409 679 411 679 411 678 417 673 422 668 493 668 502 676 508 682 508 684 510 684 512 684 538 685 539 685 541 685 542 685 550 679 555 676 560 679 564 684 564 685 566 685 567 685 569 685 570 685 586 681 598 678 699 685 703 627 702 587 628 587 626 587 624 587 620 588 589 605 555 596 553 596 552 596 505 605 490 596 488 596 487 596 485 596 484 596 482 596 471 607 434 607 419 596 408 587 406 587 405 587 403 587 402 587 366 597 338 605 315 599 283 590 281 590 280 590 278 590 276 590 264 597 264 625"/></Shape>
	    <String CONTENT=""
                    HPOS="262.0"
                    VPOS="587.0"
                    WIDTH="441.0"
                    HEIGHT="98.0"
                    WC="0.9789064369703594"></String>
          </TextLine>

          
          
          <TextLine ID="eSc_line_64fb6e68"
                    TAGREFS="LT15288"
                    BASELINE="331 696 623 700" 
                    HPOS="327.0"
                    VPOS="672.0"
                    WIDTH="294.0"
                    HEIGHT="81.0">
            <Shape><Polygon POINTS="329 695 327 730 368 749 369 749 371 750 397 750 397 749 399 749 400 749 417 736 426 732 450 732 456 740 465 747 465 749 467 749 468 749 470 749 471 749 473 749 481 741 491 733 513 733 547 747 560 752 561 752 563 753 618 753 621 699 621 676 329 672 329 695"/></Shape>
	    <String CONTENT=""
                    HPOS="327.0"
                    VPOS="672.0"
                    WIDTH="294.0"
                    HEIGHT="81.0"
                    WC="0.9981748028235002"></String>
          </TextLine>

          
          
          <TextLine ID="eSc_line_2ce42402"
                    TAGREFS="LT15288"
                    BASELINE="412 767 567 763" 
                    HPOS="409.0"
                    VPOS="719.0"
                    WIDTH="157.0"
                    HEIGHT="90.0">
            <Shape><Polygon POINTS="411 766 411 797 564 809 566 761 563 735 541 735 539 735 515 719 513 719 512 719 510 719 508 719 476 735 474 735 459 723 457 723 456 723 454 723 453 723 409 733 411 766"/></Shape>
	    <String CONTENT=""
                    HPOS="409.0"
                    VPOS="719.0"
                    WIDTH="157.0"
                    HEIGHT="90.0"
                    WC="0.9974234342575073"></String>
          </TextLine>

          
          
          <TextLine ID="eSc_line_75cc0caf"
                    TAGREFS="LT15288"
                    BASELINE="22 827 940 842" 
                    HPOS="20.0"
                    VPOS="794.0"
                    WIDTH="919.0"
                    HEIGHT="103.0">
            <Shape><Polygon POINTS="21 826 20 852 85 885 86 885 88 885 125 882 126 882 128 882 165 860 216 862 258 883 259 883 261 883 262 883 298 865 315 857 428 866 430 866 431 866 451 860 484 869 485 869 487 869 594 862 643 869 648 874 654 874 654 879 659 883 659 885 660 885 662 885 663 885 665 885 668 885 696 876 716 886 730 896 731 896 733 896 934 897 939 840 939 815 737 801 736 801 654 811 646 811 645 811 634 801 634 800 632 800 631 800 629 800 558 809 550 809 368 808 366 806 351 798 349 798 348 798 346 798 332 806 331 806 258 806 256 804 228 794 227 794 225 794 176 803 173 803 168 803 105 794 103 794 21 800 21 826"/></Shape>
	    <String CONTENT=""
                    HPOS="20.0"
                    VPOS="794.0"
                    WIDTH="919.0"
                    HEIGHT="103.0"
                    WC="0.9936570552892463"></String>
          </TextLine>

          
          
          <TextLine ID="eSc_line_a667ab30"
                    TAGREFS="LT15288"
                    BASELINE="298 872 665 878" 
                    HPOS="295.0"
                    VPOS="845.0"
                    WIDTH="368.0"
                    HEIGHT="78.0">
            <Shape><Polygon POINTS="297 871 295 908 351 919 352 919 354 919 355 919 368 908 372 905 383 908 394 913 396 913 397 913 442 908 467 906 470 908 484 920 484 922 485 922 487 922 488 922 490 922 524 911 535 920 535 922 536 922 538 922 584 923 586 923 660 908 663 877 662 860 573 857 569 849 567 849 567 848 566 848 564 848 563 848 561 848 527 857 524 857 521 857 448 846 447 846 445 846 443 846 431 854 365 845 363 845 297 852 297 871"/></Shape>
	    <String CONTENT=""
                    HPOS="295.0"
                    VPOS="845.0"
                    WIDTH="368.0"
                    HEIGHT="78.0"
                    WC="0.9652317421776908"></String>
          </TextLine>

          
          
          <TextLine ID="eSc_line_a6ac7b73"
                    TAGREFS="LT15288"
                    BASELINE="23 938 560 946 768 957 932 960" 
                    HPOS="21.0"
                    VPOS="911.0"
                    WIDTH="911.0"
                    HEIGHT="79.0">
            <Shape><Polygon POINTS="23 938 21 970 74 974 75 974 76 974 77 974 80 972 89 966 119 966 138 973 141 974 142 974 143 974 144 974 146 973 162 965 206 963 248 975 253 977 254 977 255 977 256 977 261 976 281 971 337 974 339 974 340 974 357 968 375 977 376 977 391 979 428 981 429 982 461 982 461 981 462 981 463 981 464 980 476 973 497 978 498 978 499 978 626 971 665 982 666 982 667 982 668 982 688 976 708 981 709 981 711 981 712 981 728 973 777 973 816 974 840 989 841 989 842 989 929 990 932 960 932 937 921 931 920 931 919 931 918 931 917 931 908 936 901 941 894 936 883 928 882 928 881 928 856 928 855 928 854 928 836 934 818 941 731 941 700 930 680 923 679 923 678 923 651 929 631 933 604 928 574 921 573 921 530 925 523 925 517 924 491 920 490 920 489 920 488 920 483 923 481 925 465 923 438 919 437 919 436 919 427 922 409 929 381 923 380 923 379 923 361 933 327 933 309 927 308 927 307 927 279 930 258 919 257 919 256 919 255 919 224 930 199 923 198 923 197 923 167 927 143 914 141 913 140 913 139 913 131 914 84 920 73 912 72 911 71 911 70 911 23 911 23 938"/></Shape>
	    <String CONTENT="ויהי נעם אדני אלהינו עלינו ומעשה ידינו כוננה"
                    HPOS="21.0"
                    VPOS="911.0"
                    WIDTH="911.0"
                    HEIGHT="79.0"
                    WC="0.9934311328932296"></String>
          </TextLine>

          
          
          <TextLine ID="eSc_line_7e6edd76"
                    TAGREFS="LT15288"
                    BASELINE="22 987 727 998" 
                    HPOS="20.0"
                    VPOS="962.0"
                    WIDTH="705.0"
                    HEIGHT="71.0">
            <Shape><Polygon POINTS="21 985 20 1013 88 1015 119 1027 120 1027 122 1027 174 1018 222 1018 236 1028 238 1028 239 1028 241 1028 504 1022 539 1033 541 1033 542 1033 722 1024 725 996 725 981 694 970 693 970 691 970 689 970 652 979 626 968 624 968 468 967 467 967 465 967 447 977 443 977 230 976 228 974 219 965 219 964 218 964 216 964 215 964 213 964 182 971 173 964 171 964 170 964 168 964 167 964 165 964 153 973 150 973 94 962 92 962 91 962 89 962 75 971 74 971 21 971 21 985"/></Shape>
	    <String CONTENT="עלינו ומעשה ידינו כוננהו: ישב בסתר"
                    HPOS="20.0"
                    VPOS="962.0"
                    WIDTH="705.0"
                    HEIGHT="71.0"
                    WC="0.9805354836739992"></String>
          </TextLine>

          
          
          <TextLine ID="eSc_line_dc20e6b9"
                    TAGREFS="LT15288"
                    BASELINE="22 1035 934 1054" 
                    HPOS="20.0"
                    VPOS="1002.0"
                    WIDTH="912.0"
                    HEIGHT="84.0">
            <Shape><Polygon POINTS="21 1033 20 1056 89 1070 300 1073 301 1073 355 1066 363 1066 366 1067 380 1073 382 1073 383 1073 425 1069 434 1067 436 1069 447 1076 447 1078 448 1078 450 1078 451 1078 453 1078 454 1078 465 1070 474 1078 476 1078 478 1078 479 1078 560 1072 567 1072 570 1072 600 1081 601 1081 603 1081 604 1081 632 1075 680 1083 682 1083 683 1083 685 1083 685 1081 691 1075 694 1073 705 1076 741 1083 742 1083 744 1083 758 1076 764 1075 779 1078 821 1086 823 1086 929 1081 932 1053 932 1033 795 1018 793 1018 717 1028 703 1030 696 1028 655 1015 654 1015 652 1015 651 1015 618 1027 595 1027 530 1027 525 1025 485 1015 484 1015 482 1015 481 1015 479 1015 467 1024 465 1024 454 1015 454 1013 453 1013 451 1013 450 1013 405 1022 396 1024 108 1019 105 1018 75 1002 74 1002 72 1002 71 1002 21 1015 21 1033"/></Shape>
	    <String CONTENT="עליון בצל שדי יתלונן: אמר ליהוה מחסי ומצודתי אלהי"
                    HPOS="20.0"
                    VPOS="1002.0"
                    WIDTH="912.0"
                    HEIGHT="84.0"
                    WC="0.9821252846717834"></String>
          </TextLine>

          
          
          <TextLine ID="eSc_line_a15c1fd5"
                    TAGREFS="LT15288"
                    BASELINE="21 1085 935 1102" 
                    HPOS="18.0"
                    VPOS="1056.0"
                    WIDTH="916.0"
                    HEIGHT="78.0">
            <Shape><Polygon POINTS="20 1084 18 1110 37 1120 38 1120 40 1120 92 1112 184 1123 185 1123 245 1115 253 1115 259 1115 292 1124 293 1124 295 1124 334 1118 343 1117 348 1118 363 1126 365 1126 366 1126 461 1121 474 1121 482 1121 524 1129 525 1129 549 1124 561 1121 575 1124 598 1130 600 1130 601 1130 634 1126 660 1123 929 1134 934 1101 932 1072 855 1079 782 1070 770 1069 768 1069 737 1069 607 1075 601 1069 601 1067 600 1067 600 1066 598 1066 597 1066 595 1066 536 1067 439 1072 349 1066 269 1061 267 1061 245 1066 235 1067 232 1066 225 1059 224 1059 222 1059 221 1059 219 1059 218 1059 211 1066 207 1067 136 1067 129 1064 106 1056 105 1056 103 1056 20 1062 20 1084"/></Shape>
	    <String CONTENT="אבטח־בו: כי הוא יצילך מפח יקוש מדבר הוות: באברתו"
                    HPOS="18.0"
                    VPOS="1056.0"
                    WIDTH="916.0"
                    HEIGHT="78.0"
                    WC="0.9650398251858163"></String>
          </TextLine>

          
          
          <TextLine ID="eSc_line_ab22ffa1"
                    TAGREFS="LT15288"
                    BASELINE="20 1135 936 1152" 
                    HPOS="17.0"
                    VPOS="1106.0"
                    WIDTH="918.0"
                    HEIGHT="79.0">
            <Shape><Polygon POINTS="18 1121 18 1134 17 1160 46 1171 47 1171 49 1171 171 1163 182 1163 188 1163 227 1172 228 1172 256 1168 261 1174 262 1174 262 1175 264 1175 266 1175 267 1175 321 1168 349 1177 351 1177 487 1178 488 1178 490 1178 505 1172 513 1169 521 1172 532 1177 533 1177 535 1177 590 1174 645 1172 660 1177 682 1183 683 1183 685 1183 717 1178 744 1174 762 1180 781 1185 782 1185 784 1185 785 1185 798 1180 810 1175 819 1181 826 1185 827 1185 829 1185 830 1185 932 1183 935 1151 934 1129 863 1130 860 1126 857 1123 855 1123 855 1121 853 1121 852 1121 850 1121 849 1121 836 1126 832 1127 829 1126 821 1120 819 1120 818 1120 816 1120 815 1120 796 1124 782 1129 776 1124 770 1120 770 1118 768 1118 767 1118 765 1118 733 1123 708 1127 700 1123 694 1117 693 1117 691 1117 689 1117 634 1121 581 1124 566 1118 555 1115 553 1115 552 1115 550 1115 541 1118 530 1123 525 1118 524 1115 522 1115 522 1113 521 1113 519 1113 518 1113 465 1117 380 1121 366 1113 361 1110 360 1110 358 1110 357 1110 309 1112 191 1118 167 1109 162 1107 160 1107 159 1107 157 1107 153 1109 120 1117 91 1107 88 1106 86 1106 26 1106 18 1121"/></Shape>
	    <String CONTENT="יסך לך ותחת־כנפיו תחסה צנה וסחרה אמתו: לא־תירא"
                    HPOS="17.0"
                    VPOS="1106.0"
                    WIDTH="918.0"
                    HEIGHT="79.0"
                    WC="0.9776429039366702"></String>
          </TextLine>

          
          
          <TextLine ID="eSc_line_49fdf527"
                    TAGREFS="LT15288"
                    BASELINE="22 1181 931 1199" 
                    HPOS="20.0"
                    VPOS="1152.0"
                    WIDTH="909.0"
                    HEIGHT="79.0">
            <Shape><Polygon POINTS="21 1180 20 1214 134 1211 180 1219 191 1220 193 1220 201 1219 232 1212 256 1220 262 1222 264 1222 266 1222 275 1220 306 1214 403 1215 409 1222 411 1223 411 1225 413 1225 414 1225 416 1225 433 1223 473 1217 564 1225 624 1229 626 1231 926 1231 929 1198 929 1181 867 1181 864 1180 852 1171 850 1171 849 1171 847 1171 846 1171 826 1178 821 1180 816 1178 775 1164 773 1164 771 1164 770 1164 768 1164 750 1177 714 1177 662 1177 660 1175 648 1164 648 1163 646 1163 645 1163 643 1163 642 1163 628 1169 621 1163 621 1161 620 1161 618 1161 617 1161 615 1161 586 1174 583 1175 573 1174 533 1168 532 1168 380 1171 341 1171 338 1169 321 1158 320 1158 318 1158 317 1158 261 1168 242 1154 241 1154 239 1154 238 1154 236 1154 235 1154 225 1160 171 1152 170 1152 21 1163 21 1180"/></Shape>
	    <String CONTENT="מפחד לילה מחץ יעוף יומם: מדבר באפל יהלך מקטב"
                    HPOS="20.0"
                    VPOS="1152.0"
                    WIDTH="909.0"
                    HEIGHT="79.0"
                    WC="0.981177428494329"></String>
          </TextLine>

          
          
          <TextLine ID="eSc_line_af26a94f"
                    TAGREFS="LT15288"
                    BASELINE="22 1232 933 1248" 
                    HPOS="20.0"
                    VPOS="1205.0"
                    WIDTH="912.0"
                    HEIGHT="77.0">
            <Shape><Polygon POINTS="21 1231 20 1256 89 1266 91 1266 92 1266 106 1260 111 1266 112 1266 112 1268 114 1268 116 1268 117 1268 119 1268 134 1260 145 1269 145 1271 146 1271 148 1271 150 1271 194 1262 201 1260 213 1262 292 1274 293 1274 391 1266 400 1266 413 1266 499 1277 501 1277 502 1277 516 1269 524 1266 538 1271 564 1279 566 1279 567 1279 657 1274 733 1269 748 1276 754 1279 756 1279 758 1279 759 1279 765 1277 779 1271 784 1277 788 1280 788 1282 790 1282 792 1282 793 1282 929 1280 932 1246 931 1220 884 1226 849 1219 840 1217 838 1217 824 1219 773 1225 697 1225 689 1217 688 1215 686 1215 685 1215 683 1215 682 1215 679 1217 666 1223 660 1217 660 1215 659 1215 659 1214 657 1214 655 1214 654 1214 626 1217 573 1222 558 1215 550 1212 549 1212 547 1212 519 1215 476 1220 403 1220 392 1214 383 1209 382 1209 380 1209 379 1209 361 1214 346 1217 315 1212 272 1208 270 1208 247 1212 233 1215 222 1212 205 1206 204 1206 202 1206 170 1212 156 1214 142 1211 112 1205 111 1205 21 1209 21 1231"/></Shape>
	    <String CONTENT="ישוד צהרים: יפל מצדך אלף ורבבה מימינך אליך לא יגש:"
                    HPOS="20.0"
                    VPOS="1205.0"
                    WIDTH="912.0"
                    HEIGHT="77.0"
                    WC="0.9923876968084597"></String>
          </TextLine>

          
          
          <TextLine ID="eSc_line_5a5922eb"
                    TAGREFS="LT15288"
                    BASELINE="36 1282 931 1299" 
                    HPOS="34.0"
                    VPOS="1259.0"
                    WIDTH="895.0"
                    HEIGHT="74.0">
            <Shape><Polygon POINTS="35 1280 34 1313 245 1313 267 1320 275 1322 276 1322 278 1322 297 1320 355 1314 383 1322 388 1324 389 1324 391 1324 392 1324 397 1322 423 1316 453 1324 459 1325 461 1325 462 1325 473 1324 518 1317 535 1325 538 1327 539 1327 683 1330 685 1330 697 1328 751 1322 761 1330 762 1331 764 1331 765 1331 880 1333 881 1333 883 1333 884 1333 894 1325 923 1333 929 1297 929 1280 742 1277 741 1276 725 1268 723 1268 722 1268 640 1274 624 1274 621 1273 604 1265 603 1265 601 1265 553 1271 542 1273 515 1271 392 1262 391 1262 389 1262 371 1268 366 1269 363 1268 351 1260 349 1260 348 1260 346 1260 344 1260 323 1266 318 1268 312 1266 276 1259 275 1259 35 1260 35 1280"/></Shape>
	    <String CONTENT="רק בעיניך תביט ושלמת רשעים תראה: כי־אתה יהוה מחסי"
                    HPOS="34.0"
                    VPOS="1259.0"
                    WIDTH="895.0"
                    HEIGHT="74.0"
                    WC="0.9925990332948401"></String>
          </TextLine>

          
          
          <TextLine ID="eSc_line_45f90817"
                    TAGREFS="LT15288"
                    BASELINE="26 1329 931 1348" 
                    HPOS="23.0"
                    VPOS="1302.0"
                    WIDTH="906.0"
                    HEIGHT="77.0">
            <Shape><Polygon POINTS="24 1328 23 1362 925 1379 929 1347 928 1325 628 1325 606 1316 597 1313 595 1313 594 1313 592 1313 580 1316 555 1322 547 1316 547 1314 546 1314 544 1314 542 1314 535 1314 482 1319 467 1313 459 1310 457 1310 456 1310 403 1311 250 1316 208 1307 202 1305 201 1305 193 1305 140 1313 128 1303 126 1303 125 1303 24 1302 24 1328"/></Shape>
	    <String CONTENT="עליון שמת מעונך: לא־תאנה אליך רעה ונגע לא־יקרב"
                    HPOS="23.0"
                    VPOS="1302.0"
                    WIDTH="906.0"
                    HEIGHT="77.0"
                    WC="0.9913433067342068"></String>
          </TextLine>

          
          
          <TextLine ID="eSc_line_b6a665d7"
                    TAGREFS="LT15288"
                    BASELINE="22 1378 931 1394" 
                    HPOS="20.0"
                    VPOS="1350.0"
                    WIDTH="909.0"
                    HEIGHT="79.0">
            <Shape><Polygon POINTS="21 1376 20 1410 925 1429 929 1393 929 1370 513 1358 453 1358 451 1358 450 1358 448 1358 448 1359 443 1362 440 1365 386 1362 301 1356 300 1356 221 1359 187 1361 168 1359 103 1350 102 1350 100 1350 99 1350 86 1358 85 1358 21 1358 21 1376"/></Shape>
	    <String CONTENT="באהלך: כי מלאכיו יצוה־לך לשמרך בכל־דרכיך: על־כפים"
                    HPOS="20.0"
                    VPOS="1350.0"
                    WIDTH="909.0"
                    HEIGHT="79.0"
                    WC="0.9855561852455139"></String>
          </TextLine>

          
          
          <TextLine ID="eSc_line_49717002"
                    TAGREFS="LT15288"
                    BASELINE="19 1424 413 1436 929 1444" 
                    HPOS="17.0"
                    VPOS="1401.0"
                    WIDTH="911.0"
                    HEIGHT="76.0">
            <Shape><Polygon POINTS="18 1422 17 1453 74 1464 75 1464 221 1460 225 1460 227 1460 262 1469 264 1469 266 1469 267 1469 297 1461 298 1461 335 1470 337 1470 338 1470 375 1463 379 1463 382 1463 411 1472 413 1472 414 1472 478 1466 487 1473 488 1473 490 1473 491 1473 552 1467 553 1467 563 1475 564 1475 566 1475 567 1477 925 1477 928 1443 926 1426 853 1415 852 1415 796 1421 781 1422 747 1419 634 1410 632 1410 541 1415 490 1416 416 1416 411 1410 406 1407 406 1405 405 1405 403 1405 402 1405 375 1410 355 1413 337 1409 324 1405 323 1405 321 1405 300 1407 266 1412 18 1401 18 1422"/></Shape>
	    <String CONTENT=""
                    HPOS="17.0"
                    VPOS="1401.0"
                    WIDTH="911.0"
                    HEIGHT="76.0"
                    WC="0.9610273580925137"></String>
          </TextLine>

          
          
          <TextLine ID="eSc_line_333fcb4a"
                    TAGREFS="LT15288"
                    BASELINE="22 1477 928 1493" 
                    HPOS="20.0"
                    VPOS="1452.0"
                    WIDTH="906.0"
                    HEIGHT="72.0">
            <Shape><Polygon POINTS="21 1475 20 1500 116 1512 117 1512 176 1504 184 1504 196 1504 295 1515 297 1515 380 1509 400 1509 406 1511 428 1518 430 1518 431 1518 491 1512 504 1512 529 1514 626 1521 628 1521 655 1517 676 1514 685 1518 696 1523 697 1523 699 1524 923 1524 926 1492 923 1466 778 1472 764 1464 762 1464 761 1464 759 1464 758 1464 679 1470 657 1463 652 1461 651 1461 649 1461 637 1463 597 1469 570 1463 561 1460 560 1460 558 1460 556 1460 552 1461 539 1467 525 1461 516 1458 515 1458 513 1458 512 1458 510 1458 507 1461 501 1466 485 1461 474 1458 473 1458 471 1458 456 1461 431 1466 326 1460 185 1452 184 1452 21 1456 21 1475"/></Shape>
	    <String CONTENT="כפיר ותנין: כי בי חשק ואפלטהו אשגבהו כי־ידע שמי:"
                    HPOS="20.0"
                    VPOS="1452.0"
                    WIDTH="906.0"
                    HEIGHT="72.0"
                    WC="0.9893523371219635"></String>
          </TextLine>

          
          
          <TextLine ID="eSc_line_149cdd83"
                    TAGREFS="LT15288"
                    BASELINE="18 1523 924 1541" 
                    HPOS="15.0"
                    VPOS="1500.0"
                    WIDTH="908.0"
                    HEIGHT="94.0">
            <Shape><Polygon POINTS="17 1521 15 1574 140 1577 142 1577 143 1577 182 1558 272 1558 343 1575 344 1575 346 1575 371 1568 425 1574 426 1574 428 1574 448 1565 498 1577 499 1577 501 1577 603 1566 672 1575 674 1575 676 1575 677 1575 688 1568 696 1575 697 1575 699 1575 700 1575 770 1569 832 1572 850 1591 850 1592 852 1592 853 1592 855 1594 920 1594 923 1540 922 1515 17 1500 17 1521"/></Shape>
	    <String CONTENT="יקראני ואענהו עמו־אנכי בצרה אחלצהו ואכבדהו: חזן: ארך"
                    HPOS="15.0"
                    VPOS="1500.0"
                    WIDTH="908.0"
                    HEIGHT="94.0"
                    WC="0.9807653973499934"></String>
          </TextLine>

          
          
          <TextLine ID="eSc_line_30eef5b1"
                    TAGREFS="LT15288"
                    BASELINE="189 1581 746 1586" 
                    HPOS="187.0"
                    VPOS="1552.0"
                    WIDTH="558.0"
                    HEIGHT="87.0">
            <Shape><Polygon POINTS="188 1580 187 1639 742 1639 745 1585 742 1563 648 1566 626 1560 620 1558 618 1558 617 1558 604 1560 560 1566 484 1557 462 1555 461 1555 459 1555 454 1557 433 1565 306 1565 188 1552 188 1580"/></Shape>
	    <String CONTENT="ימים אשביעהו ואראהו בישועתי:"
                    HPOS="187.0"
                    VPOS="1552.0"
                    WIDTH="558.0"
                    HEIGHT="87.0"
                    WC="0.9822464071471115"></String>
          </TextLine>

          
        </TextBlock>
        

        
      </PrintSpace>
    </Page>
  </Layout>
</alto>
