<?xml version="1.0" encoding="UTF-8"?>
<alto xmlns:xsi="http://www.w3.org/2001/XMLSchema-instance"
      xmlns="http://www.loc.gov/standards/alto/ns-v4#"
      xsi:schemaLocation="http://www.loc.gov/standards/alto/ns-v4# http://www.loc.gov/standards/alto/v4/alto-4-2.xsd">
  <Description>
    <MeasurementUnit>pixel</MeasurementUnit>
    <sourceImageInformation>
      <fileName>IE87582245_00015.jpg</fileName>
      <fileIdentifier>mets//export_doc4366_1col_14_copy_alto_202404261215.zip/IE87582245_00015.jpg</fileIdentifier>
    </sourceImageInformation>
  </Description>
  
  <Tags>
    <OtherTag ID="BT8356" LABEL="MainLeft" DESCRIPTION="block type MainLeft"/><OtherTag ID="BT8355" LABEL="MainRight" DESCRIPTION="block type MainRight"/><OtherTag ID="BT6914" LABEL="Handwritten" DESCRIPTION="block type Handwritten"/><OtherTag ID="BT6913" LABEL="RunningHeader" DESCRIPTION="block type RunningHeader"/><OtherTag ID="BT6912" LABEL="Catchword" DESCRIPTION="block type Catchword"/><OtherTag ID="BT6911" LABEL="Margin" DESCRIPTION="block type Margin"/><OtherTag ID="BT6910" LABEL="FooterCentral" DESCRIPTION="block type FooterCentral"/><OtherTag ID="BT6909" LABEL="MainCentral" DESCRIPTION="block type MainCentral"/><OtherTag ID="BT6908" LABEL="Header" DESCRIPTION="block type Header"/><OtherTag ID="BT4" LABEL="Illustration" DESCRIPTION="block type Illustration"/><OtherTag ID="BT3" LABEL="Commentary" DESCRIPTION="block type Commentary"/><OtherTag ID="BT2" LABEL="Main" DESCRIPTION="block type Main"/><OtherTag ID="BT1" LABEL="Title" DESCRIPTION="block type Title"/>
    <OtherTag ID="LT15938" LABEL="MainLeft" DESCRIPTION="line type MainLeft"/><OtherTag ID="LT15937" LABEL="MainRight" DESCRIPTION="line type MainRight"/><OtherTag ID="LT15289" LABEL="Handwritten" DESCRIPTION="line type Handwritten"/><OtherTag ID="LT15288" LABEL="MainCentral" DESCRIPTION="line type MainCentral"/><OtherTag ID="LT15287" LABEL="NotMain" DESCRIPTION="line type NotMain"/>
  </Tags>
  
  <Layout>
    <Page WIDTH="1217"
          HEIGHT="2157"
          PHYSICAL_IMG_NR="37"
          ID="eSc_dummypage_">
      <PrintSpace HPOS="0"
                  VPOS="0"
                  WIDTH="1217"
                  HEIGHT="2157">
        
        <TextBlock HPOS="110.0"
                   VPOS="191.0"
                   WIDTH="1087.0"
                   HEIGHT="1773.0"
                   ID="eSc_textblock_90204930"
                   TAGREFS="BT6909">
          <Shape><Polygon POINTS="532 191 1197 201 1197 1944 1173 1964 134 1964 124 1949 110 215 139 196 532 191"/></Shape>
          
          
          <TextLine ID="eSc_line_2b012542"
                    TAGREFS="LT15288"
                    BASELINE="111 228 1188 214" 
                    HPOS="111.0"
                    VPOS="192.0"
                    WIDTH="1077.0"
                    HEIGHT="81.0">
            <Shape><Polygon POINTS="1129 200 1117 200 1105 198 1093 198 1081 198 1069 198 1057 198 1045 198 1033 198 1021 197 1009 197 997 197 985 197 973 197 961 197 949 197 937 196 925 196 913 196 901 196 889 196 877 196 865 196 853 195 841 195 829 195 817 195 811 195 810 195 805 195 804 195 793 195 781 195 769 194 757 194 745 194 733 194 723 194 715 196 713 196 709 196 684 192 673 192 661 192 649 192 642 192 625 197 622 197 606 197 450 192 449 192 448 192 430 200 416 192 414 192 413 192 352 200 291 194 290 194 124 203 122 206 111 212 111 228 111 261 148 269 149 269 151 269 152 269 165 261 166 260 309 257 314 260 336 270 338 270 377 273 378 273 380 273 417 261 448 269 449 269 450 269 452 269 468 264 480 270 482 270 483 272 558 272 558 270 588 269 589 269 612 257 629 266 630 266 672 267 673 267 675 267 695 256 700 254 708 256 749 267 750 267 751 268 793 268 793 267 794 267 796 267 816 255 817 254 856 250 918 250 923 254 938 264 940 264 941 264 942 264 943 264 973 254 974 254 1010 261 1011 261 1013 261 1014 261 1025 252 1034 248 1086 248 1095 252 1116 262 1117 262 1118 263 1165 263 1165 262 1166 262 1188 251 1188 214 1134 200 1129 200"/></Shape>
	    <String CONTENT="הנני בני ויאמר הנה האש והעצים ואיה השה"
                    HPOS="111.0"
                    VPOS="192.0"
                    WIDTH="1077.0"
                    HEIGHT="81.0"
                    WC="0.9845331922957772"></String>
          </TextLine>

          
          
          <TextLine ID="eSc_line_bf8b713d"
                    TAGREFS="LT15288"
                    BASELINE="115 300 1189 285" 
                    HPOS="113.0"
                    VPOS="255.0"
                    WIDTH="1076.0"
                    HEIGHT="96.0">
            <Shape><Polygon POINTS="115 300 117 347 141 336 209 346 241 351 242 351 243 351 260 346 302 334 341 342 342 342 408 333 450 343 462 347 464 347 465 347 574 346 575 346 576 346 581 342 604 329 693 328 732 341 739 343 740 343 742 343 828 342 829 342 835 340 877 325 917 340 919 340 920 340 922 340 923 340 924 340 946 327 990 336 991 336 1050 323 1081 337 1083 339 1085 339 1086 339 1087 339 1091 337 1109 333 1188 336 1189 285 1188 262 1118 255 1117 255 1059 256 1058 256 1057 256 1047 263 1046 263 1014 258 1013 258 1011 258 998 264 997 264 995 264 970 260 968 260 853 267 836 267 830 267 775 260 774 260 729 268 727 268 726 268 707 261 706 261 705 261 617 262 616 262 597 270 595 272 410 273 408 273 396 266 395 266 394 266 393 266 392 266 363 274 359 274 354 274 310 267 309 267 308 267 287 274 196 268 195 268 194 268 176 276 175 276 157 269 155 269 154 269 113 276 115 300"/></Shape>
	    <String CONTENT="לעלה: ויאמר אברהם אלהים יראה־לו השה לעלה"
                    HPOS="113.0"
                    VPOS="255.0"
                    WIDTH="1076.0"
                    HEIGHT="96.0"
                    WC="0.9625730747129859"></String>
          </TextLine>

          
          
          <TextLine ID="eSc_line_cda43c8f"
                    TAGREFS="LT15288"
                    BASELINE="116 372 1185 360" 
                    HPOS="115.0"
                    VPOS="333.0"
                    WIDTH="1070.0"
                    HEIGHT="87.0">
            <Shape><Polygon POINTS="116 372 116 403 137 402 141 403 175 419 176 419 215 420 217 420 218 420 219 420 243 402 244 401 334 400 339 402 375 418 376 418 377 419 436 419 436 418 479 412 581 415 582 415 583 415 585 415 597 407 613 415 615 415 616 415 617 415 653 399 658 396 671 399 733 409 734 409 736 409 737 409 754 397 758 395 821 395 826 396 860 413 862 413 863 413 950 412 952 412 953 412 974 395 985 395 1077 391 1086 394 1125 409 1127 409 1128 409 1129 409 1185 393 1185 360 1184 340 1077 333 1076 333 823 343 808 343 802 343 724 337 723 337 721 337 697 345 696 345 695 345 658 339 657 339 655 339 641 346 639 346 597 346 382 343 381 343 317 349 308 349 306 349 297 342 296 342 294 342 293 342 261 349 258 351 115 351 116 372"/></Shape>
	    <String CONTENT="בני וילכו שניהם יחדו: ויבאו אל־המקום אשר אמר"
                    HPOS="115.0"
                    VPOS="333.0"
                    WIDTH="1070.0"
                    HEIGHT="87.0"
                    WC="0.9856702463571415"></String>
          </TextLine>

          
          
          <TextLine ID="eSc_line_74b2793e"
                    TAGREFS="LT15288"
                    BASELINE="116 448 1184 432" 
                    HPOS="115.0"
                    VPOS="401.0"
                    WIDTH="1069.0"
                    HEIGHT="98.0">
            <Shape><Polygon POINTS="116 448 117 496 134 491 151 496 166 499 167 499 169 499 242 498 243 498 254 492 272 484 303 491 324 497 326 497 327 497 442 496 486 487 527 479 588 479 605 484 625 491 627 491 628 491 665 482 691 476 709 481 739 491 740 491 742 491 743 491 773 484 894 488 895 488 896 488 940 475 942 475 943 475 949 480 950 480 952 480 953 480 996 474 1019 472 1025 474 1053 486 1055 486 1056 487 1098 487 1098 486 1099 486 1128 472 1130 470 1184 470 1184 432 1182 401 1123 402 1122 402 1098 414 1051 414 1023 405 1020 403 1019 403 1017 403 1003 405 926 415 874 408 854 406 853 406 829 409 796 414 784 411 775 407 774 407 773 407 772 407 758 411 736 418 714 412 705 409 703 409 702 409 701 409 693 413 684 415 658 413 610 409 609 409 607 409 606 409 599 415 591 420 539 417 521 415 520 415 507 417 480 421 466 418 446 413 444 413 443 413 442 413 425 419 414 424 324 424 320 421 311 418 310 418 309 418 287 423 275 426 115 426 116 448"/></Shape>
	    <String CONTENT="־לו האלהים ויבן שם אברהם את־המזבח ויערך את"
                    HPOS="115.0"
                    VPOS="401.0"
                    WIDTH="1069.0"
                    HEIGHT="98.0"
                    WC="0.9797801375389099"></String>
          </TextLine>

          
          
          <TextLine ID="eSc_line_fcdefbdc"
                    TAGREFS="LT15288"
                    BASELINE="118 518 1185 506" 
                    HPOS="118.0"
                    VPOS="481.0"
                    WIDTH="1067.0"
                    HEIGHT="88.0">
            <Shape><Polygon POINTS="118 557 219 569 220 569 221 569 245 559 304 563 305 563 306 563 324 556 326 556 342 565 344 565 345 565 346 565 383 556 398 552 420 556 466 562 467 562 468 562 470 562 480 554 490 548 546 548 581 548 591 554 605 564 606 564 607 564 609 564 660 563 661 563 663 563 676 553 685 547 806 547 816 552 830 562 832 562 833 562 834 562 835 562 856 552 866 547 876 552 894 560 895 560 896 560 985 559 986 559 1005 551 1011 548 1023 551 1065 559 1067 559 1111 551 1169 558 1170 558 1171 558 1172 558 1185 550 1185 506 1184 486 1017 481 1016 481 972 486 952 488 926 486 875 482 874 482 872 482 871 482 865 487 860 490 799 487 740 485 739 485 738 485 731 487 723 491 697 487 673 485 672 485 568 488 390 494 350 490 340 488 339 488 338 488 335 490 316 496 281 491 280 491 217 497 118 491 118 518 118 557"/></Shape>
	    <String CONTENT="־העצים ויעקד את־יצחק בנו וישם אתו על־המזבח"
                    HPOS="118.0"
                    VPOS="481.0"
                    WIDTH="1067.0"
                    HEIGHT="88.0"
                    WC="0.9787271909597444"></String>
          </TextLine>

          
          
          <TextLine ID="eSc_line_ae4d7705"
                    TAGREFS="LT15288"
                    BASELINE="118 594 1185 581" 
                    HPOS="117.0"
                    VPOS="552.0"
                    WIDTH="1068.0"
                    HEIGHT="86.0">
            <Shape><Polygon POINTS="118 594 118 636 203 623 230 635 238 638 239 638 241 638 334 637 354 632 410 619 426 627 428 627 429 627 430 627 431 627 446 619 528 624 529 624 630 617 648 627 649 629 651 629 652 629 653 629 654 629 658 627 676 621 688 627 689 627 690 627 691 627 693 627 694 627 709 619 729 626 740 631 742 631 743 631 744 631 761 626 798 614 859 614 877 624 880 626 881 626 882 626 883 626 884 626 890 624 904 618 923 624 946 630 947 630 948 630 1080 629 1081 629 1082 629 1094 620 1097 619 1099 620 1115 627 1116 627 1117 629 1170 629 1170 627 1171 627 1172 627 1185 619 1185 581 1184 557 1125 552 1124 552 1095 558 1079 560 1055 558 1007 553 1005 553 1004 553 980 559 970 562 944 559 896 556 895 556 894 556 893 556 887 560 883 564 828 564 824 562 816 556 815 556 814 556 812 556 726 557 693 564 683 565 679 564 666 558 665 558 664 558 576 559 575 559 561 565 557 568 386 569 368 569 280 563 279 563 278 563 276 563 267 570 266 571 213 571 206 570 163 564 161 564 117 571 118 594"/></Shape>
	    <String CONTENT="ממעל לעצים: וישלח אברהם את־ידו ויקח את"
                    HPOS="117.0"
                    VPOS="552.0"
                    WIDTH="1068.0"
                    HEIGHT="86.0"
                    WC="0.9799873358324954"></String>
          </TextLine>

          
          
          <TextLine ID="eSc_line_76bf1360"
                    TAGREFS="LT15288"
                    BASELINE="119 667 1188 653" 
                    HPOS="119.0"
                    VPOS="626.0"
                    WIDTH="1069.0"
                    HEIGHT="93.0">
            <Shape><Polygon POINTS="119 714 272 719 273 719 274 719 290 713 297 709 303 711 312 717 314 717 315 719 372 719 372 717 374 717 390 710 405 705 425 710 452 716 453 716 454 716 455 716 465 710 476 703 519 709 562 715 563 715 634 710 635 710 641 708 655 699 746 699 762 705 776 711 778 711 779 711 814 705 851 698 888 699 896 704 908 710 910 710 911 710 912 710 937 703 961 697 993 703 1023 708 1025 708 1188 699 1188 653 1185 631 1051 632 1050 632 1038 626 1037 626 1035 626 965 633 960 633 958 633 922 626 920 626 919 626 890 635 888 635 870 635 684 630 683 630 640 638 635 638 629 638 577 632 576 632 470 641 458 641 455 641 446 633 444 633 443 633 401 633 400 633 399 633 384 642 383 642 374 642 297 635 296 635 294 635 276 643 275 643 272 643 231 636 230 636 229 636 208 643 206 645 119 645 119 667 119 714"/></Shape>
	    <String CONTENT="־המאכלת לשחט את־בנו: ויקרא אליו מלאך יהוה"
                    HPOS="119.0"
                    VPOS="626.0"
                    WIDTH="1069.0"
                    HEIGHT="93.0"
                    WC="0.9814970275250877"></String>
          </TextLine>

          
          
          <TextLine ID="eSc_line_e4f00a0b"
                    TAGREFS="LT15288"
                    BASELINE="119 740 1185 727" 
                    HPOS="118.0"
                    VPOS="698.0"
                    WIDTH="1067.0"
                    HEIGHT="92.0">
            <Shape><Polygon POINTS="119 740 119 776 157 776 173 787 175 787 176 787 214 790 215 790 217 790 262 775 264 775 266 775 287 781 288 781 290 781 291 781 309 775 315 774 348 775 357 775 376 788 377 788 378 788 380 788 430 787 431 787 459 775 461 774 462 775 480 787 482 787 483 787 484 787 485 787 517 776 546 786 547 786 549 786 595 784 597 784 617 776 640 784 641 784 642 784 643 784 676 776 688 783 689 783 690 783 691 784 733 784 733 783 734 783 770 774 797 766 943 766 956 774 961 777 962 777 964 777 1013 780 1014 780 1185 772 1185 727 1183 698 1123 705 1059 701 1058 701 1015 707 996 702 992 701 991 701 990 701 989 701 987 701 986 702 975 708 914 703 898 702 896 702 895 702 889 703 866 709 822 704 804 703 803 703 768 705 697 711 646 708 606 705 605 705 604 705 595 709 587 713 579 709 571 707 570 707 569 707 568 707 559 709 550 713 496 710 416 708 414 708 413 708 404 713 399 715 384 713 359 709 358 709 321 714 303 716 286 715 242 710 241 710 239 710 238 710 230 716 227 717 118 717 119 740"/></Shape>
	    <String CONTENT="מן־השמים ויאמר אברהם אברהם ויאמר הנני:"
                    HPOS="118.0"
                    VPOS="698.0"
                    WIDTH="1067.0"
                    HEIGHT="92.0"
                    WC="0.9915758906266628"></String>
          </TextLine>

          
          
          <TextLine ID="eSc_line_7c612d27"
                    TAGREFS="LT15288"
                    BASELINE="122 810 1184 800" 
                    HPOS="122.0"
                    VPOS="774.0"
                    WIDTH="1062.0"
                    HEIGHT="86.0">
            <Shape><Polygon POINTS="122 849 181 860 182 860 183 860 217 849 221 848 225 849 250 860 251 860 252 860 299 850 384 859 386 859 387 859 407 849 414 846 442 849 517 858 519 858 551 856 552 856 553 856 564 848 570 844 588 848 628 856 629 856 681 848 682 848 693 855 694 855 695 855 696 856 760 856 760 855 761 855 781 848 797 842 828 847 866 854 868 854 869 854 894 847 919 841 981 841 992 847 1001 853 1002 853 1003 853 1004 853 1041 852 1043 852 1052 847 1061 842 1076 847 1093 852 1094 852 1095 852 1097 852 1098 852 1105 847 1116 840 1183 846 1184 800 1183 781 1142 774 1141 774 1140 774 1123 781 1122 781 1119 781 1077 775 1076 775 1075 775 1051 782 1047 783 993 783 992 782 975 775 974 775 973 775 914 782 805 776 804 776 803 776 780 784 778 784 774 784 745 778 744 778 684 784 683 784 682 784 653 777 652 777 651 777 649 777 630 786 629 786 623 786 563 778 562 778 561 778 544 786 541 786 407 780 406 780 405 780 387 788 384 788 366 788 275 783 274 783 273 783 255 789 251 790 122 790 122 810 122 849"/></Shape>
	    <String CONTENT="ויאמר אל־תשלח ידך אל־הנער ואל־תעש לו"
                    HPOS="122.0"
                    VPOS="774.0"
                    WIDTH="1062.0"
                    HEIGHT="86.0"
                    WC="0.9817466619941924"></String>
          </TextLine>

          
          
          <TextLine ID="eSc_line_8ed6a59d"
                    TAGREFS="LT15288"
                    BASELINE="128 887 1185 874" 
                    HPOS="128.0"
                    VPOS="844.0"
                    WIDTH="1057.0"
                    HEIGHT="93.0">
            <Shape><Polygon POINTS="128 932 218 937 219 937 220 937 236 932 255 926 274 932 290 935 291 935 292 935 293 935 308 931 320 927 326 931 328 933 329 933 330 933 332 933 333 933 339 931 352 925 455 922 478 929 489 933 490 933 491 933 509 929 547 921 586 928 604 932 605 932 606 932 607 932 612 928 627 920 640 928 643 931 645 931 646 931 647 932 677 932 677 931 678 931 688 928 713 920 732 927 734 928 736 928 737 928 738 928 739 928 739 927 752 919 787 927 799 929 800 929 802 929 806 927 827 917 859 927 866 928 868 928 869 928 870 928 876 927 906 917 955 926 965 927 966 927 978 926 1029 917 1055 925 1058 926 1059 926 1061 926 1062 926 1064 925 1089 914 1185 923 1185 874 1184 853 1151 847 1149 847 1148 847 1134 853 1123 846 1122 846 1121 846 1119 846 1061 854 1056 854 1052 854 992 844 991 844 932 846 931 846 898 856 895 856 892 856 864 847 863 847 799 847 798 847 797 847 762 858 760 858 756 858 706 850 705 850 703 850 702 850 693 859 691 860 660 860 658 859 616 849 615 849 613 849 587 860 585 860 574 860 492 855 491 855 490 855 476 861 474 861 473 861 441 852 440 852 438 852 398 861 388 855 387 855 386 855 384 855 327 862 317 863 309 863 251 858 250 858 249 858 225 863 220 865 215 865 173 856 172 856 171 856 170 856 157 865 155 866 128 866 128 887 128 932"/></Shape>
	    <String CONTENT="מאומה כי עתה ידעתי כי־ירא אלהים אתה ולא"
                    HPOS="128.0"
                    VPOS="844.0"
                    WIDTH="1057.0"
                    HEIGHT="93.0"
                    WC="0.9966878463060428"></String>
          </TextLine>

          
          
          <TextLine ID="eSc_line_5e8718c3"
                    TAGREFS="LT15288"
                    BASELINE="129 961 1185 945" 
                    HPOS="128.0"
                    VPOS="923.0"
                    WIDTH="1057.0"
                    HEIGHT="89.0">
            <Shape><Polygon POINTS="129 961 129 1000 208 1012 209 1012 256 1006 335 1010 336 1010 338 1010 363 999 383 989 539 988 562 998 579 1004 580 1004 581 1004 582 1004 606 997 631 989 649 997 669 1005 670 1005 671 1006 697 1006 697 1005 699 1005 700 1005 712 997 729 985 841 985 863 995 876 1001 877 1001 878 1003 935 1003 935 1001 936 1001 956 994 989 982 1017 994 1031 999 1032 999 1033 999 1185 992 1185 945 1183 923 128 938 129 961"/></Shape>
	    <String CONTENT="חשכת את־בנך את־יחידך ממני: וישא אברהם את"
                    HPOS="128.0"
                    VPOS="923.0"
                    WIDTH="1057.0"
                    HEIGHT="89.0"
                    WC="0.9883160620927811"></String>
          </TextLine>

          
          
          <TextLine ID="eSc_line_ace7ef07"
                    TAGREFS="LT15288"
                    BASELINE="128 1031 1184 1018" 
                    HPOS="127.0"
                    VPOS="992.0"
                    WIDTH="1057.0"
                    HEIGHT="96.0">
            <Shape><Polygon POINTS="128 1031 128 1088 261 1070 310 1084 316 1085 317 1085 318 1085 330 1083 362 1076 374 1082 378 1084 380 1084 381 1084 382 1084 388 1082 404 1074 414 1080 417 1083 418 1083 419 1083 420 1084 486 1084 486 1083 487 1083 503 1078 541 1067 559 1074 561 1074 562 1074 563 1074 580 1070 593 1077 604 1082 605 1082 606 1082 607 1082 624 1076 648 1066 703 1064 742 1072 746 1073 748 1073 749 1073 754 1072 784 1062 858 1062 874 1070 883 1073 884 1073 886 1073 923 1068 967 1061 981 1066 1004 1076 1005 1076 1007 1077 1055 1077 1055 1076 1056 1076 1080 1067 1097 1074 1098 1074 1099 1076 1164 1076 1164 1074 1165 1074 1166 1074 1184 1062 1184 1018 1183 998 1131 992 1130 992 1129 992 1113 998 1111 999 1103 998 1062 993 1061 993 1031 999 1025 1001 944 1001 942 1000 932 995 931 995 930 995 830 1003 816 1003 815 1003 799 995 798 995 797 995 708 1004 690 1005 681 1004 646 999 645 999 607 1005 599 1006 598 1005 588 999 587 999 586 999 585 999 432 1007 405 1008 393 1008 317 1001 316 1001 315 1001 287 1010 285 1010 273 1010 164 1004 163 1004 127 1011 128 1031"/></Shape>
	    <String CONTENT="־עיניו וירא והנה־איל אחר נאחז בסבך בקרניו וילך"
                    HPOS="127.0"
                    VPOS="992.0"
                    WIDTH="1057.0"
                    HEIGHT="96.0"
                    WC="0.9798317361961711"></String>
          </TextLine>

          
          
          <TextLine ID="eSc_line_6efffdb8"
                    TAGREFS="LT15288"
                    BASELINE="127 1107 1185 1092" 
                    HPOS="125.0"
                    VPOS="1068.0"
                    WIDTH="1060.0"
                    HEIGHT="88.0">
            <Shape><Polygon POINTS="127 1107 127 1156 166 1148 184 1155 187 1156 188 1156 189 1156 229 1155 230 1155 231 1155 232 1153 245 1144 276 1150 278 1150 336 1142 362 1149 363 1149 364 1149 365 1149 406 1137 440 1145 441 1145 442 1145 443 1145 444 1145 456 1136 501 1136 520 1146 526 1151 527 1151 528 1151 529 1152 562 1152 562 1151 563 1151 580 1145 609 1133 791 1132 810 1139 826 1145 827 1145 828 1145 829 1145 848 1138 870 1131 882 1138 896 1146 898 1146 899 1146 900 1148 919 1148 919 1146 1003 1145 1004 1145 1019 1138 1027 1144 1028 1144 1029 1144 1031 1144 1115 1138 1139 1143 1140 1143 1141 1143 1185 1130 1185 1092 1183 1070 991 1074 984 1072 974 1068 973 1068 972 1068 971 1068 970 1068 964 1072 960 1076 878 1076 874 1074 862 1070 860 1070 859 1070 838 1074 826 1077 799 1076 743 1071 742 1071 740 1071 739 1071 731 1076 727 1078 709 1077 664 1072 663 1072 661 1072 660 1072 652 1078 648 1079 627 1078 565 1073 564 1073 482 1080 460 1082 446 1080 390 1076 389 1076 303 1083 286 1084 274 1084 213 1078 212 1078 125 1085 127 1107"/></Shape>
	    <String CONTENT="אברהם ויקח את־האיל ויעלהו לעלה תחת בנו:"
                    HPOS="125.0"
                    VPOS="1068.0"
                    WIDTH="1060.0"
                    HEIGHT="88.0"
                    WC="0.9609051896975591"></String>
          </TextLine>

          
          
          <TextLine ID="eSc_line_47a0c301"
                    TAGREFS="LT15288"
                    BASELINE="128 1179 1185 1167" 
                    HPOS="127.0"
                    VPOS="1146.0"
                    WIDTH="1058.0"
                    HEIGHT="83.0">
            <Shape><Polygon POINTS="128 1179 128 1216 175 1229 176 1229 177 1229 258 1228 260 1228 297 1217 316 1210 382 1210 392 1216 393 1216 394 1216 395 1216 444 1209 497 1209 510 1217 511 1217 513 1217 514 1217 515 1217 516 1217 533 1211 545 1217 546 1217 547 1217 549 1217 550 1217 551 1217 565 1209 581 1217 591 1222 592 1222 593 1222 594 1222 606 1217 623 1210 641 1217 655 1223 657 1223 658 1224 761 1224 761 1223 762 1223 779 1217 787 1215 811 1217 853 1222 854 1222 856 1222 868 1217 904 1203 1004 1203 1028 1213 1029 1213 1031 1213 1069 1207 1091 1217 1093 1218 1094 1218 1095 1218 1185 1217 1185 1167 1183 1146 127 1158 128 1179"/></Shape>
	    <String CONTENT="ויקרא אברהם שם־המקום ההוא יהוה יראה אשר"
                    HPOS="127.0"
                    VPOS="1146.0"
                    WIDTH="1058.0"
                    HEIGHT="83.0"
                    WC="0.9901687115430832"></String>
          </TextLine>

          
          
          <TextLine ID="eSc_line_caecd19c"
                    TAGREFS="LT15288"
                    BASELINE="130 1249 521 1249 1185 1237" 
                    HPOS="130.0"
                    VPOS="1211.0"
                    WIDTH="1055.0"
                    HEIGHT="86.0">
            <Shape><Polygon POINTS="130 1283 146 1290 147 1290 148 1290 206 1284 227 1294 229 1294 230 1294 231 1294 252 1283 286 1289 287 1289 288 1289 304 1283 341 1297 342 1297 344 1297 345 1297 400 1282 423 1294 424 1294 425 1294 426 1294 448 1287 472 1294 473 1294 575 1295 576 1295 677 1277 678 1277 690 1277 721 1277 752 1293 754 1293 755 1293 833 1277 895 1290 896 1290 1022 1289 1185 1270 1185 1237 1184 1219 1127 1211 1125 1211 1124 1211 1095 1219 1089 1221 1087 1219 1080 1213 1079 1213 1077 1213 1076 1213 1075 1213 1062 1219 1058 1222 924 1222 914 1221 895 1216 894 1216 866 1221 841 1224 762 1221 677 1217 676 1217 675 1217 658 1222 641 1225 630 1222 628 1221 627 1221 625 1221 616 1222 571 1228 558 1222 556 1221 555 1221 553 1221 527 1222 396 1230 383 1224 382 1224 381 1224 233 1230 223 1224 221 1224 220 1224 219 1224 218 1224 217 1224 207 1230 130 1224 130 1249 130 1283"/></Shape>
	    <String CONTENT="יאמר היום בהר יהוה יראה: ויקרא מלאך יהוה אל"
                    HPOS="130.0"
                    VPOS="1211.0"
                    WIDTH="1055.0"
                    HEIGHT="86.0"
                    WC="0.9958475218577818"></String>
          </TextLine>

          
          
          <TextLine ID="eSc_line_14627f7a"
                    TAGREFS="LT15288"
                    BASELINE="128 1327 1185 1315" 
                    HPOS="127.0"
                    VPOS="1293.0"
                    WIDTH="1058.0"
                    HEIGHT="83.0">
            <Shape><Polygon POINTS="128 1327 128 1367 151 1375 152 1375 153 1376 232 1376 232 1375 299 1369 300 1369 302 1369 310 1363 318 1358 329 1363 345 1370 346 1370 347 1370 348 1370 366 1363 381 1356 552 1355 569 1360 603 1368 604 1368 605 1368 654 1367 655 1367 673 1357 693 1369 694 1369 695 1369 696 1369 865 1368 866 1368 906 1355 949 1363 950 1363 952 1363 953 1363 971 1351 974 1350 986 1351 1025 1357 1026 1357 1027 1357 1047 1350 1050 1349 1143 1349 1145 1349 1158 1357 1159 1357 1160 1357 1161 1357 1163 1357 1185 1348 1185 1315 1184 1294 758 1293 757 1293 667 1298 649 1300 635 1300 558 1295 557 1295 556 1295 555 1295 546 1301 544 1301 521 1301 414 1297 413 1297 344 1302 328 1303 314 1303 230 1298 229 1298 127 1304 128 1327"/></Shape>
	    <String CONTENT="־אברהם שנית מן־השמים: ויאמר בי נשבעתי נאם"
                    HPOS="127.0"
                    VPOS="1293.0"
                    WIDTH="1058.0"
                    HEIGHT="83.0"
                    WC="0.9828806490432925"></String>
          </TextLine>

          
          
          <TextLine ID="eSc_line_76643800"
                    TAGREFS="LT15288"
                    BASELINE="129 1400 1185 1386" 
                    HPOS="128.0"
                    VPOS="1367.0"
                    WIDTH="1057.0"
                    HEIGHT="88.0">
            <Shape><Polygon POINTS="129 1400 129 1449 196 1455 197 1455 199 1455 218 1448 235 1442 248 1447 267 1454 268 1454 269 1454 270 1454 297 1446 315 1441 327 1446 344 1453 345 1453 346 1454 387 1454 387 1453 388 1453 408 1445 429 1452 430 1452 431 1452 432 1452 434 1452 448 1443 455 1439 503 1438 511 1442 520 1447 521 1447 522 1447 523 1447 525 1447 535 1442 565 1451 567 1451 568 1451 569 1451 600 1440 612 1436 622 1440 654 1449 655 1449 657 1449 658 1449 685 1438 689 1436 693 1438 709 1446 711 1446 712 1446 713 1446 733 1438 738 1435 742 1436 766 1447 767 1447 768 1447 769 1447 794 1440 919 1446 920 1446 1004 1440 1005 1440 1007 1440 1021 1430 1022 1430 1026 1430 1059 1438 1061 1438 1185 1427 1185 1386 1183 1367 128 1380 129 1400"/></Shape>
	    <String CONTENT="־יהוה כי יען אשר עשית את־הדבר הזה ולא חשכת"
                    HPOS="128.0"
                    VPOS="1367.0"
                    WIDTH="1057.0"
                    HEIGHT="88.0"
                    WC="0.9963841830811849"></String>
          </TextLine>

          
          
          <TextLine ID="eSc_line_dae699be"
                    TAGREFS="LT15288"
                    BASELINE="129 1475 1184 1460" 
                    HPOS="129.0"
                    VPOS="1433.0"
                    WIDTH="1055.0"
                    HEIGHT="92.0">
            <Shape><Polygon POINTS="129 1511 155 1518 157 1518 158 1518 195 1511 202 1509 205 1511 231 1524 232 1524 233 1525 263 1525 263 1524 264 1524 266 1524 285 1509 287 1508 292 1509 322 1520 323 1520 324 1520 326 1520 352 1509 362 1506 371 1509 398 1519 399 1519 459 1521 460 1521 461 1521 462 1521 480 1508 487 1503 543 1503 551 1508 568 1519 569 1519 570 1519 571 1519 630 1513 642 1518 643 1518 645 1518 646 1518 647 1518 661 1507 671 1501 733 1501 751 1506 785 1517 786 1517 787 1517 852 1515 853 1515 854 1515 871 1506 883 1497 923 1497 942 1505 966 1514 967 1514 968 1515 990 1515 990 1514 991 1514 992 1514 1005 1505 1021 1513 1022 1513 1023 1514 1063 1514 1063 1513 1064 1513 1092 1503 1118 1495 1184 1502 1184 1460 1183 1440 1157 1433 1155 1433 1154 1433 1100 1441 1091 1442 1001 1442 755 1440 754 1440 752 1440 737 1443 723 1447 705 1443 676 1439 675 1439 598 1440 597 1440 581 1445 565 1449 531 1445 498 1441 497 1441 496 1441 495 1441 489 1446 484 1449 418 1451 350 1446 305 1443 304 1443 286 1447 258 1452 250 1447 248 1445 246 1445 245 1445 244 1445 193 1447 191 1447 190 1447 177 1454 129 1448 129 1475 129 1511"/></Shape>
	    <String CONTENT="את־בנך את־יחידך: כי־ברך אברכך והרבה ארבה"
                    HPOS="129.0"
                    VPOS="1433.0"
                    WIDTH="1055.0"
                    HEIGHT="92.0"
                    WC="0.9806926628438438"></String>
          </TextLine>

          
          
          <TextLine ID="eSc_line_9c470b2a"
                    TAGREFS="LT15288"
                    BASELINE="129 1549 1185 1536" 
                    HPOS="128.0"
                    VPOS="1509.0"
                    WIDTH="1057.0"
                    HEIGHT="88.0">
            <Shape><Polygon POINTS="129 1549 129 1591 215 1582 252 1590 282 1596 284 1597 316 1597 316 1596 317 1596 318 1596 330 1588 336 1585 357 1587 410 1594 411 1594 412 1594 413 1594 426 1586 438 1578 513 1578 541 1584 563 1587 564 1587 565 1587 586 1582 610 1577 655 1577 669 1580 699 1591 700 1591 701 1591 776 1590 778 1590 779 1590 788 1584 850 1588 851 1588 852 1588 871 1580 925 1581 926 1581 928 1581 942 1574 946 1573 970 1573 972 1574 998 1586 999 1586 1001 1587 1080 1587 1080 1586 1081 1586 1118 1571 1118 1569 1185 1568 1185 1536 1182 1509 1167 1515 1099 1511 1089 1511 1088 1511 1087 1511 1086 1511 1074 1517 826 1515 705 1515 703 1515 702 1515 691 1518 676 1521 597 1520 513 1518 511 1518 510 1518 509 1518 504 1521 499 1524 468 1521 422 1519 420 1519 128 1527 129 1549"/></Shape>
	    <String CONTENT="את־זרעך ככוכבי השמים וכחול אשר על־שפת הים"
                    HPOS="128.0"
                    VPOS="1509.0"
                    WIDTH="1057.0"
                    HEIGHT="88.0"
                    WC="0.973158135646727"></String>
          </TextLine>

          
          
          <TextLine ID="eSc_line_4c1c1a81"
                    TAGREFS="LT15288"
                    BASELINE="131 1621 1185 1608" 
                    HPOS="131.0"
                    VPOS="1588.0"
                    WIDTH="1054.0"
                    HEIGHT="88.0">
            <Shape><Polygon POINTS="1184 1591 814 1588 812 1588 811 1588 810 1588 799 1596 798 1596 791 1596 745 1590 744 1590 743 1590 730 1596 727 1596 657 1591 655 1591 604 1598 597 1598 592 1598 565 1592 564 1592 563 1592 546 1598 545 1598 537 1598 407 1594 406 1594 334 1600 321 1602 320 1602 311 1596 310 1596 309 1596 226 1596 225 1596 224 1596 223 1596 212 1603 209 1604 131 1604 131 1621 133 1666 145 1663 154 1666 179 1676 181 1676 182 1676 354 1674 356 1674 374 1664 467 1672 468 1672 470 1672 471 1672 490 1659 498 1653 573 1653 582 1658 592 1664 593 1664 594 1664 595 1664 597 1664 622 1657 635 1653 641 1657 653 1663 654 1663 655 1663 657 1663 658 1663 669 1656 675 1652 687 1656 700 1659 701 1659 702 1659 703 1659 712 1656 719 1651 736 1654 776 1664 778 1664 840 1652 844 1652 845 1652 868 1668 869 1668 870 1668 871 1668 872 1668 887 1662 912 1666 913 1666 914 1666 946 1653 966 1666 967 1666 968 1666 970 1668 992 1668 992 1666 1043 1665 1044 1665 1045 1665 1069 1648 1077 1654 1079 1654 1080 1654 1081 1654 1082 1654 1083 1654 1093 1647 1097 1646 1185 1646 1185 1608 1184 1591"/></Shape>
	    <String CONTENT="וירש זרעך את שער איביו: והתברכו בזרעך כל"
                    HPOS="131.0"
                    VPOS="1588.0"
                    WIDTH="1054.0"
                    HEIGHT="88.0"
                    WC="0.9773907547905332"></String>
          </TextLine>

          
          
          <TextLine ID="eSc_line_b25ed510"
                    TAGREFS="LT15288"
                    BASELINE="129 1696 1183 1681" 
                    HPOS="128.0"
                    VPOS="1664.0"
                    WIDTH="1055.0"
                    HEIGHT="87.0">
            <Shape><Polygon POINTS="129 1696 129 1735 207 1751 208 1751 308 1748 309 1748 370 1732 372 1731 482 1731 483 1731 510 1743 511 1743 513 1743 514 1743 515 1743 534 1731 556 1745 557 1745 558 1745 559 1745 561 1745 587 1733 611 1745 612 1745 613 1745 652 1744 653 1744 654 1744 667 1735 718 1743 719 1743 720 1743 721 1743 745 1729 748 1726 808 1726 810 1727 839 1742 840 1742 841 1742 842 1742 844 1742 860 1730 898 1741 899 1741 900 1742 925 1742 925 1741 926 1741 928 1741 943 1730 1008 1739 1009 1739 1182 1723 1183 1681 1181 1664 468 1669 467 1669 462 1670 442 1675 388 1671 374 1670 372 1670 357 1671 299 1676 285 1671 284 1671 282 1671 281 1671 280 1671 279 1671 270 1677 246 1672 245 1672 244 1672 187 1678 128 1674 129 1696"/></Shape>
	    <String CONTENT="גויי הארץ עקב אשר שמעת בקלי: וישב אברהם"
                    HPOS="128.0"
                    VPOS="1664.0"
                    WIDTH="1055.0"
                    HEIGHT="87.0"
                    WC="0.9889729633927345"></String>
          </TextLine>

          
          
          <TextLine ID="eSc_line_f6d160c2"
                    TAGREFS="LT15288"
                    BASELINE="134 1769 1181 1757" 
                    HPOS="133.0"
                    VPOS="1731.0"
                    WIDTH="1048.0"
                    HEIGHT="98.0">
            <Shape><Polygon POINTS="134 1769 134 1817 157 1828 158 1828 159 1829 194 1829 194 1828 195 1828 229 1816 256 1825 257 1825 258 1825 260 1825 273 1820 341 1827 342 1827 395 1815 434 1822 435 1822 436 1822 453 1813 465 1821 466 1821 467 1821 468 1821 470 1821 471 1821 486 1810 492 1807 519 1807 529 1810 562 1821 563 1821 564 1821 565 1821 610 1809 641 1822 642 1822 643 1822 645 1822 691 1808 730 1807 868 1802 872 1804 894 1820 895 1820 896 1820 898 1821 932 1821 932 1820 934 1820 935 1820 956 1804 987 1803 992 1803 1026 1817 1027 1817 1028 1817 1029 1817 1031 1817 1043 1810 1065 1817 1067 1817 1068 1819 1134 1819 1134 1817 1135 1817 1181 1799 1181 1757 1179 1738 1094 1731 1093 1731 1052 1739 1047 1739 1044 1739 999 1732 998 1732 997 1732 971 1741 967 1742 923 1742 922 1741 910 1733 908 1733 907 1733 906 1733 869 1741 863 1743 787 1743 787 1742 772 1735 770 1735 769 1735 715 1743 712 1743 711 1743 694 1736 693 1736 691 1736 658 1743 653 1744 645 1744 594 1738 593 1738 592 1738 574 1744 571 1744 502 1739 501 1739 429 1747 420 1747 416 1747 372 1739 371 1739 338 1748 333 1748 328 1748 296 1742 294 1742 133 1749 134 1769"/></Shape>
	    <String CONTENT="אל־נעריו ויקמו וילכו יחדו אל־באר שבע וישב"
                    HPOS="133.0"
                    VPOS="1731.0"
                    WIDTH="1048.0"
                    HEIGHT="98.0"
                    WC="0.9926186785465334"></String>
          </TextLine>

          
          
          <TextLine ID="eSc_line_98be68fa"
                    TAGREFS="LT15288"
                    BASELINE="420 1843 904 1838" 
                    HPOS="419.0"
                    VPOS="1811.0"
                    WIDTH="485.0"
                    HEIGHT="81.0">
            <Shape><Polygon POINTS="420 1843 420 1874 459 1890 460 1890 461 1892 540 1892 540 1890 541 1890 575 1874 659 1889 660 1889 684 1888 685 1888 687 1888 687 1887 696 1878 740 1886 742 1886 743 1886 781 1871 782 1871 851 1871 887 1886 888 1886 889 1886 890 1886 892 1886 892 1884 904 1872 904 1838 902 1819 841 1811 840 1811 737 1820 729 1820 721 1820 631 1814 630 1814 629 1814 611 1820 593 1814 592 1814 591 1814 589 1814 567 1821 545 1815 544 1815 543 1815 505 1822 503 1822 493 1815 492 1815 491 1815 490 1815 419 1822 420 1843"/></Shape>
	    <String CONTENT="אברהם בבאר שבע:"
                    HPOS="419.0"
                    VPOS="1811.0"
                    WIDTH="485.0"
                    HEIGHT="81.0"
                    WC="0.9777578830718994"></String>
          </TextLine>

          
          
          <TextLine ID="eSc_line_461677ea"
                    TAGREFS="LT15288"
                    BASELINE="141 1918 1185 1901" 
                    HPOS="140.0"
                    VPOS="1876.0"
                    WIDTH="1045.0"
                    HEIGHT="109.0">
            <Shape><Polygon POINTS="141 1918 141 1968 208 1974 209 1974 211 1974 226 1970 235 1966 335 1966 358 1970 398 1977 399 1977 400 1977 401 1977 411 1970 412 1968 414 1970 434 1984 435 1984 436 1984 437 1985 513 1985 513 1984 567 1974 586 1979 587 1979 588 1979 625 1971 628 1971 629 1971 672 1980 673 1980 724 1971 727 1971 734 1971 796 1977 797 1977 798 1977 812 1971 820 1968 827 1971 838 1976 839 1976 840 1976 859 1972 869 1970 882 1972 914 1977 916 1977 917 1977 926 1972 952 1959 996 1972 1009 1976 1010 1976 1011 1976 1057 1974 1058 1974 1063 1972 1076 1966 1088 1972 1089 1972 1091 1973 1185 1973 1185 1901 1183 1876 1075 1883 1049 1878 1047 1878 1046 1878 1033 1884 899 1881 896 1881 895 1881 894 1881 893 1881 882 1888 140 1893 141 1918"/></Shape>
	    <String CONTENT=""
                    HPOS="140.0"
                    VPOS="1876.0"
                    WIDTH="1045.0"
                    HEIGHT="109.0"
                    WC="0.9713740187722284"></String>
          </TextLine>

          
        </TextBlock>
        

        
      </PrintSpace>
    </Page>
  </Layout>
</alto>
