<?xml version="1.0" encoding="UTF-8"?>
<alto xmlns:xsi="http://www.w3.org/2001/XMLSchema-instance"
      xmlns="http://www.loc.gov/standards/alto/ns-v4#"
      xsi:schemaLocation="http://www.loc.gov/standards/alto/ns-v4# http://www.loc.gov/standards/alto/v4/alto-4-2.xsd">
  <Description>
    <MeasurementUnit>pixel</MeasurementUnit>
    <sourceImageInformation>
      <fileName>IE87447950_00018.jpg</fileName>
      <fileIdentifier>mets//export_doc4366_1col_14_copy_alto_202404261215.zip/IE87447950_00018.jpg</fileIdentifier>
    </sourceImageInformation>
  </Description>
  
  <Tags>
    <OtherTag ID="BT8356" LABEL="MainLeft" DESCRIPTION="block type MainLeft"/><OtherTag ID="BT8355" LABEL="MainRight" DESCRIPTION="block type MainRight"/><OtherTag ID="BT6914" LABEL="Handwritten" DESCRIPTION="block type Handwritten"/><OtherTag ID="BT6913" LABEL="RunningHeader" DESCRIPTION="block type RunningHeader"/><OtherTag ID="BT6912" LABEL="Catchword" DESCRIPTION="block type Catchword"/><OtherTag ID="BT6911" LABEL="Margin" DESCRIPTION="block type Margin"/><OtherTag ID="BT6910" LABEL="FooterCentral" DESCRIPTION="block type FooterCentral"/><OtherTag ID="BT6909" LABEL="MainCentral" DESCRIPTION="block type MainCentral"/><OtherTag ID="BT6908" LABEL="Header" DESCRIPTION="block type Header"/><OtherTag ID="BT4" LABEL="Illustration" DESCRIPTION="block type Illustration"/><OtherTag ID="BT3" LABEL="Commentary" DESCRIPTION="block type Commentary"/><OtherTag ID="BT2" LABEL="Main" DESCRIPTION="block type Main"/><OtherTag ID="BT1" LABEL="Title" DESCRIPTION="block type Title"/>
    <OtherTag ID="LT15938" LABEL="MainLeft" DESCRIPTION="line type MainLeft"/><OtherTag ID="LT15937" LABEL="MainRight" DESCRIPTION="line type MainRight"/><OtherTag ID="LT15289" LABEL="Handwritten" DESCRIPTION="line type Handwritten"/><OtherTag ID="LT15288" LABEL="MainCentral" DESCRIPTION="line type MainCentral"/><OtherTag ID="LT15287" LABEL="NotMain" DESCRIPTION="line type NotMain"/>
  </Tags>
  
  <Layout>
    <Page WIDTH="1322"
          HEIGHT="2163"
          PHYSICAL_IMG_NR="22"
          ID="eSc_dummypage_">
      <PrintSpace HPOS="0"
                  VPOS="0"
                  WIDTH="1322"
                  HEIGHT="2163">
        
        <TextBlock HPOS="38.0"
                   VPOS="216.0"
                   WIDTH="1017.0"
                   HEIGHT="311.0"
                   ID="eSc_textblock_9d8e0931"
                   TAGREFS="BT6909">
          <Shape><Polygon POINTS="1051 221 1055 486 934 490 38 527 43 235 1038 216"/></Shape>
          
          
          <TextLine ID="eSc_line_854fa48e"
                    TAGREFS="LT15288"
                    BASELINE="216 252 842 234" 
                    HPOS="215.0"
                    VPOS="219.0"
                    WIDTH="627.0"
                    HEIGHT="73.0">
            <Shape><Polygon POINTS="840 219 828 219 816 219 804 219 798 219 788 219 779 221 767 221 755 221 721 221 719 222 713 222 215 235 216 252 216 282 245 292 246 292 247 292 248 292 270 283 280 290 281 290 282 290 283 290 341 289 342 289 343 289 356 278 358 277 383 277 384 277 403 287 405 287 406 287 466 285 467 285 468 285 481 276 523 283 525 283 526 283 549 272 551 272 556 272 597 278 598 278 599 278 600 278 606 273 614 279 615 279 616 279 617 279 658 273 673 279 674 279 675 279 676 279 697 269 722 269 740 277 741 277 742 277 743 277 764 267 793 276 794 276 795 276 796 276 798 276 798 275 799 275 804 267 842 264 842 234 840 219 840 219"/></Shape>
	    <String CONTENT=""
                    HPOS="215.0"
                    VPOS="219.0"
                    WIDTH="627.0"
                    HEIGHT="73.0"
                    WC="0.9991190592447917"></String>
          </TextLine>

          
          
          <TextLine ID="eSc_line_a93c69f6"
                    TAGREFS="LT15288"
                    BASELINE="43 310 797 290 1038 283" 
                    HPOS="39.0"
                    VPOS="255.0"
                    WIDTH="998.0"
                    HEIGHT="76.0">
            <Shape><Polygon POINTS="41 308 41 331 1037 308 1037 282 1033 255 860 268 755 263 750 263 748 263 746 263 744 263 728 273 39 281 41 308"/></Shape>
	    <String CONTENT=""
                    HPOS="39.0"
                    VPOS="255.0"
                    WIDTH="998.0"
                    HEIGHT="76.0"
                    WC="0.9570623189210892"></String>
          </TextLine>

          
          
          <TextLine ID="eSc_line_75013a70"
                    TAGREFS="LT15288"
                    BASELINE="42 348 786 329 1039 322" 
                    HPOS="39.0"
                    VPOS="299.0"
                    WIDTH="999.0"
                    HEIGHT="74.0">
            <Shape><Polygon POINTS="41 347 41 373 1038 344 1038 320 1035 299 39 326 41 347"/></Shape>
	    <String CONTENT=""
                    HPOS="39.0"
                    VPOS="299.0"
                    WIDTH="999.0"
                    HEIGHT="74.0"
                    WC="0.9872137178213168"></String>
          </TextLine>

          
          
          <TextLine ID="eSc_line_68b875db"
                    TAGREFS="LT15288"
                    BASELINE="43 384 786 365 1040 359" 
                    HPOS="39.0"
                    VPOS="337.0"
                    WIDTH="999.0"
                    HEIGHT="70.0">
            <Shape><Polygon POINTS="39 373 41 383 41 407 587 401 589 401 591 401 605 392 615 392 708 398 710 398 712 398 730 389 732 389 750 389 914 392 916 392 1038 380 1038 358 1035 337 43 364 39 373"/></Shape>
	    <String CONTENT=""
                    HPOS="39.0"
                    VPOS="337.0"
                    WIDTH="999.0"
                    HEIGHT="70.0"
                    WC="0.9504302380146918"></String>
          </TextLine>

          
          
          <TextLine ID="eSc_line_824d78ae"
                    TAGREFS="LT15288"
                    BASELINE="158 419 920 400" 
                    HPOS="155.0"
                    VPOS="382.0"
                    WIDTH="764.0"
                    HEIGHT="57.0">
            <Shape><Polygon POINTS="156 418 156 439 845 430 919 418 919 398 916 382 155 400 156 418"/></Shape>
	    <String CONTENT=""
                    HPOS="155.0"
                    VPOS="382.0"
                    WIDTH="764.0"
                    HEIGHT="57.0"
                    WC="0.9796908955488887"></String>
          </TextLine>

          
          
          <TextLine ID="eSc_line_fc2849d0"
                    TAGREFS="LT15288"
                    BASELINE="40 457 228 457 892 437 1043 433" 
                    HPOS="37.0"
                    VPOS="410.0"
                    WIDTH="1005.0"
                    HEIGHT="92.0">
            <Shape><Polygon POINTS="39 456 39 488 99 495 100 495 102 495 128 486 153 502 155 502 156 502 158 502 301 499 302 499 366 479 380 475 391 479 422 490 423 490 425 490 488 479 490 477 508 477 514 477 526 475 564 470 593 474 705 486 706 486 708 486 732 475 811 477 813 477 815 477 817 477 835 466 840 463 849 466 887 479 889 479 890 479 892 479 894 479 914 465 1042 459 1042 432 1038 410 37 438 39 456"/></Shape>
	    <String CONTENT=""
                    HPOS="37.0"
                    VPOS="410.0"
                    WIDTH="1005.0"
                    HEIGHT="92.0"
                    WC="0.9361008835744254"></String>
          </TextLine>

          
          
          <TextLine ID="eSc_line_b39a9e5a"
                    TAGREFS="LT15288"
                    BASELINE="489 483 616 480" 
                    HPOS="487.0"
                    VPOS="461.0"
                    WIDTH="129.0"
                    HEIGHT="48.0">
            <Shape><Polygon POINTS="489 483 489 509 616 505 616 480 614 461 487 461 489 483"/></Shape>
	    <String CONTENT=""
                    HPOS="487.0"
                    VPOS="461.0"
                    WIDTH="129.0"
                    HEIGHT="48.0"
                    WC="0.9985757735040452"></String>
          </TextLine>

          
        </TextBlock>
        
        <TextBlock HPOS="33.0"
                   VPOS="514.0"
                   WIDTH="1033.0"
                   HEIGHT="1402.0"
                   ID="eSc_textblock_e91f66af"
                   TAGREFS="BT6909">
          <Shape><Polygon POINTS="1066 1331 1056 1897 1041 1911 57 1916 43 1897 33 839 38 527 1051 514"/></Shape>
          
          
          <TextLine ID="eSc_line_852a11a5"
                    TAGREFS="LT15288"
                    BASELINE="37 563 1035 545" 
                    HPOS="37.0"
                    VPOS="510.0"
                    WIDTH="998.0"
                    HEIGHT="99.0">
            <Shape><Polygon POINTS="37 608 167 609 168 609 197 605 236 600 302 603 347 605 348 605 349 605 356 603 370 598 406 602 433 604 435 604 436 604 442 600 466 587 503 587 566 587 592 598 596 599 597 599 598 599 599 599 603 598 636 585 679 591 680 591 681 591 703 584 755 596 765 597 766 597 767 597 769 597 771 594 789 585 802 591 804 591 805 591 806 591 836 581 877 581 894 593 897 596 898 596 900 596 901 596 902 596 913 592 930 587 937 592 939 594 941 594 942 594 943 594 944 594 954 592 969 587 1035 590 1035 545 1034 510 984 510 983 510 981 510 980 510 979 511 967 519 921 514 902 511 901 511 900 511 894 514 868 528 835 528 789 526 778 517 773 514 772 514 771 514 770 514 742 519 709 526 675 521 636 516 635 516 634 516 610 523 597 527 579 525 542 519 540 519 497 527 460 534 427 529 425 529 424 529 423 529 421 529 412 535 402 531 389 523 388 523 386 523 385 523 384 523 374 531 366 538 332 538 319 533 295 525 294 525 293 525 292 525 274 534 265 539 168 539 164 538 139 528 138 528 137 528 135 528 98 540 92 543 37 543 37 563 37 608"/></Shape>
	    <String CONTENT="איזהו מקומן של זבחים קדשי קדשים שחיטתן"
                    HPOS="37.0"
                    VPOS="510.0"
                    WIDTH="998.0"
                    HEIGHT="99.0"
                    WC="0.9700565546751022"></String>
          </TextLine>

          
          
          <TextLine ID="eSc_line_26945945"
                    TAGREFS="LT15288"
                    BASELINE="38 629 216 629 818 611" 
                    HPOS="37.0"
                    VPOS="586.0"
                    WIDTH="781.0"
                    HEIGHT="88.0">
            <Shape><Polygon POINTS="38 629 38 674 126 674 127 674 128 674 129 672 139 665 171 670 179 671 180 671 181 671 182 671 182 670 183 670 197 657 212 657 239 668 243 670 245 670 246 670 247 670 248 670 248 669 251 668 263 656 282 666 284 668 286 668 287 668 288 668 292 666 302 662 322 665 340 668 341 668 342 668 343 668 348 664 355 658 362 663 365 665 366 665 367 665 368 665 397 663 399 663 402 662 432 651 474 659 495 663 496 663 497 663 498 663 505 658 519 651 558 656 592 660 593 660 594 660 596 660 596 659 602 654 610 645 651 645 669 652 670 652 671 652 673 652 674 652 676 652 703 644 713 651 724 657 725 657 727 657 728 657 729 657 730 657 742 650 752 644 761 648 776 656 777 656 778 656 779 656 781 656 781 654 789 647 796 641 816 646 818 611 817 592 740 586 739 586 737 586 736 586 724 593 711 587 710 587 709 587 707 587 679 594 474 593 473 593 391 603 385 603 376 603 270 600 269 600 201 608 198 608 186 602 185 602 183 602 182 602 181 602 173 609 147 609 73 611 72 611 56 605 55 605 54 605 52 605 37 611 38 629"/></Shape>
	    <String CONTENT="בצפון פר ושעיר של יום הכפורים שחיטתן"
                    HPOS="37.0"
                    VPOS="586.0"
                    WIDTH="781.0"
                    HEIGHT="88.0"
                    WC="0.9910379538410589"></String>
          </TextLine>

          
          
          <TextLine ID="eSc_line_b8bcbfc6"
                    TAGREFS="LT15288"
                    BASELINE="40 696 1041 671" 
                    HPOS="39.0"
                    VPOS="645.0"
                    WIDTH="1002.0"
                    HEIGHT="96.0">
            <Shape><Polygon POINTS="40 696 40 730 63 730 64 730 85 741 86 741 87 741 223 737 224 737 225 737 237 728 240 725 242 728 254 736 255 736 257 736 258 737 278 737 278 736 336 734 337 734 338 734 349 725 353 723 362 725 383 731 384 731 385 731 415 725 420 724 423 724 436 730 437 730 438 730 439 730 441 730 448 724 451 722 460 724 472 728 473 728 474 728 475 728 477 728 481 724 489 718 517 718 545 723 562 725 563 725 564 725 566 725 569 723 579 717 629 717 639 722 650 725 651 725 652 725 653 725 664 721 681 713 723 713 739 719 741 721 742 721 743 721 754 719 814 711 855 718 873 721 874 721 876 721 888 717 919 708 992 712 993 712 995 712 996 712 1005 706 1041 714 1041 671 1039 645 977 651 939 647 913 645 912 645 910 645 909 645 906 648 897 654 878 650 871 647 870 647 868 647 855 650 830 656 822 651 814 647 813 647 812 647 781 652 749 657 701 654 673 653 671 653 670 653 669 653 667 656 658 662 634 657 614 652 612 652 587 658 562 664 548 659 538 656 537 656 536 656 514 660 487 665 460 662 423 657 421 657 389 664 364 669 317 666 283 664 282 664 281 664 280 664 276 668 270 672 39 674 40 696"/></Shape>
	    <String CONTENT="בצפון וקבול דמן בכלי שרת בצפון ודמן טעון הזיה"
                    HPOS="39.0"
                    VPOS="645.0"
                    WIDTH="1002.0"
                    HEIGHT="96.0"
                    WC="0.9961254994074503"></String>
          </TextLine>

          
          
          <TextLine ID="eSc_line_8f01e9d1"
                    TAGREFS="LT15288"
                    BASELINE="40 761 344 758 1040 735" 
                    HPOS="39.0"
                    VPOS="712.0"
                    WIDTH="1001.0"
                    HEIGHT="93.0">
            <Shape><Polygon POINTS="40 761 40 805 159 805 159 803 161 803 162 803 164 801 176 790 204 790 253 790 265 799 269 801 270 801 271 801 272 801 313 800 314 800 324 797 352 788 365 796 367 797 368 797 370 797 371 799 405 799 405 797 406 797 414 795 448 783 477 793 483 795 484 795 485 795 530 794 531 794 537 791 561 781 598 790 606 791 608 791 609 791 610 791 611 789 626 778 645 789 648 790 650 790 651 790 652 790 658 789 694 776 758 785 765 787 766 787 767 787 771 785 807 773 850 781 852 781 937 770 953 778 954 778 955 779 1040 779 1040 735 1039 712 816 712 814 712 813 712 782 721 773 722 758 721 691 716 689 716 688 716 687 716 677 724 674 725 658 724 612 721 611 721 610 721 609 721 602 727 597 730 563 730 532 729 447 723 445 723 444 723 409 733 400 735 364 734 304 733 302 733 39 745 40 761"/></Shape>
	    <String CONTENT="על בין הבדים ועל הפרכת ועל מזבח הזהב מתנה"
                    HPOS="39.0"
                    VPOS="712.0"
                    WIDTH="1001.0"
                    HEIGHT="93.0"
                    WC="0.9762897247617895"></String>
          </TextLine>

          
          
          <TextLine ID="eSc_line_89100e66"
                    TAGREFS="LT15288"
                    BASELINE="39 826 1043 803" 
                    HPOS="38.0"
                    VPOS="777.0"
                    WIDTH="1005.0"
                    HEIGHT="94.0">
            <Shape><Polygon POINTS="39 826 39 855 90 871 91 871 92 871 197 866 198 866 251 851 252 851 289 866 290 866 292 866 391 863 392 863 424 849 459 862 460 862 461 862 462 862 516 848 546 860 548 860 549 860 575 859 576 859 616 844 621 843 634 844 679 848 680 848 705 843 710 842 713 842 759 855 760 855 761 855 763 855 764 855 775 848 795 854 796 854 798 854 799 854 820 843 844 851 846 851 847 851 848 851 849 851 859 844 901 851 902 851 903 851 933 838 939 836 967 837 1029 842 1031 842 1032 842 1043 836 1043 803 1041 784 987 777 986 777 985 777 967 783 778 782 777 782 722 789 675 784 674 784 606 793 575 787 574 787 573 787 558 795 556 796 511 796 507 796 478 790 477 790 430 797 427 797 426 797 409 791 408 791 407 791 406 791 405 791 396 799 395 799 378 793 377 793 376 793 307 800 299 801 298 801 289 794 288 794 287 794 254 794 253 794 252 794 233 802 231 803 159 803 145 796 144 796 143 796 38 806 39 826"/></Shape>
	    <String CONTENT="אחת מהן מעכבת: שירי הדם היה שופך על יסוד מערבי"
                    HPOS="38.0"
                    VPOS="777.0"
                    WIDTH="1005.0"
                    HEIGHT="94.0"
                    WC="0.9947043555848142"></String>
          </TextLine>

          
          
          <TextLine ID="eSc_line_650f0197"
                    TAGREFS="LT15288"
                    BASELINE="40 894 1043 866" 
                    HPOS="39.0"
                    VPOS="838.0"
                    WIDTH="1004.0"
                    HEIGHT="99.0">
            <Shape><Polygon POINTS="40 894 40 937 96 931 216 932 255 932 257 932 258 932 259 932 260 931 268 925 290 930 300 931 301 931 313 928 346 921 371 926 383 928 384 928 419 925 475 918 498 921 517 925 519 925 520 925 539 920 551 918 564 919 590 922 591 922 592 922 606 918 618 914 628 916 644 921 645 921 646 921 689 920 691 920 701 914 707 912 765 912 937 913 938 913 939 913 961 904 962 904 966 904 1013 908 1014 908 1043 901 1043 866 1041 844 997 838 996 838 961 839 960 839 944 847 933 850 898 848 876 845 874 845 873 845 872 845 870 848 864 853 836 849 800 844 799 844 798 844 783 850 777 853 761 850 747 849 746 849 745 849 735 851 715 856 705 853 694 848 693 848 692 848 691 848 674 853 661 856 641 854 606 849 605 849 604 849 581 855 561 861 549 856 542 853 540 853 475 853 474 853 473 853 472 853 463 859 454 863 412 860 399 859 397 859 385 860 342 867 287 862 276 862 275 862 274 862 271 863 255 870 39 870 40 894"/></Shape>
	    <String CONTENT="של מזבח החיצון אם לא נתן לא עכב: משנה ב פרים הנשרפים"
                    HPOS="39.0"
                    VPOS="838.0"
                    WIDTH="1004.0"
                    HEIGHT="99.0"
                    WC="0.9827342966328496"></String>
          </TextLine>

          
          
          <TextLine ID="eSc_line_72937169"
                    TAGREFS="LT15288"
                    BASELINE="43 957 1043 932" 
                    HPOS="42.0"
                    VPOS="909.0"
                    WIDTH="1001.0"
                    HEIGHT="94.0">
            <Shape><Polygon POINTS="43 957 43 993 122 1003 123 1003 124 1003 150 991 153 990 157 991 180 1002 181 1002 182 1002 265 999 266 999 288 991 316 998 317 998 318 998 319 998 350 986 352 986 353 986 370 994 371 994 423 996 424 996 454 993 455 993 456 993 471 984 472 982 474 984 486 988 487 988 489 988 527 982 528 982 530 982 561 992 562 992 563 992 564 992 600 982 620 987 621 987 622 987 623 987 624 987 634 980 636 978 645 979 686 988 687 988 688 988 707 978 713 974 777 974 787 976 812 982 813 982 814 982 816 982 832 975 834 974 836 975 847 980 848 980 849 980 850 980 865 974 871 970 949 970 959 972 1001 980 1002 980 1003 980 1004 980 1017 970 1020 969 1041 969 1043 932 1041 912 947 909 945 909 944 909 943 909 936 914 933 915 929 914 912 909 910 909 909 909 877 915 865 918 859 916 847 912 846 912 844 912 754 913 725 919 710 914 709 914 707 914 673 921 658 924 640 922 593 918 592 918 562 925 552 926 545 925 516 919 515 919 402 928 373 931 364 930 326 924 325 924 286 932 277 933 255 933 158 928 157 928 156 928 137 936 133 938 42 938 43 957"/></Shape>
	    <String CONTENT="ושעירים הנשרפים שחיטתן בצפון וקבול דמן בכלי שרת"
                    HPOS="42.0"
                    VPOS="909.0"
                    WIDTH="1001.0"
                    HEIGHT="94.0"
                    WC="0.9873005798522462"></String>
          </TextLine>

          
          
          <TextLine ID="eSc_line_583628ba"
                    TAGREFS="LT15288"
                    BASELINE="43 1023 263 1022 706 1005 1044 998" 
                    HPOS="42.0"
                    VPOS="974.0"
                    WIDTH="1002.0"
                    HEIGHT="94.0">
            <Shape><Polygon POINTS="43 1023 43 1059 84 1068 85 1068 157 1061 167 1067 168 1067 169 1067 170 1067 276 1055 337 1062 338 1062 397 1055 491 1057 492 1057 493 1057 495 1057 510 1047 513 1047 550 1055 551 1055 634 1053 713 1051 715 1051 737 1043 755 1049 757 1049 758 1049 759 1049 783 1040 784 1040 790 1040 846 1044 847 1044 848 1044 849 1044 856 1038 858 1038 864 1038 924 1045 925 1045 926 1045 927 1045 942 1037 944 1034 977 1034 981 1035 1005 1043 1007 1043 1008 1043 1009 1043 1044 1033 1044 998 1043 978 888 974 886 974 810 984 785 986 779 985 761 978 760 978 759 978 758 978 757 978 746 985 741 987 719 986 686 984 685 984 659 987 646 990 644 988 636 982 635 982 634 982 590 982 588 982 544 991 528 993 485 992 420 991 419 991 418 991 405 994 397 997 392 994 379 988 378 988 377 988 338 997 323 1000 42 1004 43 1023"/></Shape>
	    <String CONTENT="בצפון ודמן טעון הזיה על הפרכת ועל מזבח הזהב מתנה"
                    HPOS="42.0"
                    VPOS="974.0"
                    WIDTH="1002.0"
                    HEIGHT="94.0"
                    WC="0.9809200179820158"></String>
          </TextLine>

          
          
          <TextLine ID="eSc_line_2a739751"
                    TAGREFS="LT15288"
                    BASELINE="43 1089 296 1087 675 1071 1045 1064" 
                    HPOS="43.0"
                    VPOS="1045.0"
                    WIDTH="1002.0"
                    HEIGHT="89.0">
            <Shape><Polygon POINTS="43 1121 78 1134 79 1134 80 1134 133 1133 171 1131 173 1131 174 1131 194 1119 207 1127 209 1127 210 1127 269 1116 310 1128 311 1128 312 1128 437 1116 491 1123 492 1123 493 1123 495 1123 515 1110 570 1121 572 1121 573 1121 621 1107 667 1118 668 1118 669 1118 670 1118 687 1104 718 1104 767 1110 769 1110 770 1110 782 1105 804 1115 805 1115 806 1115 807 1115 808 1115 825 1103 850 1113 852 1113 853 1113 854 1113 855 1113 867 1105 900 1110 901 1110 989 1097 1010 1107 1011 1107 1013 1107 1014 1107 1045 1094 1045 1064 1044 1045 668 1045 667 1045 623 1055 615 1056 591 1056 514 1052 513 1052 511 1052 510 1052 503 1057 501 1058 485 1058 420 1055 419 1055 418 1055 417 1055 409 1059 407 1062 320 1063 310 1062 263 1056 261 1056 228 1064 215 1067 187 1065 140 1062 139 1062 138 1062 137 1062 130 1067 124 1069 43 1069 43 1089 43 1121"/></Shape>
	    <String CONTENT="אחת מהן מעכבת: שירי הדם היה שופך על יסוד מערבי"
                    HPOS="43.0"
                    VPOS="1045.0"
                    WIDTH="1002.0"
                    HEIGHT="89.0"
                    WC="0.9619269041304893"></String>
          </TextLine>

          
          
          <TextLine ID="eSc_line_feda666a"
                    TAGREFS="LT15288"
                    BASELINE="44 1157 1045 1128" 
                    HPOS="43.0"
                    VPOS="1101.0"
                    WIDTH="1002.0"
                    HEIGHT="98.0">
            <Shape><Polygon POINTS="44 1157 44 1193 58 1199 60 1199 61 1199 62 1199 63 1199 75 1192 106 1198 108 1198 207 1195 209 1195 210 1195 218 1188 249 1194 251 1194 252 1194 283 1184 284 1184 288 1184 346 1189 347 1189 348 1189 349 1189 358 1182 360 1181 374 1182 459 1188 460 1188 461 1188 498 1177 507 1176 516 1177 567 1184 568 1184 653 1172 670 1171 681 1172 747 1180 748 1180 749 1180 751 1180 763 1170 765 1169 778 1169 900 1175 901 1175 953 1171 954 1171 955 1171 955 1170 963 1163 965 1163 968 1163 1020 1170 1021 1170 1022 1170 1045 1160 1045 1128 1044 1105 968 1101 967 1101 966 1101 965 1101 957 1106 950 1111 939 1107 927 1103 926 1103 925 1103 898 1109 868 1115 844 1110 831 1107 830 1107 829 1107 828 1107 824 1110 817 1115 770 1112 754 1111 753 1111 745 1112 709 1119 662 1115 627 1111 626 1111 590 1116 539 1124 516 1118 503 1115 502 1115 501 1115 499 1115 489 1119 479 1124 334 1130 310 1124 298 1121 296 1121 295 1121 294 1121 293 1121 288 1124 276 1133 249 1133 222 1127 210 1123 209 1123 207 1123 206 1123 195 1127 176 1135 124 1136 43 1131 44 1157"/></Shape>
	    <String CONTENT="של מזבח החיצון אם לא נתן לא עכב אלו ואלו נשרפין"
                    HPOS="43.0"
                    VPOS="1101.0"
                    WIDTH="1002.0"
                    HEIGHT="98.0"
                    WC="0.9853400977290406"></String>
          </TextLine>

          
          
          <TextLine ID="eSc_line_362f7400"
                    TAGREFS="LT15288"
                    BASELINE="48 1220 287 1219 779 1200 1047 1196" 
                    HPOS="46.0"
                    VPOS="1168.0"
                    WIDTH="1001.0"
                    HEIGHT="96.0">
            <Shape><Polygon POINTS="48 1220 48 1253 90 1253 94 1254 128 1264 129 1264 130 1264 272 1259 274 1259 289 1252 336 1258 337 1258 338 1258 340 1258 349 1249 355 1246 386 1248 445 1254 447 1254 448 1254 449 1254 459 1247 467 1241 511 1241 523 1246 528 1248 530 1248 531 1248 532 1248 537 1246 549 1240 567 1246 576 1248 578 1248 579 1248 609 1244 675 1236 700 1243 710 1246 711 1246 712 1246 713 1246 721 1242 730 1238 749 1242 764 1244 765 1244 784 1241 822 1235 847 1241 856 1242 858 1242 878 1240 963 1228 997 1237 998 1237 999 1237 1047 1236 1047 1196 1044 1168 1028 1176 1019 1170 1017 1170 1016 1170 1015 1170 945 1178 891 1174 879 1172 878 1172 868 1174 836 1181 812 1176 804 1175 802 1175 801 1175 800 1175 798 1176 787 1183 736 1178 713 1177 712 1177 697 1181 668 1187 609 1183 576 1182 575 1182 574 1182 561 1186 542 1190 532 1187 525 1183 523 1183 522 1183 486 1188 450 1193 424 1190 386 1187 385 1187 384 1187 383 1187 376 1192 371 1196 336 1196 322 1194 296 1189 295 1189 264 1196 251 1199 237 1198 215 1194 213 1194 212 1194 211 1194 206 1199 204 1201 46 1204 48 1220"/></Shape>
	    <String CONTENT="בבית הדשן: משנה ג חטאת הצבור והיחיד אלו הן חטאת"
                    HPOS="46.0"
                    VPOS="1168.0"
                    WIDTH="1001.0"
                    HEIGHT="96.0"
                    WC="0.9868591209737266"></String>
          </TextLine>

          
          
          <TextLine ID="eSc_line_f328ea2b"
                    TAGREFS="LT15288"
                    BASELINE="48 1288 1047 1260" 
                    HPOS="46.0"
                    VPOS="1232.0"
                    WIDTH="1001.0"
                    HEIGHT="98.0">
            <Shape><Polygon POINTS="48 1288 48 1327 221 1330 222 1330 223 1330 246 1324 257 1321 272 1323 307 1327 308 1327 310 1327 328 1321 353 1314 372 1321 377 1323 378 1323 437 1324 438 1324 439 1324 451 1319 483 1307 537 1318 554 1320 555 1320 556 1320 563 1317 588 1305 609 1314 610 1314 611 1314 612 1314 614 1314 629 1302 705 1301 717 1307 718 1307 719 1307 788 1299 874 1302 889 1309 891 1311 892 1311 894 1311 895 1311 896 1311 897 1309 919 1296 960 1294 1047 1306 1047 1260 1045 1232 872 1237 870 1237 837 1244 796 1240 793 1240 791 1240 790 1240 789 1240 779 1247 746 1241 740 1241 739 1241 730 1242 674 1250 608 1246 603 1246 602 1246 598 1246 551 1254 533 1248 530 1247 528 1247 527 1247 526 1247 525 1247 523 1248 513 1254 487 1249 478 1248 477 1248 466 1250 427 1259 46 1262 48 1288"/></Shape>
	    <String CONTENT="הצבור שעירי ראשי חדשים ושל מועדות שחיטתן בצפון"
                    HPOS="46.0"
                    VPOS="1232.0"
                    WIDTH="1001.0"
                    HEIGHT="98.0"
                    WC="0.9886478315229001"></String>
          </TextLine>

          
          
          <TextLine ID="eSc_line_0dfcaa43"
                    TAGREFS="LT15288"
                    BASELINE="51 1353 376 1348 798 1331 1049 1327" 
                    HPOS="50.0"
                    VPOS="1301.0"
                    WIDTH="999.0"
                    HEIGHT="98.0">
            <Shape><Polygon POINTS="51 1353 51 1390 93 1399 94 1399 96 1399 114 1393 252 1395 253 1395 254 1395 270 1386 276 1384 283 1386 302 1393 304 1393 305 1393 367 1385 378 1384 379 1385 389 1391 390 1391 391 1391 392 1391 449 1384 460 1383 465 1384 484 1389 485 1389 486 1389 552 1386 554 1386 562 1381 574 1375 608 1381 614 1381 615 1381 629 1380 724 1372 748 1379 754 1380 755 1380 757 1380 758 1380 761 1378 775 1371 801 1369 816 1378 817 1378 818 1378 819 1378 820 1378 823 1378 853 1368 926 1375 930 1375 931 1375 932 1375 966 1365 993 1374 995 1374 996 1374 1049 1373 1049 1327 1047 1308 1035 1302 1034 1302 920 1301 919 1301 866 1308 747 1306 746 1306 745 1306 743 1306 730 1314 728 1315 723 1314 704 1309 703 1309 701 1309 676 1315 657 1319 533 1317 474 1317 473 1317 472 1317 465 1318 438 1325 342 1321 341 1321 340 1321 308 1330 137 1333 50 1325 51 1353"/></Shape>
	    <String CONTENT="וקבול דמן בכלי שרת בצפון ודמן טעון ארבע מתנות על"
                    HPOS="50.0"
                    VPOS="1301.0"
                    WIDTH="999.0"
                    HEIGHT="98.0"
                    WC="0.9755790792405605"></String>
          </TextLine>

          
          
          <TextLine ID="eSc_line_872b1191"
                    TAGREFS="LT15288"
                    BASELINE="50 1419 312 1416 725 1399 1047 1393" 
                    HPOS="49.0"
                    VPOS="1366.0"
                    WIDTH="998.0"
                    HEIGHT="96.0">
            <Shape><Polygon POINTS="50 1419 50 1454 105 1454 134 1462 135 1462 137 1462 217 1452 257 1457 258 1457 292 1450 313 1445 332 1449 360 1455 361 1455 403 1454 405 1454 406 1454 413 1448 419 1444 453 1444 459 1446 469 1452 471 1452 472 1452 537 1445 573 1442 584 1444 599 1449 600 1449 602 1449 630 1448 632 1448 640 1444 657 1434 747 1433 763 1442 764 1442 765 1442 766 1442 767 1442 769 1442 789 1431 829 1431 897 1439 914 1440 915 1440 931 1438 1002 1426 1046 1435 1047 1393 1046 1374 995 1366 993 1366 929 1377 924 1377 920 1377 867 1369 866 1369 793 1379 776 1381 769 1380 739 1373 737 1373 697 1381 686 1384 677 1383 654 1375 653 1375 652 1375 651 1375 650 1375 640 1383 638 1384 628 1383 572 1378 570 1378 569 1378 568 1378 557 1385 552 1387 520 1386 451 1381 450 1381 449 1381 436 1387 429 1392 324 1393 316 1390 302 1385 301 1385 300 1385 299 1385 275 1391 255 1397 49 1397 50 1419"/></Shape>
	    <String CONTENT="ארבע קרנות, כיצד עלה בכבש ופנה לסובב ובא לו"
                    HPOS="49.0"
                    VPOS="1366.0"
                    WIDTH="998.0"
                    HEIGHT="96.0"
                    WC="0.9654649211012799"></String>
          </TextLine>

          
          
          <TextLine ID="eSc_line_f01132ef"
                    TAGREFS="LT15288"
                    BASELINE="52 1487 1049 1457" 
                    HPOS="51.0"
                    VPOS="1431.0"
                    WIDTH="998.0"
                    HEIGHT="96.0">
            <Shape><Polygon POINTS="52 1487 52 1523 211 1527 212 1527 258 1518 274 1516 284 1518 311 1523 312 1523 354 1516 358 1516 367 1522 368 1522 370 1522 371 1522 372 1522 396 1515 426 1506 451 1506 465 1514 472 1518 473 1518 474 1518 475 1518 530 1517 531 1517 542 1511 558 1503 645 1505 646 1505 647 1505 648 1505 657 1499 677 1508 682 1510 683 1510 729 1511 730 1511 731 1511 743 1506 770 1494 816 1494 836 1503 837 1503 838 1503 930 1491 968 1500 977 1503 978 1503 979 1503 1049 1498 1049 1457 1046 1431 909 1435 908 1435 896 1442 799 1439 782 1439 781 1439 779 1439 778 1439 778 1440 766 1448 734 1443 733 1443 685 1450 658 1444 650 1443 648 1443 638 1445 606 1454 545 1454 536 1449 531 1446 530 1446 528 1446 501 1450 448 1457 415 1452 408 1452 407 1452 397 1454 365 1460 348 1456 336 1452 335 1452 334 1452 332 1452 331 1452 331 1454 328 1456 322 1462 51 1466 52 1487"/></Shape>
	    <String CONTENT="לקרן דרומית מזרחית, מזרחית צפונית, צפונית"
                    HPOS="51.0"
                    VPOS="1431.0"
                    WIDTH="998.0"
                    HEIGHT="96.0"
                    WC="0.9901239511578582"></String>
          </TextLine>

          
          
          <TextLine ID="eSc_line_69442d50"
                    TAGREFS="LT15288"
                    BASELINE="52 1550 329 1547 700 1532 1049 1524" 
                    HPOS="51.0"
                    VPOS="1504.0"
                    WIDTH="998.0"
                    HEIGHT="89.0">
            <Shape><Polygon POINTS="52 1550 52 1591 185 1593 186 1593 248 1584 259 1583 266 1583 307 1589 308 1589 310 1589 311 1589 323 1582 326 1580 335 1582 364 1588 365 1588 405 1586 406 1586 407 1586 417 1578 430 1570 474 1570 484 1576 487 1580 489 1580 490 1580 491 1580 492 1580 493 1580 498 1576 508 1569 574 1574 600 1575 602 1575 628 1571 682 1564 729 1568 814 1576 816 1576 817 1576 850 1564 865 1558 906 1558 930 1562 993 1571 995 1571 996 1571 1049 1557 1049 1524 1046 1504 729 1506 704 1510 676 1515 654 1511 635 1509 634 1509 610 1512 579 1517 557 1514 549 1512 548 1512 546 1512 545 1512 544 1514 537 1518 514 1515 499 1512 498 1512 497 1512 490 1515 477 1521 275 1526 237 1520 231 1520 230 1520 229 1520 227 1521 209 1528 94 1530 51 1524 52 1550"/></Shape>
	    <String CONTENT="מערבית, מערבית דרומית, שירי הדם היה שופך על"
                    HPOS="51.0"
                    VPOS="1504.0"
                    WIDTH="998.0"
                    HEIGHT="89.0"
                    WC="0.9925517797470093"></String>
          </TextLine>

          
          
          <TextLine ID="eSc_line_7f4b51de"
                    TAGREFS="LT15288"
                    BASELINE="51 1618 1050 1589" 
                    HPOS="50.0"
                    VPOS="1559.0"
                    WIDTH="1000.0"
                    HEIGHT="105.0">
            <Shape><Polygon POINTS="51 1618 52 1664 80 1657 144 1660 175 1661 176 1661 177 1661 179 1661 183 1658 203 1646 219 1657 223 1659 224 1659 225 1659 227 1659 289 1658 290 1658 292 1658 298 1653 311 1642 350 1651 376 1655 377 1655 425 1654 426 1654 450 1646 462 1642 472 1645 492 1652 493 1652 495 1652 496 1652 516 1643 532 1636 563 1641 610 1648 611 1648 612 1648 633 1637 644 1631 652 1637 658 1641 659 1641 661 1641 662 1641 663 1641 664 1641 670 1636 677 1631 687 1635 705 1642 706 1642 758 1645 759 1645 760 1645 793 1630 802 1625 848 1625 853 1628 862 1634 864 1634 865 1634 866 1634 867 1634 880 1627 885 1624 896 1625 915 1629 916 1629 918 1629 919 1629 924 1624 926 1622 1050 1618 1050 1589 1046 1559 1020 1569 1001 1562 999 1562 998 1562 954 1571 902 1565 891 1564 890 1564 879 1565 820 1577 743 1571 709 1569 707 1569 596 1572 594 1572 581 1578 566 1584 477 1582 456 1582 455 1582 441 1583 407 1588 397 1586 376 1578 374 1578 373 1578 372 1578 352 1587 343 1591 322 1588 265 1582 264 1582 263 1582 261 1582 248 1592 246 1593 243 1592 233 1587 231 1587 230 1587 229 1587 211 1593 203 1595 180 1594 121 1591 120 1591 50 1599 51 1618"/></Shape>
	    <String CONTENT="יסוד דרומי ונאכלין לפנים מן הקלעים לזכרי כהנה בכ"
                    HPOS="50.0"
                    VPOS="1559.0"
                    WIDTH="1000.0"
                    HEIGHT="105.0"
                    WC="0.9740980483115987"></String>
          </TextLine>

          
          
          <TextLine ID="eSc_line_ce3cc7d8"
                    TAGREFS="LT15288"
                    BASELINE="50 1685 1047 1654" 
                    HPOS="49.0"
                    VPOS="1624.0"
                    WIDTH="998.0"
                    HEIGHT="106.0">
            <Shape><Polygon POINTS="50 1685 50 1723 88 1720 97 1724 111 1729 112 1729 114 1730 165 1730 165 1729 223 1720 234 1719 242 1720 277 1725 278 1725 280 1725 281 1725 288 1719 298 1711 329 1718 352 1723 353 1723 412 1720 413 1720 414 1720 420 1715 435 1706 449 1711 450 1711 451 1711 453 1711 473 1705 522 1713 546 1717 548 1717 549 1717 558 1712 573 1706 591 1711 592 1711 593 1711 594 1711 636 1700 673 1709 682 1712 683 1712 685 1712 686 1712 692 1709 704 1703 727 1708 729 1708 730 1708 731 1708 733 1708 758 1695 818 1694 888 1702 889 1702 890 1702 891 1702 898 1696 908 1703 908 1705 909 1705 910 1705 912 1705 950 1703 951 1703 953 1703 953 1702 963 1696 1047 1700 1047 1654 1045 1633 1026 1635 1017 1633 990 1624 989 1624 987 1624 955 1625 954 1625 953 1625 941 1634 848 1628 847 1628 846 1628 824 1636 784 1630 783 1630 782 1630 758 1641 717 1633 716 1633 656 1634 578 1648 564 1651 556 1649 520 1641 519 1641 465 1652 453 1655 383 1657 376 1655 329 1645 328 1645 326 1645 325 1645 307 1658 305 1659 290 1658 224 1654 223 1654 222 1654 199 1661 194 1664 49 1666 50 1685"/></Shape>
	    <String CONTENT=""
                    HPOS="49.0"
                    VPOS="1624.0"
                    WIDTH="998.0"
                    HEIGHT="106.0"
                    WC="0.9769006688544091"></String>
          </TextLine>

          
          
          <TextLine ID="eSc_line_6d18f8f3"
                    TAGREFS="LT15288"
                    BASELINE="50 1752 1049 1718" 
                    HPOS="49.0"
                    VPOS="1691.0"
                    WIDTH="1000.0"
                    HEIGHT="107.0">
            <Shape><Polygon POINTS="50 1752 50 1788 84 1798 85 1798 86 1798 87 1798 104 1792 149 1796 150 1796 151 1796 152 1796 170 1784 187 1795 188 1795 189 1795 191 1795 259 1792 260 1792 300 1782 330 1790 331 1790 332 1790 334 1790 371 1777 372 1777 374 1777 441 1785 442 1785 483 1777 511 1784 513 1784 514 1784 642 1776 644 1776 645 1776 657 1767 658 1767 668 1767 685 1767 704 1777 705 1777 706 1777 764 1776 765 1776 799 1764 824 1772 825 1772 826 1772 828 1772 871 1760 939 1770 941 1770 942 1770 967 1756 1049 1753 1049 1718 1047 1695 1019 1691 1017 1691 1016 1691 1015 1691 1009 1696 1004 1700 990 1696 971 1693 969 1693 968 1693 955 1697 950 1700 915 1700 855 1699 854 1699 836 1702 825 1705 818 1703 794 1699 793 1699 743 1706 719 1709 699 1708 650 1703 648 1703 647 1703 623 1711 611 1714 567 1713 471 1709 469 1709 431 1718 417 1713 415 1713 414 1713 413 1713 401 1719 396 1721 361 1720 289 1719 288 1719 49 1732 50 1752"/></Shape>
	    <String CONTENT="שחיטתה בצפון וקבול דמה בכלי שרת בצפון ודמה טעון"
                    HPOS="49.0"
                    VPOS="1691.0"
                    WIDTH="1000.0"
                    HEIGHT="107.0"
                    WC="0.9844378981184452"></String>
          </TextLine>

          
          
          <TextLine ID="eSc_line_a9891e0a"
                    TAGREFS="LT15288"
                    BASELINE="58 1816 1049 1784" 
                    HPOS="57.0"
                    VPOS="1760.0"
                    WIDTH="992.0"
                    HEIGHT="100.0">
            <Shape><Polygon POINTS="58 1816 58 1850 93 1855 94 1855 96 1855 108 1849 129 1860 130 1860 132 1860 248 1846 276 1854 277 1854 278 1854 280 1854 306 1843 424 1850 425 1850 426 1850 462 1837 463 1837 489 1848 490 1848 491 1848 570 1845 572 1845 591 1837 680 1842 681 1842 682 1842 718 1831 736 1839 737 1839 739 1839 777 1838 778 1838 802 1825 886 1824 912 1831 913 1831 914 1831 915 1831 941 1821 998 1826 999 1826 1049 1816 1049 1784 1045 1760 1025 1766 996 1761 986 1760 985 1760 984 1760 980 1761 962 1770 948 1762 944 1761 943 1761 942 1761 941 1761 932 1764 916 1767 835 1766 790 1766 789 1766 788 1766 781 1768 748 1777 709 1770 703 1770 701 1770 694 1771 657 1778 612 1773 608 1773 606 1773 605 1773 604 1773 592 1782 534 1777 533 1777 480 1785 371 1783 370 1783 368 1783 348 1790 283 1786 282 1786 165 1796 127 1789 126 1789 124 1789 123 1789 87 1796 57 1791 58 1816"/></Shape>
	    <String CONTENT="שתי מתנות שהן ארבע וטעונה הפשט ונתוח וכליל"
                    HPOS="57.0"
                    VPOS="1760.0"
                    WIDTH="992.0"
                    HEIGHT="100.0"
                    WC="0.9988141230174473"></String>
          </TextLine>

          
          
          <TextLine ID="eSc_line_4002dde8"
                    TAGREFS="LT15288"
                    BASELINE="54 1884 317 1879 693 1858 1050 1849" 
                    HPOS="52.0"
                    VPOS="1824.0"
                    WIDTH="999.0"
                    HEIGHT="113.0">
            <Shape><Polygon POINTS="54 1884 55 1927 70 1932 72 1932 73 1932 74 1932 94 1927 103 1925 109 1926 150 1937 151 1937 152 1937 153 1937 187 1928 216 1934 217 1934 218 1934 249 1922 252 1921 316 1916 324 1921 328 1923 329 1923 330 1923 331 1923 362 1920 415 1914 425 1919 439 1926 441 1926 442 1926 562 1921 598 1915 634 1908 697 1913 741 1915 742 1915 743 1915 753 1910 776 1899 831 1909 835 1909 836 1909 837 1909 838 1909 860 1896 941 1893 967 1893 986 1905 987 1905 989 1905 990 1905 1051 1903 1050 1849 1046 1824 914 1827 913 1827 909 1828 895 1836 860 1831 846 1830 844 1830 843 1830 838 1832 826 1838 811 1833 798 1830 796 1830 795 1830 763 1836 752 1837 742 1837 700 1832 699 1832 698 1832 674 1839 662 1843 654 1840 642 1834 641 1834 640 1834 639 1834 611 1842 593 1846 556 1844 510 1842 509 1842 481 1848 463 1851 439 1849 392 1845 391 1845 390 1845 377 1852 371 1855 348 1854 276 1848 275 1848 274 1848 246 1857 240 1861 197 1861 194 1860 177 1852 176 1852 175 1852 174 1852 173 1852 161 1862 159 1863 52 1866 54 1884"/></Shape>
	    <String CONTENT="לאשים: משנה ה זבחי שלמי צבור ואשמות, אלו הן אשמות"
                    HPOS="52.0"
                    VPOS="1824.0"
                    WIDTH="999.0"
                    HEIGHT="113.0"
                    WC="0.9952185040428525"></String>
          </TextLine>

          
        </TextBlock>
        

        
      </PrintSpace>
    </Page>
  </Layout>
</alto>
