<?xml version="1.0" encoding="UTF-8"?>
<alto xmlns:xsi="http://www.w3.org/2001/XMLSchema-instance"
      xmlns="http://www.loc.gov/standards/alto/ns-v4#"
      xsi:schemaLocation="http://www.loc.gov/standards/alto/ns-v4# http://www.loc.gov/standards/alto/v4/alto-4-2.xsd">
  <Description>
    <MeasurementUnit>pixel</MeasurementUnit>
    <sourceImageInformation>
      <fileName>IE87502633_00018.jpg</fileName>
      <fileIdentifier>mets//export_doc4366_1col_14_copy_alto_202404261215.zip/IE87502633_00018.jpg</fileIdentifier>
    </sourceImageInformation>
  </Description>
  
  <Tags>
    <OtherTag ID="BT8356" LABEL="MainLeft" DESCRIPTION="block type MainLeft"/><OtherTag ID="BT8355" LABEL="MainRight" DESCRIPTION="block type MainRight"/><OtherTag ID="BT6914" LABEL="Handwritten" DESCRIPTION="block type Handwritten"/><OtherTag ID="BT6913" LABEL="RunningHeader" DESCRIPTION="block type RunningHeader"/><OtherTag ID="BT6912" LABEL="Catchword" DESCRIPTION="block type Catchword"/><OtherTag ID="BT6911" LABEL="Margin" DESCRIPTION="block type Margin"/><OtherTag ID="BT6910" LABEL="FooterCentral" DESCRIPTION="block type FooterCentral"/><OtherTag ID="BT6909" LABEL="MainCentral" DESCRIPTION="block type MainCentral"/><OtherTag ID="BT6908" LABEL="Header" DESCRIPTION="block type Header"/><OtherTag ID="BT4" LABEL="Illustration" DESCRIPTION="block type Illustration"/><OtherTag ID="BT3" LABEL="Commentary" DESCRIPTION="block type Commentary"/><OtherTag ID="BT2" LABEL="Main" DESCRIPTION="block type Main"/><OtherTag ID="BT1" LABEL="Title" DESCRIPTION="block type Title"/>
    <OtherTag ID="LT15938" LABEL="MainLeft" DESCRIPTION="line type MainLeft"/><OtherTag ID="LT15937" LABEL="MainRight" DESCRIPTION="line type MainRight"/><OtherTag ID="LT15289" LABEL="Handwritten" DESCRIPTION="line type Handwritten"/><OtherTag ID="LT15288" LABEL="MainCentral" DESCRIPTION="line type MainCentral"/><OtherTag ID="LT15287" LABEL="NotMain" DESCRIPTION="line type NotMain"/>
  </Tags>
  
  <Layout>
    <Page WIDTH="1268"
          HEIGHT="1928"
          PHYSICAL_IMG_NR="26"
          ID="eSc_dummypage_">
      <PrintSpace HPOS="0"
                  VPOS="0"
                  WIDTH="1268"
                  HEIGHT="1928">
        
        <TextBlock HPOS="90.0"
                   VPOS="175.0"
                   WIDTH="1126.0"
                   HEIGHT="1657.0"
                   ID="eSc_textblock_ae980134"
                   TAGREFS="BT6909">
          <Shape><Polygon POINTS="1182 179 1207 201 1216 1806 1199 1832 158 1824 102 1802 90 201 98 184 583 175"/></Shape>
          
          
          <TextLine ID="eSc_line_e59474cf"
                    TAGREFS="LT15288"
                    BASELINE="94 212 1170 208" 
                    HPOS="94.0"
                    VPOS="182.0"
                    WIDTH="1076.0"
                    HEIGHT="79.0">
            <Shape><Polygon POINTS="94 190 94 212 95 259 126 251 167 259 178 261 180 261 181 261 186 259 227 244 297 244 330 259 331 259 450 261 451 261 515 259 582 255 583 255 606 243 635 250 636 250 637 250 672 245 691 254 692 254 693 255 718 255 718 254 719 254 754 243 778 247 779 247 840 242 874 242 917 259 918 259 919 259 920 260 974 260 974 259 975 259 976 259 1016 242 1089 242 1119 259 1120 259 1121 259 1122 259 1170 258 1170 208 1169 186 1080 182 1079 182 1078 182 1067 185 1058 189 911 189 902 185 892 182 891 182 814 182 813 182 812 182 802 185 792 189 780 185 772 183 771 183 770 183 721 185 638 189 631 185 628 183 627 183 625 183 624 183 603 185 573 188 554 185 540 183 539 183 538 183 529 185 514 189 502 185 496 183 495 183 494 183 461 185 389 190 379 185 378 184 377 184 376 184 375 184 347 185 248 189 186 185 171 184 170 184 161 185 120 190 99 186 94 190"/></Shape>
	    <String CONTENT="אלהי, נשמה שנתת בי טהורה היא אתה בראתה"
                    HPOS="94.0"
                    VPOS="182.0"
                    WIDTH="1076.0"
                    HEIGHT="79.0"
                    WC="0.9889067047979774"></String>
          </TextLine>

          
          
          <TextLine ID="eSc_line_091fd7d1"
                    TAGREFS="LT15288"
                    BASELINE="97 282 1015 287" 
                    HPOS="96.0"
                    VPOS="254.0"
                    WIDTH="919.0"
                    HEIGHT="76.0">
            <Shape><Polygon POINTS="96 314 103 319 105 319 106 319 107 319 108 319 125 313 130 311 133 313 154 324 155 324 156 324 157 324 177 313 178 313 180 313 195 321 196 321 197 321 198 321 199 321 207 314 213 311 220 314 225 317 226 317 227 317 245 315 285 311 297 317 324 327 325 327 326 328 386 328 386 327 388 327 389 327 401 318 407 314 418 319 419 319 420 319 421 319 422 319 423 319 438 312 452 319 464 325 465 325 466 325 467 325 485 320 512 312 546 320 547 320 548 320 562 313 579 319 580 319 582 319 583 319 602 313 614 322 615 322 616 322 617 322 618 322 635 313 692 313 710 324 717 328 718 328 719 328 720 328 757 325 781 323 785 325 786 327 787 327 788 327 789 327 797 326 844 314 868 327 872 329 873 329 874 329 875 329 882 327 899 322 914 328 917 329 918 329 919 330 1012 330 1015 287 1012 259 826 265 784 258 783 258 782 258 764 263 685 258 684 258 683 258 669 265 583 265 569 258 568 258 567 258 540 263 465 258 464 258 463 258 449 263 376 257 375 257 374 257 373 257 362 264 327 264 296 258 295 258 232 262 215 255 214 255 213 255 121 262 98 254 97 282 96 314"/></Shape>
	    <String CONTENT="אתה יצרתה אתה נפחתה בי ואתה"
                    HPOS="96.0"
                    VPOS="254.0"
                    WIDTH="919.0"
                    HEIGHT="76.0"
                    WC="0.973499459028244"></String>
          </TextLine>

          
          
          <TextLine ID="eSc_line_04891824"
                    TAGREFS="LT15288"
                    BASELINE="99 356 1177 356" 
                    HPOS="99.0"
                    VPOS="326.0"
                    WIDTH="1078.0"
                    HEIGHT="79.0">
            <Shape><Polygon POINTS="99 356 99 401 123 397 137 401 145 404 146 404 147 405 244 405 244 404 245 404 254 401 275 392 324 392 340 400 347 403 348 403 349 403 350 403 356 400 374 392 513 392 535 399 552 404 553 404 554 404 587 399 593 398 598 399 619 404 620 404 621 405 695 405 695 404 696 404 697 404 708 398 717 393 743 392 824 392 841 397 860 404 861 404 862 405 918 405 918 404 919 404 920 404 931 398 975 404 976 404 977 404 1000 396 1013 392 1085 392 1092 396 1104 403 1105 403 1106 403 1107 403 1108 403 1136 396 1144 394 1176 395 1177 356 1176 328 785 335 770 330 757 327 756 327 755 327 736 330 717 335 705 332 691 326 690 326 689 326 688 326 670 332 659 336 591 336 585 332 571 326 570 326 521 326 520 326 519 326 506 333 502 336 421 336 416 334 401 327 400 327 399 327 398 327 397 327 388 334 384 336 310 336 308 334 292 326 291 326 255 326 254 326 252 326 237 335 235 336 212 336 211 335 195 327 194 327 129 326 128 326 127 326 99 335 99 356"/></Shape>
	    <String CONTENT="משמרה בקרבי ואתה עתיד לטלה ממני ולהחזירה"
                    HPOS="99.0"
                    VPOS="326.0"
                    WIDTH="1078.0"
                    HEIGHT="79.0"
                    WC="0.9840727432354076"></String>
          </TextLine>

          
          
          <TextLine ID="eSc_line_5c00acac"
                    TAGREFS="LT15288"
                    BASELINE="100 428 720 433 1181 426" 
                    HPOS="99.0"
                    VPOS="400.0"
                    WIDTH="1082.0"
                    HEIGHT="83.0">
            <Shape><Polygon POINTS="100 428 100 468 157 482 158 482 159 482 202 468 204 468 316 468 318 468 361 482 362 482 363 483 569 483 569 482 570 482 605 468 606 468 665 468 689 478 690 478 691 478 765 468 766 468 767 468 802 480 803 480 804 480 806 480 845 468 876 482 877 482 878 482 879 482 906 474 931 482 932 482 933 483 983 483 983 482 985 482 986 482 997 474 1018 479 1019 479 1020 479 1021 479 1039 472 1064 482 1065 482 1066 483 1100 483 1100 482 1101 482 1127 468 1128 468 1180 468 1181 426 1180 410 1129 400 1031 400 1030 400 978 408 958 400 957 400 908 400 907 400 849 410 807 410 779 400 778 400 777 400 732 410 553 410 530 403 529 403 528 403 275 409 252 402 251 402 250 402 249 402 248 402 237 409 127 400 126 400 125 400 99 409 100 428"/></Shape>
	    <String CONTENT="בי לעתיד לבא, כל זמן שהנשמה בקרבי מודה אני"
                    HPOS="99.0"
                    VPOS="400.0"
                    WIDTH="1082.0"
                    HEIGHT="83.0"
                    WC="0.9813606568745205"></String>
          </TextLine>

          
          
          <TextLine ID="eSc_line_31ae6ab7"
                    TAGREFS="LT15288"
                    BASELINE="101 503 715 508 1184 498" 
                    HPOS="101.0"
                    VPOS="473.0"
                    WIDTH="1083.0"
                    HEIGHT="80.0">
            <Shape><Polygon POINTS="101 552 148 541 162 550 163 550 165 550 195 552 200 552 201 553 252 553 252 552 254 552 256 551 284 540 386 550 418 552 419 552 420 552 421 552 425 549 440 540 470 539 509 539 524 548 531 551 532 551 533 552 627 552 627 551 628 551 646 546 672 539 724 539 734 545 740 548 741 548 742 548 757 545 776 540 784 545 798 551 799 551 800 551 888 550 889 550 906 543 916 538 1040 538 1046 540 1061 550 1062 550 1063 550 1064 550 1065 550 1087 545 1135 550 1136 550 1183 538 1184 498 1183 482 1169 473 1168 473 1167 473 1104 473 1102 473 1065 482 1055 485 995 485 990 482 980 476 979 476 978 476 977 476 961 482 952 485 891 485 885 480 873 473 872 473 871 473 840 473 839 473 808 480 788 486 734 486 723 479 711 474 710 474 687 474 685 474 684 474 674 479 662 485 643 479 632 476 631 476 630 476 615 479 586 486 519 486 506 478 498 474 497 474 496 474 475 478 438 486 359 486 346 477 342 475 341 475 340 475 291 475 290 475 289 475 281 477 248 486 221 479 220 479 219 479 218 479 192 486 101 476 101 503 101 552"/></Shape>
	    <String CONTENT="לפניך יהוה אלהי ואלהי אבותי רבון"
                    HPOS="101.0"
                    VPOS="473.0"
                    WIDTH="1083.0"
                    HEIGHT="80.0"
                    WC="0.9810674728416815"></String>
          </TextLine>

          
          
          <TextLine ID="eSc_line_666b3322"
                    TAGREFS="LT15288"
                    BASELINE="105 578 1184 578" 
                    HPOS="105.0"
                    VPOS="547.0"
                    WIDTH="1079.0"
                    HEIGHT="84.0">
            <Shape><Polygon POINTS="105 578 106 630 141 621 161 630 162 630 163 631 257 631 257 630 258 630 259 630 270 624 285 630 286 630 287 630 288 631 370 631 370 630 371 630 374 629 406 616 439 629 442 630 443 630 444 630 456 629 561 616 629 628 640 630 642 630 643 630 647 628 673 616 736 616 759 628 764 630 765 630 766 630 817 628 861 625 862 625 863 625 877 616 1008 626 1009 626 1050 624 1051 624 1067 616 1138 616 1158 627 1161 628 1162 628 1164 628 1184 626 1184 578 1184 553 1140 547 1139 547 1061 553 1020 556 1007 553 985 548 983 548 982 548 946 553 941 554 936 553 915 549 914 549 913 549 898 554 890 556 883 554 870 549 869 549 868 549 867 549 851 554 842 558 773 558 768 554 751 547 750 547 715 547 714 547 713 547 693 552 668 549 667 549 666 549 652 555 648 558 519 558 516 555 499 549 498 549 497 549 496 549 483 555 481 558 453 558 451 555 433 547 431 547 430 547 323 552 270 547 269 547 267 547 235 556 234 556 232 556 145 547 144 547 143 547 105 556 105 578"/></Shape>
	    <String CONTENT=""
                    HPOS="105.0"
                    VPOS="547.0"
                    WIDTH="1079.0"
                    HEIGHT="84.0"
                    WC="0.9748146604923975"></String>
          </TextLine>

          
          
          <TextLine ID="eSc_line_507e7f0a"
                    TAGREFS="LT15288"
                    BASELINE="103 653 1185 649" 
                    HPOS="103.0"
                    VPOS="622.0"
                    WIDTH="1082.0"
                    HEIGHT="75.0">
            <Shape><Polygon POINTS="103 686 152 686 155 687 182 695 183 695 184 695 220 687 225 686 226 687 242 697 243 697 244 697 245 697 409 695 410 695 425 687 430 685 443 687 471 693 472 693 473 693 491 687 493 687 494 687 510 696 511 696 512 696 576 687 583 687 585 687 600 693 601 693 602 693 603 693 616 687 623 685 644 685 649 688 660 695 661 695 662 695 663 696 742 696 742 695 743 695 770 688 786 684 802 688 827 695 828 695 829 695 876 688 916 683 977 688 981 688 982 688 986 688 1045 683 1065 688 1083 694 1084 694 1085 694 1108 688 1128 684 1183 688 1185 649 1183 622 1061 634 906 629 905 629 867 635 848 629 847 629 846 629 817 635 780 628 779 628 778 628 762 635 697 629 696 629 631 636 534 635 516 625 515 625 378 625 377 625 376 625 356 635 103 626 103 653 103 686"/></Shape>
	    <String CONTENT="רוך אתה יהוה המחזיר נשמות לפגרים מתים:"
                    HPOS="103.0"
                    VPOS="622.0"
                    WIDTH="1082.0"
                    HEIGHT="75.0"
                    WC="0.9980537354946136"></String>
          </TextLine>

          
          
          <TextLine ID="eSc_line_4423f4d3"
                    TAGREFS="LT15288"
                    BASELINE="105 721 787 728 1189 721" 
                    HPOS="103.0"
                    VPOS="691.0"
                    WIDTH="1086.0"
                    HEIGHT="95.0">
            <Shape><Polygon POINTS="105 721 103 763 214 763 219 765 251 782 252 782 254 784 292 784 292 782 293 782 326 767 334 763 396 763 422 770 444 775 445 775 446 775 488 771 547 764 564 772 589 784 590 784 591 785 675 785 675 784 676 784 690 777 707 784 708 784 709 785 809 785 809 784 810 784 823 777 847 765 883 765 953 773 955 773 956 773 968 769 996 778 997 778 998 778 1000 778 1017 771 1025 776 1026 776 1027 776 1028 776 1055 773 1077 782 1081 785 1082 785 1083 786 1188 786 1189 721 1189 706 1115 700 1114 700 1050 704 1013 695 1012 695 1011 695 1010 695 976 705 975 706 913 706 912 705 893 697 892 697 891 697 890 697 872 705 849 705 816 705 797 705 789 705 764 693 763 693 762 693 717 694 715 694 696 703 653 693 652 693 591 693 590 693 589 693 548 704 548 705 482 705 481 704 443 691 442 691 441 691 440 691 398 703 323 701 297 691 296 691 216 691 215 691 214 691 213 691 194 703 153 697 152 697 105 703 105 721"/></Shape>
	    <String CONTENT="ברוך אתה יהוה אלהינו מלך העולם"
                    HPOS="103.0"
                    VPOS="691.0"
                    WIDTH="1086.0"
                    HEIGHT="95.0"
                    WC="0.9838998629933312"></String>
          </TextLine>

          
          
          <TextLine ID="eSc_line_b4d4defc"
                    TAGREFS="LT15288"
                    BASELINE="336 804 1055 799" 
                    HPOS="335.0"
                    VPOS="769.0"
                    WIDTH="720.0"
                    HEIGHT="82.0">
            <Shape><Polygon POINTS="336 804 336 836 391 849 392 849 393 849 394 849 408 837 409 837 481 835 486 838 498 849 498 850 499 850 500 850 501 851 622 851 622 850 623 850 644 841 651 838 661 841 683 849 684 849 685 849 687 849 688 849 696 841 704 836 711 840 712 840 713 840 738 835 753 842 765 849 766 849 767 849 795 848 796 848 797 848 797 847 801 844 813 833 848 841 849 841 851 841 852 841 861 834 867 838 868 838 869 838 870 838 871 838 882 833 910 838 911 838 912 838 931 832 964 846 965 846 966 846 967 846 1005 832 1052 847 1055 799 1054 784 1016 774 1015 774 1013 774 997 781 949 778 948 778 947 778 937 784 913 769 912 769 911 769 910 769 877 770 876 770 875 770 853 785 849 785 794 778 793 778 792 778 764 786 761 786 757 786 728 780 727 780 695 786 694 786 685 780 684 780 683 780 682 780 681 780 663 786 640 779 639 779 638 779 637 779 636 779 628 786 594 777 593 777 592 777 591 777 590 777 583 785 554 786 539 779 538 779 536 779 487 785 469 773 468 773 467 773 377 773 376 773 375 773 335 788 336 804"/></Shape>
	    <String CONTENT="בינה להבחין בין יום ובין לילה:"
                    HPOS="335.0"
                    VPOS="769.0"
                    WIDTH="720.0"
                    HEIGHT="82.0"
                    WC="0.9966922402381897"></String>
          </TextLine>

          
          
          <TextLine ID="eSc_line_afbb3ffc"
                    TAGREFS="LT15288"
                    BASELINE="110 877 140 879 292 879 1189 874" 
                    HPOS="109.0"
                    VPOS="837.0"
                    WIDTH="1078.0"
                    HEIGHT="94.0">
            <Shape><Polygon POINTS="109 917 155 907 353 907 398 919 445 931 446 931 448 931 506 923 565 931 567 931 568 931 617 919 649 910 710 910 724 919 740 928 742 928 744 928 745 930 927 930 927 928 928 928 930 928 930 927 941 919 941 917 944 919 962 923 964 923 965 923 967 923 969 923 977 919 1001 904 1034 919 1055 927 1057 927 1059 927 1187 917 1187 872 1182 838 1145 851 1121 840 1120 840 1118 840 1057 848 1028 840 1017 837 1015 837 1014 837 1012 837 1004 840 988 848 969 840 959 837 957 837 845 837 843 837 842 837 821 843 776 854 745 843 744 843 742 843 740 843 739 843 737 843 724 851 713 843 707 838 705 838 703 838 623 838 621 838 620 838 618 838 610 845 607 848 599 845 584 840 583 840 581 840 556 846 507 857 494 846 491 843 490 843 488 843 486 843 485 843 472 846 443 854 396 848 384 846 382 846 380 846 376 848 339 862 131 862 110 851 109 875 109 917"/></Shape>
	    <String CONTENT=""
                    HPOS="109.0"
                    VPOS="837.0"
                    WIDTH="1078.0"
                    HEIGHT="94.0"
                    WC="0.9912227861809008"></String>
          </TextLine>

          
          
          <TextLine ID="eSc_line_c575a4a5"
                    TAGREFS="LT15288"
                    BASELINE="112 951 165 951 230 952 1198 946" 
                    HPOS="109.0"
                    VPOS="910.0"
                    WIDTH="1088.0"
                    HEIGHT="92.0">
            <Shape><Polygon POINTS="110 949 112 989 133 980 252 980 274 988 281 989 282 989 284 989 286 989 295 988 324 980 334 986 340 992 342 992 343 992 345 992 347 992 358 986 376 978 413 978 425 986 446 1000 448 1000 449 1000 451 1002 605 1002 605 1000 655 999 657 999 697 981 710 976 716 981 737 999 739 999 740 999 742 1000 782 1000 782 999 784 999 785 999 785 997 805 981 806 978 840 976 845 980 866 997 867 997 869 997 871 997 951 996 953 996 954 996 980 978 985 978 1084 997 1086 997 1088 997 1089 997 1089 996 1107 981 1128 996 1129 996 1131 996 1133 996 1134 996 1136 996 1153 983 1169 996 1171 996 1173 996 1174 996 1176 996 1178 996 1197 978 1197 944 1195 923 1176 910 1174 910 1173 910 1171 910 1099 915 1097 915 1096 915 1084 925 1081 928 1073 925 1041 912 1039 912 1038 912 951 923 933 915 932 915 930 915 928 915 911 925 909 925 904 925 856 915 854 915 853 915 851 915 842 925 835 930 742 930 731 925 703 914 702 914 700 914 618 917 617 917 602 923 594 928 584 923 572 919 570 919 568 919 567 919 554 923 541 928 530 923 515 919 514 919 512 919 511 919 509 919 501 923 499 925 475 923 371 915 369 915 368 915 347 923 321 935 155 935 136 923 126 919 125 919 123 919 122 919 109 922 110 949"/></Shape>
	    <String CONTENT=""
                    HPOS="109.0"
                    VPOS="910.0"
                    WIDTH="1088.0"
                    HEIGHT="92.0"
                    WC="0.9953148635950956"></String>
          </TextLine>

          
          
          <TextLine ID="eSc_line_85ee6091"
                    TAGREFS="LT15288"
                    BASELINE="113 1023 157 1025 286 1025 1195 1021" 
                    HPOS="110.0"
                    VPOS="989.0"
                    WIDTH="1084.0"
                    HEIGHT="87.0">
            <Shape><Polygon POINTS="112 1021 114 1073 146 1050 175 1050 347 1050 369 1070 369 1071 371 1071 372 1071 374 1071 387 1070 424 1066 429 1070 435 1076 437 1076 438 1076 440 1076 441 1076 458 1070 466 1066 474 1070 486 1076 488 1076 490 1076 662 1071 663 1071 671 1068 702 1055 726 1068 737 1073 739 1073 792 1074 793 1074 795 1074 797 1074 805 1066 808 1065 830 1066 846 1068 848 1068 850 1068 851 1068 851 1066 853 1066 866 1053 935 1049 956 1065 957 1065 959 1065 961 1065 962 1065 964 1065 988 1049 1010 1049 1031 1065 1043 1074 1044 1074 1046 1074 1047 1074 1192 1063 1194 1020 1190 994 1145 999 1134 994 1124 989 1123 989 1121 989 1120 989 1104 994 1086 1000 1079 994 1075 991 1075 989 1073 989 1071 989 1002 989 1001 989 999 989 975 996 956 1000 930 996 895 991 893 991 891 991 872 997 851 1004 827 997 813 994 811 994 809 994 808 994 793 997 785 1000 781 999 763 989 761 989 650 989 649 989 647 989 646 989 633 999 567 991 565 991 564 991 562 991 549 1000 543 1005 496 1002 408 994 406 994 404 994 374 1004 364 1005 329 1004 229 997 228 997 110 1005 112 1021"/></Shape>
	    <String CONTENT=""
                    HPOS="110.0"
                    VPOS="989.0"
                    WIDTH="1084.0"
                    HEIGHT="87.0"
                    WC="0.9916585543576408"></String>
          </TextLine>

          
          
          <TextLine ID="eSc_line_1f4b3606"
                    TAGREFS="LT15288"
                    BASELINE="117 1098 173 1097 226 1097 1194 1093" 
                    HPOS="115.0"
                    VPOS="1062.0"
                    WIDTH="1077.0"
                    HEIGHT="89.0">
            <Shape><Polygon POINTS="115 1131 281 1127 292 1134 311 1148 313 1148 314 1148 356 1150 358 1151 384 1151 384 1150 385 1150 387 1150 387 1148 401 1135 403 1135 404 1135 422 1148 424 1148 425 1148 482 1150 483 1150 485 1150 515 1137 531 1131 543 1137 543 1139 544 1139 546 1139 548 1139 557 1137 596 1132 604 1139 612 1145 613 1145 615 1145 617 1145 618 1145 633 1139 650 1131 658 1139 660 1139 662 1139 663 1139 687 1135 694 1140 702 1147 702 1148 703 1148 705 1148 707 1148 708 1148 728 1140 737 1137 756 1140 793 1148 795 1148 797 1148 798 1148 805 1142 821 1127 842 1142 843 1142 845 1142 846 1142 850 1142 904 1131 941 1143 951 1147 953 1147 1009 1148 1010 1148 1012 1148 1014 1148 1018 1145 1031 1135 1047 1145 1054 1148 1055 1148 1057 1148 1124 1147 1126 1147 1128 1147 1157 1134 1187 1147 1192 1092 1190 1071 1168 1066 1166 1066 1165 1066 1163 1066 1161 1066 1153 1073 1150 1074 1147 1073 1131 1063 1129 1063 1128 1063 1126 1063 1097 1071 1089 1074 1079 1071 1049 1062 1047 1062 1046 1062 933 1071 912 1073 899 1071 840 1062 838 1062 837 1062 835 1062 835 1063 826 1071 819 1076 798 1071 753 1062 684 1062 683 1062 681 1062 679 1062 665 1071 657 1076 639 1071 609 1062 607 1062 605 1062 604 1062 584 1070 533 1065 531 1065 530 1065 528 1065 522 1071 512 1078 422 1070 408 1070 406 1070 404 1070 403 1070 388 1078 374 1070 366 1066 364 1066 363 1066 342 1070 298 1079 138 1079 117 1070 115 1097 115 1131"/></Shape>
	    <String CONTENT=""
                    HPOS="115.0"
                    VPOS="1062.0"
                    WIDTH="1077.0"
                    HEIGHT="89.0"
                    WC="0.9865488970980925"></String>
          </TextLine>

          
          
          <TextLine ID="eSc_line_271e491c"
                    TAGREFS="LT15288"
                    BASELINE="113 1170 1201 1167" 
                    HPOS="112.0"
                    VPOS="1139.0"
                    WIDTH="1089.0"
                    HEIGHT="78.0">
            <Shape><Polygon POINTS="113 1170 113 1201 158 1201 163 1202 178 1209 180 1209 181 1209 182 1209 204 1202 212 1201 219 1202 271 1215 272 1215 304 1208 320 1216 321 1216 322 1217 431 1217 431 1216 487 1202 499 1200 509 1202 545 1215 546 1215 547 1216 605 1216 605 1215 606 1215 607 1215 628 1202 629 1202 634 1202 685 1211 687 1211 688 1211 707 1203 747 1214 748 1214 749 1214 750 1214 779 1202 786 1200 801 1202 847 1212 848 1212 849 1212 851 1212 866 1202 867 1202 883 1202 916 1205 917 1205 918 1205 922 1202 932 1199 949 1202 963 1206 964 1206 986 1202 1015 1199 1022 1202 1030 1207 1031 1207 1032 1207 1033 1207 1041 1202 1051 1199 1114 1199 1123 1202 1138 1211 1139 1211 1140 1211 1141 1211 1162 1202 1168 1201 1199 1202 1201 1167 1198 1142 1170 1150 1052 1142 998 1139 997 1139 996 1139 989 1142 973 1151 893 1151 877 1142 876 1142 875 1142 874 1142 864 1142 752 1151 724 1142 714 1140 713 1140 712 1140 711 1140 704 1142 683 1151 559 1147 558 1147 472 1152 436 1146 435 1146 434 1146 419 1152 400 1145 399 1145 398 1145 376 1149 364 1143 359 1141 357 1141 294 1141 293 1141 281 1143 261 1149 240 1143 230 1141 229 1141 228 1141 112 1143 113 1170"/></Shape>
	    <String CONTENT=""
                    HPOS="112.0"
                    VPOS="1139.0"
                    WIDTH="1089.0"
                    HEIGHT="78.0"
                    WC="0.9838940292596817"></String>
          </TextLine>

          
          
          <TextLine ID="eSc_line_dda9dbc6"
                    TAGREFS="LT15288"
                    BASELINE="120 1245 152 1244 211 1244 1197 1243" 
                    HPOS="118.0"
                    VPOS="1213.0"
                    WIDTH="1077.0"
                    HEIGHT="85.0">
            <Shape><Polygon POINTS="1190 1214 1155 1222 1116 1214 1107 1213 991 1213 989 1213 988 1213 981 1216 962 1222 940 1216 938 1216 936 1216 935 1216 933 1216 925 1224 895 1216 882 1213 880 1213 879 1213 797 1216 795 1216 793 1216 793 1217 785 1224 745 1217 718 1213 666 1213 665 1213 663 1213 652 1217 638 1225 456 1225 438 1219 427 1216 425 1216 424 1216 380 1219 331 1224 306 1221 263 1213 261 1213 260 1213 241 1221 233 1224 118 1222 118 1243 122 1283 136 1275 234 1275 249 1285 265 1296 266 1296 268 1296 269 1298 290 1298 290 1296 292 1296 294 1296 306 1285 318 1275 374 1275 392 1286 403 1294 404 1294 406 1294 408 1294 409 1294 430 1286 445 1280 458 1286 475 1294 477 1294 633 1296 634 1296 636 1296 665 1288 711 1275 737 1290 752 1296 753 1296 755 1296 830 1290 858 1288 874 1290 908 1296 909 1296 911 1296 912 1296 912 1294 917 1291 928 1280 949 1291 951 1291 953 1291 954 1291 956 1291 957 1291 1002 1275 1036 1291 1039 1293 1041 1293 1043 1293 1044 1293 1047 1291 1078 1275 1094 1283 1096 1283 1097 1283 1099 1283 1110 1277 1136 1293 1137 1294 1139 1294 1141 1294 1142 1294 1144 1294 1145 1294 1147 1293 1160 1283 1190 1293 1195 1241 1190 1214"/></Shape>
	    <String CONTENT=""
                    HPOS="118.0"
                    VPOS="1213.0"
                    WIDTH="1077.0"
                    HEIGHT="85.0"
                    WC="0.9826651497891075"></String>
          </TextLine>

          
          
          <TextLine ID="eSc_line_bc2b8eb6"
                    TAGREFS="LT15288"
                    BASELINE="117 1320 1202 1318" 
                    HPOS="117.0"
                    VPOS="1286.0"
                    WIDTH="1085.0"
                    HEIGHT="81.0">
            <Shape><Polygon POINTS="117 1349 145 1344 286 1344 305 1350 316 1353 317 1353 318 1353 319 1353 329 1350 345 1344 369 1350 395 1357 396 1357 397 1357 398 1357 419 1350 437 1345 458 1350 495 1360 496 1360 497 1360 498 1360 513 1356 531 1366 532 1366 533 1366 534 1367 658 1367 658 1366 659 1366 699 1352 747 1359 748 1359 792 1351 797 1350 799 1351 827 1365 828 1365 829 1366 942 1366 942 1365 1005 1351 1017 1349 1062 1351 1083 1352 1084 1352 1085 1352 1087 1351 1104 1343 1150 1351 1160 1353 1161 1353 1201 1351 1202 1318 1200 1297 1073 1297 1069 1296 1034 1287 1033 1287 1032 1287 1031 1287 1003 1296 987 1301 963 1296 940 1291 938 1291 937 1291 926 1296 915 1300 904 1296 875 1286 874 1286 836 1286 834 1286 833 1286 832 1286 816 1296 810 1300 782 1301 772 1296 759 1289 758 1289 757 1289 725 1296 720 1297 718 1296 703 1286 702 1286 700 1286 699 1286 666 1287 665 1287 643 1296 627 1303 556 1303 535 1296 534 1296 533 1296 532 1296 531 1296 530 1296 506 1302 493 1296 473 1287 472 1287 341 1287 340 1287 339 1287 306 1296 293 1299 287 1296 274 1289 273 1289 272 1289 236 1292 235 1292 234 1292 230 1296 217 1303 136 1303 118 1296 117 1320 117 1349"/></Shape>
	    <String CONTENT=""
                    HPOS="117.0"
                    VPOS="1286.0"
                    WIDTH="1085.0"
                    HEIGHT="81.0"
                    WC="0.9914490000197762"></String>
          </TextLine>

          
          
          <TextLine ID="eSc_line_d2a02835"
                    TAGREFS="LT15288"
                    BASELINE="116 1394 1202 1391" 
                    HPOS="116.0"
                    VPOS="1361.0"
                    WIDTH="1086.0"
                    HEIGHT="81.0">
            <Shape><Polygon POINTS="116 1426 187 1426 190 1426 242 1441 243 1441 244 1441 282 1434 316 1441 317 1441 318 1441 353 1427 365 1433 366 1433 367 1433 368 1433 384 1428 408 1441 409 1441 410 1442 478 1442 478 1441 553 1435 561 1440 562 1440 563 1440 564 1441 660 1441 660 1440 661 1440 699 1425 700 1425 702 1425 748 1436 749 1436 795 1425 836 1438 837 1438 884 1439 885 1439 886 1439 912 1426 958 1437 959 1437 960 1437 1006 1424 1008 1424 1010 1424 1045 1431 1046 1431 1076 1424 1077 1424 1201 1424 1202 1391 1200 1371 1153 1372 1146 1369 1134 1365 1132 1365 1131 1365 1105 1369 1090 1372 1080 1369 1052 1361 1051 1361 1001 1361 1000 1361 959 1368 940 1372 917 1368 903 1366 902 1366 901 1366 896 1368 885 1372 863 1367 859 1367 858 1367 845 1367 762 1373 751 1367 748 1365 747 1365 746 1365 744 1365 743 1365 741 1367 737 1369 718 1366 685 1362 684 1362 683 1362 670 1366 653 1374 600 1374 584 1366 582 1365 580 1365 579 1365 578 1365 575 1366 549 1373 521 1365 509 1362 508 1362 506 1362 505 1362 498 1365 493 1367 459 1365 455 1365 454 1365 453 1365 431 1374 410 1365 406 1363 405 1363 365 1363 364 1363 356 1364 338 1368 292 1364 289 1364 288 1364 287 1364 255 1372 195 1365 194 1365 192 1365 191 1365 176 1375 150 1375 117 1363 116 1394 116 1426"/></Shape>
	    <String CONTENT=""
                    HPOS="116.0"
                    VPOS="1361.0"
                    WIDTH="1086.0"
                    HEIGHT="81.0"
                    WC="0.9859265819191932"></String>
          </TextLine>

          
          
          <TextLine ID="eSc_line_213e7dbb"
                    TAGREFS="LT15288"
                    BASELINE="121 1469 174 1469 228 1469 1197 1465" 
                    HPOS="120.0"
                    VPOS="1434.0"
                    WIDTH="1075.0"
                    HEIGHT="92.0">
            <Shape><Polygon POINTS="120 1503 265 1503 273 1507 306 1526 308 1526 310 1526 359 1519 361 1519 363 1519 377 1508 379 1508 400 1526 401 1526 403 1526 404 1526 470 1516 504 1524 506 1524 507 1524 641 1516 691 1524 692 1524 694 1524 695 1524 695 1523 707 1515 711 1510 736 1513 737 1513 739 1513 779 1500 805 1516 813 1521 814 1521 816 1521 818 1521 819 1521 832 1516 861 1503 877 1516 882 1521 883 1521 885 1521 887 1521 908 1518 936 1511 975 1518 1001 1523 1002 1523 1004 1523 1012 1519 1054 1499 1128 1499 1157 1521 1158 1521 1160 1521 1161 1523 1194 1523 1195 1463 1192 1439 1049 1447 1022 1439 1007 1434 1006 1434 1004 1434 1002 1434 1001 1434 1001 1436 996 1439 988 1446 940 1439 935 1439 933 1439 932 1439 930 1439 898 1447 851 1439 818 1434 816 1434 814 1434 813 1434 808 1439 797 1449 732 1449 721 1439 716 1436 715 1436 713 1436 650 1436 649 1436 647 1436 636 1441 615 1449 597 1441 589 1436 588 1436 586 1436 584 1436 573 1441 554 1447 533 1441 519 1436 517 1436 515 1436 514 1436 512 1436 507 1441 501 1444 478 1441 446 1436 445 1436 443 1436 441 1436 441 1437 437 1441 429 1449 401 1441 388 1437 387 1437 385 1437 384 1437 372 1441 343 1449 250 1442 249 1442 247 1442 245 1442 236 1450 120 1442 120 1468 120 1503"/></Shape>
	    <String CONTENT=""
                    HPOS="120.0"
                    VPOS="1434.0"
                    WIDTH="1075.0"
                    HEIGHT="92.0"
                    WC="0.9948264485911319"></String>
          </TextLine>

          
          
          <TextLine ID="eSc_line_878e87dc"
                    TAGREFS="LT15288"
                    BASELINE="116 1542 1204 1539" 
                    HPOS="116.0"
                    VPOS="1512.0"
                    WIDTH="1088.0"
                    HEIGHT="77.0">
            <Shape><Polygon POINTS="116 1576 174 1588 175 1589 246 1589 246 1588 247 1588 286 1577 301 1574 341 1578 389 1583 390 1583 409 1578 425 1575 465 1578 486 1580 487 1580 500 1579 542 1573 554 1579 567 1586 568 1586 693 1587 694 1587 695 1587 714 1580 729 1575 738 1580 749 1587 750 1587 751 1587 752 1588 819 1588 819 1587 821 1587 834 1580 855 1572 885 1577 886 1577 935 1572 966 1582 970 1583 971 1583 972 1583 973 1583 975 1582 996 1572 1022 1572 1041 1582 1042 1582 1043 1582 1045 1582 1064 1572 1149 1572 1169 1583 1173 1586 1174 1586 1175 1586 1176 1586 1203 1583 1204 1539 1202 1520 1114 1522 1107 1519 1083 1512 1082 1512 1015 1512 1013 1512 1012 1512 988 1519 985 1520 838 1524 768 1524 758 1517 751 1514 750 1514 749 1514 748 1514 738 1517 725 1523 694 1517 684 1516 683 1516 670 1517 624 1523 607 1517 602 1515 601 1515 600 1515 589 1517 560 1523 527 1516 516 1515 515 1515 498 1516 425 1524 409 1516 405 1514 404 1514 347 1514 346 1514 345 1514 340 1516 322 1523 259 1515 245 1514 244 1514 243 1514 239 1515 214 1523 116 1515 116 1542 116 1576"/></Shape>
	    <String CONTENT=""
                    HPOS="116.0"
                    VPOS="1512.0"
                    WIDTH="1088.0"
                    HEIGHT="77.0"
                    WC="0.9756749361753464"></String>
          </TextLine>

          
          
          <TextLine ID="eSc_line_5770a051"
                    TAGREFS="LT15288"
                    BASELINE="124 1618 1204 1614" 
                    HPOS="124.0"
                    VPOS="1583.0"
                    WIDTH="1080.0"
                    HEIGHT="74.0">
            <Shape><Polygon POINTS="124 1647 338 1643 347 1647 359 1653 360 1653 392 1657 393 1657 503 1655 504 1655 505 1655 519 1647 548 1655 549 1655 550 1657 618 1657 618 1655 619 1655 638 1648 658 1655 659 1655 660 1655 707 1648 754 1654 755 1654 756 1654 784 1646 800 1642 818 1646 837 1650 838 1650 839 1650 852 1646 867 1642 884 1646 912 1653 913 1653 914 1654 983 1654 983 1653 985 1653 1001 1646 1011 1640 1040 1646 1062 1649 1063 1649 1084 1646 1107 1642 1123 1646 1134 1648 1135 1648 1136 1648 1137 1648 1145 1646 1158 1642 1202 1645 1204 1614 1203 1599 1129 1589 1128 1589 1097 1593 1064 1583 1063 1583 1023 1583 1022 1583 1021 1583 967 1598 964 1599 961 1598 949 1593 948 1593 947 1593 917 1598 910 1599 906 1598 871 1584 870 1584 869 1584 868 1584 826 1598 818 1600 809 1598 774 1590 773 1590 751 1593 723 1584 722 1584 665 1584 664 1584 663 1584 631 1594 604 1586 603 1586 534 1585 533 1585 532 1585 503 1597 456 1590 455 1590 454 1590 425 1598 411 1601 398 1598 368 1588 367 1588 366 1588 365 1588 347 1598 337 1602 124 1598 124 1618 124 1647"/></Shape>
	    <String CONTENT=""
                    HPOS="124.0"
                    VPOS="1583.0"
                    WIDTH="1080.0"
                    HEIGHT="74.0"
                    WC="0.9832062486446265"></String>
          </TextLine>

          
          
          <TextLine ID="eSc_line_97174164"
                    TAGREFS="LT15288"
                    BASELINE="116 1689 878 1691 1205 1685" 
                    HPOS="115.0"
                    VPOS="1661.0"
                    WIDTH="1090.0"
                    HEIGHT="80.0">
            <Shape><Polygon POINTS="116 1689 116 1723 188 1740 189 1741 280 1741 280 1740 330 1731 357 1740 359 1740 360 1741 556 1741 556 1740 557 1740 588 1729 609 1722 659 1722 685 1730 718 1740 719 1740 720 1740 774 1733 776 1733 779 1731 799 1722 897 1727 898 1727 899 1727 913 1723 938 1734 943 1735 944 1735 945 1735 946 1735 952 1734 997 1722 1157 1722 1183 1736 1185 1738 1186 1738 1187 1738 1188 1738 1204 1736 1205 1685 1202 1661 1160 1672 1120 1662 1119 1662 1117 1662 1106 1666 1073 1662 1065 1661 1064 1661 1035 1662 871 1673 769 1673 740 1665 722 1661 668 1661 667 1661 666 1661 648 1666 627 1672 612 1666 598 1661 597 1661 595 1661 534 1667 486 1672 356 1668 240 1666 239 1666 237 1666 236 1666 231 1669 228 1672 219 1670 189 1664 188 1664 115 1670 116 1689"/></Shape>
	    <String CONTENT="ברוך אתה יהוה אלהינו מלך העולם שלא עשני עבד:"
                    HPOS="115.0"
                    VPOS="1661.0"
                    WIDTH="1090.0"
                    HEIGHT="80.0"
                    WC="0.9909231008552923"></String>
          </TextLine>

          
          
          <TextLine ID="eSc_line_49668487"
                    TAGREFS="LT15288"
                    BASELINE="160 1653 338 1653" 
                    HPOS="160.0"
                    VPOS="1630.0"
                    WIDTH="178.0"
                    HEIGHT="46.0">
            <Shape><Polygon POINTS="160 1653 160 1676 338 1673 338 1653 338 1639 271 1630 270 1630 160 1636 160 1653"/></Shape>
	    <String CONTENT=""
                    HPOS="160.0"
                    VPOS="1630.0"
                    WIDTH="178.0"
                    HEIGHT="46.0"
                    WC="0.9697344243526459"></String>
          </TextLine>

          
          
          <TextLine ID="eSc_line_743f8dc1"
                    TAGREFS="LT15288"
                    BASELINE="123 1766 1203 1761" 
                    HPOS="123.0"
                    VPOS="1733.0"
                    WIDTH="1080.0"
                    HEIGHT="99.0">
            <Shape><Polygon POINTS="1201 1745 1096 1745 1093 1744 1065 1733 1064 1733 1004 1733 1003 1733 1002 1733 1001 1733 986 1742 960 1736 959 1736 958 1736 957 1736 925 1744 918 1745 876 1745 875 1744 859 1737 858 1737 857 1737 856 1737 838 1744 830 1748 783 1748 770 1743 732 1734 731 1734 669 1734 668 1734 620 1743 619 1743 603 1735 602 1735 568 1735 567 1735 531 1743 511 1748 464 1743 424 1739 423 1739 403 1742 382 1746 365 1742 338 1736 337 1736 336 1736 288 1738 287 1738 275 1742 259 1750 146 1750 124 1742 123 1766 125 1808 139 1799 282 1799 307 1809 352 1827 353 1827 354 1827 355 1827 380 1819 386 1824 388 1824 389 1824 390 1824 391 1824 392 1824 405 1815 416 1821 418 1821 419 1821 481 1820 500 1826 501 1826 502 1826 503 1826 532 1812 565 1815 567 1815 568 1815 579 1811 610 1798 640 1811 687 1831 688 1831 689 1832 927 1832 927 1831 928 1831 974 1813 980 1811 1001 1813 1018 1815 1019 1815 1020 1815 1023 1813 1055 1796 1115 1796 1142 1810 1143 1810 1201 1814 1203 1761 1201 1745"/></Shape>
	    <String CONTENT="הוה אלהינו מלך העולם שלא עשני אשה:"
                    HPOS="123.0"
                    VPOS="1733.0"
                    WIDTH="1080.0"
                    HEIGHT="99.0"
                    WC="0.9819109159357408"></String>
          </TextLine>

          
        </TextBlock>
        

        
      </PrintSpace>
    </Page>
  </Layout>
</alto>
