<?xml version="1.0" encoding="UTF-8"?>
<alto xmlns:xsi="http://www.w3.org/2001/XMLSchema-instance"
      xmlns="http://www.loc.gov/standards/alto/ns-v4#"
      xsi:schemaLocation="http://www.loc.gov/standards/alto/ns-v4# http://www.loc.gov/standards/alto/v4/alto-4-2.xsd">
  <Description>
    <MeasurementUnit>pixel</MeasurementUnit>
    <sourceImageInformation>
      <fileName>IE87690674_00007.jpg</fileName>
      <fileIdentifier>mets//export_doc4366_1col_14_copy_alto_202404261215.zip/IE87690674_00007.jpg</fileIdentifier>
    </sourceImageInformation>
  </Description>
  
  <Tags>
    <OtherTag ID="BT8356" LABEL="MainLeft" DESCRIPTION="block type MainLeft"/><OtherTag ID="BT8355" LABEL="MainRight" DESCRIPTION="block type MainRight"/><OtherTag ID="BT6914" LABEL="Handwritten" DESCRIPTION="block type Handwritten"/><OtherTag ID="BT6913" LABEL="RunningHeader" DESCRIPTION="block type RunningHeader"/><OtherTag ID="BT6912" LABEL="Catchword" DESCRIPTION="block type Catchword"/><OtherTag ID="BT6911" LABEL="Margin" DESCRIPTION="block type Margin"/><OtherTag ID="BT6910" LABEL="FooterCentral" DESCRIPTION="block type FooterCentral"/><OtherTag ID="BT6909" LABEL="MainCentral" DESCRIPTION="block type MainCentral"/><OtherTag ID="BT6908" LABEL="Header" DESCRIPTION="block type Header"/><OtherTag ID="BT4" LABEL="Illustration" DESCRIPTION="block type Illustration"/><OtherTag ID="BT3" LABEL="Commentary" DESCRIPTION="block type Commentary"/><OtherTag ID="BT2" LABEL="Main" DESCRIPTION="block type Main"/><OtherTag ID="BT1" LABEL="Title" DESCRIPTION="block type Title"/>
    <OtherTag ID="LT15938" LABEL="MainLeft" DESCRIPTION="line type MainLeft"/><OtherTag ID="LT15937" LABEL="MainRight" DESCRIPTION="line type MainRight"/><OtherTag ID="LT15289" LABEL="Handwritten" DESCRIPTION="line type Handwritten"/><OtherTag ID="LT15288" LABEL="MainCentral" DESCRIPTION="line type MainCentral"/><OtherTag ID="LT15287" LABEL="NotMain" DESCRIPTION="line type NotMain"/>
  </Tags>
  
  <Layout>
    <Page WIDTH="1267"
          HEIGHT="2235"
          PHYSICAL_IMG_NR="41"
          ID="eSc_dummypage_">
      <PrintSpace HPOS="0"
                  VPOS="0"
                  WIDTH="1267"
                  HEIGHT="2235">
        
        <TextBlock HPOS="109.0"
                   VPOS="173.0"
                   WIDTH="1130.0"
                   HEIGHT="1637.0"
                   ID="eSc_textblock_259a2244"
                   TAGREFS="BT6909">
          <Shape><Polygon POINTS="1230 178 1239 1810 602 1803 118 1797 109 978 124 173"/></Shape>
          
          
          <TextLine ID="eSc_line_51682e3c"
                    TAGREFS="LT15288"
                    BASELINE="119 192 1233 196" 
                    HPOS="115.0"
                    VPOS="171.0"
                    WIDTH="1116.0"
                    HEIGHT="78.0">
            <Shape><Polygon POINTS="1214 176 1196 176 1177 176 1158 176 1140 176 1121 176 1103 176 1084 176 1065 176 1047 176 1028 176 1009 176 991 176 972 176 953 176 935 176 916 176 898 176 879 176 860 176 842 175 823 175 804 175 786 175 767 175 749 175 730 175 711 175 693 175 674 175 655 175 637 175 618 175 599 175 581 175 562 175 544 175 525 175 506 175 488 173 469 173 450 173 432 173 413 173 395 173 376 173 357 173 339 173 320 173 301 173 283 173 264 173 245 173 227 173 208 173 190 173 171 173 152 173 134 173 132 171 117 171 117 191 115 234 132 245 134 245 136 245 137 247 270 247 270 245 272 245 273 245 283 238 292 245 294 245 296 245 298 247 383 247 383 245 385 245 406 234 422 227 467 236 516 245 517 245 519 245 521 245 531 236 544 227 590 227 624 227 639 238 646 245 648 245 650 245 652 245 653 245 667 240 683 230 778 229 797 242 801 245 803 245 804 245 840 247 842 247 844 247 845 247 845 245 849 242 864 229 937 229 974 243 981 247 983 247 985 247 987 247 994 243 1028 229 1086 229 1112 247 1114 247 1116 247 1117 249 1227 249 1231 195 1229 175 1214 176"/></Shape>
	    <String CONTENT=""
                    HPOS="115.0"
                    VPOS="171.0"
                    WIDTH="1116.0"
                    HEIGHT="78.0"
                    WC="0.9960375800728798"></String>
          </TextLine>

          
          
          <TextLine ID="eSc_line_524941d8"
                    TAGREFS="LT15288"
                    BASELINE="121 266 1103 266" 
                    HPOS="119.0"
                    VPOS="243.0"
                    WIDTH="982.0"
                    HEIGHT="79.0">
            <Shape><Polygon POINTS="119 264 119 301 169 320 171 320 173 322 232 322 232 320 234 320 272 303 314 320 316 320 318 320 320 320 385 303 406 320 408 320 409 320 411 322 465 322 465 320 467 320 469 320 469 318 486 303 532 316 534 316 536 316 538 316 568 303 581 316 581 318 583 318 585 318 586 318 588 318 614 307 635 320 637 320 639 320 640 320 642 320 681 303 717 320 719 320 721 322 790 322 790 320 791 320 793 320 793 318 808 303 847 320 849 320 851 322 937 322 937 320 939 320 940 320 961 305 998 320 1000 320 1002 320 1004 320 1006 320 1034 303 1101 303 1101 264 1101 243 119 243 119 264"/></Shape>
	    <String CONTENT=""
                    HPOS="119.0"
                    VPOS="243.0"
                    WIDTH="982.0"
                    HEIGHT="79.0"
                    WC="0.9920794112341744"></String>
          </TextLine>

          
          
          <TextLine ID="eSc_line_2901f30d"
                    TAGREFS="LT15288"
                    BASELINE="121 338 1234 336" 
                    HPOS="117.0"
                    VPOS="303.0"
                    WIDTH="1116.0"
                    HEIGHT="95.0">
            <Shape><Polygon POINTS="119 337 119 381 195 396 197 396 199 396 231 383 277 383 294 396 296 396 298 396 299 396 301 396 326 385 348 396 350 396 352 398 484 398 484 396 486 396 517 383 519 383 521 383 547 396 549 396 551 398 596 398 596 396 598 396 599 396 614 385 614 383 616 385 640 394 642 394 644 394 696 385 706 383 708 385 722 396 724 396 726 396 728 398 821 398 821 396 823 396 849 385 857 383 864 385 898 396 899 396 901 396 991 387 1021 383 1041 387 1097 396 1099 398 1099 396 1153 387 1173 383 1185 387 1211 396 1212 396 1214 396 1216 396 1233 387 1233 335 1231 312 1157 303 1155 303 1050 312 1035 312 1032 312 1008 303 1006 303 1004 303 1002 303 978 312 974 312 972 312 940 303 939 303 937 303 935 303 933 303 933 305 926 312 924 314 825 314 821 312 804 303 803 303 801 303 799 303 797 303 784 312 782 314 627 314 627 312 618 305 618 303 616 303 614 303 534 303 532 303 531 303 506 312 504 312 503 312 430 303 428 303 426 303 408 312 385 303 383 303 381 303 380 303 378 303 365 312 365 314 117 314 119 337"/></Shape>
	    <String CONTENT=""
                    HPOS="117.0"
                    VPOS="303.0"
                    WIDTH="1116.0"
                    HEIGHT="95.0"
                    WC="0.9962680456431016"></String>
          </TextLine>

          
          
          <TextLine ID="eSc_line_f00b8269"
                    TAGREFS="LT15288"
                    BASELINE="118 434 1232 437" 
                    HPOS="115.0"
                    VPOS="392.0"
                    WIDTH="1116.0"
                    HEIGHT="110.0">
            <Shape><Polygon POINTS="117 433 115 495 171 499 173 499 175 499 180 497 223 478 258 478 275 493 275 495 277 495 279 495 281 495 283 495 333 478 372 491 374 491 376 491 445 478 542 499 558 501 560 501 562 501 572 499 644 478 687 499 691 501 693 501 694 501 696 501 704 499 784 478 834 499 838 501 840 501 842 501 844 501 847 499 898 484 926 501 927 501 929 501 931 502 974 502 974 501 991 501 1030 497 1032 497 1034 497 1063 478 1116 478 1138 499 1138 501 1140 501 1142 501 1144 502 1227 502 1231 435 1231 409 1198 392 1196 392 1162 392 1160 392 1158 392 1157 392 1140 407 1089 392 1088 392 1086 392 1034 404 1008 392 1006 392 1004 392 1002 392 953 407 890 392 765 392 763 392 762 392 760 392 749 404 717 394 715 394 713 394 711 394 670 406 635 396 633 396 631 396 629 396 627 396 614 407 613 407 547 396 545 396 544 396 542 396 531 407 510 392 508 392 506 392 504 392 503 392 465 407 463 409 329 409 327 407 318 398 318 396 316 396 314 396 313 396 311 396 309 396 298 407 296 409 247 409 244 407 227 394 225 394 223 394 221 394 117 406 117 433"/></Shape>
	    <String CONTENT=""
                    HPOS="115.0"
                    VPOS="392.0"
                    WIDTH="1116.0"
                    HEIGHT="110.0"
                    WC="0.9949585107656626"></String>
          </TextLine>

          
          
          <TextLine ID="eSc_line_85749c0e"
                    TAGREFS="LT15288"
                    BASELINE="119 523 1121 521" 
                    HPOS="115.0"
                    VPOS="487.0"
                    WIDTH="1004.0"
                    HEIGHT="99.0">
            <Shape><Polygon POINTS="117 521 117 568 180 584 182 584 184 584 186 584 204 573 216 582 216 584 217 584 219 584 221 586 348 586 348 584 350 584 352 584 372 568 374 568 422 568 426 568 490 584 491 584 493 584 495 584 538 571 590 579 592 579 657 568 680 584 681 584 683 584 685 584 687 584 708 575 765 584 767 584 769 584 810 568 847 584 849 584 851 584 853 584 855 584 855 582 870 568 903 568 937 584 939 584 940 584 942 584 983 568 1008 581 1009 581 1080 584 1082 584 1084 584 1119 566 1119 519 1117 493 115 487 117 521"/></Shape>
	    <String CONTENT=""
                    HPOS="115.0"
                    VPOS="487.0"
                    WIDTH="1004.0"
                    HEIGHT="99.0"
                    WC="0.9978368561714888"></String>
          </TextLine>

          
          
          <TextLine ID="eSc_line_cbe2725c"
                    TAGREFS="LT15288"
                    BASELINE="119 610 1233 608" 
                    HPOS="115.0"
                    VPOS="581.0"
                    WIDTH="1116.0"
                    HEIGHT="95.0">
            <Shape><Polygon POINTS="117 609 117 666 169 659 182 668 190 674 191 674 193 674 195 674 197 674 199 674 199 672 204 668 214 659 249 659 266 668 273 674 275 674 277 674 279 674 281 674 292 668 307 661 316 668 322 674 324 674 326 674 327 676 398 676 398 674 400 674 402 674 402 672 406 668 417 659 465 659 482 670 486 674 488 674 490 674 491 674 493 674 504 670 529 661 579 670 599 674 601 674 622 670 683 659 728 672 732 672 734 672 735 672 737 672 739 672 773 659 821 672 829 674 831 674 832 674 834 674 836 674 838 672 858 659 885 672 888 674 890 674 892 676 942 676 942 674 944 674 946 674 946 672 957 661 985 674 987 674 989 674 991 676 1058 676 1058 674 1060 674 1062 674 1073 663 1093 674 1095 674 1097 676 1229 676 1231 607 1227 581 115 581 117 609"/></Shape>
	    <String CONTENT=""
                    HPOS="115.0"
                    VPOS="581.0"
                    WIDTH="1116.0"
                    HEIGHT="95.0"
                    WC="0.974657443853525"></String>
          </TextLine>

          
          
          <TextLine ID="eSc_line_dff2523c"
                    TAGREFS="LT15288"
                    BASELINE="118 699 1233 694" 
                    HPOS="115.0"
                    VPOS="666.0"
                    WIDTH="1116.0"
                    HEIGHT="92.0">
            <Shape><Polygon POINTS="117 698 117 743 175 743 178 743 214 758 216 758 217 758 219 758 221 758 242 743 244 743 247 743 286 754 288 754 290 754 292 754 322 743 324 743 326 743 344 756 346 756 348 756 350 756 352 756 354 756 365 748 469 758 471 758 473 758 475 758 490 746 540 754 542 754 544 754 545 754 560 743 566 741 616 741 620 743 648 756 650 756 652 758 758 758 758 756 760 756 762 756 762 754 775 743 776 739 866 739 875 743 901 754 903 754 905 754 968 743 970 743 1039 754 1041 754 1043 754 1045 754 1062 743 1065 739 1089 741 1185 754 1186 754 1188 754 1231 741 1231 692 1229 668 115 666 117 698"/></Shape>
	    <String CONTENT=""
                    HPOS="115.0"
                    VPOS="666.0"
                    WIDTH="1116.0"
                    HEIGHT="92.0"
                    WC="0.9907643846103124"></String>
          </TextLine>

          
          
          <TextLine ID="eSc_line_e7bd3ef4"
                    TAGREFS="LT15288"
                    BASELINE="118 784 1233 781" 
                    HPOS="115.0"
                    VPOS="752.0"
                    WIDTH="1116.0"
                    HEIGHT="97.0">
            <Shape><Polygon POINTS="117 782 117 832 147 847 149 847 150 849 236 849 236 847 238 847 240 847 240 845 251 834 258 828 327 828 340 836 357 847 359 847 361 847 363 847 365 847 367 847 367 845 378 836 380 834 387 836 426 847 428 847 430 847 432 847 434 847 445 838 456 828 542 828 553 838 558 843 558 845 560 845 562 845 564 845 605 839 631 836 639 839 650 847 652 847 653 847 655 847 657 847 683 839 724 828 737 841 739 841 739 843 741 843 743 843 847 847 849 847 851 847 864 843 905 828 929 843 933 847 935 847 937 847 939 847 940 847 942 847 944 843 961 830 974 839 974 841 976 841 978 841 980 841 981 841 1015 828 1073 828 1093 845 1093 847 1095 847 1097 847 1099 849 1229 849 1231 780 1229 752 115 752 117 782"/></Shape>
	    <String CONTENT=""
                    HPOS="115.0"
                    VPOS="752.0"
                    WIDTH="1116.0"
                    HEIGHT="97.0"
                    WC="0.9745847404003143"></String>
          </TextLine>

          
          
          <TextLine ID="eSc_line_79724a8a"
                    TAGREFS="LT15288"
                    BASELINE="124 871 1232 871" 
                    HPOS="122.0"
                    VPOS="836.0"
                    WIDTH="1109.0"
                    HEIGHT="100.0">
            <Shape><Polygon POINTS="122 869 122 921 137 920 141 921 156 934 158 934 160 934 162 936 311 936 311 934 313 934 342 923 363 916 393 923 430 933 432 933 434 933 435 933 437 933 437 931 447 923 454 916 519 916 538 923 562 934 564 934 566 934 568 934 596 923 618 916 655 923 665 925 667 925 674 923 702 918 711 923 717 929 719 929 721 929 722 929 724 929 734 925 752 916 776 925 804 934 806 934 808 934 810 934 836 925 857 918 879 925 909 934 911 934 912 934 965 925 998 920 1022 920 1030 925 1039 933 1039 934 1041 934 1043 934 1045 934 1047 934 1069 925 1078 921 1084 925 1097 934 1099 934 1101 934 1103 934 1104 934 1130 925 1147 920 1166 925 1190 934 1192 934 1194 934 1231 925 1231 869 1231 847 519 836 517 836 435 845 409 836 408 836 406 836 307 845 195 836 193 836 122 845 122 869"/></Shape>
	    <String CONTENT=""
                    HPOS="122.0"
                    VPOS="836.0"
                    WIDTH="1109.0"
                    HEIGHT="100.0"
                    WC="0.9861637078798734"></String>
          </TextLine>

          
          
          <TextLine ID="eSc_line_e6ba854a"
                    TAGREFS="LT15288"
                    BASELINE="115 958 1229 961" 
                    HPOS="111.0"
                    VPOS="920.0"
                    WIDTH="1116.0"
                    HEIGHT="102.0">
            <Shape><Polygon POINTS="113 957 111 1000 141 1016 143 1016 145 1016 147 1016 149 1016 150 1016 177 1000 221 1016 223 1016 225 1016 227 1016 283 1000 318 1018 320 1018 322 1018 357 1016 359 1016 361 1016 381 1000 383 1000 480 1000 488 1002 529 1018 531 1018 532 1018 534 1018 536 1018 557 1003 562 1000 586 1003 691 1020 693 1022 782 1022 782 1020 784 1020 786 1020 803 1007 804 1005 816 1007 862 1016 864 1016 866 1016 883 1009 892 1003 901 1009 924 1020 926 1020 927 1020 929 1020 931 1020 931 1018 942 1009 952 1000 985 1009 1021 1020 1022 1020 1024 1020 1224 1013 1227 959 1227 938 1164 920 1162 920 1160 920 1099 933 957 920 955 920 702 931 680 920 678 920 676 920 674 920 646 931 616 920 614 920 613 920 611 920 609 920 609 921 598 931 540 920 538 920 536 920 506 933 497 938 327 938 313 931 292 923 290 923 288 923 286 923 270 931 258 936 212 931 154 923 152 923 113 929 113 957"/></Shape>
	    <String CONTENT="מלפניך מלכנו ריקם אל תשיבנו, כי"
                    HPOS="111.0"
                    VPOS="920.0"
                    WIDTH="1116.0"
                    HEIGHT="102.0"
                    WC="0.977819396603492"></String>
          </TextLine>

          
          
          <TextLine ID="eSc_line_1d61ef54"
                    TAGREFS="LT15288"
                    BASELINE="470 1045 864 1039" 
                    HPOS="469.0"
                    VPOS="1009.0"
                    WIDTH="395.0"
                    HEIGHT="84.0">
            <Shape><Polygon POINTS="470 1045 470 1072 529 1072 530 1074 551 1091 552 1091 554 1091 555 1091 556 1091 557 1091 557 1090 565 1083 655 1086 657 1086 658 1086 659 1086 673 1077 720 1092 721 1092 722 1093 760 1093 760 1092 761 1092 794 1080 843 1091 844 1091 845 1091 864 1081 864 1039 860 1009 844 1015 740 1011 657 1009 655 1009 654 1009 653 1009 647 1014 640 1018 612 1015 570 1010 568 1010 539 1016 520 1020 469 1019 470 1045"/></Shape>
	    <String CONTENT=""
                    HPOS="469.0"
                    VPOS="1009.0"
                    WIDTH="395.0"
                    HEIGHT="84.0"
                    WC="0.9992844950069081"></String>
          </TextLine>

          
          
          <TextLine ID="eSc_line_cc0cb377"
                    TAGREFS="LT15288"
                    BASELINE="118 1129 1227 1139" 
                    HPOS="115.0"
                    VPOS="1085.0"
                    WIDTH="1111.0"
                    HEIGHT="120.0">
            <Shape><Polygon POINTS="117 1128 115 1178 180 1195 182 1195 184 1195 186 1195 186 1193 201 1180 203 1177 361 1175 389 1180 430 1188 432 1188 434 1188 435 1188 435 1186 443 1180 449 1175 510 1175 523 1180 557 1199 558 1199 560 1201 613 1201 613 1199 614 1199 616 1199 633 1184 687 1199 689 1199 691 1199 693 1199 730 1182 747 1197 749 1197 750 1197 801 1201 803 1201 804 1201 842 1186 907 1199 909 1199 911 1199 912 1199 937 1182 939 1180 998 1178 1004 1182 1026 1203 1028 1203 1030 1203 1032 1205 1173 1205 1173 1203 1175 1203 1224 1182 1226 1137 1226 1106 1190 1095 1188 1095 1186 1095 1185 1095 1183 1095 1171 1106 1140 1097 1138 1097 1136 1097 1082 1104 1067 1106 1062 1104 1039 1095 1037 1095 1035 1095 1034 1095 1015 1102 1008 1106 981 1102 922 1093 920 1093 918 1093 888 1100 870 1104 793 1098 739 1095 737 1095 715 1097 667 1102 655 1095 650 1091 648 1091 646 1091 644 1091 642 1091 626 1095 596 1102 575 1095 562 1089 560 1089 558 1089 534 1093 491 1100 409 1091 393 1089 391 1089 389 1089 387 1089 387 1091 376 1102 340 1102 301 1089 298 1087 296 1087 294 1087 281 1087 188 1098 177 1089 177 1087 175 1087 173 1087 117 1085 117 1128"/></Shape>
	    <String CONTENT=""
                    HPOS="115.0"
                    VPOS="1085.0"
                    WIDTH="1111.0"
                    HEIGHT="120.0"
                    WC="0.9705314233022577"></String>
          </TextLine>

          
          
          <TextLine ID="eSc_line_f6297ad1"
                    TAGREFS="LT15288"
                    BASELINE="114 1219 1013 1219" 
                    HPOS="114.0"
                    VPOS="1184.0"
                    WIDTH="899.0"
                    HEIGHT="96.0">
            <Shape><Polygon POINTS="114 1219 114 1257 139 1270 140 1270 141 1270 142 1270 161 1260 207 1262 208 1262 209 1262 222 1259 245 1252 368 1252 390 1264 417 1278 418 1278 419 1278 452 1272 460 1278 462 1278 463 1278 464 1280 558 1280 558 1278 560 1278 596 1268 635 1257 662 1270 679 1278 680 1278 681 1280 720 1280 720 1278 721 1278 741 1272 791 1256 843 1266 844 1266 845 1266 870 1252 932 1277 936 1278 937 1278 939 1280 1013 1280 1013 1219 1012 1185 953 1195 932 1185 930 1184 929 1184 927 1184 926 1184 921 1185 899 1192 850 1185 833 1184 832 1184 831 1184 826 1185 804 1195 780 1187 778 1187 777 1187 776 1187 760 1195 695 1195 663 1187 653 1184 652 1184 619 1184 618 1184 617 1184 609 1187 588 1196 556 1196 546 1188 542 1184 541 1184 540 1184 520 1184 519 1184 517 1184 516 1184 513 1188 501 1195 489 1188 486 1187 485 1187 484 1187 483 1187 479 1188 462 1195 354 1188 336 1188 335 1188 334 1188 332 1189 317 1196 249 1196 231 1189 217 1184 216 1184 185 1184 183 1184 182 1184 181 1184 173 1189 165 1195 114 1190 114 1219"/></Shape>
	    <String CONTENT=""
                    HPOS="114.0"
                    VPOS="1184.0"
                    WIDTH="899.0"
                    HEIGHT="96.0"
                    WC="0.9834720577512469"></String>
          </TextLine>

          
          
          <TextLine ID="eSc_line_160bb975"
                    TAGREFS="LT15288"
                    BASELINE="115 1306 1230 1308" 
                    HPOS="111.0"
                    VPOS="1270.0"
                    WIDTH="1118.0"
                    HEIGHT="104.0">
            <Shape><Polygon POINTS="113 1305 111 1359 119 1368 121 1368 121 1370 122 1370 124 1370 150 1372 152 1372 154 1372 190 1361 206 1372 208 1372 210 1372 212 1372 214 1372 216 1372 231 1361 301 1372 303 1372 305 1372 307 1372 331 1355 385 1355 387 1355 398 1367 400 1367 402 1367 404 1367 406 1367 439 1357 445 1355 450 1357 484 1372 486 1372 488 1374 601 1374 601 1372 657 1361 678 1357 691 1363 717 1372 719 1372 721 1372 722 1372 750 1363 773 1355 786 1365 790 1367 791 1367 793 1367 795 1367 797 1367 799 1367 801 1365 812 1355 866 1355 881 1367 888 1372 890 1372 892 1372 894 1374 935 1374 935 1372 937 1372 939 1372 939 1370 942 1367 948 1361 961 1368 963 1368 965 1368 967 1368 968 1368 970 1368 970 1367 985 1355 1047 1355 1063 1370 1065 1370 1065 1372 1067 1372 1069 1372 1071 1372 1082 1370 1116 1363 1224 1372 1229 1307 1227 1281 1183 1270 1181 1270 1179 1270 1160 1279 905 1270 903 1270 836 1279 834 1279 814 1270 812 1270 810 1270 763 1279 760 1281 635 1281 635 1279 626 1272 626 1270 624 1270 622 1270 620 1270 555 1279 547 1279 534 1279 409 1270 408 1270 368 1279 363 1279 350 1279 251 1270 249 1270 247 1270 245 1270 234 1279 231 1279 113 1279 113 1305"/></Shape>
	    <String CONTENT=""
                    HPOS="111.0"
                    VPOS="1270.0"
                    WIDTH="1118.0"
                    HEIGHT="104.0"
                    WC="0.9731199068900867"></String>
          </TextLine>

          
          
          <TextLine ID="eSc_line_988aa3ba"
                    TAGREFS="LT15288"
                    BASELINE="114 1393 1232 1395" 
                    HPOS="111.0"
                    VPOS="1357.0"
                    WIDTH="1120.0"
                    HEIGHT="105.0">
            <Shape><Polygon POINTS="113 1391 111 1435 201 1437 201 1439 247 1460 249 1460 251 1460 365 1449 383 1460 385 1460 387 1460 389 1460 445 1449 469 1458 471 1458 473 1458 475 1458 476 1458 491 1445 495 1441 503 1445 536 1460 538 1460 540 1460 542 1460 544 1460 562 1447 572 1439 594 1447 616 1454 618 1454 620 1454 661 1452 663 1452 665 1452 665 1450 668 1449 678 1439 756 1439 776 1450 790 1460 791 1460 793 1460 795 1462 831 1462 831 1460 832 1460 847 1452 873 1439 899 1454 911 1460 912 1460 914 1460 916 1460 918 1460 926 1454 948 1441 978 1456 989 1460 991 1460 993 1460 994 1460 1008 1456 1058 1439 1086 1458 1088 1458 1089 1458 1226 1460 1231 1393 1229 1368 1080 1368 1078 1367 1060 1357 1058 1357 1056 1357 998 1367 996 1367 985 1367 652 1357 650 1357 648 1357 646 1357 635 1365 627 1359 627 1357 626 1357 624 1357 622 1357 620 1357 583 1367 579 1367 572 1367 484 1357 482 1357 480 1357 460 1367 458 1367 456 1367 424 1357 422 1357 421 1357 113 1365 113 1391"/></Shape>
	    <String CONTENT=""
                    HPOS="111.0"
                    VPOS="1357.0"
                    WIDTH="1120.0"
                    HEIGHT="105.0"
                    WC="0.9796496719121933"></String>
          </TextLine>

          
          
          <TextLine ID="eSc_line_219e1add"
                    TAGREFS="LT15288"
                    BASELINE="115 1480 1229 1483" 
                    HPOS="111.0"
                    VPOS="1441.0"
                    WIDTH="1116.0"
                    HEIGHT="106.0">
            <Shape><Polygon POINTS="113 1478 111 1516 141 1517 182 1544 184 1544 186 1544 188 1544 190 1544 191 1544 232 1519 314 1529 316 1529 318 1529 342 1519 368 1544 370 1544 372 1544 374 1544 475 1542 476 1542 506 1527 540 1542 542 1542 544 1542 545 1542 547 1542 575 1523 583 1519 665 1519 676 1523 715 1545 717 1545 719 1547 780 1547 780 1545 782 1545 784 1545 812 1525 816 1525 892 1525 894 1527 922 1545 924 1545 926 1545 927 1545 1008 1532 1028 1545 1030 1545 1032 1545 1034 1547 1112 1547 1112 1545 1114 1545 1116 1545 1132 1536 1142 1544 1142 1545 1144 1545 1145 1545 1147 1547 1211 1547 1211 1545 1212 1545 1214 1545 1214 1544 1226 1530 1227 1482 1227 1460 1192 1443 1190 1443 1188 1443 1186 1443 1185 1443 1171 1454 1155 1447 1153 1447 1151 1447 1099 1458 980 1443 978 1443 892 1456 840 1443 838 1443 836 1443 834 1443 832 1443 832 1445 817 1458 790 1449 788 1449 786 1449 741 1458 735 1458 730 1458 676 1449 674 1449 493 1452 467 1441 465 1441 463 1441 391 1452 346 1441 344 1441 342 1441 340 1441 316 1454 292 1443 290 1443 288 1443 286 1443 262 1452 197 1441 195 1441 113 1454 113 1478"/></Shape>
	    <String CONTENT=""
                    HPOS="111.0"
                    VPOS="1441.0"
                    WIDTH="1116.0"
                    HEIGHT="106.0"
                    WC="0.9826711681154039"></String>
          </TextLine>

          
          
          <TextLine ID="eSc_line_a2534fee"
                    TAGREFS="LT15288"
                    BASELINE="115 1569 1229 1569" 
                    HPOS="113.0"
                    VPOS="1532.0"
                    WIDTH="1114.0"
                    HEIGHT="97.0">
            <Shape><Polygon POINTS="113 1568 113 1611 188 1611 212 1627 214 1627 216 1627 217 1629 294 1629 294 1627 296 1627 339 1611 365 1627 367 1627 368 1627 370 1629 439 1629 439 1627 441 1627 443 1627 458 1616 566 1627 568 1627 570 1627 635 1611 637 1611 640 1611 704 1627 706 1627 708 1629 734 1629 734 1627 735 1627 737 1627 756 1611 782 1620 784 1620 786 1620 788 1620 817 1611 834 1625 834 1627 836 1627 838 1627 840 1629 866 1629 866 1627 868 1627 870 1627 870 1625 885 1611 886 1611 933 1611 935 1611 950 1625 950 1627 952 1627 953 1627 955 1627 1062 1611 1071 1611 1226 1611 1227 1568 1227 1542 1203 1532 1201 1532 1199 1532 1198 1532 1162 1542 424 1532 422 1532 273 1542 139 1532 137 1532 136 1532 113 1542 113 1568"/></Shape>
	    <String CONTENT=""
                    HPOS="113.0"
                    VPOS="1532.0"
                    WIDTH="1114.0"
                    HEIGHT="97.0"
                    WC="0.9890358295196142"></String>
          </TextLine>

          
          
          <TextLine ID="eSc_line_0b4bdfa4"
                    TAGREFS="LT15288"
                    BASELINE="118 1652 1228 1657" 
                    HPOS="115.0"
                    VPOS="1614.0"
                    WIDTH="1112.0"
                    HEIGHT="108.0">
            <Shape><Polygon POINTS="115 1696 182 1713 184 1713 186 1713 214 1700 344 1700 354 1702 400 1717 402 1717 491 1719 493 1720 562 1720 562 1719 564 1719 566 1719 579 1707 588 1702 633 1702 646 1709 663 1719 665 1719 667 1719 668 1719 670 1719 672 1719 683 1709 696 1702 739 1702 754 1711 765 1719 767 1719 769 1719 771 1719 801 1711 829 1706 860 1713 886 1720 888 1720 890 1722 1034 1722 1034 1720 1035 1720 1043 1717 1069 1704 1099 1713 1101 1713 1103 1713 1104 1713 1136 1704 1222 1720 1227 1655 1226 1633 1136 1622 1134 1622 1037 1629 1002 1631 985 1627 948 1620 946 1620 894 1627 857 1631 810 1625 754 1618 752 1618 676 1624 585 1629 557 1622 547 1618 545 1618 544 1618 542 1618 532 1620 503 1629 447 1620 426 1616 424 1616 372 1618 167 1627 119 1614 117 1650 115 1696"/></Shape>
	    <String CONTENT=""
                    HPOS="115.0"
                    VPOS="1614.0"
                    WIDTH="1112.0"
                    HEIGHT="108.0"
                    WC="0.9878365278244019"></String>
          </TextLine>

          
          
          <TextLine ID="eSc_line_43bb3a81"
                    TAGREFS="LT15288"
                    BASELINE="129 1739 1228 1744" 
                    HPOS="126.0"
                    VPOS="1704.0"
                    WIDTH="1101.0"
                    HEIGHT="111.0">
            <Shape><Polygon POINTS="128 1737 126 1786 221 1788 275 1812 277 1812 279 1812 281 1812 329 1791 331 1789 335 1791 376 1812 378 1812 380 1814 443 1814 443 1812 445 1812 447 1812 471 1797 529 1812 531 1812 532 1812 534 1812 536 1812 555 1799 663 1814 665 1814 667 1814 708 1797 711 1797 717 1797 769 1810 771 1810 773 1810 793 1799 804 1793 814 1799 832 1814 834 1814 836 1814 838 1814 840 1814 879 1804 942 1815 944 1815 946 1815 948 1815 948 1814 961 1802 970 1793 989 1793 1004 1802 1019 1815 1021 1815 1022 1815 1024 1815 1026 1815 1028 1815 1047 1804 1052 1801 1069 1804 1106 1812 1108 1812 1110 1812 1127 1804 1132 1802 1134 1806 1144 1814 1144 1815 1145 1815 1147 1815 1149 1815 1224 1806 1227 1743 1227 1720 1190 1707 1188 1707 1186 1707 1185 1707 1162 1719 1026 1707 1024 1707 1022 1707 980 1719 976 1719 974 1719 918 1707 916 1707 816 1717 799 1706 797 1706 795 1706 793 1706 568 1717 544 1717 538 1717 495 1704 493 1704 491 1704 490 1704 447 1715 389 1704 318 1704 316 1704 314 1704 313 1704 301 1715 270 1706 268 1706 266 1706 128 1713 128 1737"/></Shape>
	    <String CONTENT=""
                    HPOS="126.0"
                    VPOS="1704.0"
                    WIDTH="1101.0"
                    HEIGHT="111.0"
                    WC="0.9666522596333478"></String>
          </TextLine>

          
          
          <TextLine ID="eSc_line_fa09fc39"
                    TAGREFS="LT15288"
                    BASELINE="631 1827 921 1827" 
                    HPOS="629.0"
                    VPOS="1806.0"
                    WIDTH="291.0"
                    HEIGHT="73.0">
            <Shape><Polygon POINTS="909 1806 890 1806 871 1806 853 1806 834 1806 816 1806 629 1806 629 1825 629 1869 648 1879 650 1879 652 1879 920 1868 920 1825 920 1806 909 1806"/></Shape>
	    <String CONTENT=""
                    HPOS="629.0"
                    VPOS="1806.0"
                    WIDTH="291.0"
                    HEIGHT="73.0"
                    WC="0.9963935017585754"></String>
          </TextLine>

          
        </TextBlock>
        

        
      </PrintSpace>
    </Page>
  </Layout>
</alto>
