<?xml version="1.0" encoding="UTF-8"?>
<alto xmlns:xsi="http://www.w3.org/2001/XMLSchema-instance"
      xmlns="http://www.loc.gov/standards/alto/ns-v4#"
      xsi:schemaLocation="http://www.loc.gov/standards/alto/ns-v4# http://www.loc.gov/standards/alto/v4/alto-4-2.xsd">
  <Description>
    <MeasurementUnit>pixel</MeasurementUnit>
    <sourceImageInformation>
      <fileName>IE87717323_00012.jpg</fileName>
      <fileIdentifier>mets//export_doc4366_1col_14_copy_alto_202404261215.zip/IE87717323_00012.jpg</fileIdentifier>
    </sourceImageInformation>
  </Description>
  
  <Tags>
    <OtherTag ID="BT8356" LABEL="MainLeft" DESCRIPTION="block type MainLeft"/><OtherTag ID="BT8355" LABEL="MainRight" DESCRIPTION="block type MainRight"/><OtherTag ID="BT6914" LABEL="Handwritten" DESCRIPTION="block type Handwritten"/><OtherTag ID="BT6913" LABEL="RunningHeader" DESCRIPTION="block type RunningHeader"/><OtherTag ID="BT6912" LABEL="Catchword" DESCRIPTION="block type Catchword"/><OtherTag ID="BT6911" LABEL="Margin" DESCRIPTION="block type Margin"/><OtherTag ID="BT6910" LABEL="FooterCentral" DESCRIPTION="block type FooterCentral"/><OtherTag ID="BT6909" LABEL="MainCentral" DESCRIPTION="block type MainCentral"/><OtherTag ID="BT6908" LABEL="Header" DESCRIPTION="block type Header"/><OtherTag ID="BT4" LABEL="Illustration" DESCRIPTION="block type Illustration"/><OtherTag ID="BT3" LABEL="Commentary" DESCRIPTION="block type Commentary"/><OtherTag ID="BT2" LABEL="Main" DESCRIPTION="block type Main"/><OtherTag ID="BT1" LABEL="Title" DESCRIPTION="block type Title"/>
    <OtherTag ID="LT15938" LABEL="MainLeft" DESCRIPTION="line type MainLeft"/><OtherTag ID="LT15937" LABEL="MainRight" DESCRIPTION="line type MainRight"/><OtherTag ID="LT15289" LABEL="Handwritten" DESCRIPTION="line type Handwritten"/><OtherTag ID="LT15288" LABEL="MainCentral" DESCRIPTION="line type MainCentral"/><OtherTag ID="LT15287" LABEL="NotMain" DESCRIPTION="line type NotMain"/>
  </Tags>
  
  <Layout>
    <Page WIDTH="1346"
          HEIGHT="2089"
          PHYSICAL_IMG_NR="50"
          ID="eSc_dummypage_">
      <PrintSpace HPOS="0"
                  VPOS="0"
                  WIDTH="1346"
                  HEIGHT="2089">
        
        <TextBlock HPOS="148.0"
                   VPOS="171.0"
                   WIDTH="1077.0"
                   HEIGHT="1749.0"
                   ID="eSc_textblock_a8b5bbfb"
                   TAGREFS="BT6909">
          <Shape><Polygon POINTS="148 171 1220 181 1225 1892 1211 1920 157 1916 148 171"/></Shape>
          
          
          <TextLine ID="eSc_line_5b8e4ec8"
                    TAGREFS="LT15288"
                    BASELINE="150 199 1199 199" 
                    HPOS="150.0"
                    VPOS="176.0"
                    WIDTH="1049.0"
                    HEIGHT="70.0">
            <Shape><Polygon POINTS="1196 179 1184 179 1172 179 1161 179 1149 179 1138 179 1126 179 1114 179 1103 179 1091 179 1080 178 1068 178 1056 178 1045 178 1033 178 1021 178 1010 178 998 178 987 178 975 178 963 178 952 178 940 177 929 177 917 177 905 177 894 177 882 177 871 177 859 177 847 177 836 177 824 177 816 176 150 176 150 199 150 233 190 244 191 244 192 246 248 246 248 244 249 244 250 244 267 234 270 232 341 230 348 234 353 236 354 236 355 236 356 236 357 236 360 234 370 228 469 228 501 235 510 236 512 236 523 235 569 228 587 235 599 240 600 240 601 240 602 240 614 235 632 228 645 235 661 244 663 244 664 246 702 246 702 244 703 244 721 236 737 228 765 228 780 236 793 244 794 244 795 244 796 244 797 244 812 236 822 230 848 230 861 236 879 244 880 244 881 246 912 246 912 244 913 244 927 236 943 228 954 236 955 236 956 236 958 236 1040 232 1052 237 1067 244 1068 244 1069 244 1198 237 1199 199 1197 179 1196 179"/></Shape>
	    <String CONTENT="אברהם את־שם־בנו הנולד־לו אשר־ילדה־לו שרה"
                    HPOS="150.0"
                    VPOS="176.0"
                    WIDTH="1049.0"
                    HEIGHT="70.0"
                    WC="0.9969315454363823"></String>
          </TextLine>

          
          
          <TextLine ID="eSc_line_5de11774"
                    TAGREFS="LT15288"
                    BASELINE="152 271 1203 269" 
                    HPOS="152.0"
                    VPOS="243.0"
                    WIDTH="1051.0"
                    HEIGHT="73.0">
            <Shape><Polygon POINTS="152 307 188 315 189 315 190 315 205 308 216 302 285 302 296 308 306 315 307 315 308 315 310 316 332 316 332 315 333 315 357 308 377 302 391 308 407 315 408 315 409 316 463 316 463 315 464 315 465 315 476 308 483 304 490 308 494 312 495 312 497 312 498 312 516 308 535 305 543 308 558 315 559 315 560 316 587 316 587 315 588 315 600 308 613 301 679 301 700 309 706 311 707 311 708 311 717 309 744 302 797 308 799 308 852 301 894 309 920 314 922 314 923 314 924 314 930 309 938 304 1048 301 1063 309 1069 314 1070 314 1071 314 1073 314 1201 309 1203 269 1201 250 937 243 936 243 934 243 933 243 927 248 923 250 860 248 778 244 776 244 742 247 702 250 696 247 693 244 692 244 691 244 689 244 688 244 682 247 673 251 606 247 589 246 588 246 578 247 526 251 506 246 500 244 499 244 498 244 488 246 459 251 427 246 420 244 311 244 310 244 304 244 255 251 232 244 231 244 152 244 152 271 152 307"/></Shape>
	    <String CONTENT="יצחק: וימל אברהם את־יצחק בנו בן־שמנת ימים"
                    HPOS="152.0"
                    VPOS="243.0"
                    WIDTH="1051.0"
                    HEIGHT="73.0"
                    WC="0.9695530402951125"></String>
          </TextLine>

          
          
          <TextLine ID="eSc_line_9846ae40"
                    TAGREFS="LT15288"
                    BASELINE="153 342 1201 345" 
                    HPOS="152.0"
                    VPOS="315.0"
                    WIDTH="1049.0"
                    HEIGHT="72.0">
            <Shape><Polygon POINTS="153 342 152 372 183 378 184 378 243 373 272 371 277 373 296 384 297 384 298 385 337 385 337 384 339 384 356 376 393 384 394 385 441 385 441 384 442 384 461 376 492 381 493 381 494 381 508 374 513 372 531 374 564 379 565 379 620 376 660 372 666 376 675 381 677 381 678 381 679 381 717 376 727 374 729 376 744 385 745 385 746 385 747 385 802 376 826 372 845 377 883 386 884 386 886 387 917 387 917 386 918 386 919 386 933 377 939 373 947 377 960 381 961 381 962 381 1020 377 1073 373 1080 378 1093 386 1095 386 1096 386 1097 387 1182 387 1182 386 1183 386 1200 378 1201 345 1200 324 1136 317 1135 317 1089 323 1062 327 1047 323 1025 317 1024 317 1023 317 1021 317 1009 323 1004 324 988 323 958 320 956 320 955 320 954 320 951 323 945 327 916 322 879 317 877 317 852 322 836 326 829 322 817 316 816 316 815 316 721 317 720 317 718 317 713 322 710 323 707 322 696 317 695 317 694 317 693 317 682 322 672 326 545 326 519 321 486 316 485 316 484 316 483 316 477 321 470 326 438 326 429 321 421 316 420 316 379 316 378 316 377 316 376 316 370 320 364 323 353 320 343 317 342 317 341 317 340 317 339 317 335 320 327 324 310 320 300 317 299 317 298 317 286 320 265 324 250 320 238 315 236 315 235 315 212 320 192 323 153 320 153 342"/></Shape>
	    <String CONTENT=""
                    HPOS="152.0"
                    VPOS="315.0"
                    WIDTH="1049.0"
                    HEIGHT="72.0"
                    WC="0.9954285508877522"></String>
          </TextLine>

          
          
          <TextLine ID="eSc_line_cbe3fa88"
                    TAGREFS="LT15288"
                    BASELINE="152 413 1201 417" 
                    HPOS="150.0"
                    VPOS="385.0"
                    WIDTH="1051.0"
                    HEIGHT="82.0">
            <Shape><Polygon POINTS="152 413 150 446 205 447 252 463 253 463 254 464 336 464 336 463 337 463 339 463 357 450 387 449 397 449 548 449 549 450 569 464 570 464 571 464 572 464 637 452 661 464 663 464 664 464 665 464 693 456 738 456 751 465 752 465 753 465 754 466 889 466 889 465 890 465 926 452 927 452 929 452 958 466 959 466 960 466 961 466 988 453 990 452 1056 452 1060 453 1083 466 1084 466 1085 467 1133 467 1133 466 1134 466 1135 466 1147 459 1181 466 1182 466 1183 466 1184 466 1200 454 1201 417 1200 399 1120 388 1119 388 1054 395 1042 388 1041 388 1040 388 1003 388 1002 388 1001 388 972 396 967 398 951 396 871 389 869 389 830 395 823 396 802 395 720 391 718 391 689 395 677 396 659 394 608 388 607 388 527 394 516 394 514 394 505 387 504 387 502 387 501 387 471 393 462 395 455 393 444 389 443 389 442 389 441 389 428 393 420 395 418 393 412 388 411 388 409 388 408 388 330 393 294 394 282 392 247 386 246 386 245 386 226 392 218 394 211 392 193 385 192 385 191 385 152 391 152 413"/></Shape>
	    <String CONTENT="בהולד לו את יצחק בנו: ותאמר שרה צחק עשה לי"
                    HPOS="150.0"
                    VPOS="385.0"
                    WIDTH="1051.0"
                    HEIGHT="82.0"
                    WC="0.988434130237216"></String>
          </TextLine>

          
          
          <TextLine ID="eSc_line_0502a691"
                    TAGREFS="LT15288"
                    BASELINE="155 490 1203 488" 
                    HPOS="154.0"
                    VPOS="457.0"
                    WIDTH="1049.0"
                    HEIGHT="78.0">
            <Shape><Polygon POINTS="155 490 155 524 263 521 278 525 292 530 293 530 294 530 296 530 306 525 320 521 348 526 353 526 354 526 355 526 356 526 366 521 450 521 477 526 487 529 488 529 490 529 491 529 493 526 504 522 538 522 549 528 557 531 558 531 559 531 586 528 603 525 610 528 629 535 630 535 631 535 632 535 650 528 670 519 700 519 717 529 727 533 728 533 729 535 893 535 893 533 909 530 951 519 969 526 970 526 972 526 973 526 988 519 1008 530 1009 530 1010 530 1057 524 1070 531 1074 532 1075 532 1076 532 1077 532 1082 531 1116 519 1141 531 1146 533 1147 533 1148 533 1201 531 1203 488 1201 467 1135 457 1134 457 1133 457 1097 467 1095 468 1038 468 1034 467 987 457 985 457 984 457 983 457 968 467 967 468 947 468 946 467 911 457 910 457 909 457 908 457 887 467 887 468 717 468 717 467 701 457 700 457 699 457 678 457 677 457 675 457 654 468 652 470 589 470 588 468 580 463 579 463 578 463 577 463 549 468 546 468 544 468 527 463 526 463 524 463 480 468 477 468 476 468 458 461 457 461 456 461 426 468 425 468 422 468 385 458 384 458 304 458 303 458 301 458 278 467 228 460 227 460 154 468 155 490"/></Shape>
	    <String CONTENT="אלהים כל־השמע יצחק־לי: ותאמר מי מלל לאברהם"
                    HPOS="154.0"
                    VPOS="457.0"
                    WIDTH="1049.0"
                    HEIGHT="78.0"
                    WC="0.9769371457216216"></String>
          </TextLine>

          
          
          <TextLine ID="eSc_line_8a1dbcf5"
                    TAGREFS="LT15288"
                    BASELINE="155 562 1204 562" 
                    HPOS="155.0"
                    VPOS="532.0"
                    WIDTH="1049.0"
                    HEIGHT="83.0">
            <Shape><Polygon POINTS="155 562 155 593 297 595 334 613 335 613 336 613 385 610 386 610 412 597 422 604 423 604 425 604 426 604 427 604 428 604 437 597 469 613 470 613 471 615 599 615 599 613 600 613 601 613 630 596 634 594 639 596 650 600 651 600 652 600 653 600 661 596 668 594 817 595 822 597 866 613 867 613 868 615 907 615 907 613 908 613 909 613 933 597 934 597 937 598 989 613 990 613 991 613 1054 604 1081 613 1082 613 1083 615 1147 615 1147 613 1148 613 1149 613 1157 608 1178 613 1179 613 1181 613 1182 613 1183 613 1204 600 1204 562 1203 544 1127 543 1118 536 1117 536 1116 536 1114 536 1113 536 1112 536 1103 543 995 543 979 533 977 533 976 533 927 543 886 533 884 533 883 533 848 544 773 544 706 532 704 532 657 544 573 544 557 532 556 532 555 532 529 532 528 532 466 544 383 544 366 533 365 533 364 533 270 532 269 532 268 532 267 532 255 540 177 532 176 532 175 532 155 541 155 562"/></Shape>
	    <String CONTENT="היניקה בנים שרה כי־ ילדתי בן לזקניו: ויגדל הילד"
                    HPOS="155.0"
                    VPOS="532.0"
                    WIDTH="1049.0"
                    HEIGHT="83.0"
                    WC="0.9915204540542935"></String>
          </TextLine>

          
          
          <TextLine ID="eSc_line_d8bc07cc"
                    TAGREFS="LT15288"
                    BASELINE="154 633 1203 635" 
                    HPOS="153.0"
                    VPOS="606.0"
                    WIDTH="1050.0"
                    HEIGHT="74.0">
            <Shape><Polygon POINTS="154 633 153 663 188 671 189 671 258 666 260 666 298 677 299 677 300 677 449 668 488 666 499 668 521 675 522 675 523 675 524 675 526 675 535 669 538 667 553 669 576 673 577 673 578 673 586 669 598 666 618 670 648 676 649 676 650 676 664 670 677 666 725 668 731 671 742 678 743 678 744 678 745 678 746 678 764 671 775 668 787 673 788 673 789 673 790 673 794 673 823 667 896 668 904 674 911 678 912 678 913 678 915 678 916 678 929 674 951 667 984 675 1001 678 1002 680 1063 680 1063 678 1064 678 1066 678 1069 676 1078 670 1092 676 1097 678 1098 678 1099 678 1200 677 1203 635 1201 617 1152 608 1080 608 1078 608 1077 608 1076 608 1067 613 1035 608 1034 608 1033 608 1032 608 1020 615 959 608 958 608 956 608 937 616 936 617 873 617 872 616 855 608 854 608 853 608 808 616 804 617 758 617 756 616 731 608 730 608 729 608 728 608 713 616 711 616 703 616 629 609 628 609 537 615 524 606 523 606 522 606 521 606 520 606 501 615 432 606 430 606 394 615 393 616 322 616 321 615 296 606 294 606 249 606 248 606 247 606 246 606 234 615 233 615 228 615 169 609 168 609 167 609 154 613 154 633"/></Shape>
	    <String CONTENT="ויגמל ויעש אברהם משתה גדול ביום הגמל את־"
                    HPOS="153.0"
                    VPOS="606.0"
                    WIDTH="1050.0"
                    HEIGHT="74.0"
                    WC="0.9798875778913498"></String>
          </TextLine>

          
          
          <TextLine ID="eSc_line_e98a9a5e"
                    TAGREFS="LT15288"
                    BASELINE="153 707 1203 703" 
                    HPOS="152.0"
                    VPOS="681.0"
                    WIDTH="1051.0"
                    HEIGHT="72.0">
            <Shape><Polygon POINTS="153 707 153 741 274 738 285 741 301 746 303 746 304 746 305 746 306 746 313 740 318 738 330 740 347 743 348 743 378 740 398 738 407 740 440 748 441 748 442 748 501 739 520 736 524 739 545 752 546 752 548 752 549 753 602 753 602 752 603 752 646 738 648 738 649 738 659 742 660 742 661 742 663 742 672 738 675 736 678 738 697 747 699 747 700 747 740 739 760 745 761 745 763 745 810 738 825 742 826 742 828 742 829 742 830 742 839 736 894 750 895 750 896 750 934 749 936 749 937 749 946 742 961 749 962 749 963 750 1111 750 1111 749 1112 749 1113 749 1132 738 1150 742 1152 742 1153 742 1201 733 1203 703 1201 685 962 681 961 681 960 681 939 687 936 688 805 688 803 687 768 681 767 681 678 688 666 688 654 688 557 682 556 682 555 682 535 688 533 688 448 682 447 682 394 689 390 689 382 683 380 683 379 683 166 683 164 683 163 683 152 688 153 707"/></Shape>
	    <String CONTENT=""
                    HPOS="152.0"
                    VPOS="681.0"
                    WIDTH="1051.0"
                    HEIGHT="72.0"
                    WC="0.9970610621498852"></String>
          </TextLine>

          
          
          <TextLine ID="eSc_line_bd60d0a2"
                    TAGREFS="LT15288"
                    BASELINE="154 779 1204 782" 
                    HPOS="153.0"
                    VPOS="754.0"
                    WIDTH="1051.0"
                    HEIGHT="74.0">
            <Shape><Polygon POINTS="154 779 153 810 193 827 195 827 196 828 217 828 217 827 218 827 247 811 277 827 278 827 279 828 379 828 379 827 380 827 382 827 396 818 436 827 437 828 524 828 524 827 526 827 527 827 538 820 587 821 588 821 589 821 610 815 628 811 672 817 704 820 706 820 733 818 782 812 794 818 812 828 814 828 815 828 816 828 838 819 848 814 877 819 909 825 910 825 911 825 925 820 948 812 990 812 1008 821 1018 828 1019 828 1020 828 1021 828 1023 828 1035 821 1055 812 1135 812 1157 823 1167 828 1168 828 1169 828 1201 823 1204 782 1203 762 1162 755 1161 755 1048 761 1045 761 1044 761 1035 755 1034 755 1033 755 1032 755 999 761 998 761 996 761 963 755 962 755 913 761 909 761 394 761 391 760 360 754 358 754 154 759 154 779"/></Shape>
	    <String CONTENT=""
                    HPOS="153.0"
                    VPOS="754.0"
                    WIDTH="1051.0"
                    HEIGHT="74.0"
                    WC="0.978509329424964"></String>
          </TextLine>

          
          
          <TextLine ID="eSc_line_1ebe1d51"
                    TAGREFS="LT15288"
                    BASELINE="155 850 1204 855" 
                    HPOS="154.0"
                    VPOS="825.0"
                    WIDTH="1050.0"
                    HEIGHT="72.0">
            <Shape><Polygon POINTS="155 850 154 878 178 887 180 887 181 887 182 887 195 883 210 893 211 893 212 893 213 893 214 893 216 893 231 884 245 893 246 893 247 893 248 894 272 894 272 893 274 893 275 893 291 883 339 880 376 888 377 888 438 882 497 894 498 895 559 895 559 894 560 894 562 894 573 886 621 891 622 891 623 891 636 884 648 891 649 891 650 891 651 891 722 890 723 890 724 890 731 884 747 895 749 895 750 895 751 897 812 897 812 895 814 895 815 895 828 886 859 895 860 895 861 897 931 897 931 895 932 895 951 886 980 895 981 895 982 895 983 895 1005 884 1006 884 1013 884 1061 890 1062 890 1120 885 1139 884 1142 885 1149 891 1150 891 1152 891 1153 891 1154 891 1167 885 1170 884 1200 885 1204 855 1204 839 1178 828 1177 828 1123 828 1121 828 1120 828 1103 835 1090 829 1089 829 1088 829 1087 829 1070 836 941 827 940 827 843 836 841 836 839 836 786 830 785 830 733 836 728 836 727 836 716 829 715 829 714 829 713 829 670 835 617 827 616 827 615 827 582 835 581 835 571 835 361 829 360 829 358 829 346 834 317 825 315 825 314 825 279 826 278 826 263 834 262 834 155 834 155 850"/></Shape>
	    <String CONTENT=""
                    HPOS="154.0"
                    VPOS="825.0"
                    WIDTH="1050.0"
                    HEIGHT="72.0"
                    WC="0.9956009372686728"></String>
          </TextLine>

          
          
          <TextLine ID="eSc_line_5fd82443"
                    TAGREFS="LT15288"
                    BASELINE="155 928 1205 924" 
                    HPOS="154.0"
                    VPOS="900.0"
                    WIDTH="1051.0"
                    HEIGHT="72.0">
            <Shape><Polygon POINTS="155 928 155 962 426 956 502 965 564 972 565 972 566 972 584 965 607 957 622 966 623 966 624 966 625 966 630 966 659 960 671 966 675 969 677 969 678 969 679 969 680 969 684 966 704 955 738 955 757 965 758 965 759 965 760 965 818 959 833 967 841 972 843 972 844 972 917 971 918 971 924 969 937 963 959 969 969 971 970 971 972 971 973 971 974 971 977 969 991 960 1015 969 1020 971 1021 971 1023 972 1061 972 1061 971 1062 971 1063 971 1066 970 1090 953 1103 953 1135 970 1138 971 1139 971 1140 971 1204 970 1205 924 1203 905 1068 907 1047 905 1001 900 999 900 998 900 983 906 979 907 966 906 934 901 933 901 932 901 913 906 908 907 901 906 875 901 874 901 840 906 826 908 816 907 790 901 789 901 788 901 773 907 768 909 660 909 657 907 643 900 642 900 641 900 639 900 638 900 627 908 625 908 613 908 548 904 546 904 488 908 473 909 471 908 456 901 455 901 454 901 452 901 429 908 360 904 358 904 332 909 329 909 328 909 293 902 292 902 291 902 270 907 171 901 170 901 169 901 154 908 155 928"/></Shape>
	    <String CONTENT=""
                    HPOS="154.0"
                    VPOS="900.0"
                    WIDTH="1051.0"
                    HEIGHT="72.0"
                    WC="0.9876675248146057"></String>
          </TextLine>

          
          
          <TextLine ID="eSc_line_4852970f"
                    TAGREFS="LT15288"
                    BASELINE="155 1000 1207 998" 
                    HPOS="154.0"
                    VPOS="972.0"
                    WIDTH="1053.0"
                    HEIGHT="80.0">
            <Shape><Polygon POINTS="155 1000 155 1035 315 1035 317 1035 357 1051 358 1051 360 1052 557 1052 557 1051 558 1051 559 1051 580 1037 613 1047 614 1047 615 1047 616 1047 642 1038 681 1050 682 1050 684 1051 728 1051 728 1050 729 1050 730 1050 752 1034 754 1034 803 1034 805 1034 850 1050 851 1050 852 1051 938 1051 938 1050 939 1050 975 1036 1006 1041 1008 1041 1009 1041 1037 1034 1073 1050 1074 1050 1075 1051 1118 1051 1118 1050 1119 1050 1169 1034 1206 1034 1207 998 1206 977 1106 972 1105 972 1055 977 1038 978 1033 977 1020 972 1019 972 1018 972 972 977 959 978 951 977 923 972 922 972 920 972 908 977 905 978 898 977 866 972 865 972 836 978 831 978 828 978 808 972 807 972 805 972 771 978 765 978 759 978 710 972 709 972 663 978 651 980 462 980 459 979 452 973 451 973 450 973 449 973 448 973 430 979 429 979 421 973 420 973 419 973 218 973 217 973 154 979 155 1000"/></Shape>
	    <String CONTENT=""
                    HPOS="154.0"
                    VPOS="972.0"
                    WIDTH="1053.0"
                    HEIGHT="80.0"
                    WC="0.9899758914621865"></String>
          </TextLine>

          
          
          <TextLine ID="eSc_line_08d5c796"
                    TAGREFS="LT15288"
                    BASELINE="156 1068 1205 1074" 
                    HPOS="155.0"
                    VPOS="1046.0"
                    WIDTH="1050.0"
                    HEIGHT="76.0">
            <Shape><Polygon POINTS="156 1068 155 1100 175 1101 204 1117 205 1117 206 1118 236 1118 236 1117 238 1117 239 1117 260 1103 275 1110 276 1110 277 1110 278 1110 312 1102 379 1102 407 1112 408 1112 409 1112 443 1109 458 1118 459 1118 461 1118 462 1118 463 1118 514 1103 573 1119 574 1119 576 1121 652 1121 652 1119 653 1119 654 1119 681 1104 697 1104 721 1119 722 1119 723 1119 724 1119 854 1106 876 1121 877 1121 879 1121 880 1122 949 1122 949 1121 951 1121 973 1109 984 1115 985 1115 987 1115 988 1115 1008 1109 1026 1122 1027 1122 1028 1122 1030 1122 1092 1110 1123 1122 1124 1122 1125 1122 1126 1122 1127 1122 1149 1107 1150 1107 1201 1107 1205 1074 1204 1053 156 1046 156 1068"/></Shape>
	    <String CONTENT=""
                    HPOS="155.0"
                    VPOS="1046.0"
                    WIDTH="1050.0"
                    HEIGHT="76.0"
                    WC="0.9855861679101602"></String>
          </TextLine>

          
          
          <TextLine ID="eSc_line_a52157aa"
                    TAGREFS="LT15288"
                    BASELINE="154 1145 1205 1141" 
                    HPOS="153.0"
                    VPOS="1117.0"
                    WIDTH="1052.0"
                    HEIGHT="76.0">
            <Shape><Polygon POINTS="154 1145 154 1174 180 1183 181 1183 182 1183 183 1183 203 1175 286 1175 296 1181 297 1181 298 1181 299 1181 300 1181 322 1175 389 1180 405 1191 406 1191 407 1191 408 1193 479 1193 479 1191 480 1191 481 1191 510 1174 530 1174 562 1190 563 1190 564 1191 609 1191 609 1190 610 1190 634 1179 663 1188 664 1188 665 1188 721 1177 744 1190 745 1190 746 1191 843 1191 843 1190 844 1190 845 1190 860 1179 876 1181 877 1181 879 1181 900 1173 946 1173 976 1184 977 1184 979 1184 1025 1174 1059 1180 1060 1180 1061 1180 1073 1174 1084 1182 1085 1182 1087 1182 1141 1189 1142 1189 1143 1189 1205 1171 1205 1141 1204 1125 1186 1117 1185 1117 1184 1117 1089 1125 1075 1126 1073 1125 1056 1117 1055 1117 1054 1117 1053 1117 1037 1123 1018 1117 1017 1117 1016 1117 975 1125 966 1126 962 1125 951 1118 949 1118 948 1118 947 1118 931 1124 898 1117 897 1117 866 1124 851 1128 796 1124 747 1121 746 1121 745 1121 744 1121 740 1124 733 1128 685 1123 665 1122 664 1122 663 1122 658 1123 643 1128 636 1123 629 1118 628 1118 627 1118 625 1118 573 1123 500 1129 456 1122 445 1121 444 1121 443 1121 437 1122 409 1130 344 1130 327 1121 322 1119 321 1119 320 1119 153 1119 154 1145"/></Shape>
	    <String CONTENT=""
                    HPOS="153.0"
                    VPOS="1117.0"
                    WIDTH="1052.0"
                    HEIGHT="76.0"
                    WC="0.9869149831625131"></String>
          </TextLine>

          
          
          <TextLine ID="eSc_line_3aae08f3"
                    TAGREFS="LT15288"
                    BASELINE="159 1218 1204 1218" 
                    HPOS="159.0"
                    VPOS="1191.0"
                    WIDTH="1045.0"
                    HEIGHT="78.0">
            <Shape><Polygon POINTS="159 1218 159 1253 180 1252 183 1254 205 1268 206 1268 207 1268 209 1269 253 1269 253 1268 254 1268 293 1255 297 1254 300 1255 328 1268 329 1268 330 1269 364 1269 364 1268 365 1268 366 1268 384 1256 390 1252 414 1252 445 1252 455 1258 456 1259 457 1259 458 1259 459 1259 461 1259 465 1258 479 1252 491 1258 512 1268 513 1268 514 1269 543 1269 543 1268 544 1268 545 1268 559 1259 571 1252 675 1252 688 1260 700 1268 701 1268 702 1268 703 1269 794 1269 794 1268 795 1268 796 1268 805 1261 822 1252 949 1252 962 1258 963 1258 965 1258 995 1252 1060 1258 1070 1265 1075 1268 1076 1268 1077 1268 1078 1268 1204 1266 1204 1218 1204 1201 961 1191 960 1191 911 1200 761 1200 745 1193 744 1193 743 1193 660 1200 635 1191 634 1191 632 1191 584 1200 545 1191 544 1191 543 1191 521 1201 404 1201 308 1191 307 1191 306 1191 275 1200 263 1191 262 1191 261 1191 200 1191 199 1191 159 1200 159 1218"/></Shape>
	    <String CONTENT=""
                    HPOS="159.0"
                    VPOS="1191.0"
                    WIDTH="1045.0"
                    HEIGHT="78.0"
                    WC="0.9932445756026677"></String>
          </TextLine>

          
          
          <TextLine ID="eSc_line_544a72ba"
                    TAGREFS="LT15288"
                    BASELINE="157 1291 1206 1291" 
                    HPOS="157.0"
                    VPOS="1262.0"
                    WIDTH="1049.0"
                    HEIGHT="77.0">
            <Shape><Polygon POINTS="157 1291 157 1332 190 1328 197 1332 204 1338 205 1338 206 1338 207 1339 249 1339 249 1338 250 1338 252 1338 260 1332 278 1320 291 1320 308 1331 318 1338 319 1338 320 1338 321 1338 322 1338 343 1331 376 1320 414 1328 415 1328 466 1323 486 1329 487 1329 488 1329 490 1329 491 1329 505 1320 544 1327 545 1327 579 1320 594 1328 599 1332 600 1332 601 1332 602 1332 635 1328 707 1320 723 1328 744 1338 745 1338 746 1339 805 1339 805 1338 807 1338 808 1338 825 1327 833 1323 843 1327 868 1338 869 1338 871 1339 948 1339 948 1338 949 1338 951 1338 966 1327 981 1326 1027 1320 1041 1325 1056 1331 1057 1331 1059 1331 1060 1331 1077 1325 1092 1320 1155 1323 1157 1324 1181 1334 1182 1334 1183 1334 1184 1334 1206 1324 1206 1291 1205 1273 1135 1273 1111 1265 1110 1265 1109 1265 1107 1265 1090 1273 1088 1273 1084 1273 1052 1265 1051 1265 1049 1265 1035 1273 1032 1274 1025 1273 991 1262 990 1262 989 1262 938 1268 930 1262 929 1262 927 1262 926 1262 925 1262 904 1273 677 1274 673 1273 663 1265 661 1265 660 1265 622 1262 621 1262 620 1262 589 1273 582 1275 452 1275 448 1273 426 1262 425 1262 363 1262 362 1262 361 1262 333 1273 330 1273 327 1273 299 1265 298 1265 297 1265 296 1265 281 1270 269 1263 268 1263 267 1263 265 1263 157 1271 157 1291"/></Shape>
	    <String CONTENT=""
                    HPOS="157.0"
                    VPOS="1262.0"
                    WIDTH="1049.0"
                    HEIGHT="77.0"
                    WC="0.9830202474480584"></String>
          </TextLine>

          
          
          <TextLine ID="eSc_line_214fdb1e"
                    TAGREFS="LT15288"
                    BASELINE="157 1363 1207 1363" 
                    HPOS="157.0"
                    VPOS="1339.0"
                    WIDTH="1050.0"
                    HEIGHT="68.0">
            <Shape><Polygon POINTS="157 1363 157 1392 238 1404 239 1404 240 1404 263 1393 310 1401 311 1401 312 1401 333 1393 347 1400 348 1400 349 1400 436 1393 456 1406 457 1406 458 1406 459 1407 491 1407 491 1406 492 1406 493 1406 507 1397 534 1406 535 1406 536 1406 537 1406 579 1393 613 1393 632 1406 634 1406 635 1406 636 1407 710 1407 710 1406 711 1406 752 1393 774 1393 794 1406 795 1406 796 1406 797 1407 891 1407 891 1406 893 1406 905 1400 939 1406 940 1406 941 1406 943 1406 961 1393 992 1393 1041 1406 1042 1406 1044 1406 1045 1406 1081 1394 1116 1406 1117 1406 1118 1406 1119 1406 1156 1393 1207 1393 1207 1363 1207 1346 1178 1339 1177 1339 1176 1339 1090 1346 1089 1347 995 1347 994 1346 970 1339 969 1339 968 1339 930 1346 927 1347 781 1347 779 1346 757 1339 756 1339 754 1339 711 1346 706 1347 584 1347 579 1345 557 1339 556 1339 555 1339 553 1339 535 1345 531 1346 522 1345 476 1339 412 1339 411 1339 409 1339 398 1345 394 1347 364 1347 361 1345 354 1339 353 1339 351 1339 350 1339 157 1343 157 1363"/></Shape>
	    <String CONTENT=""
                    HPOS="157.0"
                    VPOS="1339.0"
                    WIDTH="1050.0"
                    HEIGHT="68.0"
                    WC="0.9837115755895289"></String>
          </TextLine>

          
          
          <TextLine ID="eSc_line_97e2e5ca"
                    TAGREFS="LT15288"
                    BASELINE="157 1439 1207 1436" 
                    HPOS="156.0"
                    VPOS="1406.0"
                    WIDTH="1051.0"
                    HEIGHT="80.0">
            <Shape><Polygon POINTS="157 1439 157 1469 200 1478 202 1478 263 1473 283 1486 284 1486 285 1486 286 1486 363 1482 364 1482 365 1482 382 1470 384 1469 391 1470 445 1483 447 1483 448 1483 495 1471 504 1469 507 1471 529 1486 530 1486 531 1486 533 1486 767 1485 768 1485 808 1472 823 1468 846 1472 860 1475 861 1475 888 1472 938 1468 961 1472 977 1476 979 1476 992 1472 1015 1468 1142 1468 1154 1473 1176 1485 1177 1485 1178 1485 1179 1485 1207 1473 1207 1436 1206 1417 1182 1406 1181 1406 1179 1406 1023 1418 1019 1418 1018 1418 991 1412 990 1412 947 1418 936 1410 934 1410 933 1410 932 1410 931 1410 904 1417 875 1408 874 1408 873 1408 872 1408 837 1418 824 1408 823 1408 822 1408 821 1408 781 1417 769 1411 768 1411 767 1411 735 1418 685 1412 684 1412 606 1418 563 1407 562 1407 560 1407 559 1407 529 1419 528 1420 441 1420 440 1419 411 1408 409 1408 408 1408 407 1408 371 1419 370 1419 305 1407 304 1407 303 1407 301 1407 288 1417 258 1412 257 1412 220 1419 190 1411 189 1411 188 1411 186 1411 156 1419 157 1439"/></Shape>
	    <String CONTENT=""
                    HPOS="156.0"
                    VPOS="1406.0"
                    WIDTH="1051.0"
                    HEIGHT="80.0"
                    WC="0.9675628751516342"></String>
          </TextLine>

          
          
          <TextLine ID="eSc_line_a06f4631"
                    TAGREFS="LT15288"
                    BASELINE="157 1512 1206 1509" 
                    HPOS="156.0"
                    VPOS="1482.0"
                    WIDTH="1050.0"
                    HEIGHT="81.0">
            <Shape><Polygon POINTS="157 1512 157 1562 190 1556 225 1562 229 1562 231 1562 232 1562 233 1562 249 1551 265 1560 265 1562 267 1562 268 1562 269 1563 371 1563 371 1562 372 1562 376 1559 401 1548 425 1559 429 1562 430 1562 432 1563 456 1563 456 1562 457 1562 458 1562 462 1559 479 1548 516 1548 535 1558 540 1562 541 1562 542 1562 543 1563 646 1563 646 1562 648 1562 649 1562 654 1557 657 1556 661 1557 679 1562 680 1562 681 1562 682 1562 696 1557 724 1547 763 1547 781 1556 786 1558 787 1558 788 1558 789 1558 800 1556 833 1547 1020 1548 1035 1553 1047 1557 1048 1557 1049 1557 1051 1557 1059 1553 1062 1551 1064 1552 1076 1560 1077 1560 1078 1560 1080 1562 1181 1562 1181 1560 1182 1560 1206 1551 1206 1509 1204 1488 1123 1488 1120 1487 1112 1482 1111 1482 1110 1482 1109 1482 1107 1482 1095 1487 1092 1488 1089 1487 1067 1482 1066 1482 1064 1482 990 1487 974 1488 953 1487 854 1482 853 1482 852 1482 828 1487 822 1488 814 1487 783 1483 782 1483 781 1483 780 1483 773 1487 769 1490 679 1490 638 1487 582 1484 581 1484 580 1484 572 1487 566 1491 476 1491 470 1487 459 1483 458 1483 457 1483 156 1486 157 1512"/></Shape>
	    <String CONTENT=""
                    HPOS="156.0"
                    VPOS="1482.0"
                    WIDTH="1050.0"
                    HEIGHT="81.0"
                    WC="0.9877684254978978"></String>
          </TextLine>

          
          
          <TextLine ID="eSc_line_f8dd08aa"
                    TAGREFS="LT15288"
                    BASELINE="160 1585 1207 1581" 
                    HPOS="159.0"
                    VPOS="1557.0"
                    WIDTH="1048.0"
                    HEIGHT="73.0">
            <Shape><Polygon POINTS="160 1585 160 1616 177 1616 180 1617 199 1630 200 1630 202 1630 203 1630 204 1630 231 1623 267 1630 268 1630 269 1630 270 1630 285 1620 327 1624 328 1624 329 1624 340 1618 346 1616 407 1616 412 1620 436 1630 437 1630 438 1630 440 1630 470 1622 506 1629 507 1629 508 1629 531 1621 546 1615 579 1615 589 1621 591 1622 592 1622 593 1622 594 1622 595 1622 598 1621 610 1615 622 1621 634 1629 635 1629 636 1629 637 1630 739 1630 739 1629 740 1629 742 1629 751 1623 754 1620 829 1615 838 1621 839 1621 840 1621 841 1621 843 1621 859 1614 889 1624 901 1628 902 1628 903 1628 904 1628 916 1624 948 1614 1057 1614 1077 1625 1080 1628 1081 1628 1082 1628 1083 1628 1096 1627 1152 1616 1167 1627 1168 1628 1169 1628 1170 1628 1171 1628 1206 1627 1207 1581 1206 1565 967 1557 966 1557 965 1557 934 1565 933 1566 794 1566 790 1566 763 1558 761 1558 760 1558 759 1558 758 1558 746 1566 743 1566 694 1559 693 1559 639 1566 636 1567 536 1567 536 1566 519 1560 517 1560 516 1560 515 1560 492 1566 465 1559 464 1559 463 1559 462 1559 461 1559 449 1566 428 1559 427 1559 426 1559 344 1565 332 1559 330 1559 329 1559 328 1559 315 1566 306 1562 305 1562 304 1562 248 1567 247 1567 235 1559 234 1559 233 1559 204 1559 203 1559 159 1567 160 1585"/></Shape>
	    <String CONTENT=""
                    HPOS="159.0"
                    VPOS="1557.0"
                    WIDTH="1048.0"
                    HEIGHT="73.0"
                    WC="0.9851775458880834"></String>
          </TextLine>

          
          
          <TextLine ID="eSc_line_f3727b65"
                    TAGREFS="LT15288"
                    BASELINE="159 1657 1208 1654" 
                    HPOS="157.0"
                    VPOS="1635.0"
                    WIDTH="1051.0"
                    HEIGHT="67.0">
            <Shape><Polygon POINTS="159 1657 159 1688 171 1688 174 1688 191 1701 192 1701 193 1701 195 1701 294 1689 329 1701 330 1701 332 1702 422 1702 422 1701 423 1701 443 1692 513 1688 519 1688 520 1688 537 1694 538 1694 540 1694 541 1694 555 1688 582 1701 584 1701 585 1702 609 1702 609 1701 610 1701 639 1688 663 1688 688 1687 692 1687 731 1700 732 1700 733 1701 771 1701 771 1700 772 1700 814 1688 864 1694 865 1694 866 1694 886 1687 888 1687 895 1687 969 1693 970 1693 1033 1687 1035 1687 1062 1700 1063 1700 1064 1701 1119 1701 1119 1700 1120 1700 1145 1688 1207 1686 1208 1654 1206 1635 157 1636 159 1657"/></Shape>
	    <String CONTENT=""
                    HPOS="157.0"
                    VPOS="1635.0"
                    WIDTH="1051.0"
                    HEIGHT="67.0"
                    WC="0.9862771034240723"></String>
          </TextLine>

          
          
          <TextLine ID="eSc_line_16d5b7c2"
                    TAGREFS="LT15288"
                    BASELINE="159 1729 1208 1726" 
                    HPOS="157.0"
                    VPOS="1699.0"
                    WIDTH="1051.0"
                    HEIGHT="77.0">
            <Shape><Polygon POINTS="159 1729 159 1760 177 1768 178 1768 180 1768 231 1760 236 1760 241 1760 270 1768 271 1768 272 1768 274 1768 288 1761 290 1760 340 1760 344 1761 387 1775 389 1775 390 1776 462 1776 462 1775 463 1775 464 1775 483 1764 509 1768 510 1768 512 1768 529 1761 534 1760 548 1761 579 1766 580 1766 615 1762 632 1760 637 1762 649 1768 650 1768 651 1768 750 1762 758 1762 759 1762 785 1774 786 1774 787 1775 869 1775 869 1774 871 1774 891 1762 900 1759 918 1764 933 1766 934 1766 954 1764 983 1759 1020 1764 1034 1765 1035 1765 1037 1765 1038 1765 1039 1764 1046 1759 1057 1764 1084 1774 1085 1774 1087 1775 1167 1775 1167 1774 1207 1764 1208 1726 1207 1710 1152 1700 1150 1700 1098 1710 1095 1710 1091 1710 1059 1704 1057 1704 1056 1704 1055 1704 1047 1710 1046 1711 941 1711 939 1710 869 1699 868 1699 867 1699 819 1710 819 1711 797 1711 688 1711 667 1700 666 1700 609 1700 608 1700 607 1700 572 1711 571 1712 449 1712 448 1711 436 1704 435 1704 434 1704 433 1704 397 1708 351 1700 350 1700 349 1700 305 1712 260 1712 183 1700 182 1700 181 1700 157 1711 159 1729"/></Shape>
	    <String CONTENT=""
                    HPOS="157.0"
                    VPOS="1699.0"
                    WIDTH="1051.0"
                    HEIGHT="77.0"
                    WC="0.9761736392974854"></String>
          </TextLine>

          
          
          <TextLine ID="eSc_line_886c1016"
                    TAGREFS="LT15288"
                    BASELINE="160 1802 1207 1798" 
                    HPOS="159.0"
                    VPOS="1774.0"
                    WIDTH="1048.0"
                    HEIGHT="78.0">
            <Shape><Polygon POINTS="160 1802 160 1833 195 1851 196 1851 197 1852 222 1852 222 1851 224 1851 254 1835 289 1840 290 1840 313 1835 319 1834 353 1835 383 1837 401 1849 402 1849 404 1849 405 1849 447 1846 448 1846 449 1846 462 1837 465 1837 495 1841 497 1841 498 1841 513 1838 531 1833 566 1833 576 1838 582 1842 584 1842 585 1842 586 1842 624 1839 646 1837 653 1839 678 1849 679 1849 680 1851 759 1851 759 1849 760 1849 761 1849 773 1841 787 1849 788 1849 789 1851 821 1851 821 1849 822 1849 823 1849 835 1841 844 1834 897 1832 976 1838 977 1838 979 1838 998 1833 1046 1841 1047 1841 1048 1841 1062 1837 1073 1844 1078 1848 1080 1848 1081 1848 1082 1848 1207 1845 1207 1798 1206 1783 1121 1774 1120 1774 1119 1774 1103 1782 1102 1782 1077 1775 1076 1775 1005 1774 1004 1774 1003 1774 1002 1774 990 1781 949 1774 948 1774 886 1781 852 1786 713 1786 692 1780 680 1777 679 1777 678 1777 677 1777 674 1780 666 1784 612 1780 599 1779 598 1779 596 1779 594 1780 585 1783 543 1779 514 1776 513 1776 512 1776 510 1776 507 1779 498 1784 437 1779 423 1777 422 1777 421 1777 418 1779 393 1784 325 1777 305 1776 304 1776 303 1776 297 1777 269 1786 232 1777 225 1776 224 1776 159 1776 160 1802"/></Shape>
	    <String CONTENT=""
                    HPOS="159.0"
                    VPOS="1774.0"
                    WIDTH="1048.0"
                    HEIGHT="78.0"
                    WC="0.9949862758318583"></String>
          </TextLine>

          
          
          <TextLine ID="eSc_line_959ca54f"
                    TAGREFS="LT15288"
                    BASELINE="162 1875 1210 1871" 
                    HPOS="161.0"
                    VPOS="1848.0"
                    WIDTH="1049.0"
                    HEIGHT="91.0">
            <Shape><Polygon POINTS="162 1875 162 1924 196 1938 197 1938 198 1938 199 1938 228 1924 229 1924 234 1924 281 1932 282 1932 283 1932 310 1924 312 1924 314 1924 349 1938 350 1938 351 1939 421 1939 421 1938 422 1938 423 1938 435 1930 445 1938 447 1938 448 1938 449 1939 510 1939 510 1938 512 1938 531 1931 553 1936 555 1936 556 1936 557 1936 558 1936 566 1931 579 1934 580 1934 581 1934 582 1934 584 1934 598 1925 601 1923 612 1925 658 1934 659 1934 660 1934 682 1925 688 1923 742 1923 746 1925 760 1934 761 1934 763 1934 764 1934 794 1930 811 1936 812 1936 814 1936 815 1936 858 1925 873 1921 897 1925 949 1933 951 1933 952 1933 967 1925 968 1925 969 1925 1008 1935 1009 1935 1010 1936 1042 1936 1042 1935 1044 1935 1064 1925 1073 1921 1085 1925 1119 1935 1120 1935 1121 1935 1208 1925 1210 1871 1208 1856 1174 1848 1172 1848 1087 1854 1077 1848 1076 1848 1075 1848 1074 1848 1073 1848 1056 1855 987 1848 985 1848 984 1848 983 1848 970 1856 895 1852 894 1852 715 1858 706 1858 703 1858 654 1851 653 1851 652 1851 651 1851 639 1858 638 1859 617 1859 557 1859 484 1851 483 1851 481 1851 480 1851 469 1859 468 1860 407 1860 405 1859 360 1851 358 1851 298 1858 274 1851 272 1851 180 1851 178 1851 177 1851 161 1859 162 1875"/></Shape>
	    <String CONTENT=""
                    HPOS="161.0"
                    VPOS="1848.0"
                    WIDTH="1049.0"
                    HEIGHT="91.0"
                    WC="0.9973134923548925"></String>
          </TextLine>

          
        </TextBlock>
        

        
      </PrintSpace>
    </Page>
  </Layout>
</alto>
