<?xml version="1.0" encoding="UTF-8"?>
<alto xmlns:xsi="http://www.w3.org/2001/XMLSchema-instance"
      xmlns="http://www.loc.gov/standards/alto/ns-v4#"
      xsi:schemaLocation="http://www.loc.gov/standards/alto/ns-v4# http://www.loc.gov/standards/alto/v4/alto-4-2.xsd">
  <Description>
    <MeasurementUnit>pixel</MeasurementUnit>
    <sourceImageInformation>
      <fileName>IE87708411_00019.jpg</fileName>
      <fileIdentifier>mets//export_doc4366_1col_14_copy_alto_202404261215.zip/IE87708411_00019.jpg</fileIdentifier>
    </sourceImageInformation>
  </Description>
  
  <Tags>
    <OtherTag ID="BT8356" LABEL="MainLeft" DESCRIPTION="block type MainLeft"/><OtherTag ID="BT8355" LABEL="MainRight" DESCRIPTION="block type MainRight"/><OtherTag ID="BT6914" LABEL="Handwritten" DESCRIPTION="block type Handwritten"/><OtherTag ID="BT6913" LABEL="RunningHeader" DESCRIPTION="block type RunningHeader"/><OtherTag ID="BT6912" LABEL="Catchword" DESCRIPTION="block type Catchword"/><OtherTag ID="BT6911" LABEL="Margin" DESCRIPTION="block type Margin"/><OtherTag ID="BT6910" LABEL="FooterCentral" DESCRIPTION="block type FooterCentral"/><OtherTag ID="BT6909" LABEL="MainCentral" DESCRIPTION="block type MainCentral"/><OtherTag ID="BT6908" LABEL="Header" DESCRIPTION="block type Header"/><OtherTag ID="BT4" LABEL="Illustration" DESCRIPTION="block type Illustration"/><OtherTag ID="BT3" LABEL="Commentary" DESCRIPTION="block type Commentary"/><OtherTag ID="BT2" LABEL="Main" DESCRIPTION="block type Main"/><OtherTag ID="BT1" LABEL="Title" DESCRIPTION="block type Title"/>
    <OtherTag ID="LT15938" LABEL="MainLeft" DESCRIPTION="line type MainLeft"/><OtherTag ID="LT15937" LABEL="MainRight" DESCRIPTION="line type MainRight"/><OtherTag ID="LT15289" LABEL="Handwritten" DESCRIPTION="line type Handwritten"/><OtherTag ID="LT15288" LABEL="MainCentral" DESCRIPTION="line type MainCentral"/><OtherTag ID="LT15287" LABEL="NotMain" DESCRIPTION="line type NotMain"/>
  </Tags>
  
  <Layout>
    <Page WIDTH="1106"
          HEIGHT="1686"
          PHYSICAL_IMG_NR="47"
          ID="eSc_dummypage_">
      <PrintSpace HPOS="0"
                  VPOS="0"
                  WIDTH="1106"
                  HEIGHT="1686">
        
        <TextBlock HPOS="112.0"
                   VPOS="116.0"
                   WIDTH="918.0"
                   HEIGHT="1475.0"
                   ID="eSc_textblock_d631e4a9"
                   TAGREFS="BT6909">
          <Shape><Polygon POINTS="341 116 1026 119 1030 1445 1026 1580 1015 1591 123 1587 112 1576 112 131 127 119 341 116"/></Shape>
          
          
          <TextLine ID="eSc_line_6d4b80c9"
                    TAGREFS="LT15288"
                    BASELINE="361 138 796 140" 
                    HPOS="360.0"
                    VPOS="116.0"
                    WIDTH="436.0"
                    HEIGHT="59.0">
            <Shape><Polygon POINTS="792 118 782 118 773 118 763 118 754 118 745 118 735 118 726 118 717 118 707 118 698 118 692 118 687 121 658 121 648 117 642 117 632 117 623 117 620 117 616 120 548 120 544 117 538 117 529 117 526 117 518 119 512 117 510 117 501 116 496 116 495 117 490 119 361 118 361 138 360 165 390 173 391 174 423 174 423 173 424 173 425 173 433 167 456 173 457 173 458 173 459 173 460 173 467 167 476 162 523 162 534 169 539 173 540 173 541 173 542 174 563 174 563 173 564 173 574 169 592 163 612 163 624 170 624 171 625 171 626 171 627 171 633 170 685 163 693 172 695 173 695 174 696 174 697 174 698 175 709 175 709 174 710 174 715 172 732 163 759 173 762 174 763 174 764 174 794 173 796 140 795 118 792 118"/></Shape>
	    <String CONTENT="ו ישראל וישרון:"
                    HPOS="360.0"
                    VPOS="116.0"
                    WIDTH="436.0"
                    HEIGHT="59.0"
                    WC="0.9763953968098289"></String>
          </TextLine>

          
          
          <TextLine ID="eSc_line_3abf3993"
                    TAGREFS="LT15288"
                    BASELINE="118 202 1020 207" 
                    HPOS="117.0"
                    VPOS="178.0"
                    WIDTH="903.0"
                    HEIGHT="73.0">
            <Shape><Polygon POINTS="118 202 117 232 156 245 157 245 158 246 203 246 203 245 204 245 224 234 237 233 252 231 274 233 313 236 314 236 340 233 355 231 358 233 378 246 379 246 380 246 418 247 418 248 456 248 456 247 457 247 480 235 495 237 496 237 497 237 498 237 505 233 506 233 522 240 523 240 523 240 524 240 541 233 542 233 553 233 594 236 616 248 617 248 618 249 689 249 689 248 741 237 762 241 762 241 763 241 778 234 842 234 847 234 877 236 901 250 902 250 903 251 923 251 923 250 924 250 948 239 963 243 964 243 965 243 1018 234 1020 207 1017 183 999 189 975 183 974 183 973 183 971 183 884 189 846 183 838 182 837 182 836 182 835 183 822 188 804 183 803 183 802 183 798 183 749 187 743 183 742 182 741 182 740 182 739 182 714 183 634 187 609 183 599 182 598 182 592 183 574 187 565 183 557 180 556 180 555 180 554 180 547 183 540 186 523 183 502 180 501 180 500 180 491 183 481 186 455 183 418 179 417 179 374 183 355 185 332 183 283 179 282 179 226 183 215 184 213 183 206 178 205 178 204 178 203 178 118 183 118 202"/></Shape>
	    <String CONTENT="לפיכך אנחנו חיבים להודות לך ולשבחך"
                    HPOS="117.0"
                    VPOS="178.0"
                    WIDTH="903.0"
                    HEIGHT="73.0"
                    WC="0.9859060958812111"></String>
          </TextLine>

          
          
          <TextLine ID="eSc_line_60ac7ad2"
                    TAGREFS="LT15288"
                    BASELINE="115 271 937 276" 
                    HPOS="114.0"
                    VPOS="249.0"
                    WIDTH="823.0"
                    HEIGHT="66.0">
            <Shape><Polygon POINTS="115 271 114 295 133 306 134 306 134 306 135 306 194 295 241 304 242 304 268 298 300 311 301 311 302 312 339 312 339 311 340 311 341 311 366 296 369 295 405 295 411 297 451 312 452 312 453 312 454 312 466 308 484 312 485 312 486 312 487 312 488 312 509 298 514 296 590 298 592 300 609 313 610 313 611 313 612 314 650 314 650 313 651 313 652 313 669 302 716 303 717 303 717 303 720 302 730 297 762 303 770 304 784 314 785 314 786 314 787 315 851 315 851 314 852 314 883 305 896 301 934 305 937 276 937 257 777 256 770 251 769 251 768 251 767 251 473 253 443 249 442 249 115 251 115 271"/></Shape>
	    <String CONTENT=""
                    HPOS="114.0"
                    VPOS="249.0"
                    WIDTH="823.0"
                    HEIGHT="66.0"
                    WC="0.9714622642542865"></String>
          </TextLine>

          
          
          <TextLine ID="eSc_line_a69532b8"
                    TAGREFS="LT15288"
                    BASELINE="116 339 1020 341" 
                    HPOS="115.0"
                    VPOS="311.0"
                    WIDTH="905.0"
                    HEIGHT="74.0">
            <Shape><Polygon POINTS="116 339 115 368 228 369 250 383 251 383 252 383 253 384 321 384 321 383 322 383 323 383 343 369 349 367 389 367 396 370 417 381 418 381 418 381 419 381 442 370 448 368 476 370 499 373 500 373 519 371 538 369 547 371 567 379 568 379 569 379 570 379 593 371 606 368 625 371 677 384 678 384 716 382 717 382 732 372 740 369 762 372 823 384 824 385 941 385 941 384 942 384 967 374 981 369 1017 374 1020 341 1020 325 998 318 997 318 996 318 995 318 994 318 986 323 963 313 962 313 961 313 960 313 934 324 928 324 833 319 832 319 831 319 818 324 815 324 811 324 764 313 717 312 717 312 676 322 604 321 592 312 591 312 590 312 589 312 539 322 532 323 477 323 475 322 450 312 449 312 448 312 409 320 391 311 390 311 389 311 388 311 371 320 345 311 344 311 310 311 309 311 308 311 286 321 284 321 282 321 246 313 245 313 199 319 188 311 187 311 186 311 185 311 184 311 155 320 151 321 149 320 135 314 134 314 134 314 133 314 116 319 116 339"/></Shape>
	    <String CONTENT=""
                    HPOS="115.0"
                    VPOS="311.0"
                    WIDTH="905.0"
                    HEIGHT="74.0"
                    WC="0.9986573778665983"></String>
          </TextLine>

          
          
          <TextLine ID="eSc_line_b968515d"
                    TAGREFS="LT15288"
                    BASELINE="115 403 1019 410" 
                    HPOS="114.0"
                    VPOS="380.0"
                    WIDTH="905.0"
                    HEIGHT="69.0">
            <Shape><Polygon POINTS="115 403 114 440 189 443 190 443 191 443 195 441 217 432 283 430 319 430 336 439 337 439 338 439 382 431 451 431 489 443 492 444 493 444 493 444 494 444 496 443 508 439 587 444 602 445 603 445 604 445 606 444 643 433 674 438 675 438 759 433 766 438 767 438 768 438 769 438 847 434 885 447 888 448 889 448 890 449 1017 449 1019 410 1018 392 939 385 938 385 842 390 833 390 828 390 788 384 787 384 786 384 771 389 757 384 756 384 755 384 702 389 696 389 688 389 629 383 628 383 627 383 611 388 609 389 523 389 519 387 501 382 500 382 389 382 388 382 388 382 387 382 380 386 378 387 375 386 362 382 361 382 360 382 293 385 272 386 267 385 243 380 242 380 241 380 228 385 226 385 222 384 198 381 197 381 196 381 188 384 185 385 115 384 115 403"/></Shape>
	    <String CONTENT=""
                    HPOS="114.0"
                    VPOS="380.0"
                    WIDTH="905.0"
                    HEIGHT="69.0"
                    WC="0.9896774713586016"></String>
          </TextLine>

          
          
          <TextLine ID="eSc_line_491d4c9d"
                    TAGREFS="LT15288"
                    BASELINE="112 471 1022 475" 
                    HPOS="111.0"
                    VPOS="448.0"
                    WIDTH="911.0"
                    HEIGHT="68.0">
            <Shape><Polygon POINTS="112 471 111 496 152 502 153 502 172 498 173 498 174 498 192 503 193 503 194 503 194 503 210 499 213 498 313 498 325 501 373 510 373 510 374 510 388 502 396 499 424 499 439 503 474 514 475 514 476 515 534 515 534 514 535 514 553 505 563 500 603 500 628 507 632 508 633 508 634 508 668 508 717 507 721 509 733 515 734 515 871 516 872 516 873 516 884 512 892 510 898 513 906 516 907 516 908 516 909 516 914 513 935 502 954 502 1019 515 1022 475 1022 457 1014 452 1013 452 1012 452 1011 452 977 458 913 452 912 452 862 458 860 458 857 458 802 451 801 451 682 457 674 457 673 457 658 450 657 450 657 450 656 450 634 456 582 450 581 450 580 450 568 456 519 456 478 456 462 456 294 448 293 448 208 454 204 454 203 454 182 448 181 448 180 448 156 454 154 454 153 454 141 448 140 448 139 448 114 453 112 471"/></Shape>
	    <String CONTENT="גורלנו ומה יפה ירשתנו: חזן: אשרינו שאנחנו"
                    HPOS="111.0"
                    VPOS="448.0"
                    WIDTH="911.0"
                    HEIGHT="68.0"
                    WC="0.9887864708900451"></String>
          </TextLine>

          
          
          <TextLine ID="eSc_line_ae22f21f"
                    TAGREFS="LT15288"
                    BASELINE="114 537 1022 547" 
                    HPOS="113.0"
                    VPOS="513.0"
                    WIDTH="909.0"
                    HEIGHT="67.0">
            <Shape><Polygon POINTS="114 537 113 570 134 572 134 572 135 572 139 571 158 563 224 572 236 573 237 573 238 573 239 572 256 563 276 563 304 572 305 572 306 572 343 564 360 573 361 573 362 574 406 575 407 575 408 575 411 574 433 565 551 572 552 572 553 572 566 566 584 575 585 575 619 576 674 577 675 577 676 577 678 576 701 568 715 575 716 575 717 575 747 568 775 576 776 576 777 576 810 571 857 579 862 579 863 579 867 579 921 570 1019 580 1022 547 1022 527 1005 522 1004 522 1003 522 961 526 932 528 903 525 871 521 870 521 869 521 860 524 850 527 838 524 827 520 826 520 825 520 809 523 794 526 769 522 744 519 676 519 675 519 674 519 670 521 658 525 645 520 639 518 638 518 637 518 613 520 568 524 535 519 523 517 523 517 504 518 447 522 205 521 114 513 114 537"/></Shape>
	    <String CONTENT=""
                    HPOS="113.0"
                    VPOS="513.0"
                    WIDTH="909.0"
                    HEIGHT="67.0"
                    WC="0.9945905771520402"></String>
          </TextLine>

          
          
          <TextLine ID="eSc_line_7dce9d53"
                    TAGREFS="LT15288"
                    BASELINE="114 605 1023 614" 
                    HPOS="113.0"
                    VPOS="581.0"
                    WIDTH="910.0"
                    HEIGHT="70.0">
            <Shape><Polygon POINTS="114 605 113 631 129 637 130 637 131 637 180 632 266 639 267 639 268 639 283 633 285 633 293 634 334 638 335 638 371 635 383 634 395 635 422 639 423 639 424 639 436 635 442 635 445 636 450 640 451 640 452 640 453 640 454 640 462 636 465 635 470 636 480 640 481 640 482 640 517 637 540 635 545 637 567 649 567 649 568 650 648 650 648 649 649 649 667 642 698 642 712 650 713 650 823 650 824 650 825 650 841 646 868 651 869 651 870 651 892 644 893 644 895 644 917 649 918 649 919 649 929 645 941 640 1020 646 1023 614 1023 595 971 590 970 590 969 590 954 594 951 594 863 594 857 593 822 587 821 587 762 591 751 592 741 591 709 588 708 588 631 591 615 591 611 591 581 585 580 585 530 589 518 584 517 584 516 584 492 589 491 589 490 589 474 583 473 583 427 583 426 583 425 583 412 588 409 589 389 588 311 582 310 582 286 587 283 587 280 587 260 581 259 581 258 581 257 581 256 581 249 586 247 587 246 586 236 581 235 581 234 581 114 584 114 605"/></Shape>
	    <String CONTENT=""
                    HPOS="113.0"
                    VPOS="581.0"
                    WIDTH="910.0"
                    HEIGHT="70.0"
                    WC="0.9956065477469028"></String>
          </TextLine>

          
          
          <TextLine ID="eSc_line_f4f869b1"
                    TAGREFS="LT15288"
                    BASELINE="113 673 1022 680" 
                    HPOS="112.0"
                    VPOS="647.0"
                    WIDTH="910.0"
                    HEIGHT="75.0">
            <Shape><Polygon POINTS="113 673 112 698 119 704 120 704 121 704 122 704 206 699 220 698 224 699 249 708 250 708 251 708 252 708 277 701 284 699 327 699 334 702 359 716 360 716 361 716 362 716 396 704 408 700 451 700 468 706 495 716 496 716 497 716 498 716 514 708 526 701 554 709 591 718 592 718 593 718 656 715 657 715 657 715 663 711 674 705 700 703 732 713 750 719 751 719 793 720 794 720 818 716 881 704 909 718 914 721 915 721 916 722 1020 722 1022 680 1021 662 909 662 905 660 895 656 894 656 893 656 877 659 874 660 872 659 865 655 864 655 863 655 790 658 765 659 762 658 752 653 751 653 750 653 722 657 708 659 681 657 630 652 629 652 612 656 604 657 597 655 580 650 579 650 578 650 526 654 495 657 479 654 453 649 452 649 430 653 416 656 396 653 380 650 379 650 367 652 347 656 342 652 335 648 334 648 333 648 165 647 164 647 164 647 154 650 140 654 113 650 113 673"/></Shape>
	    <String CONTENT="פעמים בכל יום: שמע ישראל יהוה אלהינו יהוה"
                    HPOS="112.0"
                    VPOS="647.0"
                    WIDTH="910.0"
                    HEIGHT="75.0"
                    WC="0.981243558832117"></String>
          </TextLine>

          
          
          <TextLine ID="eSc_line_7aae3d87"
                    TAGREFS="LT15288"
                    BASELINE="113 740 1020 750" 
                    HPOS="112.0"
                    VPOS="713.0"
                    WIDTH="908.0"
                    HEIGHT="76.0">
            <Shape><Polygon POINTS="113 740 112 781 265 784 266 784 296 782 298 781 298 781 299 781 316 770 351 770 361 776 362 776 363 776 364 776 365 776 384 770 418 782 433 786 433 786 475 787 476 787 507 782 533 777 580 782 583 782 584 782 585 782 586 782 600 773 629 773 648 782 664 789 665 789 666 789 755 787 756 787 757 787 765 782 777 775 888 775 900 782 903 783 904 783 905 783 915 782 924 781 927 782 938 786 939 786 940 786 941 786 953 782 966 778 1017 782 1020 750 1018 729 871 729 858 725 838 721 837 721 836 721 817 725 802 728 782 724 771 723 770 723 747 724 694 727 686 723 680 720 679 720 678 720 677 720 671 723 660 727 601 727 592 722 589 719 588 719 587 719 586 719 574 721 550 725 452 719 448 719 447 719 446 719 410 724 388 718 382 716 381 716 380 716 361 717 290 723 255 715 253 715 252 715 249 715 205 723 113 713 113 740"/></Shape>
	    <String CONTENT="אחד: ברוך שם כבוד מלכותו לעולם ועד:"
                    HPOS="112.0"
                    VPOS="713.0"
                    WIDTH="908.0"
                    HEIGHT="76.0"
                    WC="0.971137116352717"></String>
          </TextLine>

          
          
          <TextLine ID="eSc_line_4132d006"
                    TAGREFS="LT15288"
                    BASELINE="112 809 1019 816" 
                    HPOS="111.0"
                    VPOS="784.0"
                    WIDTH="908.0"
                    HEIGHT="73.0">
            <Shape><Polygon POINTS="112 809 111 835 307 835 315 840 319 843 320 843 321 843 343 843 343 843 344 843 352 840 360 836 418 836 434 842 473 855 474 855 663 856 664 856 665 856 703 845 713 843 720 846 751 857 752 857 792 857 793 857 794 857 815 847 825 843 906 849 927 850 928 850 934 849 966 842 1016 850 1019 816 1017 795 907 797 887 794 863 790 862 790 861 790 851 794 847 796 766 796 762 794 750 789 749 789 748 789 724 793 714 795 692 793 634 788 633 788 582 793 567 794 563 793 548 787 547 787 546 787 510 793 505 793 499 793 449 786 448 786 382 792 379 792 377 792 338 785 337 785 217 790 190 784 123 784 122 784 121 784 120 784 115 787 112 809"/></Shape>
	    <String CONTENT=""
                    HPOS="111.0"
                    VPOS="784.0"
                    WIDTH="908.0"
                    HEIGHT="73.0"
                    WC="0.9876684208174009"></String>
          </TextLine>

          
          
          <TextLine ID="eSc_line_fc8550a7"
                    TAGREFS="LT15288"
                    BASELINE="112 875 900 880" 
                    HPOS="111.0"
                    VPOS="852.0"
                    WIDTH="789.0"
                    HEIGHT="66.0">
            <Shape><Polygon POINTS="112 875 111 908 131 916 132 916 133 916 134 916 155 909 175 902 191 908 192 908 193 908 194 908 194 908 205 901 247 901 260 910 261 910 262 910 285 914 286 914 287 914 294 910 311 902 328 911 332 913 333 913 334 913 335 913 341 911 366 902 424 902 444 912 452 917 453 917 454 917 635 918 636 918 657 915 707 903 731 914 732 914 732 914 733 914 750 905 763 911 764 911 765 911 766 911 791 904 897 916 900 880 898 861 850 861 847 860 835 856 834 856 833 856 807 860 801 861 797 860 781 856 780 856 779 856 759 860 754 861 749 860 732 856 732 856 731 856 730 856 717 860 716 860 712 860 673 855 672 855 612 859 601 860 586 859 496 854 495 854 470 859 467 859 464 859 427 854 426 854 388 858 371 853 370 853 369 853 177 857 157 852 156 852 155 852 114 857 112 875"/></Shape>
	    <String CONTENT=""
                    HPOS="111.0"
                    VPOS="852.0"
                    WIDTH="789.0"
                    HEIGHT="66.0"
                    WC="0.998391701777776"></String>
          </TextLine>

          
          
          <TextLine ID="eSc_line_7c2cc7c5"
                    TAGREFS="LT15288"
                    BASELINE="113 941 1016 948" 
                    HPOS="112.0"
                    VPOS="918.0"
                    WIDTH="904.0"
                    HEIGHT="72.0">
            <Shape><Polygon POINTS="113 941 112 978 128 985 129 985 130 986 189 986 189 985 190 985 200 979 221 970 279 976 280 976 337 971 359 978 360 978 361 978 394 972 418 982 418 982 419 982 420 982 436 977 453 983 467 988 468 988 469 989 521 989 521 988 522 988 530 984 555 973 594 973 616 982 617 982 618 982 619 982 641 974 673 974 708 986 717 990 718 990 831 990 832 990 833 990 840 988 870 976 896 989 899 990 900 990 901 990 908 989 945 982 1014 990 1016 948 1016 931 957 925 956 925 933 930 930 930 927 930 900 924 899 924 822 929 812 929 805 929 755 923 754 923 690 928 680 928 674 927 645 923 644 923 532 926 524 926 523 926 510 921 509 921 508 921 508 921 494 926 493 926 493 926 478 921 478 921 477 921 425 925 423 925 413 920 412 920 411 920 355 925 346 925 340 925 301 919 300 919 259 924 254 924 246 924 182 918 181 918 113 922 113 941"/></Shape>
	    <String CONTENT="הוא בעולם הזה ואתה הוא לעולם"
                    HPOS="112.0"
                    VPOS="918.0"
                    WIDTH="904.0"
                    HEIGHT="72.0"
                    WC="0.9874150074190564"></String>
          </TextLine>

          
          
          <TextLine ID="eSc_line_51122285"
                    TAGREFS="LT15288"
                    BASELINE="115 1009 1018 1017" 
                    HPOS="114.0"
                    VPOS="985.0"
                    WIDTH="904.0"
                    HEIGHT="73.0">
            <Shape><Polygon POINTS="115 1009 114 1050 166 1051 167 1051 168 1051 169 1051 170 1050 193 1037 242 1037 268 1050 274 1052 275 1052 276 1053 327 1053 327 1052 328 1052 339 1050 350 1046 368 1049 395 1053 396 1053 397 1053 417 1049 449 1040 478 1040 503 1048 523 1054 524 1054 525 1054 560 1048 564 1047 567 1047 585 1053 586 1053 587 1053 588 1053 612 1047 631 1041 672 1041 713 1041 721 1046 744 1056 745 1056 746 1056 796 1050 819 1057 820 1057 821 1058 865 1058 865 1057 866 1057 890 1045 894 1043 910 1044 954 1049 955 1049 1016 1043 1018 1017 1017 998 960 998 959 997 941 991 941 991 940 991 896 996 895 996 687 996 684 995 657 989 657 989 656 989 635 993 597 989 596 989 595 989 582 994 581 994 578 994 549 988 548 988 510 992 453 987 452 987 412 992 411 992 399 987 398 987 341 986 269 986 269 986 268 986 267 986 258 991 254 991 212 985 211 985 210 985 188 990 187 990 115 990 115 1009"/></Shape>
	    <String CONTENT=""
                    HPOS="114.0"
                    VPOS="985.0"
                    WIDTH="904.0"
                    HEIGHT="73.0"
                    WC="0.9844779005417457"></String>
          </TextLine>

          
          
          <TextLine ID="eSc_line_ed56d8a8"
                    TAGREFS="LT15288"
                    BASELINE="115 1078 1016 1083" 
                    HPOS="114.0"
                    VPOS="1054.0"
                    WIDTH="902.0"
                    HEIGHT="75.0">
            <Shape><Polygon POINTS="115 1078 114 1109 127 1116 128 1116 129 1116 184 1110 219 1124 220 1124 221 1124 269 1121 278 1125 279 1125 280 1125 281 1125 282 1125 302 1112 307 1110 414 1110 471 1115 473 1116 491 1126 492 1126 493 1127 520 1127 520 1126 521 1126 522 1126 536 1118 548 1111 563 1111 596 1111 612 1120 617 1122 618 1122 619 1122 620 1122 625 1120 632 1118 638 1121 651 1127 652 1127 653 1128 685 1128 685 1127 686 1127 697 1122 710 1115 727 1123 735 1126 736 1126 737 1126 738 1126 746 1124 751 1121 759 1124 764 1125 765 1125 766 1125 767 1125 772 1124 797 1113 826 1125 834 1128 835 1128 1014 1129 1016 1083 1016 1064 809 1064 808 1063 800 1057 799 1057 798 1057 716 1056 715 1056 681 1062 680 1062 677 1062 592 1056 591 1056 590 1056 575 1062 574 1062 573 1062 560 1055 559 1055 558 1055 519 1061 517 1061 513 1061 415 1054 414 1054 115 1058 115 1078"/></Shape>
	    <String CONTENT=""
                    HPOS="114.0"
                    VPOS="1054.0"
                    WIDTH="902.0"
                    HEIGHT="75.0"
                    WC="0.9892158266660329"></String>
          </TextLine>

          
          
          <TextLine ID="eSc_line_7184362a"
                    TAGREFS="LT15288"
                    BASELINE="117 1141 1017 1150" 
                    HPOS="116.0"
                    VPOS="1121.0"
                    WIDTH="901.0"
                    HEIGHT="76.0">
            <Shape><Polygon POINTS="117 1141 116 1184 230 1191 231 1191 259 1184 268 1183 280 1184 304 1187 305 1187 306 1187 315 1183 338 1175 366 1175 384 1183 401 1192 402 1192 486 1193 487 1193 488 1193 509 1183 516 1180 523 1183 545 1194 546 1194 547 1195 612 1195 612 1194 612 1194 652 1183 667 1178 715 1178 740 1182 831 1197 832 1197 833 1197 867 1181 871 1180 879 1181 900 1184 901 1184 1016 1180 1017 1150 1017 1134 1001 1127 1001 1127 1000 1127 930 1133 923 1133 922 1133 913 1126 912 1126 911 1126 911 1126 827 1131 826 1131 813 1125 812 1125 811 1125 772 1131 767 1131 765 1131 748 1125 747 1125 747 1125 664 1129 645 1130 640 1129 612 1124 612 1124 571 1128 562 1129 430 1129 427 1126 419 1122 418 1122 418 1122 417 1122 351 1125 323 1127 248 1127 243 1124 238 1121 237 1121 236 1121 235 1121 216 1124 209 1125 117 1124 117 1141"/></Shape>
	    <String CONTENT=""
                    HPOS="116.0"
                    VPOS="1121.0"
                    WIDTH="901.0"
                    HEIGHT="76.0"
                    WC="0.9875027135014534"></String>
          </TextLine>

          
          
          <TextLine ID="eSc_line_41f31061"
                    TAGREFS="LT15288"
                    BASELINE="204 1212 915 1217" 
                    HPOS="203.0"
                    VPOS="1189.0"
                    WIDTH="712.0"
                    HEIGHT="73.0">
            <Shape><Polygon POINTS="204 1212 203 1242 321 1243 328 1246 361 1258 362 1258 363 1258 364 1258 377 1252 388 1257 389 1257 485 1258 486 1258 487 1258 514 1251 525 1248 536 1252 547 1256 548 1256 549 1256 550 1256 559 1253 576 1246 627 1246 661 1255 682 1260 683 1260 684 1261 760 1261 760 1260 761 1260 766 1257 774 1254 779 1258 783 1261 784 1261 785 1261 786 1261 787 1261 793 1258 802 1255 829 1259 840 1261 841 1261 842 1261 845 1260 866 1248 886 1261 887 1261 888 1261 889 1262 913 1262 915 1217 914 1199 817 1199 812 1198 770 1192 718 1192 717 1192 717 1192 701 1197 700 1197 697 1197 650 1192 649 1192 648 1192 633 1197 630 1197 628 1197 606 1191 605 1191 604 1191 603 1191 584 1197 583 1197 580 1197 474 1190 473 1190 446 1196 445 1196 428 1190 427 1190 426 1190 392 1196 388 1196 308 1196 307 1195 298 1190 297 1190 296 1190 295 1190 294 1190 288 1195 269 1190 269 1190 268 1190 267 1190 257 1194 250 1189 249 1189 248 1189 247 1189 204 1194 204 1212"/></Shape>
	    <String CONTENT=""
                    HPOS="203.0"
                    VPOS="1189.0"
                    WIDTH="712.0"
                    HEIGHT="73.0"
                    WC="0.9898952266999653"></String>
          </TextLine>

          
          
          <TextLine ID="eSc_line_3dec8bdb"
                    TAGREFS="LT15288"
                    BASELINE="116 1274 1016 1287" 
                    HPOS="115.0"
                    VPOS="1251.0"
                    WIDTH="901.0"
                    HEIGHT="79.0">
            <Shape><Polygon POINTS="116 1274 115 1301 141 1312 142 1312 143 1312 144 1312 176 1301 177 1301 242 1318 243 1318 244 1318 327 1307 371 1320 372 1320 484 1321 485 1321 538 1310 555 1307 567 1311 581 1316 582 1316 582 1316 583 1316 593 1312 600 1308 664 1308 677 1314 687 1317 688 1317 689 1317 690 1317 698 1315 709 1310 756 1310 780 1316 789 1318 790 1318 791 1318 817 1317 898 1313 925 1320 956 1329 956 1329 957 1330 1001 1330 1001 1329 1002 1329 1015 1322 1016 1287 1016 1262 963 1262 962 1262 961 1262 946 1269 914 1263 913 1263 912 1263 890 1269 879 1260 878 1260 877 1260 876 1260 875 1260 853 1264 789 1259 788 1259 746 1266 687 1257 683 1257 682 1257 681 1257 680 1257 668 1266 632 1266 572 1257 566 1256 565 1256 559 1256 508 1263 488 1255 486 1255 485 1255 484 1255 483 1255 481 1255 464 1260 435 1256 434 1256 374 1261 116 1251 116 1274"/></Shape>
	    <String CONTENT="אתה הוא יהוה אלהינו בשמים ו"
                    HPOS="115.0"
                    VPOS="1251.0"
                    WIDTH="901.0"
                    HEIGHT="79.0"
                    WC="0.9907060090233298"></String>
          </TextLine>

          
          
          <TextLine ID="eSc_line_9839e237"
                    TAGREFS="LT15288"
                    BASELINE="117 1341 879 1350" 
                    HPOS="116.0"
                    VPOS="1319.0"
                    WIDTH="763.0"
                    HEIGHT="66.0">
            <Shape><Polygon POINTS="117 1341 116 1374 164 1368 192 1375 193 1375 194 1375 225 1372 239 1376 242 1377 243 1377 244 1377 250 1376 285 1370 304 1377 307 1378 308 1378 309 1378 318 1377 356 1374 385 1378 391 1379 392 1379 393 1379 396 1378 410 1374 421 1379 424 1380 425 1380 426 1381 468 1381 468 1380 469 1380 470 1380 470 1379 478 1375 556 1377 557 1377 558 1377 572 1373 621 1381 622 1381 653 1375 674 1381 675 1381 676 1381 677 1381 701 1375 710 1381 711 1381 712 1381 713 1381 714 1381 715 1381 722 1375 739 1383 742 1384 743 1384 744 1385 777 1385 777 1384 778 1384 779 1384 796 1375 807 1380 808 1380 809 1380 860 1376 874 1385 879 1350 878 1330 803 1333 777 1329 767 1327 766 1327 765 1327 764 1327 762 1329 756 1333 732 1333 727 1329 726 1327 725 1327 724 1327 692 1326 691 1326 690 1326 686 1328 678 1331 662 1328 656 1327 655 1327 640 1328 604 1331 565 1327 527 1324 526 1324 525 1324 518 1327 511 1330 421 1330 410 1326 392 1322 391 1322 372 1326 362 1328 271 1328 269 1326 264 1321 264 1320 263 1320 262 1320 261 1320 239 1325 234 1326 228 1325 192 1319 191 1319 117 1324 117 1341"/></Shape>
	    <String CONTENT="בארץ ובשמי השמים העליונים"
                    HPOS="116.0"
                    VPOS="1319.0"
                    WIDTH="763.0"
                    HEIGHT="66.0"
                    WC="0.9950787598086942"></String>
          </TextLine>

          
          
          <TextLine ID="eSc_line_8cbe80a2"
                    TAGREFS="LT15288"
                    BASELINE="116 1409 1016 1419" 
                    HPOS="115.0"
                    VPOS="1391.0"
                    WIDTH="901.0"
                    HEIGHT="68.0">
            <Shape><Polygon POINTS="116 1409 115 1449 173 1448 206 1450 228 1452 229 1452 230 1452 236 1450 253 1444 278 1447 279 1447 280 1447 290 1442 323 1449 324 1449 384 1441 403 1449 412 1454 413 1454 414 1455 467 1455 467 1454 468 1454 487 1449 512 1443 547 1449 562 1451 563 1451 576 1449 595 1445 608 1449 613 1450 614 1450 615 1450 626 1449 637 1447 645 1449 668 1455 669 1455 670 1455 671 1455 689 1449 701 1445 744 1445 774 1448 864 1459 865 1459 911 1448 916 1447 932 1448 998 1451 999 1451 1000 1451 1016 1447 1016 1419 1016 1402 796 1395 795 1395 762 1399 756 1399 755 1399 749 1394 748 1394 747 1394 747 1394 674 1398 661 1398 657 1398 637 1393 636 1393 582 1397 571 1397 556 1396 479 1391 478 1391 116 1391 116 1409"/></Shape>
	    <String CONTENT=""
                    HPOS="115.0"
                    VPOS="1391.0"
                    WIDTH="901.0"
                    HEIGHT="68.0"
                    WC="0.9826816320419312"></String>
          </TextLine>

          
          
          <TextLine ID="eSc_line_d68b3318"
                    TAGREFS="LT15288"
                    BASELINE="116 1475 1016 1486" 
                    HPOS="115.0"
                    VPOS="1451.0"
                    WIDTH="901.0"
                    HEIGHT="83.0">
            <Shape><Polygon POINTS="115 1509 237 1509 242 1512 252 1517 253 1517 314 1525 315 1526 343 1526 343 1525 343 1525 367 1513 373 1513 394 1511 398 1513 409 1519 410 1519 411 1519 469 1515 498 1528 499 1528 500 1528 501 1528 527 1520 582 1529 582 1529 638 1517 648 1523 649 1523 650 1523 651 1523 678 1522 715 1531 716 1531 717 1531 773 1527 869 1533 870 1533 871 1533 883 1528 940 1534 941 1534 941 1534 971 1519 1015 1519 1016 1486 1016 1471 981 1464 980 1464 979 1464 970 1469 937 1468 922 1461 921 1461 920 1461 873 1467 866 1468 851 1467 777 1459 776 1459 775 1459 762 1465 758 1467 727 1467 716 1464 689 1458 688 1458 619 1462 572 1464 559 1461 553 1459 552 1459 551 1459 537 1460 506 1464 355 1463 324 1455 315 1454 314 1454 306 1455 267 1461 253 1454 252 1454 251 1454 250 1454 206 1459 189 1452 185 1451 184 1451 117 1451 116 1475 115 1509"/></Shape>
	    <String CONTENT="ומבלעדיך אין אלהים: קבץ קויך מארבע"
                    HPOS="115.0"
                    VPOS="1451.0"
                    WIDTH="901.0"
                    HEIGHT="83.0"
                    WC="0.9920095048452678"></String>
          </TextLine>

          
          
          <TextLine ID="eSc_line_b6ca85cd"
                    TAGREFS="LT15288"
                    BASELINE="117 1541 1016 1552" 
                    HPOS="116.0"
                    VPOS="1520.0"
                    WIDTH="900.0"
                    HEIGHT="85.0">
            <Shape><Polygon POINTS="117 1541 116 1574 151 1578 181 1591 182 1591 183 1591 184 1591 213 1582 243 1589 244 1589 282 1580 293 1578 340 1578 354 1582 359 1584 360 1584 361 1584 370 1583 393 1579 410 1584 439 1595 440 1595 503 1598 504 1598 505 1598 527 1592 539 1596 540 1596 541 1596 542 1596 561 1589 586 1582 638 1582 684 1582 706 1595 719 1601 720 1601 721 1601 749 1596 755 1595 757 1596 764 1601 765 1601 766 1601 867 1603 868 1603 869 1603 870 1603 875 1600 890 1591 918 1590 927 1595 928 1595 929 1595 930 1595 939 1591 965 1603 968 1604 969 1604 970 1605 1014 1605 1016 1552 1016 1537 955 1536 955 1535 938 1529 937 1529 936 1529 844 1533 843 1533 788 1526 787 1526 712 1531 707 1531 702 1531 640 1524 639 1524 596 1529 584 1530 578 1529 553 1523 553 1523 532 1528 530 1529 417 1529 382 1525 322 1521 321 1521 305 1524 296 1526 284 1523 266 1520 265 1520 117 1521 117 1541"/></Shape>
	    <String CONTENT="כנפות הארץ, יכירו וידעו כל באי עולם כי אתה"
                    HPOS="116.0"
                    VPOS="1520.0"
                    WIDTH="900.0"
                    HEIGHT="85.0"
                    WC="0.9831967007282169"></String>
          </TextLine>

          
        </TextBlock>
        

        
      </PrintSpace>
    </Page>
  </Layout>
</alto>
