<?xml version="1.0" encoding="UTF-8"?>
<alto xmlns:xsi="http://www.w3.org/2001/XMLSchema-instance"
      xmlns="http://www.loc.gov/standards/alto/ns-v4#"
      xsi:schemaLocation="http://www.loc.gov/standards/alto/ns-v4# http://www.loc.gov/standards/alto/v4/alto-4-2.xsd">
  <Description>
    <MeasurementUnit>pixel</MeasurementUnit>
    <sourceImageInformation>
      <fileName>IE87705976_00034.jpg</fileName>
      <fileIdentifier>mets//export_doc4366_1col_14_copy_alto_202404261215.zip/IE87705976_00034.jpg</fileIdentifier>
    </sourceImageInformation>
  </Description>
  
  <Tags>
    <OtherTag ID="BT6914" LABEL="Handwritten" DESCRIPTION="block type Handwritten"/><OtherTag ID="BT6913" LABEL="RunningHeader" DESCRIPTION="block type RunningHeader"/><OtherTag ID="BT6912" LABEL="Catchword" DESCRIPTION="block type Catchword"/><OtherTag ID="BT6911" LABEL="Margin" DESCRIPTION="block type Margin"/><OtherTag ID="BT6910" LABEL="FooterCentral" DESCRIPTION="block type FooterCentral"/><OtherTag ID="BT6909" LABEL="MainCentral" DESCRIPTION="block type MainCentral"/><OtherTag ID="BT6908" LABEL="Header" DESCRIPTION="block type Header"/><OtherTag ID="BT4" LABEL="Illustration" DESCRIPTION="block type Illustration"/><OtherTag ID="BT3" LABEL="Commentary" DESCRIPTION="block type Commentary"/><OtherTag ID="BT2" LABEL="Main" DESCRIPTION="block type Main"/><OtherTag ID="BT1" LABEL="Title" DESCRIPTION="block type Title"/>
    <OtherTag ID="LT15289" LABEL="Handwritten" DESCRIPTION="line type Handwritten"/><OtherTag ID="LT15288" LABEL="MainCentral" DESCRIPTION="line type MainCentral"/><OtherTag ID="LT15287" LABEL="NotMain" DESCRIPTION="line type NotMain"/>
  </Tags>
  
  <Layout>
    <Page WIDTH="1112"
          HEIGHT="1396"
          PHYSICAL_IMG_NR="45"
          ID="eSc_dummypage_">
      <PrintSpace HPOS="0"
                  VPOS="0"
                  WIDTH="1112"
                  HEIGHT="1396">
        
        <TextBlock HPOS="6.0"
                   VPOS="108.0"
                   WIDTH="972.0"
                   HEIGHT="1206.0"
                   ID="eSc_textblock_90e2102a"
                   TAGREFS="BT6909">
          <Shape><Polygon POINTS="941 111 978 124 978 1215 963 1311 393 1314 6 1302 6 120 40 108"/></Shape>
          
          
          <TextLine ID="eSc_line_003c98a6"
                    TAGREFS="LT15288"
                    BASELINE="18 129 966 131" 
                    HPOS="16.0"
                    VPOS="108.0"
                    WIDTH="949.0"
                    HEIGHT="75.0">
            <Shape><Polygon POINTS="959 118 947 114 936 110 924 110 912 110 901 110 889 110 877 110 866 110 854 110 843 110 831 110 819 110 815 110 792 111 784 110 784 110 773 110 761 110 749 110 738 110 726 110 719 110 705 114 704 114 702 114 688 110 680 110 668 110 656 110 654 110 646 114 641 115 633 114 610 109 598 109 586 109 575 109 572 109 562 114 557 115 554 114 542 109 540 109 528 109 516 109 514 109 506 112 492 109 482 109 470 109 458 109 447 109 435 109 423 109 414 109 404 110 400 109 400 109 388 109 377 109 369 109 363 112 350 109 342 109 330 108 319 108 307 108 305 108 300 109 287 108 284 108 272 108 260 108 249 108 237 108 229 108 221 112 216 115 24 112 17 116 17 127 16 151 194 152 200 157 227 174 228 174 229 174 230 174 281 166 313 181 314 181 315 181 412 174 451 181 452 181 454 181 487 165 521 176 522 176 523 176 548 174 560 182 561 182 562 182 563 182 564 182 600 172 622 182 624 182 625 183 666 183 666 182 667 182 695 168 720 157 756 171 782 180 783 180 784 180 826 172 848 168 854 173 866 182 867 182 868 182 869 183 886 183 886 182 887 182 888 182 900 174 916 164 933 175 941 180 943 180 944 180 945 180 946 180 964 175 965 130 965 119 959 118"/></Shape>
	    <String CONTENT=""
                    HPOS="16.0"
                    VPOS="108.0"
                    WIDTH="949.0"
                    HEIGHT="75.0"
                    WC="0.9918267391622066"></String>
          </TextLine>

          
          
          <TextLine ID="eSc_line_7d48a026"
                    TAGREFS="LT15288"
                    BASELINE="10 203 966 198" 
                    HPOS="9.0"
                    VPOS="175.0"
                    WIDTH="957.0"
                    HEIGHT="75.0">
            <Shape><Polygon POINTS="10 203 10 240 58 237 68 241 85 249 86 249 86 250 168 250 168 249 169 249 188 241 206 234 255 234 277 241 292 246 293 246 294 246 318 244 318 244 324 241 340 233 441 233 460 241 467 244 468 244 469 244 470 244 479 241 495 236 509 241 516 244 516 244 517 244 518 244 524 241 531 238 539 241 552 247 553 247 554 247 554 247 575 241 578 240 583 241 600 247 601 247 602 248 647 248 647 247 647 247 661 241 683 231 762 236 771 241 782 246 782 246 783 246 841 241 848 241 854 241 890 245 890 245 891 245 901 241 914 235 927 241 937 245 938 245 938 245 966 241 966 198 966 180 931 175 930 175 929 175 918 179 904 176 904 176 903 176 874 180 873 180 860 176 859 176 859 176 832 180 810 176 809 176 808 176 794 181 793 181 792 181 779 176 778 176 777 176 704 181 687 176 686 176 685 176 685 176 675 181 633 182 618 182 616 182 592 176 592 176 563 182 490 176 489 176 426 183 403 176 402 176 348 176 347 176 346 176 335 182 222 177 221 177 221 177 200 183 155 180 155 180 103 184 89 178 88 178 47 178 46 178 45 178 31 185 9 185 10 203"/></Shape>
	    <String CONTENT=""
                    HPOS="9.0"
                    VPOS="175.0"
                    WIDTH="957.0"
                    HEIGHT="75.0"
                    WC="0.9922277447250154"></String>
          </TextLine>

          
          
          <TextLine ID="eSc_line_4beab188"
                    TAGREFS="LT15288"
                    BASELINE="12 269 26 269 205 270 963 267" 
                    HPOS="11.0"
                    VPOS="241.0"
                    WIDTH="951.0"
                    HEIGHT="81.0">
            <Shape><Polygon POINTS="11 309 31 308 32 308 33 308 54 293 236 293 271 311 272 311 273 311 274 311 299 303 314 312 317 315 319 315 320 315 321 315 334 312 337 312 340 312 360 321 362 321 363 322 425 322 425 321 426 321 440 314 451 308 470 314 477 316 478 316 479 316 480 316 485 314 499 309 506 315 514 321 515 321 516 321 518 321 519 321 537 315 548 311 556 315 568 321 569 321 570 321 571 321 572 321 579 315 588 310 629 316 662 319 663 319 664 319 666 319 671 316 716 290 768 317 774 319 775 319 776 319 790 317 848 305 873 318 876 319 877 319 879 319 880 319 881 319 882 318 911 300 936 318 937 318 938 318 939 319 961 319 962 266 960 248 874 251 867 247 858 241 856 241 855 241 854 241 853 241 852 241 844 247 837 252 803 247 758 241 756 241 755 241 738 247 727 251 667 247 625 245 624 245 604 247 567 252 554 247 542 243 541 243 463 243 462 243 461 243 450 247 428 255 416 246 412 243 411 243 409 243 408 243 383 246 370 248 362 246 346 243 345 243 344 243 321 246 295 251 277 246 266 244 265 244 264 244 263 244 256 246 229 258 43 258 12 246 11 268 11 309"/></Shape>
	    <String CONTENT=""
                    HPOS="11.0"
                    VPOS="241.0"
                    WIDTH="951.0"
                    HEIGHT="81.0"
                    WC="0.9879307289918263"></String>
          </TextLine>

          
          
          <TextLine ID="eSc_line_b8d5221b"
                    TAGREFS="LT15288"
                    BASELINE="2 373 64 373 127 374 521 376 965 373" 
                    HPOS="1.0"
                    VPOS="343.0"
                    WIDTH="963.0"
                    HEIGHT="78.0">
            <Shape><Polygon POINTS="1 395 149 395 156 400 167 408 168 408 170 408 171 408 172 408 173 408 180 402 194 410 195 410 196 410 197 410 216 401 241 419 242 419 243 419 244 419 287 416 288 416 289 416 307 403 309 401 321 403 327 404 328 404 329 404 330 404 330 403 337 399 348 404 378 419 379 419 380 421 415 421 415 419 416 419 418 419 436 407 449 397 465 407 487 419 489 419 490 421 536 421 536 419 537 419 557 409 577 399 593 409 595 409 596 409 597 409 650 409 655 411 666 419 667 419 668 419 669 421 689 421 689 419 690 419 691 419 700 412 717 401 740 401 770 415 780 418 781 418 782 418 783 418 795 415 804 412 823 416 840 418 841 418 843 418 844 418 846 416 875 394 900 412 901 412 902 412 961 418 964 372 962 352 867 345 866 345 865 345 850 351 841 353 832 351 806 343 805 343 804 343 765 350 763 350 753 343 752 343 751 343 749 343 748 343 733 350 721 355 709 350 699 345 698 345 697 345 678 350 661 353 655 349 649 344 648 344 647 344 622 344 621 344 620 344 611 349 592 359 562 349 561 349 513 349 508 349 507 349 459 359 414 352 413 352 412 352 385 359 356 346 349 344 348 344 268 344 267 344 266 344 259 346 232 354 192 350 190 350 189 350 161 360 29 360 3 344 1 372 1 395"/></Shape>
	    <String CONTENT=""
                    HPOS="1.0"
                    VPOS="343.0"
                    WIDTH="963.0"
                    HEIGHT="78.0"
                    WC="0.9952059476463883"></String>
          </TextLine>

          
          
          <TextLine ID="eSc_line_dd6f6e37"
                    TAGREFS="LT15288"
                    BASELINE="96 335 273 332" 
                    HPOS="95.0"
                    VPOS="312.0"
                    WIDTH="178.0"
                    HEIGHT="47.0">
            <Shape><Polygon POINTS="96 354 183 359 184 359 185 359 200 354 227 358 228 358 273 351 273 332 272 312 226 313 225 313 221 315 209 321 183 321 179 317 176 315 176 314 175 314 174 314 173 314 152 319 137 322 132 321 122 315 121 315 120 315 119 315 112 321 111 322 95 322 96 335"/></Shape>
	    <String CONTENT=""
                    HPOS="95.0"
                    VPOS="312.0"
                    WIDTH="178.0"
                    HEIGHT="47.0"
                    WC="0.9316751718521118"></String>
          </TextLine>

          
          
          <TextLine ID="eSc_line_e3d4a4ca"
                    TAGREFS="LT15288"
                    BASELINE="3 442 458 445 966 440" 
                    HPOS="3.0"
                    VPOS="412.0"
                    WIDTH="963.0"
                    HEIGHT="78.0">
            <Shape><Polygon POINTS="3 442 3 476 38 476 42 476 62 483 62 483 63 483 64 483 79 477 108 490 109 490 110 490 134 487 135 487 155 478 156 477 159 478 185 487 186 487 187 487 242 479 270 475 331 475 347 480 375 489 376 489 377 490 410 490 410 489 411 489 428 481 437 476 446 480 446 480 447 480 462 478 471 481 491 489 491 489 492 490 533 490 533 489 533 489 545 483 583 488 584 488 585 488 601 483 627 474 755 474 784 485 793 488 793 488 794 488 795 488 800 485 805 483 810 485 815 487 816 487 817 488 887 488 887 487 888 487 893 486 907 483 965 487 966 440 966 425 911 413 911 413 864 424 861 424 807 423 784 423 771 416 770 416 769 416 769 416 755 423 750 425 741 422 710 415 710 415 685 419 669 412 668 412 625 412 624 412 623 412 594 421 586 425 536 425 519 421 519 421 518 421 424 425 412 421 412 421 411 421 410 421 401 425 384 420 360 413 360 413 281 413 280 413 280 413 259 419 243 424 205 418 178 415 177 415 176 415 164 418 138 426 90 426 72 418 65 414 64 414 63 414 62 414 55 418 41 423 29 418 26 416 25 416 24 416 3 417 3 442"/></Shape>
	    <String CONTENT=""
                    HPOS="3.0"
                    VPOS="412.0"
                    WIDTH="963.0"
                    HEIGHT="78.0"
                    WC="0.9841578194073268"></String>
          </TextLine>

          
          
          <TextLine ID="eSc_line_ac26aa60"
                    TAGREFS="LT15288"
                    BASELINE="3 510 484 514 967 508" 
                    HPOS="3.0"
                    VPOS="486.0"
                    WIDTH="964.0"
                    HEIGHT="74.0">
            <Shape><Polygon POINTS="3 510 3 545 60 547 89 559 90 559 90 559 145 555 145 555 166 548 174 545 221 545 229 549 252 559 253 559 254 560 280 560 280 559 280 559 293 554 305 557 306 557 307 557 308 557 324 550 335 545 364 545 377 551 396 559 397 559 398 560 479 560 479 559 480 559 497 552 512 546 546 547 561 553 569 556 570 556 571 556 599 553 606 553 610 554 640 559 641 559 642 559 653 554 675 545 726 545 762 556 770 558 771 558 772 558 772 558 778 556 793 550 814 554 815 554 816 554 835 548 855 557 860 559 861 559 862 559 887 559 887 559 888 559 891 557 913 547 940 558 942 559 943 559 944 559 966 558 967 508 966 490 795 488 794 488 793 488 786 490 779 492 774 490 769 488 768 488 767 488 753 490 733 494 663 494 655 490 652 489 651 489 651 489 636 490 626 491 620 490 595 486 595 486 594 486 581 490 572 494 484 494 468 490 449 487 412 487 412 487 411 487 402 490 394 495 319 495 302 490 284 487 283 487 199 490 198 490 196 490 188 494 152 490 124 488 124 488 3 490 3 510"/></Shape>
	    <String CONTENT="ברוך אתה ה' אלהינו מלך העולם"
                    HPOS="3.0"
                    VPOS="486.0"
                    WIDTH="964.0"
                    HEIGHT="74.0"
                    WC="0.9947645374706813"></String>
          </TextLine>

          
          
          <TextLine ID="eSc_line_aa0079cb"
                    TAGREFS="LT15288"
                    BASELINE="3 579 495 582 834 577" 
                    HPOS="3.0"
                    VPOS="556.0"
                    WIDTH="831.0"
                    HEIGHT="70.0">
            <Shape><Polygon POINTS="3 615 108 619 121 625 122 625 123 625 158 621 177 625 178 625 179 625 208 615 213 615 252 615 255 616 273 625 273 625 274 626 296 626 296 625 297 625 310 618 372 625 373 625 374 625 374 625 387 618 394 621 395 621 396 621 397 621 407 616 412 615 438 616 457 618 475 625 476 625 477 626 547 626 547 625 548 625 568 617 575 615 601 615 606 617 622 625 623 625 623 625 624 625 645 617 652 615 665 617 682 621 683 621 684 621 694 618 703 615 728 615 741 618 772 625 772 625 773 625 797 621 817 625 817 625 818 625 834 618 834 577 834 556 780 556 779 556 779 556 769 560 757 556 756 556 683 556 682 556 680 556 658 562 649 558 648 558 647 558 589 563 540 563 530 557 529 556 528 556 527 556 518 557 469 563 357 563 343 558 339 556 338 556 337 556 328 558 306 562 284 558 274 556 273 556 262 558 235 563 204 563 196 559 190 556 190 556 189 556 175 559 152 562 3 559 3 579 3 615"/></Shape>
	    <String CONTENT=""
                    HPOS="3.0"
                    VPOS="556.0"
                    WIDTH="831.0"
                    HEIGHT="70.0"
                    WC="0.9943689493572011"></String>
          </TextLine>

          
          
          <TextLine ID="eSc_line_72b49c91"
                    TAGREFS="LT15288"
                    BASELINE="4 657 963 657" 
                    HPOS="4.0"
                    VPOS="629.0"
                    WIDTH="959.0"
                    HEIGHT="76.0">
            <Shape><Polygon POINTS="4 657 4 694 31 692 44 694 67 699 68 699 69 699 79 695 86 692 129 692 137 695 155 704 156 704 157 704 158 704 179 696 189 692 212 697 228 699 229 699 250 697 289 692 301 698 311 702 311 702 312 702 313 702 324 698 335 692 377 692 397 698 410 703 411 703 412 703 412 703 423 699 429 697 439 699 464 704 464 705 496 705 496 704 497 704 507 700 509 699 510 700 522 704 523 704 523 705 552 705 552 704 553 704 562 701 565 699 568 701 578 704 578 704 579 705 671 705 671 704 685 701 705 698 721 702 722 702 723 702 724 702 724 702 725 702 737 697 754 702 760 704 761 704 762 704 762 704 766 703 789 692 866 692 897 704 899 704 900 704 900 704 904 704 929 699 963 704 963 657 963 633 954 629 953 629 952 629 924 634 913 635 897 634 870 632 869 632 857 635 842 638 824 635 803 631 803 631 760 635 742 636 734 635 703 629 654 629 654 629 653 629 637 635 606 631 606 631 605 631 591 635 588 636 585 635 574 632 573 632 572 632 571 632 562 635 557 638 540 635 523 634 523 634 522 634 517 636 513 639 460 639 454 636 435 629 434 629 433 629 433 629 412 636 408 639 322 639 317 637 297 632 296 632 295 632 280 635 266 629 266 629 218 629 218 629 217 629 204 635 152 631 152 631 124 636 24 631 24 631 23 631 6 637 4 657"/></Shape>
	    <String CONTENT="ויהי רצון מלפניך ה' אלהינו ואלהי אבותינו"
                    HPOS="4.0"
                    VPOS="629.0"
                    WIDTH="959.0"
                    HEIGHT="76.0"
                    WC="0.9847682297229767"></String>
          </TextLine>

          
          
          <TextLine ID="eSc_line_47f5896a"
                    TAGREFS="LT15288"
                    BASELINE="4 724 580 725 860 721" 
                    HPOS="4.0"
                    VPOS="701.0"
                    WIDTH="856.0"
                    HEIGHT="67.0">
            <Shape><Polygon POINTS="4 724 4 753 98 753 101 753 146 763 147 763 148 763 169 753 170 753 218 753 219 753 245 767 246 767 247 768 290 768 290 767 290 767 307 759 324 765 325 765 325 765 326 765 338 760 353 767 353 767 354 768 387 768 387 767 387 767 423 753 450 767 450 767 451 768 500 768 500 767 551 767 613 753 613 753 615 753 627 756 627 756 628 756 629 756 640 753 641 753 664 762 665 762 700 767 701 767 702 767 720 758 742 765 743 765 744 765 744 765 771 753 796 763 797 763 798 763 799 763 830 753 859 753 860 721 859 701 811 706 789 701 787 701 786 701 786 701 785 701 772 707 726 707 685 702 673 701 672 701 672 701 668 702 659 706 499 708 277 708 273 705 266 702 265 702 264 702 214 705 191 707 149 706 11 702 10 702 10 702 9 702 6 704 4 724"/></Shape>
	    <String CONTENT="שתרגילנו בתורתך. ודבקנו במצותיך."
                    HPOS="4.0"
                    VPOS="701.0"
                    WIDTH="856.0"
                    HEIGHT="67.0"
                    WC="0.9907955955713987"></String>
          </TextLine>

          
          
          <TextLine ID="eSc_line_579b0f6f"
                    TAGREFS="LT15288"
                    BASELINE="5 791 966 791" 
                    HPOS="5.0"
                    VPOS="765.0"
                    WIDTH="961.0"
                    HEIGHT="71.0">
            <Shape><Polygon POINTS="5 791 5 830 46 822 90 826 91 826 161 822 175 829 187 835 188 835 189 836 255 836 255 835 256 835 270 828 282 822 346 822 357 827 363 830 364 830 365 830 401 827 451 822 465 826 490 834 491 834 555 835 556 835 557 835 576 825 583 822 595 822 603 825 631 835 632 835 633 835 633 835 654 825 658 823 689 822 695 824 708 829 709 829 710 829 724 827 740 835 741 835 741 835 778 830 796 835 797 835 798 836 860 836 860 835 861 835 878 827 928 832 929 832 930 832 966 822 966 791 966 773 923 772 909 765 908 765 859 765 858 765 821 773 815 774 810 773 796 770 796 770 692 771 674 765 673 765 646 765 645 765 644 765 627 773 624 774 621 773 599 768 599 768 598 768 586 773 584 774 428 774 426 774 408 766 407 766 406 766 359 774 356 774 355 774 337 765 336 765 296 765 295 765 294 765 271 773 133 767 132 767 5 774 5 791"/></Shape>
	    <String CONTENT="ואל תביאנו לא לידי חטא. ולא לידי עברה ועון. ולא"
                    HPOS="5.0"
                    VPOS="765.0"
                    WIDTH="961.0"
                    HEIGHT="71.0"
                    WC="0.9608835577964783"></String>
          </TextLine>

          
          
          <TextLine ID="eSc_line_c3336d81"
                    TAGREFS="LT15288"
                    BASELINE="3 860 967 858" 
                    HPOS="3.0"
                    VPOS="832.0"
                    WIDTH="964.0"
                    HEIGHT="74.0">
            <Shape><Polygon POINTS="3 860 3 898 19 904 20 904 20 904 21 904 34 898 46 894 70 898 83 901 83 901 84 901 90 898 106 891 121 891 138 898 155 905 156 905 157 906 199 906 199 905 241 901 242 901 248 898 263 891 314 891 337 892 349 898 364 905 365 905 366 905 412 901 458 905 459 905 460 905 475 898 490 891 529 891 544 898 557 904 558 904 559 904 560 904 572 898 588 891 630 891 647 898 648 898 649 898 651 898 674 893 686 898 705 905 706 905 706 905 768 905 768 905 769 905 780 899 792 905 793 905 793 905 822 905 822 905 823 905 841 898 858 891 887 891 907 898 920 901 921 901 921 901 966 897 967 858 966 837 955 832 954 832 925 832 924 832 924 832 912 838 911 838 909 838 890 834 889 834 888 834 876 838 855 843 823 837 793 832 793 832 762 837 724 843 711 837 701 832 700 832 657 832 656 832 655 832 641 837 627 842 617 837 607 832 606 832 557 832 556 832 534 837 505 843 405 839 405 839 404 839 386 845 329 845 308 840 307 840 225 843 155 839 154 839 117 843 3 836 3 860"/></Shape>
	    <String CONTENT=""
                    HPOS="3.0"
                    VPOS="832.0"
                    WIDTH="964.0"
                    HEIGHT="74.0"
                    WC="0.9725248515605927"></String>
          </TextLine>

          
          
          <TextLine ID="eSc_line_5c59f4a2"
                    TAGREFS="LT15288"
                    BASELINE="3 927 967 927" 
                    HPOS="3.0"
                    VPOS="902.0"
                    WIDTH="964.0"
                    HEIGHT="72.0">
            <Shape><Polygon POINTS="3 927 3 960 93 960 122 973 123 973 124 973 173 964 201 970 202 970 203 970 226 960 285 964 305 973 306 973 307 974 356 974 356 973 357 973 387 964 426 967 427 967 428 967 436 964 481 973 481 973 482 973 516 960 554 973 555 973 556 974 634 974 634 973 635 973 649 968 666 973 667 973 668 974 720 974 720 973 720 973 735 966 812 973 813 973 814 973 845 960 879 967 880 967 881 967 897 960 967 960 967 927 967 908 897 908 897 907 881 902 880 902 879 902 859 907 852 908 838 907 800 903 799 903 798 903 791 906 788 908 779 906 769 905 769 905 761 906 746 909 726 906 708 903 707 903 674 905 621 910 582 905 559 902 558 902 557 902 547 905 535 908 526 905 524 904 523 904 523 904 522 904 519 905 509 910 477 905 476 905 475 905 464 911 318 911 309 906 308 906 308 906 270 910 223 904 222 904 136 910 121 905 121 905 120 905 103 908 76 902 74 902 3 902 3 927"/></Shape>
	    <String CONTENT=""
                    HPOS="3.0"
                    VPOS="902.0"
                    WIDTH="964.0"
                    HEIGHT="72.0"
                    WC="0.9943335867590375"></String>
          </TextLine>

          
          
          <TextLine ID="eSc_line_7c6e2edd"
                    TAGREFS="LT15288"
                    BASELINE="3 996 967 994" 
                    HPOS="3.0"
                    VPOS="973.0"
                    WIDTH="964.0"
                    HEIGHT="70.0">
            <Shape><Polygon POINTS="3 996 4 1040 27 1029 70 1040 71 1040 72 1040 72 1040 97 1029 179 1029 200 1039 211 1043 212 1043 213 1043 214 1043 228 1038 251 1030 270 1038 285 1043 286 1043 287 1043 287 1043 310 1037 311 1037 313 1037 330 1043 331 1043 332 1043 374 1043 374 1043 374 1043 387 1036 398 1032 408 1036 422 1043 422 1043 423 1043 483 1043 483 1043 484 1043 494 1038 505 1043 506 1043 507 1043 561 1043 561 1043 562 1043 579 1035 593 1028 603 1033 604 1033 605 1033 637 1028 651 1034 658 1037 659 1037 660 1037 661 1037 669 1034 673 1033 676 1034 693 1042 694 1042 695 1042 696 1042 728 1033 753 1027 838 1027 849 1033 870 1042 871 1042 872 1043 944 1043 944 1042 945 1042 967 1031 967 994 966 979 925 973 924 973 877 978 869 979 860 978 824 974 823 974 822 974 810 978 808 978 806 978 782 973 729 973 728 973 705 977 697 979 688 977 672 975 672 975 633 977 589 980 546 977 526 976 526 976 525 976 522 977 514 980 498 977 492 976 491 976 491 976 488 977 476 980 357 980 346 976 337 974 336 974 336 974 335 974 329 976 322 979 301 976 293 975 292 975 285 976 254 981 204 977 204 977 141 981 129 975 127 974 126 974 125 974 3 974 3 996"/></Shape>
	    <String CONTENT=""
                    HPOS="3.0"
                    VPOS="973.0"
                    WIDTH="964.0"
                    HEIGHT="70.0"
                    WC="0.9883901708655887"></String>
          </TextLine>

          
          
          <TextLine ID="eSc_line_f78ac088"
                    TAGREFS="LT15288"
                    BASELINE="5 1061 538 1065 967 1061" 
                    HPOS="5.0"
                    VPOS="1040.0"
                    WIDTH="962.0"
                    HEIGHT="72.0">
            <Shape><Polygon POINTS="5 1061 5 1100 12 1098 19 1100 45 1110 46 1110 67 1111 68 1111 69 1111 94 1102 102 1098 202 1096 222 1102 246 1111 247 1111 248 1111 305 1107 306 1107 313 1104 318 1102 323 1104 338 1111 339 1111 339 1112 379 1112 379 1111 380 1111 396 1105 419 1096 465 1096 493 1103 494 1103 495 1103 533 1098 550 1106 554 1109 555 1109 556 1109 557 1109 561 1106 578 1098 626 1101 627 1101 627 1101 646 1096 689 1102 689 1102 690 1102 701 1098 729 1109 736 1111 737 1111 737 1112 796 1112 796 1111 797 1111 800 1109 821 1100 892 1110 897 1111 898 1112 966 1112 967 1061 967 1043 960 1040 959 1040 959 1040 921 1043 845 1040 845 1040 844 1040 835 1043 830 1047 801 1047 787 1043 772 1040 772 1040 660 1040 659 1040 658 1040 649 1043 644 1045 637 1043 628 1040 627 1040 586 1040 585 1040 585 1040 573 1043 558 1047 445 1047 429 1042 420 1040 419 1040 419 1040 418 1040 412 1042 407 1044 399 1042 389 1040 388 1040 387 1040 387 1040 381 1042 370 1048 277 1048 260 1042 256 1040 256 1040 255 1040 254 1040 249 1042 231 1047 209 1042 208 1042 207 1042 188 1047 173 1041 168 1040 167 1040 166 1040 157 1041 131 1047 117 1041 115 1040 114 1040 114 1040 5 1041 5 1061"/></Shape>
	    <String CONTENT=""
                    HPOS="5.0"
                    VPOS="1040.0"
                    WIDTH="962.0"
                    HEIGHT="72.0"
                    WC="0.9920303308301501"></String>
          </TextLine>

          
          
          <TextLine ID="eSc_line_dbadbf35"
                    TAGREFS="LT15288"
                    BASELINE="160 1133 798 1130" 
                    HPOS="159.0"
                    VPOS="1105.0"
                    WIDTH="639.0"
                    HEIGHT="70.0">
            <Shape><Polygon POINTS="160 1133 161 1169 190 1162 223 1170 241 1174 242 1174 242 1174 243 1174 248 1170 259 1162 278 1162 304 1171 308 1171 308 1171 309 1171 310 1171 311 1171 311 1171 324 1161 362 1161 377 1171 377 1171 377 1171 378 1171 379 1171 384 1171 397 1169 401 1171 408 1174 408 1174 436 1175 436 1175 437 1175 445 1171 465 1161 492 1161 533 1172 536 1173 536 1173 537 1173 538 1173 540 1172 546 1170 559 1172 571 1174 572 1174 573 1174 574 1174 577 1172 587 1167 614 1173 623 1174 624 1174 625 1174 629 1173 651 1164 668 1167 669 1167 670 1167 695 1160 713 1174 714 1174 715 1174 716 1174 797 1174 798 1130 796 1112 730 1116 715 1112 703 1109 703 1109 702 1109 674 1112 642 1115 623 1111 609 1109 609 1109 597 1111 579 1116 575 1112 574 1112 573 1112 572 1112 571 1112 561 1116 524 1112 523 1112 488 1116 478 1111 470 1105 469 1105 468 1105 436 1105 436 1105 435 1105 416 1110 404 1114 391 1110 380 1106 379 1106 378 1106 377 1106 377 1106 372 1110 362 1118 349 1118 306 1109 281 1105 280 1105 280 1105 279 1105 273 1109 266 1116 252 1116 232 1114 226 1109 221 1105 221 1105 220 1105 219 1105 159 1109 160 1133"/></Shape>
	    <String CONTENT="חסדים טובים לעמו ישראל:"
                    HPOS="159.0"
                    VPOS="1105.0"
                    WIDTH="639.0"
                    HEIGHT="70.0"
                    WC="0.9943109543427177"></String>
          </TextLine>

          
          
          <TextLine ID="eSc_line_9dfb49a3"
                    TAGREFS="LT15288"
                    BASELINE="4 1199 966 1201" 
                    HPOS="4.0"
                    VPOS="1174.0"
                    WIDTH="962.0"
                    HEIGHT="72.0">
            <Shape><Polygon POINTS="4 1199 4 1241 27 1232 47 1241 51 1243 51 1243 52 1243 62 1241 88 1235 122 1235 135 1240 145 1244 146 1244 147 1245 169 1245 169 1244 170 1244 180 1240 193 1234 208 1240 221 1244 222 1244 223 1244 249 1240 273 1235 292 1235 305 1239 324 1245 325 1245 325 1245 326 1245 344 1239 353 1236 398 1236 403 1238 417 1244 418 1244 419 1244 419 1244 436 1238 443 1235 567 1233 576 1237 593 1245 594 1245 713 1246 713 1246 714 1246 731 1241 791 1246 792 1246 793 1246 816 1235 819 1233 879 1233 882 1234 904 1244 905 1244 906 1244 907 1244 921 1238 935 1243 935 1243 936 1243 937 1243 966 1233 966 1201 966 1182 952 1177 952 1177 951 1177 921 1181 906 1175 905 1175 812 1175 811 1175 810 1175 792 1181 790 1181 775 1181 633 1174 633 1174 632 1174 612 1180 609 1181 599 1180 537 1175 536 1175 536 1175 522 1180 518 1181 491 1180 415 1176 415 1176 332 1179 295 1180 290 1178 272 1174 271 1174 270 1174 190 1175 190 1175 183 1178 179 1180 5 1178 4 1199"/></Shape>
	    <String CONTENT="יהי רצון מלפניך ה' אלהי ואלהי אבותי"
                    HPOS="4.0"
                    VPOS="1174.0"
                    WIDTH="962.0"
                    HEIGHT="72.0"
                    WC="0.9983512131791366"></String>
          </TextLine>

          
          
          <TextLine ID="eSc_line_44795b16"
                    TAGREFS="LT15288"
                    BASELINE="3 1264 371 1268 885 1266" 
                    HPOS="3.0"
                    VPOS="1243.0"
                    WIDTH="882.0"
                    HEIGHT="73.0">
            <Shape><Polygon POINTS="3 1264 3 1303 40 1306 61 1316 62 1316 62 1316 82 1316 82 1316 83 1316 105 1304 151 1316 152 1316 152 1316 180 1309 207 1316 208 1316 209 1316 233 1306 256 1309 256 1310 256 1309 284 1304 287 1304 336 1304 336 1304 346 1309 347 1309 348 1309 349 1309 365 1306 384 1310 385 1310 386 1310 417 1305 421 1304 423 1305 455 1316 456 1316 457 1316 530 1316 530 1316 531 1316 555 1306 571 1310 572 1310 573 1310 615 1309 629 1314 630 1314 630 1314 631 1314 656 1305 660 1304 696 1305 714 1306 733 1316 734 1316 734 1316 866 1316 866 1316 866 1316 884 1306 885 1266 883 1243 848 1250 837 1247 836 1247 835 1247 805 1250 789 1243 789 1243 788 1243 787 1243 786 1243 769 1250 751 1243 750 1243 749 1243 696 1243 696 1243 695 1243 694 1243 681 1250 588 1246 587 1246 564 1250 501 1247 500 1247 479 1250 466 1244 464 1243 463 1243 462 1243 441 1245 360 1250 279 1247 278 1247 277 1247 265 1251 191 1251 148 1246 126 1243 125 1243 124 1243 116 1246 99 1250 76 1246 73 1246 72 1246 72 1246 71 1246 59 1250 3 1247 3 1264"/></Shape>
	    <String CONTENT="שתצילני היום ובכל יום מעזי פני"
                    HPOS="3.0"
                    VPOS="1243.0"
                    WIDTH="882.0"
                    HEIGHT="73.0"
                    WC="0.9920308109786775"></String>
          </TextLine>

          
        </TextBlock>
        

        
      </PrintSpace>
    </Page>
  </Layout>
</alto>
