<?xml version="1.0" encoding="utf-8"?>
<alto xmlns="http://www.loc.gov/standards/alto/ns-v4#" xmlns:xsi="http://www.w3.org/2001/XMLSchema-instance" xsi:schemaLocation="http://www.loc.gov/standards/alto/ns-v4# http://www.loc.gov/standards/alto/v4/alto-4-2.xsd">
<Description>
<MeasurementUnit>pixel</MeasurementUnit>
<sourceImageInformation>
<fileName>IE87185951_00005.jpg</fileName>
<fileIdentifier>mets//export_doc3594_1col_14_alto_202404221307.zip/IE87185951_00005.jpg</fileIdentifier>
</sourceImageInformation>
</Description>
<Tags>
<OtherTag DESCRIPTION="block type MainLeft" ID="BT6805" LABEL="MainLeft"/><OtherTag DESCRIPTION="block type MainRight" ID="BT6804" LABEL="MainRight"/><OtherTag DESCRIPTION="block type Margin" ID="BT6803" LABEL="Margin"/><OtherTag DESCRIPTION="block type Handwritten" ID="BT6802" LABEL="Handwritten"/><OtherTag DESCRIPTION="block type Stamp" ID="BT6801" LABEL="Stamp"/><OtherTag DESCRIPTION="block type FooterCentral" ID="BT6800" LABEL="FooterCentral"/><OtherTag DESCRIPTION="block type Catchword" ID="BT6799" LABEL="Catchword"/><OtherTag DESCRIPTION="block type MainCentral" ID="BT6798" LABEL="MainCentral"/><OtherTag DESCRIPTION="block type RunningHeader" ID="BT6797" LABEL="RunningHeader"/><OtherTag DESCRIPTION="block type Illustration" ID="BT4" LABEL="Illustration"/><OtherTag DESCRIPTION="block type Commentary" ID="BT3" LABEL="Commentary"/><OtherTag DESCRIPTION="block type Main" ID="BT2" LABEL="Main"/><OtherTag DESCRIPTION="block type Title" ID="BT1" LABEL="Title"/>
<OtherTag DESCRIPTION="line type MainLeft" ID="LT15195" LABEL="MainLeft"/><OtherTag DESCRIPTION="line type MainRight" ID="LT15194" LABEL="MainRight"/><OtherTag DESCRIPTION="line type Handwritten" ID="LT15193" LABEL="Handwritten"/><OtherTag DESCRIPTION="line type NotMain" ID="LT15192" LABEL="NotMain"/><OtherTag DESCRIPTION="line type MainCentral" ID="LT15191" LABEL="MainCentral"/>
</Tags>
<Layout>
<Page HEIGHT="2809" ID="eSc_dummypage_" PHYSICAL_IMG_NR="89" WIDTH="1764">
<PrintSpace HEIGHT="2809" HPOS="0" VPOS="0" WIDTH="1764">
<TextBlock HEIGHT="570.0" HPOS="217.0" ID="eSc_textblock_dff9cb24" TAGREFS="BT6798" VPOS="205.0" WIDTH="1412.0">
<Shape><Polygon POINTS="1629 208 1616 775 217 775 218 212 1066 205"/></Shape>
<TextLine BASELINE="229 240 1575 232" HEIGHT="80.0" HPOS="224.0" ID="eSc_line_794b1671" TAGREFS="LT15191" VPOS="205.0" WIDTH="1350.0">
<Shape><Polygon POINTS="1560 205 1536 205 1513 205 1489 205 1466 205 1443 205 1419 205 1396 205 1372 205 1349 205 1325 205 1302 205 1279 205 1255 205 1232 205 1208 205 1185 205 1161 205 1138 205 1115 205 1091 205 1068 205 1063 205 224 215 227 238 227 285 707 285 707 283 709 283 712 283 712 280 723 271 773 283 780 283 782 283 794 283 866 271 890 283 892 283 894 283 897 283 906 280 955 271 1136 280 1150 280 1152 280 1154 280 1157 280 1157 278 1168 269 1569 278 1574 231 1569 205 1560 205"/></Shape>
<String CONTENT="" HEIGHT="80.0" HPOS="224.0" VPOS="205.0" WC="0.9914708210497486" WIDTH="1350.0"/>
</TextLine>
<TextLine BASELINE="227 294 1350 288" HEIGHT="61.0" HPOS="222.0" ID="eSc_line_2c1f03c0" TAGREFS="LT15191" VPOS="266.0" WIDTH="1127.0">
<Shape><Polygon POINTS="224 292 224 327 1347 327 1349 287 1344 266 222 269 224 292"/></Shape>
<String CONTENT="" HEIGHT="61.0" HPOS="222.0" VPOS="266.0" WC="0.9952986888263536" WIDTH="1127.0"/>
</TextLine>
<TextLine BASELINE="227 341 1578 346" HEIGHT="75.0" HPOS="222.0" ID="eSc_line_4092ad81" TAGREFS="LT15191" VPOS="306.0" WIDTH="1354.0">
<Shape><Polygon POINTS="224 339 222 381 1571 376 1576 344 1574 313 1267 308 1265 308 1262 308 1250 313 1234 320 1190 313 1147 308 1145 308 1143 308 1126 316 1105 325 901 325 824 316 763 311 761 311 695 316 653 320 646 318 627 308 625 308 623 308 620 308 618 308 609 318 604 323 496 323 491 318 477 306 475 306 473 306 470 306 468 306 466 306 447 318 442 320 433 318 391 306 388 306 386 306 384 306 381 306 363 318 360 320 346 318 285 308 283 308 224 318 224 339"/></Shape>
<String CONTENT="" HEIGHT="75.0" HPOS="222.0" VPOS="306.0" WC="0.995343131678445" WIDTH="1354.0"/>
</TextLine>
<TextLine BASELINE="227 402 1576 394" HEIGHT="77.0" HPOS="222.0" ID="eSc_line_99f6287c" TAGREFS="LT15191" VPOS="372.0" WIDTH="1352.0">
<Shape><Polygon POINTS="224 400 224 437 662 449 665 449 667 449 716 437 728 435 747 437 824 447 826 447 880 437 892 435 911 435 1016 447 1019 447 1112 435 1143 433 1173 435 1265 444 1267 444 1571 433 1574 393 1569 372 222 376 224 400"/></Shape>
<String CONTENT="" HEIGHT="77.0" HPOS="222.0" VPOS="372.0" WC="0.9888911758150373" WIDTH="1352.0"/>
</TextLine>
<TextLine BASELINE="227 458 1576 458" HEIGHT="77.0" HPOS="224.0" ID="eSc_line_5feed853" TAGREFS="LT15191" VPOS="428.0" WIDTH="1350.0">
<Shape><Polygon POINTS="224 456 224 503 334 491 386 503 393 503 395 503 398 503 400 503 438 491 449 503 452 503 454 503 456 505 658 505 658 503 660 503 662 503 665 500 677 491 805 491 822 498 831 503 833 503 836 503 838 503 855 498 885 491 953 498 1012 503 1014 503 1016 503 1037 496 1058 491 1119 496 1199 503 1201 503 1574 491 1574 456 1571 428 224 435 224 456"/></Shape>
<String CONTENT="" HEIGHT="77.0" HPOS="224.0" VPOS="428.0" WC="0.9907666601632771" WIDTH="1350.0"/>
</TextLine>
<TextLine BASELINE="227 514 1575 511" HEIGHT="56.0" HPOS="222.0" ID="eSc_line_d9ab0d0a" TAGREFS="LT15191" VPOS="491.0" WIDTH="1352.0">
<Shape><Polygon POINTS="224 512 224 547 1571 545 1574 510 1569 491 222 491 224 512"/></Shape>
<String CONTENT="" HEIGHT="56.0" HPOS="222.0" VPOS="491.0" WC="0.9979871334852995" WIDTH="1352.0"/>
</TextLine>
<TextLine BASELINE="226 569 1578 569" HEIGHT="66.0" HPOS="224.0" ID="eSc_line_67d68b2c" TAGREFS="LT15191" VPOS="547.0" WIDTH="1352.0">
<Shape><Polygon POINTS="224 568 224 613 1576 603 1576 568 1576 547 224 547 224 568"/></Shape>
<String CONTENT="" HEIGHT="66.0" HPOS="224.0" VPOS="547.0" WC="0.9966212276901517" WIDTH="1352.0"/>
</TextLine>
<TextLine BASELINE="226 624 1578 624" HEIGHT="68.0" HPOS="224.0" ID="eSc_line_09f4f754" TAGREFS="LT15191" VPOS="601.0" WIDTH="1352.0">
<Shape><Polygon POINTS="224 622 224 669 1576 657 1576 622 1574 601 224 601 224 622"/></Shape>
<String CONTENT="" HEIGHT="68.0" HPOS="224.0" VPOS="601.0" WC="0.9899751618504524" WIDTH="1352.0"/>
</TextLine>
<TextLine BASELINE="226 678 1578 678" HEIGHT="68.0" HPOS="224.0" ID="eSc_line_c6ea74ad" TAGREFS="LT15191" VPOS="657.0" WIDTH="1352.0">
<Shape><Polygon POINTS="224 676 224 716 1574 725 1576 676 1576 657 224 657 224 676"/></Shape>
<String CONTENT="" HEIGHT="68.0" HPOS="224.0" VPOS="657.0" WC="0.9859253423554557" WIDTH="1352.0"/>
</TextLine>
<TextLine BASELINE="474 735 1575 735" HEIGHT="80.0" HPOS="473.0" ID="eSc_line_4a878811" TAGREFS="LT15191" VPOS="713.0" WIDTH="1101.0">
<Shape><Polygon POINTS="473 732 473 784 920 774 934 781 944 786 965 786 988 784 990 793 1438 793 1438 791 1440 791 1475 777 1478 774 1480 777 1496 791 1499 791 1501 791 1503 793 1560 793 1560 791 1562 791 1564 791 1564 788 1574 779 1574 732 1574 713 473 713 473 732"/></Shape>
<String CONTENT="" HEIGHT="80.0" HPOS="473.0" VPOS="713.0" WC="0.9891082114643521" WIDTH="1101.0"/>
</TextLine>
</TextBlock>
<TextBlock HEIGHT="1568.0" HPOS="221.0" ID="eSc_textblock_8336a5c3" TAGREFS="BT6798" VPOS="912.0" WIDTH="1410.0">
<Shape><Polygon POINTS="221 912 221 2480 1631 2480 1631 912"/></Shape>
<TextLine BASELINE="229 955 1565 945" HEIGHT="84.0" HPOS="224.0" ID="eSc_line_90d60456" TAGREFS="LT15191" VPOS="917.0" WIDTH="1340.0">
<Shape><Polygon POINTS="227 952 227 992 620 1001 623 1001 681 990 693 990 714 990 841 1001 843 1001 845 1001 883 990 892 987 899 990 925 999 927 999 930 999 932 999 934 999 948 990 953 987 1049 987 1051 990 1063 999 1065 999 1068 999 1070 999 1562 985 1564 943 1560 917 224 926 227 952"/></Shape>
<String CONTENT="" HEIGHT="84.0" HPOS="224.0" VPOS="917.0" WC="0.9956634851062999" WIDTH="1340.0"/>
</TextLine>
<TextLine BASELINE="229 1009 1342 1006" HEIGHT="66.0" HPOS="224.0" ID="eSc_line_2c572a10" TAGREFS="LT15191" VPOS="980.0" WIDTH="1115.0">
<Shape><Polygon POINTS="227 1008 227 1046 1337 1041 1339 1004 1335 980 224 980 227 1008"/></Shape>
<String CONTENT="" HEIGHT="66.0" HPOS="224.0" VPOS="980.0" WC="0.9981959104537964" WIDTH="1115.0"/>
</TextLine>
<TextLine BASELINE="229 1064 1571 1058" HEIGHT="80.0" HPOS="224.0" ID="eSc_line_21dd858e" TAGREFS="LT15191" VPOS="1029.0" WIDTH="1345.0">
<Shape><Polygon POINTS="227 1062 229 1109 264 1097 1564 1097 1569 1055 1564 1029 224 1036 227 1062"/></Shape>
<String CONTENT="" HEIGHT="80.0" HPOS="224.0" VPOS="1029.0" WC="0.9818880996614132" WIDTH="1345.0"/>
</TextLine>
<TextLine BASELINE="227 1117 1571 1112" HEIGHT="73.0" HPOS="222.0" ID="eSc_line_8462cfa5" TAGREFS="LT15191" VPOS="1083.0" WIDTH="1347.0">
<Shape><Polygon POINTS="224 1116 224 1156 1567 1156 1569 1111 1564 1083 222 1088 224 1116"/></Shape>
<String CONTENT="" HEIGHT="73.0" HPOS="222.0" VPOS="1083.0" WC="0.9992596698257158" WIDTH="1347.0"/>
</TextLine>
<TextLine BASELINE="237 1176 1570 1170" HEIGHT="70.0" HPOS="234.0" ID="eSc_line_eb68d176" TAGREFS="LT15191" VPOS="1147.0" WIDTH="1335.0">
<Shape><Polygon POINTS="236 1175 236 1217 1567 1207 1569 1168 1564 1147 234 1151 236 1175"/></Shape>
<String CONTENT="" HEIGHT="70.0" HPOS="234.0" VPOS="1147.0" WC="0.9997090091307957" WIDTH="1335.0"/>
</TextLine>
<TextLine BASELINE="229 1229 1575 1229" HEIGHT="66.0" HPOS="227.0" ID="eSc_line_268dbc77" TAGREFS="LT15191" VPOS="1198.0" WIDTH="1347.0">
<Shape><Polygon POINTS="227 1228 227 1264 1574 1264 1574 1228 1574 1198 227 1198 227 1228"/></Shape>
<String CONTENT="" HEIGHT="66.0" HPOS="227.0" VPOS="1198.0" WC="0.9886368932547392" WIDTH="1347.0"/>
</TextLine>
<TextLine BASELINE="231 1284 1573 1281" HEIGHT="63.0" HPOS="227.0" ID="eSc_line_4b3cd908" TAGREFS="LT15191" VPOS="1257.0" WIDTH="1344.0">
<Shape><Polygon POINTS="229 1282 229 1317 1567 1320 1571 1280 1567 1257 227 1257 229 1282"/></Shape>
<String CONTENT="" HEIGHT="63.0" HPOS="227.0" VPOS="1257.0" WC="0.9844716169216015" WIDTH="1344.0"/>
</TextLine>
<TextLine BASELINE="229 1337 1573 1337" HEIGHT="82.0" HPOS="227.0" ID="eSc_line_2e91cb2f" TAGREFS="LT15191" VPOS="1306.0" WIDTH="1344.0">
<Shape><Polygon POINTS="227 1336 227 1376 1004 1385 1007 1385 1009 1385 1012 1385 1026 1374 1028 1374 1030 1374 1061 1385 1063 1385 1065 1385 1068 1385 1070 1385 1084 1374 1098 1385 1101 1385 1103 1385 1105 1388 1117 1388 1140 1388 1164 1388 1187 1388 1211 1388 1234 1388 1257 1388 1281 1388 1304 1388 1328 1388 1339 1388 1339 1385 1342 1385 1344 1385 1358 1374 1571 1374 1571 1336 1569 1306 1454 1317 1424 1306 1421 1306 1419 1306 1417 1306 1414 1306 1412 1306 1382 1320 901 1320 869 1313 831 1306 829 1306 618 1315 541 1317 534 1315 506 1306 503 1306 501 1306 498 1306 496 1306 496 1308 487 1315 484 1320 344 1320 339 1317 276 1306 274 1306 271 1306 227 1317 227 1336"/></Shape>
<String CONTENT="" HEIGHT="82.0" HPOS="227.0" VPOS="1306.0" WC="0.9731840828679642" WIDTH="1344.0"/>
</TextLine>
<TextLine BASELINE="231 1395 1573 1392" HEIGHT="66.0" HPOS="227.0" ID="eSc_line_db7495a4" TAGREFS="LT15191" VPOS="1364.0" WIDTH="1344.0">
<Shape><Polygon POINTS="229 1392 229 1430 1569 1430 1571 1390 1567 1364 227 1369 229 1392"/></Shape>
<String CONTENT="" HEIGHT="66.0" HPOS="227.0" VPOS="1364.0" WC="0.9908538359706685" WIDTH="1344.0"/>
</TextLine>
<TextLine BASELINE="229 1446 1575 1446" HEIGHT="68.0" HPOS="227.0" ID="eSc_line_c6ccd9d8" TAGREFS="LT15191" VPOS="1425.0" WIDTH="1347.0">
<Shape><Polygon POINTS="227 1444 227 1493 1574 1481 1574 1444 1574 1427 227 1425 227 1444"/></Shape>
<String CONTENT="" HEIGHT="68.0" HPOS="227.0" VPOS="1425.0" WC="0.9908865071692556" WIDTH="1347.0"/>
</TextLine>
<TextLine BASELINE="243 1505 1573 1499" HEIGHT="73.0" HPOS="238.0" ID="eSc_line_80e48978" TAGREFS="LT15191" VPOS="1474.0" WIDTH="1333.0">
<Shape><Polygon POINTS="241 1502 241 1547 1569 1535 1571 1498 1569 1479 238 1474 241 1502"/></Shape>
<String CONTENT="" HEIGHT="73.0" HPOS="238.0" VPOS="1474.0" WC="0.9956646859645844" WIDTH="1333.0"/>
</TextLine>
<TextLine BASELINE="229 1558 1573 1555" HEIGHT="75.0" HPOS="224.0" ID="eSc_line_f02b12fb" TAGREFS="LT15191" VPOS="1530.0" WIDTH="1347.0">
<Shape><Polygon POINTS="227 1556 227 1591 1187 1603 1190 1603 1250 1591 1262 1601 1262 1603 1265 1603 1267 1603 1269 1605 1375 1605 1375 1603 1377 1603 1407 1591 1473 1603 1475 1603 1478 1603 1480 1603 1494 1594 1506 1603 1508 1603 1510 1603 1513 1603 1569 1589 1571 1554 1567 1530 224 1530 227 1556"/></Shape>
<String CONTENT="" HEIGHT="75.0" HPOS="224.0" VPOS="1530.0" WC="0.986177796947545" WIDTH="1347.0"/>
</TextLine>
<TextLine BASELINE="229 1612 1573 1612" HEIGHT="73.0" HPOS="227.0" ID="eSc_line_66b297b6" TAGREFS="LT15191" VPOS="1584.0" WIDTH="1344.0">
<Shape><Polygon POINTS="227 1610 227 1647 1569 1657 1571 1610 1569 1584 227 1589 227 1610"/></Shape>
<String CONTENT="" HEIGHT="73.0" HPOS="227.0" VPOS="1584.0" WC="0.9854651201855053" WIDTH="1344.0"/>
</TextLine>
<TextLine BASELINE="234 1671 1573 1665" HEIGHT="68.0" HPOS="229.0" ID="eSc_line_b252b6c9" TAGREFS="LT15191" VPOS="1638.0" WIDTH="1342.0">
<Shape><Polygon POINTS="231 1669 231 1706 1569 1706 1571 1664 1567 1638 229 1640 231 1669"/></Shape>
<String CONTENT="" HEIGHT="68.0" HPOS="229.0" VPOS="1638.0" WC="0.9991387791103787" WIDTH="1342.0"/>
</TextLine>
<TextLine BASELINE="229 1722 1575 1722" HEIGHT="66.0" HPOS="227.0" ID="eSc_line_43f72fd2" TAGREFS="LT15191" VPOS="1694.0" WIDTH="1347.0">
<Shape><Polygon POINTS="227 1720 227 1760 1574 1760 1574 1720 1571 1694 227 1697 227 1720"/></Shape>
<String CONTENT="" HEIGHT="66.0" HPOS="227.0" VPOS="1694.0" WC="0.9979005306959152" WIDTH="1347.0"/>
</TextLine>
<TextLine BASELINE="229 1779 1573 1775" HEIGHT="78.0" HPOS="224.0" ID="eSc_line_acbc2402" TAGREFS="LT15191" VPOS="1743.0" WIDTH="1347.0">
<Shape><Polygon POINTS="227 1776 227 1811 1567 1821 1571 1774 1567 1743 1466 1755 224 1748 227 1776"/></Shape>
<String CONTENT="" HEIGHT="78.0" HPOS="224.0" VPOS="1743.0" WC="0.9883975822191972" WIDTH="1347.0"/>
</TextLine>
<TextLine BASELINE="227 1832 1575 1832" HEIGHT="59.0" HPOS="224.0" ID="eSc_line_415eb2f4" TAGREFS="LT15191" VPOS="1811.0" WIDTH="1350.0">
<Shape><Polygon POINTS="224 1830 224 1870 1574 1870 1574 1830 1574 1811 224 1811 224 1830"/></Shape>
<String CONTENT="" HEIGHT="59.0" HPOS="224.0" VPOS="1811.0" WC="0.9909070867006896" WIDTH="1350.0"/>
</TextLine>
<TextLine BASELINE="229 1889 1575 1886" HEIGHT="65.0" HPOS="224.0" ID="eSc_line_e77afcc6" TAGREFS="LT15191" VPOS="1863.0" WIDTH="1350.0">
<Shape><Polygon POINTS="227 1886 227 1924 1569 1928 1574 1884 1569 1863 224 1863 227 1886"/></Shape>
<String CONTENT="" HEIGHT="65.0" HPOS="224.0" VPOS="1863.0" WC="0.9966621590512139" WIDTH="1350.0"/>
</TextLine>
<TextLine BASELINE="232 1946 1571 1941" HEIGHT="79.0" HPOS="229.0" ID="eSc_line_8506b526" TAGREFS="LT15191" VPOS="1910.0" WIDTH="1340.0">
<Shape><Polygon POINTS="231 1945 231 1989 1337 1989 1337 1987 1339 1987 1342 1987 1356 1975 1564 1987 1569 1940 1564 1910 229 1921 231 1945"/></Shape>
<String CONTENT="" HEIGHT="79.0" HPOS="229.0" VPOS="1910.0" WC="0.9839705505541393" WIDTH="1340.0"/>
</TextLine>
<TextLine BASELINE="227 1997 1573 1997" HEIGHT="58.0" HPOS="224.0" ID="eSc_line_766afcee" TAGREFS="LT15191" VPOS="1978.0" WIDTH="1347.0">
<Shape><Polygon POINTS="224 1996 224 2036 1571 2036 1571 1996 1571 1978 224 1978 224 1996"/></Shape>
<String CONTENT="" HEIGHT="58.0" HPOS="224.0" VPOS="1978.0" WC="0.9975276928523491" WIDTH="1347.0"/>
</TextLine>
<TextLine BASELINE="227 2053 1571 2050" HEIGHT="78.0" HPOS="222.0" ID="eSc_line_143b6c9a" TAGREFS="LT15191" VPOS="2024.0" WIDTH="1347.0">
<Shape><Polygon POINTS="224 2052 224 2085 365 2097 367 2097 426 2088 449 2085 461 2088 496 2099 498 2099 501 2102 506 2102 529 2102 552 2102 576 2102 599 2102 606 2102 606 2099 609 2099 611 2099 623 2090 630 2085 681 2090 770 2099 773 2099 775 2099 777 2099 777 2097 784 2092 789 2088 819 2092 878 2099 880 2099 883 2099 885 2099 885 2097 892 2092 901 2083 930 2092 944 2097 946 2097 948 2099 1098 2099 1098 2097 1101 2097 1103 2097 1103 2095 1105 2095 1115 2083 1136 2095 1143 2097 1145 2097 1147 2099 1342 2099 1342 2097 1344 2097 1349 2097 1398 2083 1429 2097 1431 2097 1433 2099 1567 2099 1569 2048 1567 2024 222 2024 224 2052"/></Shape>
<String CONTENT="" HEIGHT="78.0" HPOS="222.0" VPOS="2024.0" WC="0.9840694655071606" WIDTH="1347.0"/>
</TextLine>
<TextLine BASELINE="243 2109 1571 2106" HEIGHT="70.0" HPOS="238.0" ID="eSc_line_8ac1c3a8" TAGREFS="LT15191" VPOS="2083.0" WIDTH="1331.0">
<Shape><Polygon POINTS="241 2106 241 2153 393 2139 419 2151 421 2151 424 2151 604 2139 672 2148 691 2151 693 2153 869 2153 869 2151 871 2151 873 2151 878 2146 885 2139 899 2146 908 2151 911 2151 913 2151 960 2146 1012 2139 1026 2144 1040 2151 1042 2151 1044 2151 1047 2151 1063 2144 1075 2139 1084 2144 1094 2151 1096 2151 1098 2151 1101 2151 1136 2144 1157 2139 1239 2141 1452 2151 1454 2151 1567 2137 1569 2104 1564 2083 238 2083 241 2106"/></Shape>
<String CONTENT="" HEIGHT="70.0" HPOS="238.0" VPOS="2083.0" WC="0.9962876671451634" WIDTH="1331.0"/>
</TextLine>
<TextLine BASELINE="227 2162 1573 2162" HEIGHT="66.0" HPOS="224.0" ID="eSc_line_e0aae2f7" TAGREFS="LT15191" VPOS="2134.0" WIDTH="1347.0">
<Shape><Polygon POINTS="224 2160 224 2200 1571 2200 1571 2160 1571 2141 224 2134 224 2160"/></Shape>
<String CONTENT="" HEIGHT="66.0" HPOS="224.0" VPOS="2134.0" WC="0.9955009115593774" WIDTH="1347.0"/>
</TextLine>
<TextLine BASELINE="229 2217 1573 2217" HEIGHT="68.0" HPOS="227.0" ID="eSc_line_129b8e24" TAGREFS="LT15191" VPOS="2186.0" WIDTH="1344.0">
<Shape><Polygon POINTS="227 2216 227 2254 1571 2254 1571 2216 1571 2186 1450 2186 1447 2186 1445 2186 1443 2186 1426 2198 1330 2188 1309 2186 1307 2186 1304 2186 1302 2186 1300 2188 1281 2200 655 2200 646 2195 623 2186 620 2186 618 2186 487 2195 456 2198 447 2198 395 2186 393 2186 391 2186 388 2186 372 2198 370 2200 227 2200 227 2216"/></Shape>
<String CONTENT="" HEIGHT="68.0" HPOS="227.0" VPOS="2186.0" WC="0.9994001127779484" WIDTH="1344.0"/>
</TextLine>
<TextLine BASELINE="227 2273 1571 2270" HEIGHT="75.0" HPOS="222.0" ID="eSc_line_759bf91f" TAGREFS="LT15191" VPOS="2235.0" WIDTH="1347.0">
<Shape><Polygon POINTS="224 2272 224 2310 1567 2303 1569 2268 1562 2235 1539 2247 1457 2237 1454 2237 1452 2237 1450 2237 1447 2237 1447 2240 1436 2249 1386 2237 1382 2237 1379 2237 1377 2237 1375 2237 1335 2251 1037 2251 1004 2242 976 2237 974 2237 913 2244 845 2251 639 2247 250 2240 248 2240 245 2240 222 2249 224 2272"/></Shape>
<String CONTENT="" HEIGHT="75.0" HPOS="222.0" VPOS="2235.0" WC="0.9909466717202785" WIDTH="1347.0"/>
</TextLine>
<TextLine BASELINE="226 2328 1573 2325" HEIGHT="77.0" HPOS="222.0" ID="eSc_line_a1160b45" TAGREFS="LT15191" VPOS="2298.0" WIDTH="1349.0">
<Shape><Polygon POINTS="224 2326 224 2361 1065 2373 1068 2373 1140 2361 1143 2361 1145 2361 1185 2373 1187 2373 1190 2375 1190 2373 1192 2373 1229 2361 1241 2371 1241 2373 1243 2373 1246 2373 1248 2375 1253 2375 1276 2375 1300 2375 1323 2375 1325 2375 1325 2373 1328 2373 1358 2361 1391 2373 1393 2373 1396 2373 1398 2373 1438 2361 1464 2373 1466 2373 1468 2373 1569 2359 1571 2324 1567 2298 222 2303 224 2326"/></Shape>
<String CONTENT="" HEIGHT="77.0" HPOS="222.0" VPOS="2298.0" WC="0.9942990392446518" WIDTH="1349.0"/>
</TextLine>
<TextLine BASELINE="226 2382 1573 2379" HEIGHT="82.0" HPOS="222.0" ID="eSc_line_08ee8e9a" TAGREFS="LT15191" VPOS="2350.0" WIDTH="1349.0">
<Shape><Polygon POINTS="224 2380 224 2429 234 2429 269 2418 557 2429 573 2429 597 2429 611 2429 620 2429 644 2429 667 2429 691 2429 714 2429 737 2429 761 2429 784 2429 808 2429 831 2429 855 2429 878 2429 901 2432 925 2432 948 2432 972 2432 995 2432 1019 2432 1042 2432 1065 2432 1089 2432 1112 2432 1136 2432 1159 2432 1183 2432 1206 2432 1229 2432 1253 2432 1276 2432 1300 2432 1323 2432 1347 2432 1349 2432 1349 2429 1405 2418 1412 2418 1421 2418 1501 2429 1503 2429 1569 2415 1571 2378 1569 2359 222 2350 224 2380"/></Shape>
<String CONTENT="" HEIGHT="82.0" HPOS="222.0" VPOS="2350.0" WC="0.9973358313242594" WIDTH="1349.0"/>
</TextLine>
<TextLine BASELINE="226 2434 1573 2439" HEIGHT="89.0" HPOS="222.0" ID="eSc_line_1ddb3d7c" TAGREFS="LT15191" VPOS="2413.0" WIDTH="1349.0">
<Shape><Polygon POINTS="224 2432 222 2483 243 2497 245 2497 248 2497 250 2497 253 2497 304 2483 452 2483 735 2483 747 2488 773 2497 775 2497 777 2497 871 2488 915 2485 941 2490 990 2500 993 2502 1255 2502 1255 2500 1257 2500 1267 2495 1288 2488 1344 2497 1365 2500 1368 2500 1389 2497 1482 2485 1564 2500 1571 2436 1569 2418 224 2413 224 2432"/></Shape>
<String CONTENT="" HEIGHT="89.0" HPOS="222.0" VPOS="2413.0" WC="0.9853677749633789" WIDTH="1349.0"/>
</TextLine>
</TextBlock>
</PrintSpace>
</Page>
</Layout>
</alto>