<?xml version="1.0" encoding="UTF-8"?>
<alto xmlns:xsi="http://www.w3.org/2001/XMLSchema-instance"
      xmlns="http://www.loc.gov/standards/alto/ns-v4#"
      xsi:schemaLocation="http://www.loc.gov/standards/alto/ns-v4# http://www.loc.gov/standards/alto/v4/alto-4-2.xsd">
  <Description>
    <MeasurementUnit>pixel</MeasurementUnit>
    <sourceImageInformation>
      <fileName>IE87733114_00008.jpg</fileName>
      <fileIdentifier>mets//export_doc4366_1col_14_copy_alto_202404261215.zip/IE87733114_00008.jpg</fileIdentifier>
    </sourceImageInformation>
  </Description>
  
  <Tags>
    <OtherTag ID="BT8356" LABEL="MainLeft" DESCRIPTION="block type MainLeft"/><OtherTag ID="BT8355" LABEL="MainRight" DESCRIPTION="block type MainRight"/><OtherTag ID="BT6914" LABEL="Handwritten" DESCRIPTION="block type Handwritten"/><OtherTag ID="BT6913" LABEL="RunningHeader" DESCRIPTION="block type RunningHeader"/><OtherTag ID="BT6912" LABEL="Catchword" DESCRIPTION="block type Catchword"/><OtherTag ID="BT6911" LABEL="Margin" DESCRIPTION="block type Margin"/><OtherTag ID="BT6910" LABEL="FooterCentral" DESCRIPTION="block type FooterCentral"/><OtherTag ID="BT6909" LABEL="MainCentral" DESCRIPTION="block type MainCentral"/><OtherTag ID="BT6908" LABEL="Header" DESCRIPTION="block type Header"/><OtherTag ID="BT4" LABEL="Illustration" DESCRIPTION="block type Illustration"/><OtherTag ID="BT3" LABEL="Commentary" DESCRIPTION="block type Commentary"/><OtherTag ID="BT2" LABEL="Main" DESCRIPTION="block type Main"/><OtherTag ID="BT1" LABEL="Title" DESCRIPTION="block type Title"/>
    <OtherTag ID="LT15938" LABEL="MainLeft" DESCRIPTION="line type MainLeft"/><OtherTag ID="LT15937" LABEL="MainRight" DESCRIPTION="line type MainRight"/><OtherTag ID="LT15289" LABEL="Handwritten" DESCRIPTION="line type Handwritten"/><OtherTag ID="LT15288" LABEL="MainCentral" DESCRIPTION="line type MainCentral"/><OtherTag ID="LT15287" LABEL="NotMain" DESCRIPTION="line type NotMain"/>
  </Tags>
  
  <Layout>
    <Page WIDTH="1129"
          HEIGHT="2042"
          PHYSICAL_IMG_NR="56"
          ID="eSc_dummypage_">
      <PrintSpace HPOS="0"
                  VPOS="0"
                  WIDTH="1129"
                  HEIGHT="2042">
        
        <TextBlock HPOS="22.0"
                   VPOS="140.0"
                   WIDTH="1107.0"
                   HEIGHT="1669.0"
                   ID="eSc_textblock_079dc2db"
                   TAGREFS="BT6909">
          <Shape><Polygon POINTS="1129 147 1127 1809 127 1804 54 1786 22 234 31 149 54 140"/></Shape>
          
          
          <TextLine ID="eSc_line_73310df3"
                    TAGREFS="LT15288"
                    BASELINE="73 156 1126 167" 
                    HPOS="69.0"
                    VPOS="141.0"
                    WIDTH="1056.0"
                    HEIGHT="75.0">
            <Shape><Polygon POINTS="1110 146 1093 146 1076 146 1059 146 1042 146 1025 146 1008 146 991 146 974 146 957 146 939 146 922 146 905 146 888 146 871 146 854 144 837 144 820 144 803 144 786 144 769 144 752 144 735 144 718 144 701 144 684 144 667 144 650 144 633 144 616 144 599 144 582 142 565 142 548 142 531 142 514 142 497 142 480 142 463 142 446 142 429 142 412 142 395 142 378 142 361 142 343 142 326 142 309 141 292 141 275 141 258 141 241 141 224 141 207 141 190 141 173 141 156 141 139 141 122 141 105 141 88 141 71 141 71 154 69 190 136 205 137 205 280 195 289 195 291 195 304 207 306 207 308 207 371 209 372 209 442 199 458 197 466 199 495 209 497 209 498 209 592 202 641 199 652 204 670 212 672 212 674 214 767 214 767 212 769 212 771 212 781 205 790 200 830 207 854 211 856 211 892 209 972 202 996 211 1011 216 1013 216 1014 216 1122 212 1125 166 1123 146 1110 146"/></Shape>
	    <String CONTENT=""
                    HPOS="69.0"
                    VPOS="141.0"
                    WIDTH="1056.0"
                    HEIGHT="75.0"
                    WC="0.9877640347589146"></String>
          </TextLine>

          
          
          <TextLine ID="eSc_line_a42238b1"
                    TAGREFS="LT15288"
                    BASELINE="21 226 1126 234" 
                    HPOS="18.0"
                    VPOS="197.0"
                    WIDTH="1107.0"
                    HEIGHT="90.0">
            <Shape><Polygon POINTS="20 217 20 224 18 265 132 280 134 280 212 270 224 268 231 270 267 282 269 282 270 284 333 284 333 282 335 282 337 282 350 272 352 272 357 272 403 282 405 282 406 282 408 282 420 273 427 270 437 273 463 284 464 284 466 284 527 275 548 273 561 277 590 284 592 284 773 285 774 285 776 285 778 285 778 284 783 280 791 273 832 273 849 282 856 285 858 285 859 285 861 285 871 282 900 273 921 284 929 287 931 287 933 287 934 287 943 284 962 275 1021 285 1035 287 1037 287 1045 285 1093 275 1118 287 1125 233 1123 211 23 197 20 217"/></Shape>
	    <String CONTENT="- דרוש נא ביום זה דורשיך והדרש להם בניב שפתים, שעה"
                    HPOS="18.0"
                    VPOS="197.0"
                    WIDTH="1107.0"
                    HEIGHT="90.0"
                    WC="0.9833580454190572"></String>
          </TextLine>

          
          
          <TextLine ID="eSc_line_0879ab10"
                    TAGREFS="LT15288"
                    BASELINE="27 298 1126 306" 
                    HPOS="23.0"
                    VPOS="268.0"
                    WIDTH="1102.0"
                    HEIGHT="92.0">
            <Shape><Polygon POINTS="25 297 23 336 107 353 108 355 149 355 149 353 151 353 153 353 173 340 294 340 296 342 321 355 323 355 325 357 325 355 326 355 350 342 352 342 401 343 444 343 454 353 454 355 456 355 458 355 459 357 514 357 514 355 515 355 536 345 541 342 551 345 594 357 596 357 597 359 650 359 650 357 652 357 653 357 669 347 674 343 693 347 745 357 747 357 749 357 767 348 774 345 795 348 861 359 863 360 939 360 939 359 941 359 943 359 943 357 951 350 957 345 967 350 985 359 987 359 989 359 991 359 1020 352 1031 348 1042 352 1060 359 1062 359 1064 359 1122 352 1125 304 1125 282 1117 273 1117 272 1115 272 1113 272 1111 272 904 280 876 280 868 280 822 270 820 270 819 270 791 279 788 280 592 280 578 275 553 268 551 268 550 268 548 268 522 275 510 279 303 279 25 268 25 297"/></Shape>
	    <String CONTENT="למעמדם וטהרם ככסף מזקק שבעתים, ורצה שיחתם"
                    HPOS="23.0"
                    VPOS="268.0"
                    WIDTH="1102.0"
                    HEIGHT="92.0"
                    WC="0.9851601407641456"></String>
          </TextLine>

          
          
          <TextLine ID="eSc_line_fb62db20"
                    TAGREFS="LT15288"
                    BASELINE="28 367 1126 375" 
                    HPOS="25.0"
                    VPOS="336.0"
                    WIDTH="1100.0"
                    HEIGHT="91.0">
            <Shape><Polygon POINTS="27 365 25 404 85 406 103 420 105 420 107 420 108 420 223 411 279 422 280 422 410 413 420 422 422 422 424 422 425 422 427 422 429 422 441 411 442 411 551 411 556 413 573 422 575 422 577 422 614 415 631 411 635 415 641 420 641 422 643 422 645 422 647 422 648 422 650 422 659 415 660 415 669 415 732 425 733 427 802 427 802 425 803 425 805 425 813 418 819 415 824 418 832 425 834 425 836 425 837 427 888 427 888 425 890 425 892 425 892 423 899 418 904 413 922 420 945 427 946 427 948 427 1122 422 1125 374 1125 353 1105 343 1103 343 1101 343 929 352 907 352 895 352 815 342 813 342 766 350 759 350 747 350 655 342 653 342 609 348 606 348 597 342 597 340 596 340 594 340 592 340 541 348 531 348 323 348 320 345 313 338 311 338 309 338 308 338 265 345 252 347 250 345 245 338 243 338 243 336 241 336 240 336 238 336 27 342 27 365"/></Shape>
	    <String CONTENT="כשה אחת מן הצאן מן המאתים: קהל - ממשקה ישראל למנחה:"
                    HPOS="25.0"
                    VPOS="336.0"
                    WIDTH="1100.0"
                    HEIGHT="91.0"
                    WC="0.9812602775041447"></String>
          </TextLine>

          
          
          <TextLine ID="eSc_line_2e66e8d5"
                    TAGREFS="LT15288"
                    BASELINE="31 437 1126 444" 
                    HPOS="30.0"
                    VPOS="406.0"
                    WIDTH="1095.0"
                    HEIGHT="89.0">
            <Shape><Polygon POINTS="30 435 30 488 57 476 126 486 127 486 129 486 131 486 148 474 287 474 320 490 321 490 323 490 325 490 326 490 340 479 429 491 439 491 441 491 466 491 647 484 659 493 660 493 662 493 664 493 665 493 667 493 682 483 696 493 698 493 699 493 701 493 703 493 704 493 739 478 754 491 754 493 756 493 757 493 856 495 858 495 859 495 863 493 883 483 922 495 926 495 928 495 929 495 934 495 1002 479 1120 495 1125 442 1123 423 1081 413 1079 413 1002 420 989 422 980 420 946 413 945 413 899 420 875 422 725 416 580 411 578 411 577 411 567 413 551 418 544 413 539 410 538 410 536 410 534 410 532 410 526 413 515 418 497 413 485 410 483 410 481 410 480 410 471 413 454 418 395 411 378 410 376 410 374 410 369 411 342 418 192 418 173 408 171 408 170 408 168 408 144 416 30 406 30 435"/></Shape>
	    <String CONTENT="חזן - כליל ועולה תחנתי תחשב ומשטיני ריב תריב, ותוציא"
                    HPOS="30.0"
                    VPOS="406.0"
                    WIDTH="1095.0"
                    HEIGHT="89.0"
                    WC="0.9960543576707231"></String>
          </TextLine>

          
          
          <TextLine ID="eSc_line_bc88cc0f"
                    TAGREFS="LT15288"
                    BASELINE="30 505 1126 515" 
                    HPOS="27.0"
                    VPOS="476.0"
                    WIDTH="1098.0"
                    HEIGHT="85.0">
            <Shape><Polygon POINTS="28 503 27 542 63 553 64 553 66 553 68 553 69 553 69 551 80 542 83 541 93 542 129 549 131 549 163 544 182 541 195 544 233 556 234 556 236 558 345 558 345 556 347 556 349 556 349 554 357 547 364 542 389 542 449 544 456 549 466 558 468 558 469 558 471 558 473 558 488 549 492 547 495 551 505 558 507 558 509 558 575 559 577 561 718 561 718 559 720 559 733 554 757 546 897 558 945 561 946 561 968 559 1045 549 1120 561 1125 513 1123 493 28 476 28 503"/></Shape>
	    <String CONTENT="כאור צדקי טרם יבוא השמש ויעריב, שפוך כמים לבו"
                    HPOS="27.0"
                    VPOS="476.0"
                    WIDTH="1098.0"
                    HEIGHT="85.0"
                    WC="0.9869348190047524"></String>
          </TextLine>

          
          
          <TextLine ID="eSc_line_a709dc5c"
                    TAGREFS="LT15288"
                    BASELINE="35 576 1126 584" 
                    HPOS="32.0"
                    VPOS="541.0"
                    WIDTH="1093.0"
                    HEIGHT="97.0">
            <Shape><Polygon POINTS="34 575 32 616 122 612 132 619 144 629 146 629 148 629 149 629 192 621 228 612 240 621 248 629 250 629 252 629 253 629 255 629 275 621 296 614 316 622 345 633 347 633 349 634 408 634 408 633 410 633 412 633 422 622 434 614 466 614 485 624 500 634 502 634 504 634 505 636 553 636 553 634 555 634 573 624 592 616 650 616 672 626 691 636 693 636 694 638 771 638 771 636 773 636 795 627 807 622 822 627 834 633 836 633 837 633 839 633 854 629 887 619 916 629 939 638 941 638 943 638 945 638 968 629 996 621 1011 631 1023 638 1025 638 1026 638 1028 638 1122 631 1125 583 1123 558 900 547 899 547 897 547 895 547 888 553 878 559 856 553 837 547 836 547 834 547 832 547 830 547 824 553 810 561 691 561 662 549 660 549 659 549 657 549 641 549 485 558 374 547 372 547 299 556 258 544 255 542 253 542 252 542 241 542 160 554 97 546 95 546 93 546 91 546 81 553 71 544 71 542 69 542 68 542 34 541 34 575"/></Shape>
	    <String CONTENT="בתפלתו כל איש. קהל - והקריב המקריב קרבנו ליהוה מנחה: חזן -"
                    HPOS="32.0"
                    VPOS="541.0"
                    WIDTH="1093.0"
                    HEIGHT="97.0"
                    WC="0.9742526162502377"></String>
          </TextLine>

          
          
          <TextLine ID="eSc_line_8c87e211"
                    TAGREFS="LT15288"
                    BASELINE="37 645 1126 654" 
                    HPOS="34.0"
                    VPOS="624.0"
                    WIDTH="1091.0"
                    HEIGHT="82.0">
            <Shape><Polygon POINTS="35 644 34 682 76 697 78 697 80 697 175 684 190 682 194 684 209 697 211 697 212 697 214 697 216 697 253 685 262 684 289 687 355 694 357 694 359 694 361 694 367 689 374 684 417 684 435 690 468 701 469 701 471 701 473 701 475 701 488 690 507 699 509 699 510 699 512 699 514 699 522 692 532 685 592 685 609 694 624 701 626 701 628 701 657 694 664 694 694 695 800 702 802 702 803 702 805 702 810 697 827 687 902 687 926 701 931 704 933 704 934 704 936 706 1040 706 1040 704 1042 704 1043 704 1043 702 1057 695 1120 704 1125 653 1123 629 35 624 35 644"/></Shape>
	    <String CONTENT="ישרון עמך ישיר חסדך בטוב לקח, הטה אליו אזנך"
                    HPOS="34.0"
                    VPOS="624.0"
                    WIDTH="1091.0"
                    HEIGHT="82.0"
                    WC="0.9827112027189948"></String>
          </TextLine>

          
          
          <TextLine ID="eSc_line_44ebde6f"
                    TAGREFS="LT15288"
                    BASELINE="39 716 1126 724" 
                    HPOS="35.0"
                    VPOS="694.0"
                    WIDTH="1090.0"
                    HEIGHT="81.0">
            <Shape><Polygon POINTS="37 714 35 752 90 767 91 767 93 767 95 767 131 757 161 765 163 765 165 765 224 758 252 769 253 769 255 769 257 769 282 760 323 769 325 769 326 769 347 758 383 767 384 767 386 767 388 767 389 767 401 757 459 769 461 769 531 758 689 772 691 774 733 774 733 772 735 772 737 772 737 770 750 760 916 774 917 775 1023 775 1023 774 1025 774 1026 774 1026 772 1037 764 1103 774 1105 774 1106 774 1108 774 1123 764 1125 723 1123 699 37 694 37 714"/></Shape>
	    <String CONTENT="ושמע ועיניך פקח, וראה כי טוב מסתופף בשערי רחמיך: קהל -"
                    HPOS="35.0"
                    VPOS="694.0"
                    WIDTH="1090.0"
                    HEIGHT="81.0"
                    WC="0.9826920181512833"></String>
          </TextLine>

          
          
          <TextLine ID="eSc_line_84be380d"
                    TAGREFS="LT15288"
                    BASELINE="38 783 1126 794" 
                    HPOS="35.0"
                    VPOS="753.0"
                    WIDTH="1090.0"
                    HEIGHT="92.0">
            <Shape><Polygon POINTS="37 782 35 820 103 821 117 835 117 837 119 837 120 837 122 837 124 837 143 828 219 838 221 838 223 838 250 825 265 838 267 838 269 838 270 838 357 828 456 840 458 840 459 840 487 830 495 827 498 830 505 837 507 837 509 837 510 837 539 832 558 827 565 832 575 840 575 842 577 842 578 842 580 842 582 842 584 842 596 832 601 828 669 828 679 833 689 842 691 842 693 842 767 844 769 844 771 844 773 844 783 835 790 830 802 837 817 844 819 844 820 845 853 845 853 844 854 844 856 844 865 837 875 830 894 838 907 844 909 844 1023 845 1025 845 1026 845 1035 840 1048 833 1120 842 1125 792 1122 770 846 770 800 765 778 762 776 762 774 762 773 762 771 764 761 770 662 762 628 760 626 760 618 762 589 769 582 762 582 760 580 760 580 758 578 758 577 758 575 758 573 758 567 760 551 769 424 769 415 760 415 758 413 758 412 758 410 758 405 758 342 765 332 757 330 757 328 757 326 757 318 757 248 765 223 755 221 755 219 755 217 755 207 755 119 764 37 753 37 782"/></Shape>
	    <String CONTENT="ויקח מן הבא בידו מנחה: חזן - ברוב רחמיך אמרי האזינה יהוה"
                    HPOS="35.0"
                    VPOS="753.0"
                    WIDTH="1090.0"
                    HEIGHT="92.0"
                    WC="0.9567160545563211"></String>
          </TextLine>

          
          
          <TextLine ID="eSc_line_a97c571e"
                    TAGREFS="LT15288"
                    BASELINE="44 856 1126 863" 
                    HPOS="40.0"
                    VPOS="835.0"
                    WIDTH="1085.0"
                    HEIGHT="80.0">
            <Shape><Polygon POINTS="42 855 40 891 93 893 105 905 107 905 108 905 110 905 158 896 183 908 185 908 187 908 246 900 315 910 316 910 318 910 345 898 350 896 355 898 372 908 374 908 459 910 461 910 463 910 464 910 476 901 483 896 495 901 517 910 519 910 521 910 570 903 606 898 652 905 701 912 703 912 786 906 917 900 931 910 934 913 936 913 938 913 939 915 989 915 989 913 991 913 997 912 1035 900 1120 913 1125 862 1123 840 42 835 42 855"/></Shape>
	    <String CONTENT="הגיגי בינה, אם נא מצאתי חן בעיניך אלהי קדם מעונה,"
                    HPOS="40.0"
                    VPOS="835.0"
                    WIDTH="1085.0"
                    HEIGHT="80.0"
                    WC="0.9865367751495511"></String>
          </TextLine>

          
          
          <TextLine ID="eSc_line_0f5b4e92"
                    TAGREFS="LT15288"
                    BASELINE="45 923 1121 931" 
                    HPOS="44.0"
                    VPOS="898.0"
                    WIDTH="1077.0"
                    HEIGHT="82.0">
            <Shape><Polygon POINTS="45 923 44 959 122 966 123 966 197 962 236 973 237 973 238 973 298 963 351 974 352 974 354 974 375 968 433 974 434 974 435 974 455 967 527 975 528 975 529 975 552 965 613 974 614 974 655 965 656 965 658 965 685 976 686 976 687 976 806 966 811 966 814 966 888 977 889 977 890 977 908 971 919 977 920 977 921 977 1020 979 1021 979 1022 979 1038 971 1050 979 1051 979 1052 979 1054 980 1096 980 1096 979 1097 979 1119 968 1121 931 1121 913 1108 906 1107 906 1106 906 1063 905 1062 905 1060 905 1059 905 1049 912 1033 906 1032 906 1031 906 972 913 969 913 967 913 941 904 940 904 939 904 904 912 751 906 750 906 694 910 689 910 675 904 673 904 672 904 621 909 609 901 608 901 607 901 605 901 552 909 551 909 549 909 498 900 496 900 237 907 216 907 204 907 74 898 73 898 72 898 45 905 45 923"/></Shape>
	    <String CONTENT="ולקחת מנחתי מידי אשר הבאתי לך בתחנה: קהל - ויהי כעלות"
                    HPOS="44.0"
                    VPOS="898.0"
                    WIDTH="1077.0"
                    HEIGHT="82.0"
                    WC="0.9854492253445565"></String>
          </TextLine>

          
          
          <TextLine ID="eSc_line_e0b2b9fa"
                    TAGREFS="LT15288"
                    BASELINE="52 996 1123 1002" 
                    HPOS="51.0"
                    VPOS="967.0"
                    WIDTH="1072.0"
                    HEIGHT="81.0">
            <Shape><Polygon POINTS="52 996 51 1024 115 1025 155 1043 156 1043 157 1043 158 1043 199 1030 228 1044 229 1044 230 1044 314 1035 315 1035 316 1035 329 1027 330 1027 359 1027 399 1043 400 1043 401 1043 402 1043 435 1028 452 1028 502 1028 504 1028 586 1047 587 1048 650 1048 650 1047 651 1047 677 1039 694 1047 695 1047 866 1048 868 1048 869 1048 929 1032 936 1031 983 1031 986 1032 999 1040 1000 1040 1001 1040 1003 1040 1015 1033 1017 1032 1021 1033 1042 1040 1043 1040 1045 1040 1046 1040 1057 1034 1072 1042 1073 1042 1074 1042 1075 1042 1076 1042 1090 1033 1092 1032 1119 1033 1123 1002 1123 977 1056 973 1055 973 1025 976 1009 979 996 976 974 973 973 973 972 973 961 976 946 981 929 976 911 972 910 972 908 972 861 976 835 979 813 976 767 971 643 971 642 971 641 971 632 976 625 980 594 980 587 976 573 969 571 969 570 969 569 969 557 975 552 977 534 975 498 972 496 972 495 972 494 972 490 975 485 979 419 979 413 975 393 968 392 968 391 968 360 975 354 977 246 977 216 976 215 975 204 967 203 967 201 967 200 967 148 975 144 975 138 975 105 969 104 969 52 974 52 996"/></Shape>
	    <String CONTENT="המנחה: חזן - שדי לא מצאנוך שגיא כח לעדה מקדם קנית,"
                    HPOS="51.0"
                    VPOS="967.0"
                    WIDTH="1072.0"
                    HEIGHT="81.0"
                    WC="0.9830507477124532"></String>
          </TextLine>

          
          
          <TextLine ID="eSc_line_ba7d598e"
                    TAGREFS="LT15288"
                    BASELINE="47 1065 1123 1074" 
                    HPOS="46.0"
                    VPOS="1041.0"
                    WIDTH="1077.0"
                    HEIGHT="79.0">
            <Shape><Polygon POINTS="47 1065 46 1106 83 1112 85 1112 86 1112 100 1107 119 1099 179 1099 198 1107 212 1114 213 1114 214 1114 245 1108 250 1107 256 1108 289 1114 290 1114 291 1114 305 1108 321 1101 501 1101 515 1109 525 1116 526 1116 527 1116 528 1116 553 1111 591 1117 592 1118 628 1118 628 1117 629 1117 645 1110 655 1107 723 1111 853 1119 854 1119 855 1119 856 1119 866 1112 896 1116 897 1116 898 1116 910 1112 915 1110 920 1112 934 1119 936 1119 937 1119 998 1114 1105 1120 1106 1120 1107 1120 1122 1114 1123 1074 1123 1057 1085 1048 1084 1048 885 1053 853 1053 785 1053 782 1051 776 1047 774 1047 773 1047 772 1047 743 1051 734 1052 731 1051 722 1045 721 1045 720 1045 719 1045 687 1050 680 1051 677 1050 663 1044 662 1044 661 1044 660 1044 651 1049 557 1043 555 1043 554 1043 540 1049 534 1050 527 1048 511 1043 510 1043 509 1043 433 1047 386 1049 372 1045 354 1042 352 1042 306 1045 264 1048 228 1044 198 1041 197 1041 196 1041 190 1043 181 1048 47 1042 47 1065"/></Shape>
	    <String CONTENT="אחד המרבה ואחד הממעיט בשובו נפשו רצית, אך"
                    HPOS="46.0"
                    VPOS="1041.0"
                    WIDTH="1077.0"
                    HEIGHT="79.0"
                    WC="0.9882273148922693"></String>
          </TextLine>

          
          
          <TextLine ID="eSc_line_7d8cf6d2"
                    TAGREFS="LT15288"
                    BASELINE="48 1133 1123 1142" 
                    HPOS="47.0"
                    VPOS="1107.0"
                    WIDTH="1076.0"
                    HEIGHT="84.0">
            <Shape><Polygon POINTS="48 1133 47 1168 80 1168 82 1168 98 1177 99 1177 100 1177 102 1177 122 1169 129 1167 173 1170 206 1173 207 1173 266 1173 460 1170 476 1177 498 1186 499 1186 500 1186 501 1186 526 1178 548 1171 595 1174 608 1179 625 1187 626 1187 627 1187 702 1183 718 1188 719 1188 933 1190 934 1190 936 1190 942 1187 973 1177 997 1187 998 1187 999 1187 1046 1182 1119 1191 1123 1142 1122 1116 1072 1114 1071 1114 1069 1114 1064 1115 1042 1121 1004 1115 988 1112 878 1112 877 1112 875 1112 874 1112 872 1115 862 1120 701 1119 689 1114 680 1110 679 1110 678 1110 677 1110 670 1114 662 1118 625 1114 594 1110 593 1110 592 1110 580 1114 570 1117 560 1114 553 1111 552 1111 551 1111 519 1114 468 1117 453 1114 439 1109 437 1109 436 1109 435 1109 426 1114 420 1117 317 1117 300 1112 271 1107 270 1107 48 1111 48 1133"/></Shape>
	    <String CONTENT="יכון לבו לפניך במנחתו בעת הקריב אותה: קהל - וזאת תורת"
                    HPOS="47.0"
                    VPOS="1107.0"
                    WIDTH="1076.0"
                    HEIGHT="84.0"
                    WC="0.9941548382242521"></String>
          </TextLine>

          
          
          <TextLine ID="eSc_line_56fbdbd8"
                    TAGREFS="LT15288"
                    BASELINE="47 1202 1123 1211" 
                    HPOS="46.0"
                    VPOS="1176.0"
                    WIDTH="1077.0"
                    HEIGHT="82.0">
            <Shape><Polygon POINTS="47 1202 46 1235 158 1236 159 1237 179 1246 180 1246 181 1246 223 1238 226 1238 346 1238 348 1241 372 1252 373 1252 374 1253 442 1253 442 1252 443 1252 474 1242 481 1241 499 1243 584 1254 585 1255 610 1255 610 1254 611 1254 612 1254 627 1245 628 1244 638 1245 719 1255 720 1256 830 1256 830 1255 831 1255 848 1249 871 1254 872 1254 873 1254 874 1254 889 1249 903 1244 938 1250 941 1250 942 1250 945 1250 974 1245 988 1251 1005 1258 1006 1258 1007 1258 1121 1252 1123 1211 1122 1195 1007 1195 1004 1194 987 1188 986 1188 984 1188 907 1193 898 1193 895 1193 849 1182 796 1182 795 1182 794 1182 770 1190 745 1182 744 1182 743 1182 693 1191 692 1192 605 1192 602 1191 573 1182 571 1182 570 1182 509 1188 450 1178 392 1178 391 1178 390 1178 364 1187 299 1180 298 1180 272 1185 248 1177 247 1177 246 1177 207 1183 182 1176 181 1176 180 1176 147 1177 146 1177 145 1177 131 1186 47 1186 47 1202"/></Shape>
	    <String CONTENT="המנחה: חזן - בהיות מזבחי ומקדשי על מכונו וגבולו, היו"
                    HPOS="46.0"
                    VPOS="1176.0"
                    WIDTH="1077.0"
                    HEIGHT="82.0"
                    WC="0.9966539930790028"></String>
          </TextLine>

          
          
          <TextLine ID="eSc_line_8be7fa57"
                    TAGREFS="LT15288"
                    BASELINE="48 1272 1123 1281" 
                    HPOS="47.0"
                    VPOS="1246.0"
                    WIDTH="1076.0"
                    HEIGHT="80.0">
            <Shape><Polygon POINTS="48 1272 47 1301 64 1308 65 1308 66 1308 106 1302 132 1313 133 1313 135 1313 136 1313 167 1303 172 1302 334 1303 341 1308 351 1312 352 1312 354 1312 383 1309 414 1304 424 1309 425 1310 426 1310 427 1310 440 1310 483 1308 491 1311 510 1320 511 1320 512 1320 546 1312 576 1305 633 1314 684 1322 797 1323 798 1323 826 1319 861 1313 878 1320 888 1325 889 1325 890 1325 933 1321 975 1319 1119 1326 1123 1281 1122 1263 1087 1255 1085 1255 1084 1255 1063 1262 1062 1262 1041 1254 1040 1254 1039 1254 921 1261 908 1261 906 1261 895 1253 894 1253 892 1253 891 1253 789 1259 772 1260 769 1259 747 1252 746 1252 745 1252 710 1259 705 1260 586 1260 578 1258 553 1250 552 1250 551 1250 550 1250 531 1256 526 1258 512 1256 445 1249 444 1249 415 1255 409 1256 403 1255 383 1249 382 1249 381 1249 335 1254 333 1254 332 1254 275 1247 233 1247 232 1247 231 1247 218 1253 213 1255 198 1253 158 1246 157 1246 124 1252 112 1254 106 1252 91 1246 90 1246 89 1246 48 1251 48 1272"/></Shape>
	    <String CONTENT="מכפרים עלינו בשעירים העולים לגורלו, ועתה"
                    HPOS="47.0"
                    VPOS="1246.0"
                    WIDTH="1076.0"
                    HEIGHT="80.0"
                    WC="0.9821512873579816"></String>
          </TextLine>

          
          
          <TextLine ID="eSc_line_2ddbc97c"
                    TAGREFS="LT15288"
                    BASELINE="49 1344 1122 1352" 
                    HPOS="49.0"
                    VPOS="1313.0"
                    WIDTH="1073.0"
                    HEIGHT="88.0">
            <Shape><Polygon POINTS="49 1344 49 1382 69 1378 83 1384 105 1391 106 1391 107 1391 108 1391 128 1384 146 1377 195 1377 228 1385 262 1394 263 1394 264 1394 265 1394 283 1386 296 1380 318 1386 327 1388 329 1388 330 1388 331 1388 335 1386 347 1381 367 1387 398 1395 399 1395 400 1395 401 1395 417 1387 433 1379 507 1379 550 1379 573 1389 577 1390 578 1390 579 1390 588 1389 602 1387 607 1389 619 1396 620 1396 689 1397 691 1397 692 1397 704 1390 714 1397 715 1397 717 1397 824 1398 826 1398 827 1398 840 1393 851 1388 886 1391 887 1391 954 1382 970 1394 974 1397 975 1397 976 1397 997 1399 998 1401 1039 1401 1039 1399 1040 1399 1051 1395 1059 1391 1075 1395 1097 1399 1098 1399 1119 1395 1122 1352 1121 1332 1062 1332 1057 1330 1018 1322 1017 1322 982 1329 971 1331 921 1331 910 1328 874 1320 873 1320 872 1320 858 1327 852 1330 715 1330 705 1325 693 1319 692 1319 691 1319 689 1319 670 1323 653 1329 511 1329 492 1321 484 1318 483 1318 424 1317 423 1317 422 1317 414 1319 401 1323 374 1319 356 1315 355 1315 354 1315 344 1318 316 1326 299 1317 298 1317 297 1317 296 1317 295 1317 293 1317 274 1325 254 1317 251 1315 250 1315 249 1315 243 1317 216 1321 191 1315 187 1314 186 1314 184 1314 172 1314 122 1319 49 1313 49 1344"/></Shape>
	    <String CONTENT="באשמתנו לו חפץ יהוה להמיתנו: קהל - לא לקח מידנו עולה"
                    HPOS="49.0"
                    VPOS="1313.0"
                    WIDTH="1073.0"
                    HEIGHT="88.0"
                    WC="0.9938803188344265"></String>
          </TextLine>

          
          
          <TextLine ID="eSc_line_8f5d4d88"
                    TAGREFS="LT15288"
                    BASELINE="52 1414 1122 1423" 
                    HPOS="51.0"
                    VPOS="1388.0"
                    WIDTH="1071.0"
                    HEIGHT="78.0">
            <Shape><Polygon POINTS="52 1414 51 1444 217 1455 218 1455 331 1450 384 1448 392 1452 414 1461 415 1461 452 1462 622 1463 624 1463 655 1457 672 1454 691 1457 719 1464 720 1464 744 1458 771 1452 796 1452 815 1461 816 1461 818 1461 819 1461 820 1461 821 1461 840 1452 941 1452 975 1464 976 1464 978 1464 1118 1466 1122 1423 1119 1399 889 1401 853 1396 824 1393 823 1393 822 1393 821 1393 816 1396 810 1399 593 1399 576 1393 570 1391 569 1391 568 1391 554 1393 520 1397 476 1391 450 1389 375 1389 374 1389 373 1389 369 1390 359 1396 351 1390 350 1390 349 1390 256 1388 255 1388 220 1389 122 1394 52 1388 52 1414"/></Shape>
	    <String CONTENT="ומנחה: חזן - תחנונים ידבר עמך יבקש סליחה בלב מר, הנו"
                    HPOS="51.0"
                    VPOS="1388.0"
                    WIDTH="1071.0"
                    HEIGHT="78.0"
                    WC="0.9795826990553673"></String>
          </TextLine>

          
          
          <TextLine ID="eSc_line_01ec6363"
                    TAGREFS="LT15288"
                    BASELINE="55 1482 1122 1491" 
                    HPOS="54.0"
                    VPOS="1456.0"
                    WIDTH="1068.0"
                    HEIGHT="81.0">
            <Shape><Polygon POINTS="55 1482 54 1514 166 1515 167 1516 184 1529 186 1529 187 1529 188 1529 189 1529 190 1529 197 1524 207 1530 208 1530 209 1531 254 1531 254 1530 255 1530 275 1519 279 1517 301 1517 310 1520 355 1531 356 1531 357 1531 430 1521 452 1519 470 1522 507 1530 508 1530 571 1525 584 1533 585 1533 586 1533 587 1533 633 1528 701 1532 702 1532 728 1526 752 1522 796 1522 809 1529 814 1531 815 1531 816 1531 818 1531 828 1529 837 1526 841 1529 852 1536 853 1536 854 1536 855 1537 954 1537 954 1536 955 1536 971 1531 987 1526 998 1532 1008 1537 1009 1537 1010 1537 1119 1533 1122 1491 1119 1464 990 1472 929 1472 913 1464 912 1463 911 1463 910 1463 908 1463 906 1464 885 1471 746 1471 728 1464 720 1461 719 1461 668 1461 667 1461 666 1461 664 1461 660 1464 652 1469 617 1464 587 1460 586 1460 487 1464 415 1466 367 1464 274 1457 273 1457 272 1457 260 1464 256 1466 207 1466 186 1464 113 1456 112 1456 111 1456 110 1456 98 1464 96 1464 55 1464 55 1482"/></Shape>
	    <String CONTENT="מתיצב על מצור ועומד על המשמר, מחלה פניך לעת"
                    HPOS="54.0"
                    VPOS="1456.0"
                    WIDTH="1068.0"
                    HEIGHT="81.0"
                    WC="0.9848171098287716"></String>
          </TextLine>

          
          
          <TextLine ID="eSc_line_b0e971e2"
                    TAGREFS="LT15288"
                    BASELINE="57 1553 1121 1562" 
                    HPOS="56.0"
                    VPOS="1528.0"
                    WIDTH="1065.0"
                    HEIGHT="84.0">
            <Shape><Polygon POINTS="57 1553 56 1588 97 1589 127 1604 128 1604 129 1604 162 1601 163 1601 187 1590 288 1601 289 1601 290 1601 314 1591 356 1606 357 1606 358 1606 410 1597 447 1606 448 1606 449 1606 450 1606 451 1606 472 1593 552 1607 553 1607 554 1607 579 1599 588 1605 590 1605 591 1605 592 1605 593 1605 616 1595 661 1595 712 1595 714 1595 776 1609 777 1609 824 1604 853 1610 854 1610 855 1612 982 1612 982 1610 983 1610 1006 1598 1029 1598 1077 1612 1079 1612 1080 1612 1081 1612 1119 1598 1121 1562 1118 1539 756 1540 718 1537 668 1532 667 1532 635 1537 614 1539 595 1537 563 1531 562 1531 508 1536 482 1538 474 1536 456 1530 455 1530 453 1530 248 1534 196 1536 177 1534 97 1528 96 1528 57 1533 57 1553"/></Shape>
	    <String CONTENT="מנחת ערב ומצפה כופר: קהל - כי אמר אכפרה פניו במנחה: חזן"
                    HPOS="56.0"
                    VPOS="1528.0"
                    WIDTH="1065.0"
                    HEIGHT="84.0"
                    WC="0.9864978384464345"></String>
          </TextLine>

          
          
          <TextLine ID="eSc_line_b4fdd1b1"
                    TAGREFS="LT15288"
                    BASELINE="59 1622 1121 1629" 
                    HPOS="57.0"
                    VPOS="1598.0"
                    WIDTH="1064.0"
                    HEIGHT="79.0">
            <Shape><Polygon POINTS="59 1622 57 1664 112 1664 119 1665 140 1672 141 1672 142 1672 189 1665 232 1659 373 1665 415 1666 416 1666 436 1665 486 1660 502 1665 536 1674 537 1674 538 1674 595 1673 596 1673 612 1664 613 1664 636 1675 637 1675 865 1676 866 1676 868 1676 897 1664 898 1664 929 1676 930 1676 931 1676 932 1676 965 1667 986 1675 987 1675 1039 1677 1040 1677 1041 1677 1067 1664 1068 1664 1118 1664 1121 1629 1118 1604 1060 1610 978 1604 976 1604 975 1604 974 1604 959 1612 910 1606 908 1606 790 1610 738 1604 728 1602 727 1602 709 1604 638 1609 621 1604 618 1602 617 1602 616 1602 614 1602 611 1604 596 1609 582 1604 573 1600 571 1600 570 1600 540 1604 501 1608 355 1608 347 1604 336 1599 335 1599 334 1599 307 1604 290 1607 274 1604 250 1599 249 1599 215 1604 208 1605 206 1604 191 1598 190 1598 189 1598 59 1604 59 1622"/></Shape>
	    <String CONTENT="- ירושלים עירך בנה ועריה מקצה, אסורים רעוצים פתח"
                    HPOS="57.0"
                    VPOS="1598.0"
                    WIDTH="1064.0"
                    HEIGHT="79.0"
                    WC="0.9846210898237026"></String>
          </TextLine>

          
          
          <TextLine ID="eSc_line_e67cd293"
                    TAGREFS="LT15288"
                    BASELINE="62 1690 1121 1700" 
                    HPOS="61.0"
                    VPOS="1664.0"
                    WIDTH="1060.0"
                    HEIGHT="84.0">
            <Shape><Polygon POINTS="62 1690 61 1723 150 1739 152 1740 173 1740 173 1739 174 1739 199 1726 264 1726 270 1727 317 1741 318 1741 319 1741 388 1730 403 1727 411 1730 442 1742 443 1742 444 1743 518 1743 518 1742 519 1742 541 1733 549 1730 592 1730 600 1734 605 1737 607 1737 608 1737 609 1737 610 1737 624 1734 633 1732 637 1734 650 1742 651 1742 652 1742 685 1744 686 1745 756 1745 756 1744 757 1744 774 1737 787 1732 856 1732 881 1739 906 1747 907 1747 908 1748 930 1748 930 1747 931 1747 932 1747 941 1740 947 1736 978 1741 1021 1748 1022 1748 1023 1748 1043 1742 1045 1742 1046 1742 1054 1748 1055 1748 1056 1748 1057 1748 1118 1743 1121 1700 1119 1675 1012 1673 1010 1673 992 1674 888 1683 855 1676 854 1676 853 1676 839 1682 742 1676 740 1676 739 1676 721 1681 689 1674 688 1674 618 1680 605 1673 600 1668 599 1668 597 1668 596 1668 577 1673 549 1680 464 1680 424 1672 397 1667 396 1667 394 1667 381 1672 372 1674 356 1672 324 1666 323 1666 322 1666 304 1671 285 1676 257 1671 223 1665 146 1664 145 1664 111 1671 86 1675 62 1671 62 1690"/></Shape>
	    <String CONTENT="ולחפשי הוצא, וערבה ליהוה מנחתם כימי עולם ותשוב"
                    HPOS="61.0"
                    VPOS="1664.0"
                    WIDTH="1060.0"
                    HEIGHT="84.0"
                    WC="0.9825395928488837"></String>
          </TextLine>

          
          
          <TextLine ID="eSc_line_175c9bab"
                    TAGREFS="LT15288"
                    BASELINE="61 1760 1121 1769" 
                    HPOS="60.0"
                    VPOS="1735.0"
                    WIDTH="1061.0"
                    HEIGHT="97.0">
            <Shape><Polygon POINTS="61 1760 60 1817 154 1823 155 1823 156 1823 165 1819 180 1812 316 1812 385 1821 396 1823 397 1823 398 1823 401 1821 432 1813 467 1823 481 1826 482 1826 483 1826 484 1826 494 1823 523 1815 549 1824 555 1826 557 1826 653 1827 654 1827 655 1827 660 1825 678 1816 709 1816 727 1825 728 1825 729 1825 730 1825 759 1817 788 1827 793 1828 794 1828 795 1829 860 1829 860 1828 861 1828 862 1828 883 1818 956 1826 957 1826 958 1826 981 1818 992 1824 993 1824 995 1824 1032 1819 1051 1830 1052 1830 1054 1830 1055 1832 1118 1832 1121 1769 1119 1748 1042 1743 1041 1743 1023 1747 992 1752 914 1745 904 1745 903 1745 902 1745 899 1745 882 1751 863 1745 848 1741 847 1741 846 1741 797 1745 743 1750 710 1744 681 1740 680 1740 679 1740 670 1744 661 1750 592 1750 498 1749 485 1743 477 1740 476 1740 475 1740 452 1743 427 1747 405 1742 389 1740 388 1740 368 1742 341 1747 332 1742 326 1740 325 1740 324 1740 305 1742 293 1743 281 1742 243 1736 242 1736 241 1736 224 1741 221 1742 217 1741 194 1735 192 1735 110 1735 108 1735 107 1735 97 1741 89 1744 61 1741 61 1760"/></Shape>
	    <String CONTENT="ותרצה: קהל - עוד פנות אל המנחה: חזן - ונפוצות ישראל לקבץ"
                    HPOS="60.0"
                    VPOS="1735.0"
                    WIDTH="1061.0"
                    HEIGHT="97.0"
                    WC="0.9855639545813851"></String>
          </TextLine>

          
        </TextBlock>
        

        
      </PrintSpace>
    </Page>
  </Layout>
</alto>
