<?xml version="1.0" encoding="UTF-8"?>
<alto xmlns:xsi="http://www.w3.org/2001/XMLSchema-instance"
      xmlns="http://www.loc.gov/standards/alto/ns-v4#"
      xsi:schemaLocation="http://www.loc.gov/standards/alto/ns-v4# http://www.loc.gov/standards/alto/v4/alto-4-2.xsd">
  <Description>
    <MeasurementUnit>pixel</MeasurementUnit>
    <sourceImageInformation>
      <fileName>IE87581919_00011.jpg</fileName>
      <fileIdentifier>mets//export_doc4366_1col_14_copy_alto_202404261215.zip/IE87581919_00011.jpg</fileIdentifier>
    </sourceImageInformation>
  </Description>
  
  <Tags>
    <OtherTag ID="BT8356" LABEL="MainLeft" DESCRIPTION="block type MainLeft"/><OtherTag ID="BT8355" LABEL="MainRight" DESCRIPTION="block type MainRight"/><OtherTag ID="BT6914" LABEL="Handwritten" DESCRIPTION="block type Handwritten"/><OtherTag ID="BT6913" LABEL="RunningHeader" DESCRIPTION="block type RunningHeader"/><OtherTag ID="BT6912" LABEL="Catchword" DESCRIPTION="block type Catchword"/><OtherTag ID="BT6911" LABEL="Margin" DESCRIPTION="block type Margin"/><OtherTag ID="BT6910" LABEL="FooterCentral" DESCRIPTION="block type FooterCentral"/><OtherTag ID="BT6909" LABEL="MainCentral" DESCRIPTION="block type MainCentral"/><OtherTag ID="BT6908" LABEL="Header" DESCRIPTION="block type Header"/><OtherTag ID="BT4" LABEL="Illustration" DESCRIPTION="block type Illustration"/><OtherTag ID="BT3" LABEL="Commentary" DESCRIPTION="block type Commentary"/><OtherTag ID="BT2" LABEL="Main" DESCRIPTION="block type Main"/><OtherTag ID="BT1" LABEL="Title" DESCRIPTION="block type Title"/>
    <OtherTag ID="LT15938" LABEL="MainLeft" DESCRIPTION="line type MainLeft"/><OtherTag ID="LT15937" LABEL="MainRight" DESCRIPTION="line type MainRight"/><OtherTag ID="LT15289" LABEL="Handwritten" DESCRIPTION="line type Handwritten"/><OtherTag ID="LT15288" LABEL="MainCentral" DESCRIPTION="line type MainCentral"/><OtherTag ID="LT15287" LABEL="NotMain" DESCRIPTION="line type NotMain"/>
  </Tags>
  
  <Layout>
    <Page WIDTH="1310"
          HEIGHT="1975"
          PHYSICAL_IMG_NR="34"
          ID="eSc_dummypage_">
      <PrintSpace HPOS="0"
                  VPOS="0"
                  WIDTH="1310"
                  HEIGHT="1975">
        
        <TextBlock HPOS="96.0"
                   VPOS="105.0"
                   WIDTH="1121.0"
                   HEIGHT="1737.0"
                   ID="eSc_textblock_1a8982be"
                   TAGREFS="BT6909">
          <Shape><Polygon POINTS="1217 114 1217 1750 1204 1833 430 1842 96 1829 96 122 430 105"/></Shape>
          
          
          <TextLine ID="eSc_line_578a56f9"
                    TAGREFS="LT15288"
                    BASELINE="439 128 847 128" 
                    HPOS="439.0"
                    VPOS="105.0"
                    WIDTH="408.0"
                    HEIGHT="77.0">
            <Shape><Polygon POINTS="845 109 834 109 823 109 812 108 801 108 790 108 779 108 768 108 757 108 746 108 735 108 724 108 713 107 702 107 691 107 680 107 673 107 669 107 658 107 647 107 643 107 636 107 625 106 614 106 603 106 592 106 589 106 581 107 580 106 570 106 560 106 549 106 538 106 527 105 516 105 505 105 494 105 483 105 472 105 466 105 439 107 439 128 439 165 522 165 527 167 544 181 545 181 546 181 547 182 575 182 575 181 576 181 599 170 610 165 640 171 641 171 642 171 657 165 664 172 673 179 673 181 674 181 675 181 676 181 720 179 721 179 735 174 756 166 766 175 768 177 769 177 770 177 771 177 773 177 777 175 781 174 784 176 790 181 791 181 792 181 793 181 847 177 847 128 846 109 845 109"/></Shape>
	    <String CONTENT=""
                    HPOS="439.0"
                    VPOS="105.0"
                    WIDTH="408.0"
                    HEIGHT="77.0"
                    WC="0.9981807731091976"></String>
          </TextLine>

          
          
          <TextLine ID="eSc_line_43588c48"
                    TAGREFS="LT15288"
                    BASELINE="97 202 1202 200" 
                    HPOS="97.0"
                    VPOS="170.0"
                    WIDTH="1105.0"
                    HEIGHT="84.0">
            <Shape><Polygon POINTS="97 250 149 253 150 253 172 250 231 240 253 249 263 253 264 253 265 254 325 254 325 253 326 253 337 249 346 244 368 247 397 253 398 253 434 247 484 240 499 247 502 249 504 249 634 253 635 253 636 253 651 245 665 239 725 239 740 245 747 249 748 249 749 249 751 249 758 245 765 241 771 244 776 247 777 247 778 247 779 247 780 247 787 244 801 239 853 239 863 244 876 252 877 252 878 252 879 253 956 253 956 252 957 252 984 243 986 243 988 243 1023 249 1024 249 1025 249 1026 249 1036 243 1044 239 1078 239 1087 242 1109 252 1110 252 1111 253 1166 253 1166 252 1167 252 1202 241 1202 200 1201 172 1170 170 1169 170 1168 170 1162 171 1141 178 1120 171 1114 170 1113 170 1112 170 1111 170 1106 171 1090 179 1032 179 997 171 988 170 987 170 978 171 944 178 888 173 887 173 807 178 755 172 754 172 706 178 654 171 651 171 650 171 648 171 647 171 623 179 594 174 592 174 545 179 528 173 527 173 525 173 524 173 523 173 514 178 498 174 497 174 496 174 437 179 413 171 412 171 411 171 408 171 322 178 308 171 307 171 306 171 305 171 282 176 273 171 272 171 271 171 97 171 97 202 97 250"/></Shape>
	    <String CONTENT=""
                    HPOS="97.0"
                    VPOS="170.0"
                    WIDTH="1105.0"
                    HEIGHT="84.0"
                    WC="0.9879729869690809"></String>
          </TextLine>

          
          
          <TextLine ID="eSc_line_bcee0c00"
                    TAGREFS="LT15288"
                    BASELINE="96 278 1043 276" 
                    HPOS="96.0"
                    VPOS="249.0"
                    WIDTH="947.0"
                    HEIGHT="85.0">
            <Shape><Polygon POINTS="96 278 96 323 147 317 161 323 182 333 183 333 184 334 297 334 297 333 298 333 299 333 314 323 322 317 382 317 395 322 400 324 401 324 402 324 404 324 410 322 428 317 500 317 509 322 525 333 527 333 528 333 529 333 555 328 566 333 567 333 568 333 569 333 601 322 657 322 658 322 659 322 662 321 673 316 687 321 718 332 719 332 720 333 751 333 751 332 752 332 753 332 764 324 813 332 814 332 815 332 846 320 858 316 865 320 872 325 874 325 875 325 876 325 877 325 888 322 904 332 905 332 907 332 908 332 909 332 921 326 934 332 935 332 936 332 1042 319 1043 276 1042 257 1009 250 1008 250 1006 250 989 257 984 260 916 260 910 257 882 249 881 249 880 249 879 249 878 249 867 257 864 260 830 260 822 257 787 249 786 249 785 249 784 249 770 257 768 258 759 257 736 253 735 253 674 257 647 258 640 257 619 252 618 252 617 252 616 252 596 257 589 258 587 257 573 249 572 249 570 249 569 249 479 250 444 257 440 257 431 257 365 252 364 252 363 252 362 252 355 257 351 261 274 261 258 257 213 250 211 250 163 255 147 250 146 250 144 250 143 250 142 250 132 257 129 260 124 257 110 252 109 252 108 252 107 252 98 255 96 278"/></Shape>
	    <String CONTENT=""
                    HPOS="96.0"
                    VPOS="249.0"
                    WIDTH="947.0"
                    HEIGHT="85.0"
                    WC="0.9915974770273481"></String>
          </TextLine>

          
          
          <TextLine ID="eSc_line_de692ffd"
                    TAGREFS="LT15288"
                    BASELINE="507 354 778 352" 
                    HPOS="506.0"
                    VPOS="322.0"
                    WIDTH="272.0"
                    HEIGHT="77.0">
            <Shape><Polygon POINTS="507 354 507 388 516 395 517 395 518 395 519 396 519 395 520 395 521 395 531 388 550 389 569 399 570 399 572 399 602 393 619 399 620 399 621 399 622 399 623 399 642 387 643 387 677 387 678 387 695 398 696 398 697 398 698 398 778 387 778 352 775 322 757 330 663 326 610 324 609 324 580 329 569 331 567 330 563 325 563 324 562 324 561 324 520 324 519 324 518 324 506 330 507 354"/></Shape>
	    <String CONTENT=""
                    HPOS="506.0"
                    VPOS="322.0"
                    WIDTH="272.0"
                    HEIGHT="77.0"
                    WC="0.9872850312127007"></String>
          </TextLine>

          
          
          <TextLine ID="eSc_line_e79e92fc"
                    TAGREFS="LT15288"
                    BASELINE="95 431 1206 429" 
                    HPOS="95.0"
                    VPOS="395.0"
                    WIDTH="1111.0"
                    HEIGHT="85.0">
            <Shape><Polygon POINTS="95 460 133 469 135 469 136 469 143 465 166 479 168 479 169 479 170 480 237 480 237 479 238 479 271 467 315 479 316 479 317 480 387 480 387 479 388 479 389 479 418 461 433 468 434 468 435 468 437 468 453 459 455 458 491 459 578 463 579 463 608 459 616 458 617 459 624 464 625 464 626 464 628 464 629 464 642 459 679 475 680 475 723 478 724 478 797 472 893 478 894 478 896 478 932 458 948 464 949 464 950 464 1053 457 1060 457 1061 457 1103 478 1104 478 1105 479 1137 479 1137 478 1138 478 1173 459 1205 456 1206 429 1204 404 1156 407 1150 404 1138 398 1137 398 1136 398 1135 398 1123 402 1057 395 1056 395 1055 395 1036 404 1031 408 979 408 972 404 964 400 963 400 961 400 960 400 949 404 943 407 937 404 923 398 922 398 921 398 920 398 897 404 886 407 868 404 833 399 832 399 831 399 811 404 801 407 797 404 782 397 781 397 780 397 779 397 752 404 747 405 743 404 718 396 717 396 715 396 714 396 690 404 689 404 665 397 664 397 663 397 662 397 643 403 618 396 617 396 616 396 588 401 579 396 578 396 577 396 518 396 517 396 464 404 444 408 434 404 416 398 415 398 318 396 317 396 280 404 274 405 269 404 242 400 241 400 213 404 194 408 95 405 95 431 95 460"/></Shape>
	    <String CONTENT=""
                    HPOS="95.0"
                    VPOS="395.0"
                    WIDTH="1111.0"
                    HEIGHT="85.0"
                    WC="0.9895591420285842"></String>
          </TextLine>

          
          
          <TextLine ID="eSc_line_626fda04"
                    TAGREFS="LT15288"
                    BASELINE="96 504 994 504" 
                    HPOS="96.0"
                    VPOS="475.0"
                    WIDTH="898.0"
                    HEIGHT="81.0">
            <Shape><Polygon POINTS="96 504 96 556 196 556 196 555 207 554 233 549 234 549 236 549 259 533 289 533 312 549 314 549 315 549 316 549 317 549 348 535 359 539 360 539 361 539 390 533 437 550 450 555 451 555 452 555 629 553 630 553 631 553 637 547 650 538 683 533 784 533 808 545 818 549 819 549 820 549 821 549 838 544 861 537 881 544 899 549 900 549 901 549 902 549 914 543 927 535 947 535 960 543 972 550 973 550 975 550 976 550 977 550 994 542 994 504 994 483 966 478 965 478 964 478 944 483 933 486 915 483 886 479 885 479 883 479 882 479 877 483 871 487 847 483 830 481 829 481 827 481 822 483 814 487 805 483 786 476 785 476 784 476 782 476 781 476 771 483 766 488 721 488 715 483 707 477 706 477 704 477 703 477 702 477 701 477 690 483 686 487 609 487 605 483 585 475 584 475 441 475 440 475 379 484 377 484 374 484 333 478 332 478 294 484 281 487 254 484 209 481 208 481 185 484 173 487 163 484 128 478 127 478 98 484 96 504"/></Shape>
	    <String CONTENT=""
                    HPOS="96.0"
                    VPOS="475.0"
                    WIDTH="898.0"
                    HEIGHT="81.0"
                    WC="0.9897913475831349"></String>
          </TextLine>

          
          
          <TextLine ID="eSc_line_67a9a98f"
                    TAGREFS="LT15288"
                    BASELINE="95 578 1206 581" 
                    HPOS="94.0"
                    VPOS="549.0"
                    WIDTH="1112.0"
                    HEIGHT="80.0">
            <Shape><Polygon POINTS="95 578 94 607 150 608 162 616 163 616 164 616 165 616 205 613 227 626 228 626 229 626 230 627 273 627 273 626 274 626 294 617 345 626 346 626 348 626 407 611 439 626 440 626 464 627 465 627 466 627 511 611 512 611 654 611 657 612 666 617 667 617 668 617 669 617 722 612 741 611 745 613 776 627 777 627 778 627 779 627 832 613 834 613 836 613 911 628 912 628 979 627 980 627 981 627 999 616 1024 626 1025 626 1026 626 1027 626 1049 621 1067 628 1068 628 1069 629 1120 629 1120 628 1121 628 1147 615 1151 613 1159 615 1177 621 1178 621 1179 621 1204 615 1206 581 1206 558 1156 551 1155 551 1092 558 1073 559 1069 558 1056 551 1055 551 1054 551 1017 558 1001 561 932 561 849 559 847 558 833 550 832 550 729 550 728 550 726 550 712 558 709 558 672 554 670 554 603 558 583 559 577 558 554 551 553 551 552 551 491 557 461 549 460 549 458 549 457 549 439 555 365 549 364 549 363 549 329 558 328 558 327 558 249 550 248 550 247 550 232 558 231 559 95 559 95 578"/></Shape>
	    <String CONTENT=""
                    HPOS="94.0"
                    VPOS="549.0"
                    WIDTH="1112.0"
                    HEIGHT="80.0"
                    WC="0.9976512566208839"></String>
          </TextLine>

          
          
          <TextLine ID="eSc_line_a4d46516"
                    TAGREFS="LT15288"
                    BASELINE="96 657 1206 653" 
                    HPOS="96.0"
                    VPOS="624.0"
                    WIDTH="1110.0"
                    HEIGHT="80.0">
            <Shape><Polygon POINTS="96 657 96 697 198 703 199 703 200 703 215 697 225 692 275 691 285 696 290 700 292 700 293 700 294 700 315 696 320 695 322 696 340 703 341 703 342 703 343 703 361 695 373 691 417 691 426 695 440 703 441 703 442 704 465 704 465 703 498 695 522 702 523 702 524 702 525 702 550 694 564 690 580 693 598 697 599 697 622 693 640 690 651 693 678 702 679 702 680 703 780 703 780 702 781 702 815 692 819 691 821 691 854 701 855 701 856 701 857 701 881 691 888 689 896 691 922 698 923 698 924 698 961 690 970 689 981 690 1051 701 1053 701 1054 701 1055 701 1073 689 1076 689 1106 689 1107 689 1135 701 1136 701 1137 702 1167 702 1167 701 1168 701 1206 687 1206 653 1204 632 958 633 955 633 919 624 837 624 836 624 784 629 765 625 764 625 763 625 762 625 740 634 739 634 737 634 706 625 704 625 703 625 507 633 467 625 466 625 412 634 259 627 258 627 181 635 166 627 165 627 164 627 163 627 137 635 110 629 109 629 108 629 98 634 96 657"/></Shape>
	    <String CONTENT=""
                    HPOS="96.0"
                    VPOS="624.0"
                    WIDTH="1110.0"
                    HEIGHT="80.0"
                    WC="0.994533604099637"></String>
          </TextLine>

          
          
          <TextLine ID="eSc_line_97a3947a"
                    TAGREFS="LT15288"
                    BASELINE="95 731 1207 731" 
                    HPOS="95.0"
                    VPOS="698.0"
                    WIDTH="1112.0"
                    HEIGHT="82.0">
            <Shape><Polygon POINTS="95 731 95 768 131 766 136 768 152 779 153 779 154 779 155 780 278 780 278 779 280 779 305 768 308 766 370 766 375 768 415 779 416 779 417 779 507 770 588 779 589 779 590 779 611 768 613 766 636 766 639 768 667 779 668 779 669 780 755 780 755 779 756 779 793 766 796 766 848 766 851 766 871 779 872 779 874 780 920 780 920 779 921 779 952 766 953 766 954 766 1003 779 1004 779 1005 779 1045 766 1046 766 1047 766 1105 773 1106 773 1107 773 1133 766 1207 766 1207 731 1207 713 1179 706 1178 706 1084 712 1081 712 1080 712 1034 703 1033 703 1032 703 1000 712 998 713 938 713 936 712 908 702 907 702 905 702 864 712 860 713 814 713 813 712 797 703 796 703 795 703 704 711 691 712 688 711 674 706 673 706 672 706 670 706 658 711 640 700 639 700 637 700 636 700 635 700 607 708 556 698 373 698 372 698 295 709 278 712 270 709 231 698 230 698 196 698 195 698 194 698 171 707 153 701 152 701 151 701 150 701 149 701 135 709 130 712 126 709 116 704 115 704 114 704 113 704 95 708 95 731"/></Shape>
	    <String CONTENT=""
                    HPOS="95.0"
                    VPOS="698.0"
                    WIDTH="1112.0"
                    HEIGHT="82.0"
                    WC="0.9882128449047313"></String>
          </TextLine>

          
          
          <TextLine ID="eSc_line_433f09fd"
                    TAGREFS="LT15288"
                    BASELINE="95 806 1206 804" 
                    HPOS="95.0"
                    VPOS="774.0"
                    WIDTH="1111.0"
                    HEIGHT="75.0">
            <Shape><Polygon POINTS="95 840 211 849 213 849 214 849 231 839 242 833 255 839 256 839 258 839 260 839 323 833 333 839 348 847 349 847 427 849 428 849 429 849 450 838 451 837 453 838 462 843 463 843 464 843 465 843 466 843 467 843 476 838 485 833 539 833 546 837 551 840 552 840 553 840 554 840 598 837 636 833 654 836 686 841 687 841 688 841 706 836 712 833 718 836 733 842 734 842 735 842 736 842 752 836 758 832 765 836 770 838 771 838 773 838 792 834 810 832 815 834 841 848 842 848 843 849 922 849 922 848 923 848 979 833 980 833 982 833 1033 848 1034 848 1035 849 1123 849 1123 848 1124 848 1125 848 1150 832 1176 840 1177 840 1178 841 1178 840 1179 840 1206 831 1206 804 1204 783 1128 783 1126 783 1114 776 1113 776 1112 776 1111 776 1110 776 1100 783 1098 784 983 784 980 783 950 774 949 774 948 774 878 783 870 783 868 783 847 774 846 774 809 774 808 774 774 783 769 784 736 784 734 783 719 775 718 775 717 775 662 783 646 785 600 785 596 783 585 775 584 775 583 775 581 775 580 775 565 782 534 775 392 775 390 775 332 783 316 784 311 783 298 776 297 776 165 775 164 775 163 775 162 775 150 783 95 783 95 806 95 840"/></Shape>
	    <String CONTENT=""
                    HPOS="95.0"
                    VPOS="774.0"
                    WIDTH="1111.0"
                    HEIGHT="75.0"
                    WC="0.9861838999721739"></String>
          </TextLine>

          
          
          <TextLine ID="eSc_line_7ac4ff5f"
                    TAGREFS="LT15288"
                    BASELINE="96 881 1206 877" 
                    HPOS="96.0"
                    VPOS="845.0"
                    WIDTH="1110.0"
                    HEIGHT="87.0">
            <Shape><Polygon POINTS="96 881 96 932 241 932 241 931 242 931 248 928 264 919 280 928 286 931 287 931 288 932 377 932 377 931 378 931 389 926 415 911 443 924 452 928 453 928 454 929 501 929 501 928 502 928 512 922 536 909 560 909 636 909 657 919 677 930 678 930 679 930 724 924 725 924 742 918 763 909 805 916 882 929 883 929 885 929 902 921 913 926 914 926 915 926 916 926 941 913 950 908 960 912 963 913 964 913 965 913 966 913 969 912 986 908 1020 911 1042 913 1043 913 1079 910 1093 909 1094 910 1110 919 1111 919 1112 919 1113 919 1205 907 1206 877 1205 859 939 859 894 845 893 845 837 845 836 845 796 847 795 847 769 859 768 860 720 860 719 859 699 847 698 847 697 847 696 847 659 852 629 847 628 847 573 859 572 859 512 847 511 847 417 849 416 849 397 855 376 848 375 848 316 848 315 848 263 860 259 861 220 861 218 860 198 849 197 849 124 848 122 848 121 848 98 856 96 881"/></Shape>
	    <String CONTENT=""
                    HPOS="96.0"
                    VPOS="845.0"
                    WIDTH="1110.0"
                    HEIGHT="87.0"
                    WC="0.983418019918295"></String>
          </TextLine>

          
          
          <TextLine ID="eSc_line_508fcce7"
                    TAGREFS="LT15288"
                    BASELINE="94 958 1204 953" 
                    HPOS="94.0"
                    VPOS="922.0"
                    WIDTH="1110.0"
                    HEIGHT="86.0">
            <Shape><Polygon POINTS="94 958 94 1002 288 1008 289 1008 290 1008 308 1001 333 992 381 992 420 1000 451 1007 452 1008 494 1008 494 1007 495 1007 496 1007 506 1000 520 991 538 991 659 991 674 999 683 1005 684 1005 685 1005 686 1005 714 999 767 1005 768 1005 769 1005 770 1005 780 998 788 994 802 998 823 1005 824 1005 825 1005 865 998 893 992 902 997 908 1001 909 1001 910 1001 911 1001 912 1001 913 1001 920 997 922 996 930 997 967 1005 968 1005 969 1005 994 998 1025 1003 1026 1003 1027 1003 1028 1003 1039 997 1053 989 1103 990 1112 996 1115 998 1116 998 1117 998 1118 998 1204 995 1204 953 1203 933 1077 933 1059 922 1058 922 1057 922 1027 922 1026 922 1025 922 980 933 919 927 917 927 872 933 822 923 765 923 764 923 763 923 762 923 752 930 717 928 715 928 680 934 664 924 663 924 662 924 616 924 614 924 613 924 591 935 535 935 497 927 496 927 424 933 392 928 390 928 389 928 364 935 265 927 264 927 263 927 234 933 149 930 148 930 96 938 94 958"/></Shape>
	    <String CONTENT=""
                    HPOS="94.0"
                    VPOS="922.0"
                    WIDTH="1110.0"
                    HEIGHT="86.0"
                    WC="0.9942281461424298"></String>
          </TextLine>

          
          
          <TextLine ID="eSc_line_fff131d6"
                    TAGREFS="LT15288"
                    BASELINE="218 1033 1077 1029" 
                    HPOS="217.0"
                    VPOS="999.0"
                    WIDTH="860.0"
                    HEIGHT="83.0">
            <Shape><Polygon POINTS="218 1033 218 1066 258 1066 259 1066 274 1077 275 1077 276 1077 318 1081 319 1081 320 1081 321 1081 342 1066 360 1071 361 1071 362 1071 363 1071 374 1066 393 1081 394 1081 395 1081 396 1082 423 1082 423 1081 424 1081 426 1081 435 1074 480 1080 482 1080 483 1080 510 1066 525 1066 553 1080 554 1080 555 1080 556 1080 595 1065 644 1080 645 1080 646 1080 726 1079 728 1079 729 1079 741 1069 760 1079 762 1079 763 1080 829 1080 829 1079 830 1079 861 1063 863 1063 868 1063 913 1070 914 1070 955 1063 957 1063 977 1078 978 1078 979 1078 980 1079 993 1079 993 1078 994 1078 995 1078 1015 1063 1076 1063 1077 1029 1075 1003 977 1008 964 1005 947 999 946 999 945 999 944 999 931 1005 924 1008 827 1009 820 1006 810 999 809 999 808 999 807 999 778 1005 748 999 747 999 746 999 745 999 733 1007 729 1009 722 1007 706 1000 704 1000 703 1000 702 1000 680 1007 673 1009 664 1007 633 1000 506 1000 505 1000 504 1000 480 1009 477 1010 474 1009 455 1000 454 1000 453 1000 407 1008 382 1001 381 1001 379 1001 378 1001 348 1010 343 1011 340 1010 316 1005 315 1005 314 1005 217 1011 218 1033"/></Shape>
	    <String CONTENT=""
                    HPOS="217.0"
                    VPOS="999.0"
                    WIDTH="860.0"
                    HEIGHT="83.0"
                    WC="0.9838062357157469"></String>
          </TextLine>

          
          
          <TextLine ID="eSc_line_c3ca78fb"
                    TAGREFS="LT15288"
                    BASELINE="97 1107 1203 1102" 
                    HPOS="97.0"
                    VPOS="1070.0"
                    WIDTH="1106.0"
                    HEIGHT="95.0">
            <Shape><Polygon POINTS="97 1154 138 1150 151 1155 181 1164 182 1164 183 1165 254 1165 254 1164 255 1164 277 1155 290 1149 304 1155 319 1161 320 1161 321 1163 386 1163 386 1161 387 1161 402 1155 430 1143 464 1155 479 1160 480 1160 546 1163 547 1163 581 1158 583 1158 588 1155 611 1142 674 1142 722 1156 728 1157 729 1157 730 1157 731 1157 732 1157 734 1156 756 1143 788 1156 789 1156 790 1156 791 1156 792 1156 793 1156 818 1142 908 1142 952 1156 966 1160 967 1160 968 1160 969 1160 977 1156 1005 1141 1037 1141 1071 1156 1080 1160 1081 1160 1082 1160 1202 1156 1203 1102 1201 1076 1071 1080 1047 1076 1020 1070 1019 1070 1017 1070 1008 1076 998 1081 963 1081 946 1076 926 1070 925 1070 924 1070 834 1073 833 1073 832 1073 826 1076 818 1081 778 1076 756 1074 755 1074 754 1074 748 1076 740 1081 648 1077 647 1077 599 1082 580 1077 568 1073 567 1073 566 1073 565 1073 554 1077 539 1082 525 1077 516 1073 514 1073 513 1073 489 1077 464 1081 456 1077 450 1073 449 1073 448 1073 423 1073 422 1073 421 1073 413 1077 405 1081 390 1077 375 1073 374 1073 373 1073 372 1073 357 1077 345 1080 292 1077 282 1077 281 1077 280 1077 278 1077 253 1084 97 1078 97 1107 97 1154"/></Shape>
	    <String CONTENT=""
                    HPOS="97.0"
                    VPOS="1070.0"
                    WIDTH="1106.0"
                    HEIGHT="95.0"
                    WC="0.9741469985908933"></String>
          </TextLine>

          
          
          <TextLine ID="eSc_line_d98c346b"
                    TAGREFS="LT15288"
                    BASELINE="301 1182 983 1180" 
                    HPOS="300.0"
                    VPOS="1150.0"
                    WIDTH="683.0"
                    HEIGHT="84.0">
            <Shape><Polygon POINTS="301 1182 301 1216 328 1234 329 1234 330 1234 331 1234 382 1226 383 1226 384 1226 395 1217 399 1215 497 1215 505 1221 521 1234 522 1234 523 1234 524 1234 555 1228 596 1234 597 1234 598 1234 599 1234 599 1233 609 1223 612 1220 642 1214 659 1225 672 1233 673 1233 674 1233 675 1234 736 1234 736 1233 737 1233 739 1233 739 1232 744 1227 753 1217 776 1227 777 1227 778 1227 779 1227 780 1227 798 1214 814 1214 831 1229 834 1232 834 1233 835 1233 836 1233 837 1234 864 1234 864 1233 865 1233 866 1233 866 1232 868 1231 882 1217 922 1222 931 1231 931 1232 932 1232 933 1232 981 1233 983 1180 982 1157 941 1150 939 1150 938 1150 921 1157 919 1157 908 1157 838 1152 837 1152 789 1157 784 1157 780 1157 746 1150 745 1150 744 1150 725 1157 714 1150 713 1150 712 1150 667 1150 666 1150 665 1150 643 1157 640 1158 635 1157 621 1152 620 1152 619 1152 583 1157 574 1159 474 1159 472 1157 465 1153 464 1153 463 1153 462 1153 461 1153 448 1157 445 1158 444 1157 437 1152 435 1152 434 1152 433 1152 300 1157 301 1182"/></Shape>
	    <String CONTENT=""
                    HPOS="300.0"
                    VPOS="1150.0"
                    WIDTH="683.0"
                    HEIGHT="84.0"
                    WC="0.9824970364570618"></String>
          </TextLine>

          
          
          <TextLine ID="eSc_line_534bdcce"
                    TAGREFS="LT15288"
                    BASELINE="97 1258 1204 1253" 
                    HPOS="96.0"
                    VPOS="1221.0"
                    WIDTH="1108.0"
                    HEIGHT="87.0">
            <Shape><Polygon POINTS="97 1258 97 1294 154 1294 177 1307 178 1307 180 1307 181 1307 182 1307 218 1294 270 1305 271 1305 312 1300 353 1307 354 1308 428 1308 428 1307 429 1307 455 1293 510 1303 511 1303 512 1303 541 1292 605 1296 620 1306 621 1306 622 1306 623 1306 685 1292 699 1292 723 1306 724 1306 725 1306 726 1306 777 1303 778 1303 802 1293 843 1305 844 1305 845 1305 889 1300 980 1305 981 1305 1016 1304 1017 1304 1060 1290 1095 1290 1120 1302 1121 1302 1122 1302 1123 1302 1152 1289 1204 1288 1204 1253 1202 1229 1168 1229 1167 1229 1147 1221 1146 1221 1145 1221 1144 1221 1126 1229 1123 1232 1070 1232 1067 1229 1042 1221 1040 1221 982 1221 981 1221 925 1231 916 1232 907 1231 869 1226 868 1226 816 1232 809 1232 805 1232 760 1222 759 1222 758 1222 735 1232 732 1233 730 1232 711 1225 710 1225 709 1225 708 1225 695 1232 692 1234 653 1234 650 1233 619 1223 618 1223 617 1223 616 1223 614 1223 603 1231 560 1233 536 1234 525 1233 444 1224 443 1224 442 1224 420 1234 419 1234 396 1224 395 1224 394 1224 393 1224 375 1231 319 1227 318 1227 260 1234 229 1225 228 1225 227 1225 170 1233 121 1227 120 1227 119 1227 96 1235 97 1258"/></Shape>
	    <String CONTENT="יהא שלמא רבא מן שמיא, חיים ושבע וישועה"
                    HPOS="96.0"
                    VPOS="1221.0"
                    WIDTH="1108.0"
                    HEIGHT="87.0"
                    WC="0.9592817043646787"></String>
          </TextLine>

          
          
          <TextLine ID="eSc_line_9c7c1fc6"
                    TAGREFS="LT15288"
                    BASELINE="98 1333 1059 1329" 
                    HPOS="98.0"
                    VPOS="1300.0"
                    WIDTH="961.0"
                    HEIGHT="83.0">
            <Shape><Polygon POINTS="1056 1301 1042 1307 900 1307 888 1302 885 1301 883 1301 765 1300 764 1300 702 1304 645 1307 636 1304 626 1301 625 1301 624 1301 530 1305 501 1306 499 1305 494 1301 493 1301 491 1301 444 1301 443 1301 417 1306 404 1308 384 1306 343 1302 342 1302 341 1302 340 1302 333 1307 330 1310 233 1310 231 1307 215 1302 214 1302 213 1302 211 1302 196 1308 195 1310 98 1310 98 1333 99 1377 119 1369 135 1377 144 1382 146 1382 147 1383 192 1383 192 1382 193 1382 208 1378 233 1369 277 1369 297 1378 307 1382 308 1382 309 1383 359 1383 359 1382 360 1382 361 1382 366 1378 381 1368 427 1368 473 1378 487 1381 488 1381 489 1381 498 1379 530 1368 624 1368 648 1379 654 1381 655 1381 656 1381 657 1381 663 1379 691 1368 706 1372 707 1372 708 1372 784 1367 805 1380 807 1380 808 1380 809 1380 846 1380 861 1379 863 1379 887 1369 909 1378 910 1378 911 1378 912 1378 928 1370 950 1380 952 1380 953 1381 1058 1381 1059 1329 1056 1301"/></Shape>
	    <String CONTENT="ונחמה ושיזבא ורפואה וגאלה וסליחה וכפרה"
                    HPOS="98.0"
                    VPOS="1300.0"
                    WIDTH="961.0"
                    HEIGHT="83.0"
                    WC="0.9903295910036242"></String>
          </TextLine>

          
          
          <TextLine ID="eSc_line_97defd8a"
                    TAGREFS="LT15288"
                    BASELINE="180 1411 1121 1403" 
                    HPOS="180.0"
                    VPOS="1371.0"
                    WIDTH="941.0"
                    HEIGHT="91.0">
            <Shape><Polygon POINTS="180 1447 213 1461 214 1461 215 1461 269 1459 270 1459 271 1459 285 1448 288 1446 315 1446 349 1446 354 1449 373 1461 374 1461 375 1461 376 1462 394 1462 394 1461 395 1461 417 1449 424 1445 454 1445 489 1446 498 1450 520 1460 521 1460 522 1461 581 1461 581 1460 637 1452 668 1459 669 1459 670 1459 672 1459 681 1452 695 1442 719 1442 762 1442 778 1452 785 1458 786 1458 787 1458 788 1459 814 1459 814 1458 815 1458 827 1453 855 1442 879 1453 886 1457 887 1457 888 1458 935 1458 935 1457 936 1457 944 1454 987 1440 1023 1440 1045 1454 1046 1454 1047 1454 1118 1456 1121 1403 1118 1383 911 1383 892 1371 891 1371 890 1371 867 1371 866 1371 865 1371 864 1371 846 1385 843 1385 784 1372 782 1372 781 1372 743 1385 718 1373 717 1373 616 1373 614 1373 613 1373 599 1380 567 1374 566 1374 565 1374 518 1387 517 1387 516 1387 482 1374 480 1374 453 1374 452 1374 451 1374 408 1389 406 1389 401 1389 329 1379 328 1379 327 1379 326 1379 308 1390 307 1390 298 1390 218 1382 217 1382 216 1382 215 1382 204 1390 203 1391 180 1391 180 1411 180 1447"/></Shape>
	    <String CONTENT="וריוח והצלה, לנו ולכל עמו ישראל ואמרו אמן."
                    HPOS="180.0"
                    VPOS="1371.0"
                    WIDTH="941.0"
                    HEIGHT="91.0"
                    WC="0.9845086665529954"></String>
          </TextLine>

          
          
          <TextLine ID="eSc_line_b2ded7b1"
                    TAGREFS="LT15288"
                    BASELINE="98 1483 1204 1477" 
                    HPOS="97.0"
                    VPOS="1448.0"
                    WIDTH="1107.0"
                    HEIGHT="91.0">
            <Shape><Polygon POINTS="98 1483 98 1525 143 1525 174 1538 175 1538 176 1539 250 1539 250 1538 251 1538 275 1531 317 1538 318 1538 390 1532 510 1537 511 1537 574 1522 732 1522 758 1536 759 1536 760 1536 762 1536 799 1521 834 1535 835 1535 836 1535 982 1520 1011 1532 1012 1532 1013 1532 1014 1532 1059 1520 1106 1533 1107 1533 1109 1535 1149 1535 1149 1533 1150 1533 1179 1519 1204 1518 1204 1477 1203 1454 1124 1448 1123 1448 1067 1454 1050 1457 1036 1456 982 1448 981 1448 942 1454 933 1450 932 1450 931 1450 930 1450 928 1450 920 1456 915 1459 807 1459 799 1457 760 1449 759 1449 730 1450 729 1450 715 1458 712 1459 692 1458 617 1451 616 1451 614 1451 590 1458 586 1460 351 1460 349 1460 323 1454 322 1454 321 1454 320 1454 312 1460 310 1462 252 1462 243 1461 165 1452 164 1452 97 1461 98 1483"/></Shape>
	    <String CONTENT=""
                    HPOS="97.0"
                    VPOS="1448.0"
                    WIDTH="1107.0"
                    HEIGHT="91.0"
                    WC="0.9699181004574424"></String>
          </TextLine>

          
          
          <TextLine ID="eSc_line_7a3e2c60"
                    TAGREFS="LT15288"
                    BASELINE="247 1562 1024 1552" 
                    HPOS="245.0"
                    VPOS="1518.0"
                    WIDTH="779.0"
                    HEIGHT="100.0">
            <Shape><Polygon POINTS="247 1562 247 1607 260 1607 261 1608 274 1618 275 1618 276 1618 277 1618 315 1609 336 1617 337 1617 338 1617 339 1617 340 1617 352 1608 360 1601 378 1608 399 1615 400 1615 451 1616 452 1616 453 1616 468 1608 484 1599 563 1599 586 1608 589 1609 590 1609 591 1609 592 1609 594 1609 595 1608 601 1604 606 1608 612 1614 613 1614 614 1614 616 1615 664 1615 664 1614 665 1614 677 1608 701 1597 747 1608 763 1611 764 1611 765 1611 766 1611 769 1608 785 1596 827 1596 844 1608 847 1611 848 1611 849 1611 851 1611 899 1610 900 1610 908 1608 941 1599 1024 1608 1024 1552 1023 1531 984 1531 947 1518 946 1518 945 1518 944 1518 943 1518 926 1531 925 1533 844 1533 842 1532 825 1520 824 1520 823 1520 792 1520 791 1520 790 1520 763 1530 751 1521 749 1521 748 1521 747 1521 686 1530 665 1522 664 1522 663 1522 662 1522 646 1530 568 1532 557 1524 556 1524 555 1524 521 1524 520 1524 519 1524 487 1537 484 1539 371 1539 368 1538 357 1529 356 1529 355 1529 354 1529 353 1529 333 1539 329 1540 322 1539 289 1530 288 1530 287 1530 286 1530 285 1530 272 1539 270 1540 245 1540 247 1562"/></Shape>
	    <String CONTENT=""
                    HPOS="245.0"
                    VPOS="1518.0"
                    WIDTH="779.0"
                    HEIGHT="100.0"
                    WC="0.9966824928919474"></String>
          </TextLine>

          
          
          <TextLine ID="eSc_line_35aa43e6"
                    TAGREFS="LT15288"
                    BASELINE="489 1635 808 1632" 
                    HPOS="488.0"
                    VPOS="1603.0"
                    WIDTH="320.0"
                    HEIGHT="77.0">
            <Shape><Polygon POINTS="489 1635 489 1676 517 1671 524 1675 530 1679 531 1679 532 1679 533 1680 595 1680 595 1679 596 1679 597 1679 597 1678 598 1678 601 1674 618 1677 619 1677 620 1677 621 1677 628 1673 635 1667 690 1667 697 1671 708 1677 709 1677 710 1677 711 1677 712 1677 713 1677 722 1671 745 1677 746 1677 747 1677 808 1666 808 1632 804 1603 762 1614 735 1606 729 1604 728 1604 726 1604 725 1604 724 1604 721 1606 708 1615 689 1608 687 1607 686 1607 685 1607 684 1607 683 1607 681 1608 672 1616 622 1611 545 1604 544 1604 488 1617 489 1635"/></Shape>
	    <String CONTENT=""
                    HPOS="488.0"
                    VPOS="1603.0"
                    WIDTH="320.0"
                    HEIGHT="77.0"
                    WC="0.9975840449333191"></String>
          </TextLine>

          
          
          <TextLine ID="eSc_line_b1aa18d9"
                    TAGREFS="LT15288"
                    BASELINE="98 1711 1204 1705" 
                    HPOS="97.0"
                    VPOS="1671.0"
                    WIDTH="1107.0"
                    HEIGHT="99.0">
            <Shape><Polygon POINTS="98 1711 98 1750 106 1755 107 1755 108 1755 109 1755 127 1752 172 1769 173 1769 174 1770 229 1770 229 1769 230 1769 266 1752 303 1768 304 1768 305 1768 343 1762 385 1768 386 1768 387 1768 421 1756 449 1766 450 1766 451 1766 491 1758 530 1767 531 1767 532 1767 558 1755 560 1754 562 1755 586 1767 587 1767 588 1768 622 1768 622 1767 623 1767 645 1756 654 1751 688 1745 835 1745 908 1745 953 1759 954 1759 955 1759 1046 1744 1080 1762 1084 1764 1085 1764 1087 1764 1105 1762 1146 1757 1160 1763 1163 1764 1165 1764 1166 1764 1204 1763 1204 1705 1201 1671 1163 1684 1092 1678 1091 1678 1090 1678 1075 1685 866 1685 807 1674 802 1674 801 1674 741 1675 740 1675 713 1687 688 1687 666 1675 665 1675 664 1675 528 1675 527 1675 525 1675 524 1675 522 1677 505 1687 465 1677 457 1676 456 1676 442 1677 367 1688 328 1678 315 1676 314 1676 312 1676 307 1679 289 1689 266 1690 207 1690 193 1683 192 1683 191 1683 189 1683 171 1687 152 1680 142 1677 141 1677 140 1677 97 1680 98 1711"/></Shape>
	    <String CONTENT=""
                    HPOS="97.0"
                    VPOS="1671.0"
                    WIDTH="1107.0"
                    HEIGHT="99.0"
                    WC="0.9819860960307875"></String>
          </TextLine>

          
          
          <TextLine ID="eSc_line_8a5f05d6"
                    TAGREFS="LT15288"
                    BASELINE="272 1790 1021 1784" 
                    HPOS="271.0"
                    VPOS="1756.0"
                    WIDTH="750.0"
                    HEIGHT="91.0">
            <Shape><Polygon POINTS="272 1790 272 1834 337 1840 338 1840 378 1836 400 1834 406 1836 413 1840 415 1840 416 1840 417 1840 423 1836 430 1833 468 1833 475 1837 491 1847 493 1847 494 1847 495 1847 543 1846 544 1846 562 1838 575 1832 628 1832 636 1838 636 1840 637 1840 639 1840 640 1840 641 1840 643 1838 658 1833 667 1840 674 1844 675 1844 676 1844 677 1844 678 1844 679 1844 685 1840 689 1835 708 1840 722 1843 723 1843 739 1840 748 1838 753 1841 763 1845 764 1845 765 1845 766 1845 776 1841 779 1840 787 1841 807 1844 808 1844 821 1841 838 1837 861 1842 876 1844 877 1844 878 1844 879 1844 881 1842 899 1829 920 1842 920 1843 921 1843 922 1843 923 1843 924 1843 926 1842 947 1833 963 1843 964 1843 965 1843 966 1844 1021 1844 1021 1784 1020 1761 903 1756 902 1756 833 1762 809 1764 805 1763 801 1758 800 1758 799 1758 736 1758 735 1758 734 1758 733 1758 728 1763 725 1766 655 1766 653 1764 647 1758 646 1758 645 1758 644 1758 595 1765 581 1766 579 1765 570 1759 569 1759 568 1759 521 1759 520 1759 519 1759 518 1759 511 1765 489 1761 488 1761 487 1761 486 1761 480 1766 478 1768 439 1768 431 1766 396 1761 395 1761 394 1761 376 1767 372 1769 294 1769 293 1768 285 1762 284 1762 283 1762 282 1762 281 1762 271 1766 272 1790"/></Shape>
	    <String CONTENT=""
                    HPOS="271.0"
                    VPOS="1756.0"
                    WIDTH="750.0"
                    HEIGHT="91.0"
                    WC="0.9714152621371406"></String>
          </TextLine>

          
        </TextBlock>
        

        
      </PrintSpace>
    </Page>
  </Layout>
</alto>
