<?xml version="1.0" encoding="UTF-8"?>
<alto xmlns:xsi="http://www.w3.org/2001/XMLSchema-instance"
      xmlns="http://www.loc.gov/standards/alto/ns-v4#"
      xsi:schemaLocation="http://www.loc.gov/standards/alto/ns-v4# http://www.loc.gov/standards/alto/v4/alto-4-2.xsd">
  <Description>
    <MeasurementUnit>pixel</MeasurementUnit>
    <sourceImageInformation>
      <fileName>IE87474895_00044.jpg</fileName>
      <fileIdentifier>mets//export_doc4366_1col_14_copy_alto_202404261215.zip/IE87474895_00044.jpg</fileIdentifier>
    </sourceImageInformation>
  </Description>
  
  <Tags>
    <OtherTag ID="BT8356" LABEL="MainLeft" DESCRIPTION="block type MainLeft"/><OtherTag ID="BT8355" LABEL="MainRight" DESCRIPTION="block type MainRight"/><OtherTag ID="BT6914" LABEL="Handwritten" DESCRIPTION="block type Handwritten"/><OtherTag ID="BT6913" LABEL="RunningHeader" DESCRIPTION="block type RunningHeader"/><OtherTag ID="BT6912" LABEL="Catchword" DESCRIPTION="block type Catchword"/><OtherTag ID="BT6911" LABEL="Margin" DESCRIPTION="block type Margin"/><OtherTag ID="BT6910" LABEL="FooterCentral" DESCRIPTION="block type FooterCentral"/><OtherTag ID="BT6909" LABEL="MainCentral" DESCRIPTION="block type MainCentral"/><OtherTag ID="BT6908" LABEL="Header" DESCRIPTION="block type Header"/><OtherTag ID="BT4" LABEL="Illustration" DESCRIPTION="block type Illustration"/><OtherTag ID="BT3" LABEL="Commentary" DESCRIPTION="block type Commentary"/><OtherTag ID="BT2" LABEL="Main" DESCRIPTION="block type Main"/><OtherTag ID="BT1" LABEL="Title" DESCRIPTION="block type Title"/>
    <OtherTag ID="LT15938" LABEL="MainLeft" DESCRIPTION="line type MainLeft"/><OtherTag ID="LT15937" LABEL="MainRight" DESCRIPTION="line type MainRight"/><OtherTag ID="LT15289" LABEL="Handwritten" DESCRIPTION="line type Handwritten"/><OtherTag ID="LT15288" LABEL="MainCentral" DESCRIPTION="line type MainCentral"/><OtherTag ID="LT15287" LABEL="NotMain" DESCRIPTION="line type NotMain"/>
  </Tags>
  
  <Layout>
    <Page WIDTH="1355"
          HEIGHT="2238"
          PHYSICAL_IMG_NR="24"
          ID="eSc_dummypage_">
      <PrintSpace HPOS="0"
                  VPOS="0"
                  WIDTH="1355"
                  HEIGHT="2238">
        
        <TextBlock HPOS="109.0"
                   VPOS="179.0"
                   WIDTH="1136.0"
                   HEIGHT="1824.0"
                   ID="eSc_textblock_e499defc"
                   TAGREFS="BT6909">
          <Shape><Polygon POINTS="1245 188 1245 1450 1225 1998 179 2003 124 1983 109 1495 119 179"/></Shape>
          
          
          <TextLine ID="eSc_line_c872928a"
                    TAGREFS="LT15288"
                    BASELINE="126 205 1234 208" 
                    HPOS="125.0"
                    VPOS="179.0"
                    WIDTH="1109.0"
                    HEIGHT="83.0">
            <Shape><Polygon POINTS="1220 187 1208 187 1195 187 1183 187 1170 187 1158 187 1145 187 1133 187 1121 187 1108 187 1096 186 1083 186 1071 186 1058 186 1046 186 1033 186 1025 186 888 188 879 185 872 185 859 185 849 185 842 188 751 188 735 184 722 184 710 184 704 184 698 188 577 188 568 182 561 182 548 182 543 181 521 186 501 181 498 181 486 181 474 181 467 181 452 186 403 181 399 181 388 180 344 186 284 180 274 180 262 180 252 179 226 186 151 179 150 179 138 179 126 179 126 205 125 243 165 258 166 258 167 259 217 259 217 258 218 258 252 246 296 258 297 258 298 259 344 259 344 258 345 258 347 258 365 246 406 246 425 258 426 258 428 258 429 259 466 259 466 258 467 258 488 248 517 259 518 259 520 261 562 261 562 259 563 259 564 259 583 247 633 247 691 259 693 259 694 259 729 247 749 259 750 259 751 259 752 261 796 261 796 259 797 259 817 249 831 259 832 259 833 259 863 261 864 262 899 262 899 261 900 261 902 261 921 249 949 249 966 261 968 261 969 261 970 261 1027 249 1087 261 1088 261 1089 261 1116 248 1169 261 1170 261 1172 261 1196 248 1231 247 1234 208 1231 187 1220 187"/></Shape>
	    <String CONTENT="שהן ארבע, ונאכלין בכל העיר לכל אדם בכל מאכל"
                    HPOS="125.0"
                    VPOS="179.0"
                    WIDTH="1109.0"
                    HEIGHT="83.0"
                    WC="0.9852012339092436"></String>
          </TextLine>

          
          
          <TextLine ID="eSc_line_7f18a24f"
                    TAGREFS="LT15288"
                    BASELINE="125 278 1238 276" 
                    HPOS="124.0"
                    VPOS="251.0"
                    WIDTH="1114.0"
                    HEIGHT="77.0">
            <Shape><Polygon POINTS="125 278 125 312 146 312 149 312 169 326 170 326 171 326 172 328 210 328 210 326 211 326 212 326 235 312 236 312 237 312 283 326 284 326 286 326 287 326 288 326 313 312 314 312 369 312 370 312 386 323 388 323 389 323 390 323 391 323 415 312 441 319 442 319 444 319 445 319 466 313 518 326 520 326 521 326 610 314 656 326 658 326 659 326 660 326 717 310 721 310 791 310 792 310 814 325 816 325 817 325 818 326 859 326 859 325 861 325 890 313 919 325 920 325 921 326 1001 326 1001 325 1002 325 1004 325 1026 312 1078 325 1080 325 1081 326 1114 326 1114 325 1116 325 1117 325 1138 312 1159 325 1160 325 1162 325 1163 326 1194 326 1194 325 1195 325 1238 309 1238 276 1236 257 1190 251 1189 251 1188 251 1187 251 1179 257 1175 258 1144 257 1076 253 1075 253 1020 257 990 259 985 257 969 251 968 251 903 251 902 251 900 251 874 258 867 259 848 258 782 252 781 252 780 252 765 258 762 261 715 261 712 258 694 251 693 251 691 251 690 251 673 259 668 261 622 259 506 254 505 254 462 259 454 261 447 259 409 252 408 252 344 261 338 261 332 261 253 252 252 252 185 259 169 252 167 252 166 252 124 261 125 278"/></Shape>
	    <String CONTENT="לשני ימים ולילה אחד: המורם מהם כיוצא בהם אלא"
                    HPOS="124.0"
                    VPOS="251.0"
                    WIDTH="1114.0"
                    HEIGHT="77.0"
                    WC="0.9967051121321592"></String>
          </TextLine>

          
          
          <TextLine ID="eSc_line_299cba7f"
                    TAGREFS="LT15288"
                    BASELINE="125 344 1238 341" 
                    HPOS="124.0"
                    VPOS="315.0"
                    WIDTH="1114.0"
                    HEIGHT="79.0">
            <Shape><Polygon POINTS="125 344 125 379 169 379 171 380 191 392 192 392 194 392 195 392 196 392 232 381 257 392 258 392 260 394 323 394 323 392 324 392 325 392 344 380 347 379 378 379 381 380 408 392 409 392 410 392 492 381 507 387 508 387 510 387 511 387 512 387 522 380 526 379 586 379 588 380 607 392 608 392 609 392 610 392 649 386 715 391 716 391 717 391 719 391 734 381 740 377 786 380 787 381 808 391 810 391 811 392 853 392 853 391 854 391 856 391 868 382 897 387 898 387 899 387 900 387 909 381 915 377 934 377 943 381 961 391 963 391 964 392 1042 392 1042 391 1043 391 1076 381 1091 377 1123 381 1199 391 1200 391 1201 391 1238 381 1238 341 1235 322 963 324 955 323 934 315 933 315 931 315 930 315 918 323 915 324 913 323 903 315 902 315 900 315 872 315 870 315 828 323 819 324 812 323 781 318 780 318 740 323 732 324 731 323 720 315 719 315 717 315 689 315 688 315 686 315 665 324 660 325 640 324 587 319 586 319 546 324 536 325 527 324 485 317 484 317 446 325 441 325 435 325 385 318 384 318 350 325 348 325 345 325 316 317 314 317 313 317 272 324 243 317 242 317 241 317 240 317 222 324 144 319 143 319 141 319 124 325 125 344"/></Shape>
	    <String CONTENT="שהמורם נאכל לכהנים לנשיהם ולבניהם ולעבדיהם:משנה"
                    HPOS="124.0"
                    VPOS="315.0"
                    WIDTH="1114.0"
                    HEIGHT="79.0"
                    WC="0.9775871953298879"></String>
          </TextLine>

          
          
          <TextLine ID="eSc_line_677bfc5b"
                    TAGREFS="LT15288"
                    BASELINE="126 407 1238 410" 
                    HPOS="125.0"
                    VPOS="385.0"
                    WIDTH="1113.0"
                    HEIGHT="75.0">
            <Shape><Polygon POINTS="126 407 125 438 151 440 180 458 181 458 182 458 184 458 241 452 323 458 324 458 325 458 327 458 339 450 364 456 365 456 367 456 368 456 369 456 393 441 431 441 471 442 506 458 507 458 508 458 596 442 619 457 620 457 622 457 623 457 624 457 625 457 634 451 680 460 681 460 683 460 717 446 729 453 730 453 731 453 732 453 734 453 745 448 805 460 806 460 807 460 854 442 883 442 913 460 914 460 915 460 917 460 918 460 939 451 986 460 987 460 989 460 1036 442 1118 443 1155 460 1157 460 1158 460 1235 441 1238 410 1236 392 1098 386 1097 386 1071 391 1050 395 1043 391 1041 389 1040 389 1038 389 1037 389 1004 390 969 392 958 390 941 386 940 386 939 386 910 390 873 395 798 390 783 389 782 389 768 389 693 395 650 389 640 387 639 387 615 389 523 394 512 387 507 385 506 385 446 385 445 385 444 385 437 387 423 394 391 387 379 385 378 385 365 387 330 395 230 395 126 386 126 407"/></Shape>
	    <String CONTENT="ח הבכור והמעשר והפסח קדשים קלים שחיטתן בכל"
                    HPOS="125.0"
                    VPOS="385.0"
                    WIDTH="1113.0"
                    HEIGHT="75.0"
                    WC="0.9986441565114398"></String>
          </TextLine>

          
          
          <TextLine ID="eSc_line_9f2c50ca"
                    TAGREFS="LT15288"
                    BASELINE="124 476 1238 479" 
                    HPOS="123.0"
                    VPOS="452.0"
                    WIDTH="1115.0"
                    HEIGHT="80.0">
            <Shape><Polygon POINTS="124 476 123 512 162 528 164 528 165 529 313 529 313 528 314 528 316 528 337 514 367 514 389 528 390 528 391 528 393 528 464 514 465 514 502 514 548 514 569 529 571 529 572 529 573 530 612 530 612 529 613 529 644 518 669 529 670 529 671 529 749 518 771 529 772 529 773 529 822 519 838 529 839 529 841 529 842 529 843 529 867 520 880 530 882 530 883 530 884 532 959 532 959 530 960 530 990 518 1020 530 1021 530 1022 530 1057 524 1093 530 1094 530 1096 530 1097 530 1116 518 1118 517 1160 517 1164 518 1173 524 1174 524 1175 524 1177 524 1178 524 1192 518 1206 528 1208 528 1209 528 1210 528 1211 528 1236 518 1238 479 1236 461 1160 455 1159 455 1129 461 1112 463 1106 461 1094 455 1093 455 986 455 985 455 984 455 974 461 968 463 948 461 912 455 910 455 882 461 866 463 849 461 816 453 814 453 775 461 762 463 496 463 474 461 394 452 393 452 340 460 292 453 291 453 256 461 250 461 237 461 169 455 167 455 124 460 124 476"/></Shape>
	    <String CONTENT="מקום בעזרה ודמן טעון מתנה אחת ובלבד שיתן כנגד"
                    HPOS="123.0"
                    VPOS="452.0"
                    WIDTH="1115.0"
                    HEIGHT="80.0"
                    WC="0.994484992130943"></String>
          </TextLine>

          
          
          <TextLine ID="eSc_line_0282140b"
                    TAGREFS="LT15288"
                    BASELINE="124 542 1238 544" 
                    HPOS="123.0"
                    VPOS="518.0"
                    WIDTH="1115.0"
                    HEIGHT="78.0">
            <Shape><Polygon POINTS="124 542 123 573 145 574 169 590 170 590 171 590 172 590 209 586 220 594 221 594 222 594 223 594 263 588 303 594 304 594 306 594 307 594 327 580 416 594 418 594 419 594 420 594 434 585 460 588 461 588 462 588 464 588 481 575 484 575 500 575 502 575 531 594 532 594 533 594 535 595 596 595 596 594 597 594 598 594 623 576 625 575 639 576 680 581 703 595 704 595 705 595 706 595 756 584 773 595 775 595 776 595 777 596 846 596 846 595 847 595 848 595 859 588 919 595 920 595 921 595 965 579 968 578 970 579 1002 595 1004 595 1005 595 1006 595 1045 579 1052 576 1165 576 1177 580 1216 589 1218 589 1219 589 1236 580 1238 544 1236 527 1148 519 1147 519 1145 519 1144 519 1134 527 1133 527 1067 528 1062 527 1053 520 1052 520 1051 520 1050 520 1024 527 1020 527 1017 527 1000 519 999 519 997 519 996 519 970 527 963 529 885 529 868 527 808 519 807 519 806 519 783 527 777 528 762 527 722 522 721 522 695 527 685 528 683 527 666 518 665 518 664 518 663 518 661 518 648 527 632 527 597 527 582 527 413 518 411 518 410 518 409 518 395 527 394 527 357 519 355 519 298 527 294 527 292 527 251 518 250 518 248 518 223 527 222 527 218 527 138 518 136 518 135 518 134 518 124 524 124 542"/></Shape>
	    <String CONTENT="היסוד, שנה באכילתן הבכור נאכל לכהנים והמעשר"
                    HPOS="123.0"
                    VPOS="518.0"
                    WIDTH="1115.0"
                    HEIGHT="78.0"
                    WC="0.977093075597009"></String>
          </TextLine>

          
          
          <TextLine ID="eSc_line_0fda341c"
                    TAGREFS="LT15288"
                    BASELINE="124 611 1236 611" 
                    HPOS="124.0"
                    VPOS="584.0"
                    WIDTH="1112.0"
                    HEIGHT="79.0">
            <Shape><Polygon POINTS="124 611 124 646 172 647 201 662 202 662 204 662 205 662 236 647 293 662 294 662 296 662 337 657 338 657 339 657 354 647 394 647 416 662 418 662 419 662 420 662 421 662 439 655 475 661 476 661 477 661 479 661 498 647 535 649 553 662 554 662 556 662 557 662 558 662 574 656 596 662 597 662 598 662 599 662 600 662 623 647 680 652 694 662 695 662 696 662 698 663 724 663 724 662 725 662 726 662 749 647 782 662 783 662 785 663 826 663 826 662 827 662 828 662 846 650 863 662 864 662 866 662 867 662 868 662 895 655 913 662 914 662 915 663 1007 663 1007 662 1009 662 1010 662 1033 647 1052 647 1106 662 1107 662 1108 662 1109 662 1111 662 1133 647 1153 647 1193 662 1194 662 1195 663 1195 662 1196 662 1236 646 1236 611 1236 591 1219 584 1218 584 1136 584 1134 584 1133 584 1104 593 1096 595 1084 593 1048 585 1047 585 1046 585 1045 585 1035 593 1030 596 930 596 919 593 878 584 877 584 875 584 857 593 853 596 792 596 783 594 747 584 746 584 745 584 744 584 742 584 729 594 726 595 721 594 698 585 696 585 695 585 694 585 676 594 663 594 556 595 548 594 513 584 512 584 511 584 510 584 485 594 484 594 482 594 459 588 457 588 456 588 419 594 418 594 416 594 379 584 378 584 377 584 375 584 374 584 360 594 347 584 345 584 344 584 307 584 306 584 304 584 303 584 287 594 286 595 222 595 220 594 202 585 201 585 200 585 124 594 124 611"/></Shape>
	    <String CONTENT="לכל אדם, ונאכלין בכל העיר בכל מאכל לשני ימים"
                    HPOS="124.0"
                    VPOS="584.0"
                    WIDTH="1112.0"
                    HEIGHT="79.0"
                    WC="0.9693149092585541"></String>
          </TextLine>

          
          
          <TextLine ID="eSc_line_29833198"
                    TAGREFS="LT15288"
                    BASELINE="125 677 1235 677" 
                    HPOS="125.0"
                    VPOS="651.0"
                    WIDTH="1110.0"
                    HEIGHT="81.0">
            <Shape><Polygon POINTS="125 677 125 714 162 731 164 731 165 732 222 732 222 731 223 731 225 731 247 717 248 716 253 717 314 731 316 732 348 732 348 731 349 731 373 718 375 717 379 718 401 731 403 731 404 732 439 732 439 731 440 731 480 719 497 716 510 721 533 731 535 731 536 731 579 722 607 716 627 722 651 731 653 731 654 731 655 731 669 724 715 731 716 731 717 731 737 724 757 717 805 724 812 726 813 726 814 726 816 724 833 716 861 726 875 731 877 731 878 732 921 732 921 731 923 731 930 727 953 716 1016 716 1037 728 1040 731 1041 731 1042 731 1043 732 1083 732 1083 731 1084 731 1086 731 1087 729 1108 716 1143 729 1145 731 1147 731 1148 732 1235 732 1235 677 1235 662 1164 651 1163 651 1114 661 1109 661 1103 660 1061 653 1060 653 965 658 924 661 899 658 861 653 859 653 812 657 768 661 758 657 750 653 749 653 747 653 746 653 745 653 741 657 732 662 663 662 637 656 613 651 612 651 610 651 593 655 571 661 546 655 531 651 530 651 528 651 527 651 516 655 495 661 465 653 450 651 388 651 386 651 385 651 379 653 359 661 340 653 339 653 338 653 297 661 256 653 255 653 253 653 252 653 241 662 182 662 125 651 125 677"/></Shape>
	    <String CONTENT="ולילה אחד: הפסח אינו נאכל אלא בלילה ואינו נאכל"
                    HPOS="125.0"
                    VPOS="651.0"
                    WIDTH="1110.0"
                    HEIGHT="81.0"
                    WC="0.984190794436828"></String>
          </TextLine>

          
          
          <TextLine ID="eSc_line_2663b861"
                    TAGREFS="LT15288"
                    BASELINE="124 744 1230 747" 
                    HPOS="123.0"
                    VPOS="718.0"
                    WIDTH="1107.0"
                    HEIGHT="83.0">
            <Shape><Polygon POINTS="124 744 123 783 171 800 172 800 174 801 227 801 227 800 228 800 230 800 252 785 311 785 340 800 342 800 343 801 369 801 369 800 370 800 372 800 385 790 408 800 409 800 410 800 442 794 490 800 491 800 492 800 493 800 517 785 518 785 552 785 556 785 607 800 608 800 609 800 610 800 664 787 669 785 670 787 691 801 693 801 694 801 695 801 760 800 761 800 762 800 782 787 783 787 788 787 882 801 883 801 884 801 913 788 915 787 981 787 985 788 1012 801 1014 801 1015 801 1016 801 1047 789 1053 787 1066 789 1102 795 1103 795 1131 789 1140 787 1148 789 1182 801 1183 801 1184 801 1185 801 1229 789 1230 747 1228 726 1108 732 1089 724 1087 723 1086 723 968 721 966 721 965 721 958 723 939 732 890 732 818 722 803 721 802 721 801 721 800 721 798 722 783 732 737 726 736 726 735 726 711 732 683 722 678 719 676 719 675 719 665 721 637 728 572 721 558 719 557 719 556 719 552 721 523 731 507 721 507 719 506 719 505 719 477 719 476 719 466 719 364 731 282 719 281 719 279 719 278 719 261 732 232 732 124 718 124 744"/></Shape>
	    <String CONTENT="אלא עד חצות ואינו נאכל אלא למנויו ואינו נאכל"
                    HPOS="123.0"
                    VPOS="718.0"
                    WIDTH="1107.0"
                    HEIGHT="83.0"
                    WC="0.9909539832625278"></String>
          </TextLine>

          
          
          <TextLine ID="eSc_line_b89253cf"
                    TAGREFS="LT15288"
                    BASELINE="1025 814 1235 811" 
                    HPOS="1024.0"
                    VPOS="784.0"
                    WIDTH="211.0"
                    HEIGHT="83.0">
            <Shape><Polygon POINTS="1025 814 1025 849 1061 849 1066 851 1091 866 1092 866 1093 866 1094 867 1112 867 1112 866 1113 866 1114 866 1114 865 1127 854 1131 850 1145 855 1148 855 1149 855 1150 855 1152 855 1153 855 1158 850 1163 855 1173 864 1173 865 1174 865 1175 865 1177 865 1234 857 1235 811 1231 790 1209 798 1198 792 1183 784 1182 784 1180 784 1179 784 1142 794 1126 799 1122 795 1117 792 1117 790 1116 790 1114 790 1062 785 1061 785 1060 785 1024 798 1025 814"/></Shape>
	    <String CONTENT="אלא צלי:"
                    HPOS="1024.0"
                    VPOS="784.0"
                    WIDTH="211.0"
                    HEIGHT="83.0"
                    WC="0.9975338205695152"></String>
          </TextLine>

          
          
          <TextLine ID="eSc_line_87fd1b60"
                    TAGREFS="LT15288"
                    BASELINE="121 880 1192 882" 
                    HPOS="120.0"
                    VPOS="850.0"
                    WIDTH="1072.0"
                    HEIGHT="78.0">
            <Shape><Polygon POINTS="121 880 120 915 158 916 180 927 181 927 182 928 278 928 278 927 279 927 281 927 301 915 308 911 358 911 373 915 419 927 420 927 421 927 423 927 452 915 455 913 457 915 470 918 471 918 472 918 474 918 485 913 492 911 501 913 523 923 525 923 526 923 527 923 559 913 564 912 568 913 598 927 599 927 676 928 678 928 719 920 775 928 776 928 777 928 822 912 824 912 826 912 856 927 857 927 858 927 949 912 953 912 956 912 1035 928 1036 928 1037 928 1038 928 1061 912 1062 912 1131 912 1144 921 1145 921 1147 921 1148 921 1189 911 1192 882 1192 857 920 851 919 851 918 851 917 851 908 857 904 860 898 857 889 854 888 854 887 854 832 857 790 860 781 857 765 851 763 851 707 851 706 851 705 851 693 857 690 859 673 857 617 852 615 852 559 857 543 859 533 857 487 850 486 850 485 850 484 850 472 857 469 860 399 860 393 857 363 850 362 850 360 850 325 857 319 859 312 857 271 851 270 851 268 851 252 857 250 859 246 857 215 850 214 850 212 850 211 850 196 857 194 859 121 859 121 880"/></Shape>
	    <String CONTENT="רבי ישמעאל אומר בשלש עשרה מדות התורה נדרשת:"
                    HPOS="120.0"
                    VPOS="850.0"
                    WIDTH="1072.0"
                    HEIGHT="78.0"
                    WC="0.9818228358446166"></String>
          </TextLine>

          
          
          <TextLine ID="eSc_line_de15e42d"
                    TAGREFS="LT15288"
                    BASELINE="119 947 1233 949" 
                    HPOS="118.0"
                    VPOS="922.0"
                    WIDTH="1115.0"
                    HEIGHT="76.0">
            <Shape><Polygon POINTS="119 947 118 993 197 985 211 994 212 994 214 994 215 994 216 994 217 994 233 983 284 982 318 993 328 995 329 995 330 995 332 995 338 992 349 987 386 989 388 989 389 989 420 982 457 990 477 995 479 995 502 990 540 982 554 989 566 995 567 995 568 995 569 995 588 989 597 987 600 989 609 995 610 995 612 995 613 997 664 997 664 995 719 988 756 983 763 988 777 997 778 997 780 997 781 998 829 998 829 997 831 997 863 987 869 984 875 987 902 997 903 997 904 998 960 998 960 997 961 997 963 997 982 985 985 983 1033 983 1037 984 1055 997 1056 997 1057 997 1058 998 1116 998 1116 997 1117 997 1148 983 1149 983 1185 997 1187 997 1188 997 1189 997 1231 982 1233 949 1233 932 1163 923 1162 923 992 930 900 923 899 923 866 930 858 932 678 932 670 928 650 923 649 923 648 923 647 923 629 928 624 931 469 931 465 928 457 922 456 922 455 922 454 922 411 928 396 930 385 927 357 922 355 922 354 922 340 927 334 930 119 927 119 947"/></Shape>
	    <String CONTENT="מקל וחמר.ומגזרה שוה.מבנין אב מכתוב אחד, ומבנין"
                    HPOS="118.0"
                    VPOS="922.0"
                    WIDTH="1115.0"
                    HEIGHT="76.0"
                    WC="0.9908797056116956"></String>
          </TextLine>

          
          
          <TextLine ID="eSc_line_2747510e"
                    TAGREFS="LT15288"
                    BASELINE="121 1012 1233 1015" 
                    HPOS="120.0"
                    VPOS="987.0"
                    WIDTH="1113.0"
                    HEIGHT="77.0">
            <Shape><Polygon POINTS="120 1046 144 1061 145 1061 146 1061 148 1063 205 1063 205 1061 206 1061 207 1061 230 1046 278 1048 297 1061 298 1061 299 1061 301 1063 342 1063 342 1061 343 1061 344 1061 368 1048 369 1046 374 1048 435 1061 436 1061 496 1059 497 1059 525 1049 532 1048 581 1048 584 1050 603 1063 604 1063 605 1063 607 1064 648 1064 648 1063 649 1063 650 1063 666 1051 673 1048 695 1048 704 1051 721 1063 722 1063 724 1063 725 1064 786 1064 786 1063 787 1063 788 1063 802 1054 812 1048 847 1054 874 1059 875 1059 877 1059 885 1055 890 1053 895 1055 917 1064 918 1064 919 1064 920 1064 948 1055 959 1053 970 1055 999 1064 1000 1064 1001 1064 1002 1064 1004 1064 1016 1056 1029 1049 1055 1056 1078 1064 1080 1064 1081 1064 1082 1064 1102 1058 1131 1049 1189 1054 1196 1059 1203 1064 1204 1064 1205 1064 1206 1064 1230 1059 1233 1015 1233 997 1204 989 1203 989 1201 989 1168 995 1138 1002 1106 995 1072 989 1071 989 1070 989 1052 995 1032 1002 1004 995 987 992 986 992 985 992 979 994 973 998 874 994 859 994 858 994 854 994 801 1000 775 994 762 990 761 990 760 990 758 990 752 993 750 995 746 993 739 988 737 988 736 988 684 988 683 988 681 988 680 988 673 993 661 1000 617 993 608 992 607 992 598 993 554 1000 482 992 475 992 474 992 464 992 365 999 333 992 314 987 313 987 260 987 258 987 257 987 256 987 251 990 237 1000 206 1000 177 990 166 987 165 987 164 987 162 987 150 990 136 994 123 990 121 1012 120 1046"/></Shape>
	    <String CONTENT="אב משני כתובים.מכלל ופרט.ומפרט וכלל.כלל"
                    HPOS="120.0"
                    VPOS="987.0"
                    WIDTH="1113.0"
                    HEIGHT="77.0"
                    WC="0.9899041143859305"></String>
          </TextLine>

          
          
          <TextLine ID="eSc_line_c51e3443"
                    TAGREFS="LT15288"
                    BASELINE="119 1080 1231 1082" 
                    HPOS="118.0"
                    VPOS="1053.0"
                    WIDTH="1113.0"
                    HEIGHT="78.0">
            <Shape><Polygon POINTS="119 1080 118 1115 175 1116 204 1130 205 1130 206 1130 207 1130 241 1117 288 1130 289 1130 291 1131 335 1131 335 1130 337 1130 372 1117 436 1117 464 1117 465 1117 488 1130 490 1130 491 1130 537 1121 559 1130 561 1130 562 1131 645 1131 645 1130 647 1130 648 1130 665 1119 700 1131 701 1131 703 1131 758 1125 813 1131 814 1131 816 1131 817 1131 831 1121 883 1131 884 1131 885 1131 926 1119 929 1119 931 1119 976 1126 977 1126 1011 1119 1014 1119 1016 1119 1047 1131 1048 1131 1050 1131 1051 1131 1083 1120 1083 1119 1157 1119 1159 1120 1174 1130 1175 1130 1177 1130 1208 1131 1209 1131 1210 1131 1230 1120 1231 1082 1230 1064 1154 1055 1153 1055 1114 1064 1104 1065 1094 1064 1055 1054 1001 1054 1000 1054 999 1054 970 1063 908 1055 907 1055 867 1064 862 1065 818 1065 813 1064 805 1058 803 1058 802 1058 801 1058 766 1064 754 1065 741 1064 689 1054 688 1054 686 1054 685 1054 670 1064 669 1064 658 1064 587 1056 586 1056 584 1056 566 1064 563 1064 549 1064 474 1058 472 1058 471 1058 459 1064 456 1065 335 1065 332 1064 297 1053 296 1053 248 1053 247 1053 119 1063 119 1080"/></Shape>
	    <String CONTENT="ופרט וכלל אי אתה דן אלא כעין הפרט.מכלל שהוא"
                    HPOS="118.0"
                    VPOS="1053.0"
                    WIDTH="1113.0"
                    HEIGHT="78.0"
                    WC="0.9993978630412709"></String>
          </TextLine>

          
          
          <TextLine ID="eSc_line_d6fc8ea8"
                    TAGREFS="LT15288"
                    BASELINE="118 1145 1233 1148" 
                    HPOS="116.0"
                    VPOS="1121.0"
                    WIDTH="1117.0"
                    HEIGHT="77.0">
            <Shape><Polygon POINTS="118 1145 116 1178 195 1179 216 1188 217 1188 218 1188 220 1188 250 1181 270 1194 271 1194 272 1194 273 1196 325 1196 325 1194 327 1194 328 1194 347 1182 348 1181 349 1182 375 1194 377 1194 378 1194 379 1194 424 1183 433 1181 442 1183 487 1196 488 1196 490 1197 532 1197 532 1196 533 1196 554 1184 559 1182 564 1184 589 1196 591 1196 592 1196 593 1196 625 1186 670 1196 671 1196 673 1196 703 1186 705 1186 707 1186 726 1191 727 1191 729 1191 730 1191 741 1187 751 1183 767 1187 791 1192 792 1192 793 1192 795 1192 801 1187 808 1182 842 1182 851 1188 863 1197 864 1197 866 1197 867 1198 925 1198 925 1197 926 1197 945 1189 959 1183 1030 1183 1041 1191 1051 1197 1052 1197 1053 1197 1055 1198 1094 1198 1094 1197 1096 1197 1097 1197 1106 1191 1117 1183 1139 1192 1154 1197 1155 1197 1157 1197 1158 1197 1159 1197 1167 1192 1177 1184 1190 1192 1200 1197 1201 1197 1203 1197 1230 1192 1233 1148 1231 1132 1068 1123 1067 1123 1066 1123 1043 1131 1042 1131 1022 1123 1021 1123 1020 1123 1019 1123 1002 1131 999 1132 980 1131 903 1125 902 1125 674 1131 632 1131 630 1130 619 1125 618 1125 617 1125 573 1130 563 1131 557 1130 522 1122 521 1122 520 1122 496 1130 492 1131 490 1130 469 1121 467 1121 466 1121 429 1130 428 1130 426 1130 386 1121 385 1121 266 1130 256 1130 255 1130 235 1121 233 1121 232 1121 231 1121 205 1130 202 1130 200 1130 160 1121 159 1121 118 1128 118 1145"/></Shape>
	    <String CONTENT="צריך לפרט ומפרט שהוא צריך לכלל.כל־דבר שהיה"
                    HPOS="116.0"
                    VPOS="1121.0"
                    WIDTH="1117.0"
                    HEIGHT="77.0"
                    WC="0.9885912131179463"></String>
          </TextLine>

          
          
          <TextLine ID="eSc_line_1532bb01"
                    TAGREFS="LT15288"
                    BASELINE="119 1213 1230 1215" 
                    HPOS="118.0"
                    VPOS="1184.0"
                    WIDTH="1112.0"
                    HEIGHT="80.0">
            <Shape><Polygon POINTS="119 1213 118 1247 158 1261 159 1261 160 1261 215 1249 324 1249 349 1261 350 1261 352 1261 413 1252 424 1259 425 1259 426 1259 428 1259 467 1258 469 1258 492 1249 520 1261 521 1261 522 1263 593 1263 593 1261 594 1261 596 1261 609 1252 620 1257 622 1257 623 1257 671 1249 727 1263 729 1263 730 1264 798 1264 798 1263 800 1263 819 1254 844 1263 846 1263 847 1263 913 1261 914 1261 931 1254 963 1263 964 1263 965 1263 966 1263 995 1250 1031 1252 1048 1263 1050 1263 1051 1263 1052 1264 1102 1264 1102 1263 1103 1263 1127 1252 1159 1263 1160 1263 1162 1263 1163 1263 1192 1254 1208 1260 1209 1260 1210 1260 1211 1260 1213 1260 1229 1249 1230 1215 1229 1198 1187 1198 1187 1197 1154 1186 1153 1186 1152 1186 1032 1197 1026 1198 877 1198 874 1197 859 1186 858 1186 857 1186 735 1186 734 1186 732 1186 710 1196 706 1198 675 1198 673 1196 649 1184 648 1184 647 1184 645 1184 607 1196 605 1196 604 1196 581 1184 579 1184 542 1184 541 1184 540 1184 538 1184 522 1196 516 1196 431 1184 430 1184 386 1194 381 1196 369 1194 306 1188 304 1188 303 1188 281 1194 276 1196 273 1194 253 1184 252 1184 251 1184 250 1184 223 1194 222 1194 217 1194 148 1186 146 1186 145 1186 119 1193 119 1213"/></Shape>
	    <String CONTENT="בכלל ויצא מן הכלל ללמד לא ללמד על עצמו יצא אלא"
                    HPOS="118.0"
                    VPOS="1184.0"
                    WIDTH="1112.0"
                    HEIGHT="80.0"
                    WC="0.9776753446330195"></String>
          </TextLine>

          
          
          <TextLine ID="eSc_line_7709f948"
                    TAGREFS="LT15288"
                    BASELINE="118 1281 1231 1281" 
                    HPOS="118.0"
                    VPOS="1253.0"
                    WIDTH="1113.0"
                    HEIGHT="79.0">
            <Shape><Polygon POINTS="118 1281 118 1319 140 1319 161 1331 162 1331 164 1331 165 1332 209 1332 209 1331 210 1331 211 1331 232 1319 291 1331 292 1331 293 1331 342 1319 391 1331 393 1331 394 1331 395 1331 409 1325 459 1331 460 1331 461 1331 462 1331 482 1319 510 1319 530 1331 531 1331 532 1331 533 1332 581 1332 581 1331 582 1331 583 1331 599 1321 650 1331 651 1331 653 1331 654 1331 674 1319 720 1319 739 1331 740 1331 741 1331 742 1332 776 1332 776 1331 777 1331 778 1331 796 1319 842 1331 843 1331 844 1332 880 1332 880 1331 882 1331 883 1331 900 1319 933 1331 934 1331 935 1332 1001 1332 1001 1331 1002 1331 1004 1331 1022 1319 1043 1319 1068 1331 1070 1331 1071 1331 1072 1331 1103 1319 1133 1319 1149 1329 1150 1329 1152 1329 1153 1329 1231 1317 1231 1281 1231 1259 1165 1253 1164 1253 1163 1253 1162 1253 1154 1259 1149 1261 1144 1259 1140 1257 1139 1257 1138 1257 1123 1259 1092 1264 1062 1259 1026 1253 1025 1253 1024 1253 1022 1253 1015 1259 1011 1261 965 1263 956 1259 943 1253 941 1253 898 1253 897 1253 895 1253 879 1259 869 1263 847 1259 807 1253 806 1253 805 1253 803 1253 795 1259 786 1265 648 1265 628 1260 598 1253 597 1253 596 1253 594 1253 584 1260 577 1264 530 1260 475 1255 474 1255 428 1260 413 1261 408 1260 395 1255 394 1255 393 1255 360 1260 335 1264 297 1260 216 1253 215 1253 214 1253 186 1260 177 1263 118 1261 118 1281"/></Shape>
	    <String CONTENT="ללמד על הכלל כלו יצא.כל־דבר שהיה בכלל ויצא"
                    HPOS="118.0"
                    VPOS="1253.0"
                    WIDTH="1113.0"
                    HEIGHT="79.0"
                    WC="0.9836064535518025"></String>
          </TextLine>

          
          
          <TextLine ID="eSc_line_6f9f3bb5"
                    TAGREFS="LT15288"
                    BASELINE="120 1349 1230 1351" 
                    HPOS="119.0"
                    VPOS="1321.0"
                    WIDTH="1111.0"
                    HEIGHT="77.0">
            <Shape><Polygon POINTS="120 1349 119 1380 179 1381 223 1397 225 1397 226 1397 297 1382 312 1388 313 1388 314 1388 400 1382 424 1397 425 1397 426 1397 428 1398 508 1398 508 1397 510 1397 511 1397 527 1387 599 1397 600 1397 602 1397 627 1383 673 1398 674 1398 675 1398 676 1398 703 1392 744 1398 745 1398 746 1398 797 1385 863 1392 864 1392 866 1392 884 1383 902 1383 925 1398 926 1398 928 1398 929 1398 989 1392 1006 1398 1007 1398 1009 1398 1010 1398 1030 1390 1116 1398 1117 1398 1169 1387 1205 1395 1206 1395 1208 1395 1209 1395 1229 1382 1230 1351 1229 1331 1139 1322 1138 1322 1092 1330 1073 1322 1072 1322 1004 1322 1002 1322 1001 1322 1000 1322 987 1330 986 1331 699 1331 693 1330 663 1324 661 1324 535 1329 528 1329 507 1321 506 1321 505 1321 457 1329 456 1329 454 1329 421 1321 420 1321 385 1329 384 1329 383 1329 363 1321 362 1321 360 1321 312 1329 308 1329 307 1329 291 1321 289 1321 288 1321 287 1321 258 1329 255 1329 120 1329 120 1349"/></Shape>
	    <String CONTENT=""
                    HPOS="119.0"
                    VPOS="1321.0"
                    WIDTH="1111.0"
                    HEIGHT="77.0"
                    WC="0.9943314942907779"></String>
          </TextLine>

          
          
          <TextLine ID="eSc_line_ca935021"
                    TAGREFS="LT15288"
                    BASELINE="115 1416 1229 1416" 
                    HPOS="115.0"
                    VPOS="1387.0"
                    WIDTH="1114.0"
                    HEIGHT="82.0">
            <Shape><Polygon POINTS="115 1416 115 1450 156 1468 158 1468 159 1468 160 1468 161 1468 180 1457 233 1468 235 1468 236 1468 271 1452 272 1452 277 1452 319 1459 321 1459 368 1453 380 1452 383 1453 393 1460 394 1460 395 1460 396 1460 445 1459 457 1468 459 1468 460 1468 461 1468 506 1462 583 1468 584 1468 586 1468 610 1457 658 1468 659 1468 660 1468 683 1455 690 1452 704 1457 740 1468 741 1468 742 1469 786 1469 786 1468 787 1468 788 1468 805 1457 807 1455 811 1457 838 1468 839 1468 841 1469 882 1469 882 1468 883 1468 902 1458 915 1452 944 1452 955 1458 969 1468 970 1468 971 1468 973 1469 1027 1469 1027 1468 1029 1468 1030 1468 1042 1459 1055 1452 1162 1452 1183 1460 1201 1468 1203 1468 1204 1468 1205 1468 1229 1460 1229 1416 1229 1397 1200 1387 1199 1387 1158 1387 1157 1387 1155 1387 1154 1387 1139 1397 1138 1398 1046 1398 1045 1397 1025 1388 1024 1388 1022 1388 946 1396 931 1398 862 1398 858 1396 844 1387 843 1387 842 1387 797 1387 796 1387 795 1387 780 1395 775 1398 684 1398 676 1395 664 1387 663 1387 661 1387 622 1393 600 1397 593 1393 587 1391 586 1391 584 1391 571 1393 553 1397 538 1393 518 1387 517 1387 516 1387 488 1393 467 1397 379 1392 350 1391 349 1391 348 1391 343 1392 323 1397 314 1392 308 1387 307 1387 306 1387 267 1387 266 1387 265 1387 263 1387 257 1391 247 1397 115 1391 115 1416"/></Shape>
	    <String CONTENT="י כל דבר שהיה בכלל ויצא לטעון טוען אחר שלא כענינו."
                    HPOS="115.0"
                    VPOS="1387.0"
                    WIDTH="1114.0"
                    HEIGHT="82.0"
                    WC="0.9760788907396033"></String>
          </TextLine>

          
          
          <TextLine ID="eSc_line_cb577cea"
                    TAGREFS="LT15288"
                    BASELINE="115 1484 1230 1484" 
                    HPOS="115.0"
                    VPOS="1458.0"
                    WIDTH="1115.0"
                    HEIGHT="77.0">
            <Shape><Polygon POINTS="115 1484 115 1530 135 1534 136 1534 138 1534 139 1534 144 1530 161 1520 186 1529 187 1529 189 1529 190 1529 225 1520 250 1530 258 1534 260 1534 261 1535 324 1535 324 1534 325 1534 327 1534 332 1530 339 1525 362 1530 381 1534 383 1534 384 1534 385 1534 391 1530 400 1524 429 1528 430 1528 431 1528 433 1528 446 1520 482 1520 497 1529 503 1534 505 1534 506 1534 507 1535 569 1535 569 1534 571 1534 572 1534 578 1529 593 1520 618 1520 633 1529 639 1534 640 1534 642 1534 643 1534 644 1534 656 1529 665 1525 674 1529 686 1534 688 1534 689 1534 690 1534 691 1534 699 1529 711 1520 730 1529 742 1534 744 1534 745 1534 746 1534 760 1529 782 1520 846 1520 875 1528 897 1534 898 1534 899 1535 968 1535 968 1534 969 1534 970 1534 979 1528 991 1520 1022 1520 1035 1528 1043 1534 1045 1534 1046 1534 1047 1535 1122 1535 1122 1534 1123 1534 1124 1534 1133 1528 1144 1520 1165 1528 1187 1534 1188 1534 1189 1534 1230 1526 1230 1484 1230 1469 1187 1463 1185 1463 1114 1468 1101 1469 1091 1468 1021 1459 1020 1459 1019 1459 992 1468 990 1469 987 1468 969 1458 968 1458 966 1458 834 1468 816 1470 757 1470 755 1468 731 1458 730 1458 729 1458 650 1468 638 1469 614 1468 520 1462 518 1462 462 1468 447 1469 445 1468 439 1463 437 1463 436 1463 435 1463 403 1467 390 1458 389 1458 388 1458 312 1458 311 1458 309 1458 293 1465 237 1462 236 1462 210 1468 201 1469 192 1468 143 1458 141 1458 140 1458 115 1467 115 1484"/></Shape>
	    <String CONTENT="יצא להקל ולהחמיר. יא כל דבר שהיה בכלל ויצא לדון"
                    HPOS="115.0"
                    VPOS="1458.0"
                    WIDTH="1115.0"
                    HEIGHT="77.0"
                    WC="0.9895759292624213"></String>
          </TextLine>

          
          
          <TextLine ID="eSc_line_c7cfea75"
                    TAGREFS="LT15288"
                    BASELINE="116 1549 1228 1552" 
                    HPOS="115.0"
                    VPOS="1521.0"
                    WIDTH="1113.0"
                    HEIGHT="79.0">
            <Shape><Polygon POINTS="116 1549 115 1577 141 1586 143 1586 144 1586 179 1580 210 1597 211 1597 212 1598 283 1598 283 1597 284 1597 286 1597 309 1582 350 1596 352 1596 353 1596 404 1586 429 1597 430 1597 490 1598 491 1598 492 1598 518 1584 523 1581 538 1584 608 1598 609 1600 685 1600 685 1598 737 1587 765 1581 851 1581 862 1588 872 1596 873 1596 874 1596 875 1596 877 1596 878 1596 889 1590 900 1582 918 1590 934 1596 935 1596 936 1596 938 1596 939 1596 949 1590 958 1585 976 1590 977 1590 979 1590 980 1590 1000 1582 1111 1582 1128 1592 1138 1600 1139 1600 1140 1600 1142 1600 1225 1593 1228 1552 1228 1533 1195 1524 1194 1524 1193 1524 1128 1531 1118 1534 883 1534 872 1531 832 1525 831 1525 829 1525 828 1525 818 1531 817 1533 749 1533 746 1531 717 1523 716 1523 653 1523 651 1523 650 1523 622 1530 617 1533 516 1533 512 1530 487 1521 486 1521 388 1521 386 1521 385 1521 384 1521 372 1530 370 1530 116 1530 116 1549"/></Shape>
	    <String CONTENT="בדבר החדש. אי אתה יכול להחזירו לכללו עד שיחזירנו"
                    HPOS="115.0"
                    VPOS="1521.0"
                    WIDTH="1113.0"
                    HEIGHT="79.0"
                    WC="0.9790860833005702"></String>
          </TextLine>

          
          
          <TextLine ID="eSc_line_deca7364"
                    TAGREFS="LT15288"
                    BASELINE="116 1617 1228 1617" 
                    HPOS="116.0"
                    VPOS="1592.0"
                    WIDTH="1112.0"
                    HEIGHT="77.0">
            <Shape><Polygon POINTS="116 1617 116 1652 187 1668 189 1668 190 1668 245 1653 278 1668 279 1668 281 1669 348 1669 348 1668 349 1668 377 1654 395 1654 418 1668 419 1668 420 1668 421 1669 496 1669 496 1668 497 1668 498 1668 521 1653 522 1653 553 1653 554 1653 589 1668 591 1668 592 1668 630 1667 632 1667 655 1653 658 1653 676 1653 679 1653 699 1668 700 1668 701 1668 703 1669 750 1669 750 1668 751 1668 790 1654 793 1653 857 1653 861 1654 897 1668 898 1668 899 1669 921 1669 921 1668 923 1668 924 1668 945 1654 948 1653 950 1654 987 1668 989 1668 990 1669 1058 1669 1058 1668 1060 1668 1086 1654 1089 1653 1143 1653 1145 1654 1182 1668 1183 1668 1184 1668 1185 1668 1228 1654 1228 1617 1228 1602 1129 1602 1129 1601 1101 1593 1099 1593 1098 1593 1058 1600 1020 1592 948 1592 946 1592 945 1592 944 1592 930 1601 928 1602 913 1601 836 1595 834 1595 802 1601 795 1602 628 1602 627 1601 609 1592 608 1592 546 1592 544 1592 543 1592 542 1592 530 1601 527 1602 520 1601 486 1593 485 1593 444 1601 434 1602 430 1601 414 1592 413 1592 411 1592 410 1592 384 1601 378 1602 333 1601 328 1601 317 1592 316 1592 314 1592 313 1592 262 1601 257 1601 255 1601 233 1593 232 1593 231 1593 200 1601 196 1602 165 1602 164 1601 154 1593 153 1593 151 1593 150 1593 116 1600 116 1617"/></Shape>
	    <String CONTENT=""
                    HPOS="116.0"
                    VPOS="1592.0"
                    WIDTH="1112.0"
                    HEIGHT="77.0"
                    WC="0.9876312785678439"></String>
          </TextLine>

          
          
          <TextLine ID="eSc_line_2eec0376"
                    TAGREFS="LT15288"
                    BASELINE="118 1685 1228 1685" 
                    HPOS="118.0"
                    VPOS="1662.0"
                    WIDTH="1110.0"
                    HEIGHT="77.0">
            <Shape><Polygon POINTS="118 1685 118 1726 160 1726 190 1738 191 1738 192 1739 243 1739 243 1738 245 1738 246 1738 256 1730 277 1738 278 1738 279 1738 327 1730 355 1738 357 1738 358 1738 359 1738 384 1726 421 1738 423 1738 424 1739 537 1739 537 1738 538 1738 540 1738 556 1728 717 1736 719 1736 720 1736 739 1726 798 1738 800 1739 822 1739 822 1738 823 1738 824 1738 841 1726 872 1738 873 1738 874 1738 875 1738 910 1726 938 1735 939 1735 940 1735 941 1735 960 1726 995 1726 1011 1736 1012 1736 1014 1736 1075 1738 1076 1738 1077 1738 1107 1726 1228 1726 1228 1685 1228 1669 1173 1662 1111 1662 1109 1662 1108 1662 1107 1662 1097 1668 1097 1669 705 1669 704 1668 695 1662 694 1662 693 1662 691 1662 647 1668 642 1669 415 1669 411 1668 380 1662 379 1662 350 1668 345 1668 340 1668 298 1662 297 1662 118 1667 118 1685"/></Shape>
	    <String CONTENT="מסופו.וכן שני כתובים המכחישים זה את־זה עד שיבא"
                    HPOS="118.0"
                    VPOS="1662.0"
                    WIDTH="1110.0"
                    HEIGHT="77.0"
                    WC="0.9838142196337382"></String>
          </TextLine>

          
          
          <TextLine ID="eSc_line_1265c837"
                    TAGREFS="LT15288"
                    BASELINE="592 1753 1228 1753" 
                    HPOS="592.0"
                    VPOS="1726.0"
                    WIDTH="636.0"
                    HEIGHT="79.0">
            <Shape><Polygon POINTS="592 1753 592 1791 639 1794 659 1804 660 1804 661 1804 663 1804 688 1796 704 1804 705 1804 706 1804 707 1804 709 1804 720 1795 763 1802 903 1804 904 1804 905 1804 907 1804 907 1802 918 1792 980 1792 1009 1804 1010 1804 1011 1804 1012 1804 1040 1796 1055 1802 1056 1802 1057 1802 1058 1802 1060 1802 1076 1792 1140 1792 1159 1804 1160 1804 1162 1804 1163 1805 1190 1805 1190 1804 1192 1804 1228 1791 1228 1753 1228 1734 1218 1726 1216 1726 1215 1726 1214 1726 1178 1734 1170 1728 1170 1726 1169 1726 1168 1726 1167 1726 1047 1735 1037 1729 1036 1729 1035 1729 1033 1729 954 1733 935 1726 934 1726 933 1726 931 1726 897 1735 838 1726 837 1726 836 1726 807 1734 797 1728 796 1728 795 1728 793 1728 792 1728 791 1728 791 1729 783 1736 711 1736 684 1726 683 1726 681 1726 680 1726 649 1736 592 1736 592 1753"/></Shape>
	    <String CONTENT="הכתוב השלישי ויכריע ביניהם:"
                    HPOS="592.0"
                    VPOS="1726.0"
                    WIDTH="636.0"
                    HEIGHT="79.0"
                    WC="0.9979140007937396"></String>
          </TextLine>

          
          
          <TextLine ID="eSc_line_aa74366f"
                    TAGREFS="LT15288"
                    BASELINE="171 1818 1173 1818" 
                    HPOS="171.0"
                    VPOS="1791.0"
                    WIDTH="1002.0"
                    HEIGHT="78.0">
            <Shape><Polygon POINTS="171 1818 171 1851 206 1868 207 1868 209 1869 291 1869 291 1868 292 1868 293 1868 318 1850 365 1868 367 1868 368 1868 369 1868 423 1855 480 1868 481 1868 482 1868 484 1868 508 1850 510 1850 516 1850 571 1852 596 1866 597 1866 598 1866 599 1866 632 1850 633 1850 669 1856 670 1857 670 1856 706 1850 707 1850 744 1868 745 1868 746 1869 777 1869 777 1868 778 1868 780 1868 808 1850 810 1850 849 1850 851 1850 877 1868 878 1868 879 1868 880 1869 970 1869 970 1868 971 1868 985 1862 1016 1868 1017 1868 1019 1868 1057 1850 1173 1850 1173 1818 1173 1801 1155 1792 1154 1792 1109 1792 1108 1792 1107 1792 1106 1792 1094 1801 1052 1794 1051 1794 984 1801 982 1801 968 1791 966 1791 965 1791 939 1791 938 1791 936 1791 935 1791 923 1801 912 1792 910 1792 909 1792 908 1792 907 1792 905 1792 894 1801 893 1802 780 1802 775 1801 734 1791 732 1791 731 1791 695 1800 690 1801 586 1801 584 1800 571 1791 569 1791 568 1791 567 1791 510 1792 508 1792 507 1792 497 1800 495 1801 490 1800 467 1791 466 1791 465 1791 464 1791 462 1791 451 1799 450 1800 447 1799 425 1791 424 1791 423 1791 421 1791 403 1799 396 1801 267 1801 262 1799 251 1792 250 1792 248 1792 171 1797 171 1818"/></Shape>
	    <String CONTENT="יהי רצון מלפניך יהוה אלהינו ואלהי אבותינו שיבנה"
                    HPOS="171.0"
                    VPOS="1791.0"
                    WIDTH="1002.0"
                    HEIGHT="78.0"
                    WC="0.9981459162452004"></String>
          </TextLine>

          
          
          <TextLine ID="eSc_line_be0d3143"
                    TAGREFS="LT15288"
                    BASELINE="172 1887 1170 1889" 
                    HPOS="171.0"
                    VPOS="1862.0"
                    WIDTH="999.0"
                    HEIGHT="77.0">
            <Shape><Polygon POINTS="172 1887 171 1919 191 1920 212 1937 214 1937 215 1937 216 1937 266 1930 288 1937 289 1937 291 1937 292 1937 293 1937 308 1925 360 1937 362 1937 363 1937 364 1937 381 1923 413 1937 414 1937 415 1938 488 1938 488 1937 490 1937 491 1937 508 1924 525 1937 526 1937 527 1937 528 1937 554 1935 556 1935 557 1935 572 1923 576 1922 623 1922 630 1924 669 1938 670 1938 671 1939 721 1939 721 1938 722 1938 724 1938 740 1924 744 1923 770 1923 773 1925 791 1938 792 1938 793 1938 795 1939 857 1939 857 1938 858 1938 892 1927 903 1923 943 1924 945 1927 961 1938 963 1938 964 1938 965 1939 1007 1939 1007 1938 1009 1938 1031 1928 1035 1925 1038 1928 1045 1932 1046 1932 1047 1932 1048 1932 1050 1932 1057 1928 1066 1923 1167 1928 1170 1889 1169 1871 1138 1863 1137 1863 1075 1871 1063 1871 1047 1869 951 1863 950 1863 889 1869 877 1871 873 1869 854 1863 853 1863 852 1863 725 1869 694 1871 685 1869 643 1862 642 1862 640 1862 618 1869 617 1869 613 1869 561 1862 559 1862 520 1869 516 1869 512 1869 462 1862 403 1862 401 1862 400 1862 383 1869 381 1869 377 1869 323 1862 322 1862 172 1868 172 1887"/></Shape>
	    <String CONTENT="בית המקדש במהרה בימינו ותן חלקנו בתורתך:"
                    HPOS="171.0"
                    VPOS="1862.0"
                    WIDTH="999.0"
                    HEIGHT="77.0"
                    WC="0.9903902891205578"></String>
          </TextLine>

          
          
          <TextLine ID="eSc_line_285d2327"
                    TAGREFS="LT15288"
                    BASELINE="172 1955 1172 1955" 
                    HPOS="172.0"
                    VPOS="1929.0"
                    WIDTH="1000.0"
                    HEIGHT="87.0">
            <Shape><Polygon POINTS="172 1955 172 1999 248 1999 251 2000 267 2006 268 2006 270 2006 271 2006 291 2000 296 1999 298 2000 322 2015 323 2015 324 2015 325 2015 411 2011 413 2011 414 2011 425 2003 430 1999 436 2003 462 2015 464 2015 465 2016 518 2016 518 2015 520 2015 540 2004 549 1999 567 2005 592 2012 593 2012 594 2012 596 2012 620 2005 645 1999 679 2006 681 2006 683 2006 688 2006 797 1999 813 2009 822 2015 823 2015 824 2015 826 2016 869 2016 869 2015 870 2015 872 2015 879 2010 888 2003 919 1999 935 2010 939 2014 940 2014 941 2014 1019 2015 1020 2015 1021 2015 1031 2012 1072 1999 1097 2014 1099 2015 1101 2015 1102 2015 1103 2015 1172 2014 1172 1955 1172 1937 1149 1929 1148 1929 1147 1929 1081 1938 1075 1938 1072 1938 1053 1930 1052 1930 1051 1930 1017 1938 1014 1939 796 1939 793 1938 780 1930 778 1930 777 1930 776 1930 775 1930 765 1938 763 1939 656 1939 653 1938 623 1929 622 1929 559 1929 558 1929 557 1929 556 1929 543 1938 541 1939 513 1939 511 1938 490 1929 488 1929 487 1929 486 1929 465 1938 464 1938 459 1938 420 1932 419 1932 386 1938 381 1938 365 1938 195 1929 194 1929 192 1929 172 1937 172 1955"/></Shape>
	    <String CONTENT="ושם נעבדך ביראה כימי עולם וכשנים קדמוניות:"
                    HPOS="172.0"
                    VPOS="1929.0"
                    WIDTH="1000.0"
                    HEIGHT="87.0"
                    WC="0.9923930849347796"></String>
          </TextLine>

          
        </TextBlock>
        

        
      </PrintSpace>
    </Page>
  </Layout>
</alto>
