<?xml version="1.0" encoding="UTF-8"?>
<alto xmlns:xsi="http://www.w3.org/2001/XMLSchema-instance"
      xmlns="http://www.loc.gov/standards/alto/ns-v4#"
      xsi:schemaLocation="http://www.loc.gov/standards/alto/ns-v4# http://www.loc.gov/standards/alto/v4/alto-4-2.xsd">
  <Description>
    <MeasurementUnit>pixel</MeasurementUnit>
    <sourceImageInformation>
      <fileName>IE87755510_00024.jpg</fileName>
      <fileIdentifier>mets//export_doc4366_1col_14_copy_alto_202404261215.zip/IE87755510_00024.jpg</fileIdentifier>
    </sourceImageInformation>
  </Description>
  
  <Tags>
    <OtherTag ID="BT8356" LABEL="MainLeft" DESCRIPTION="block type MainLeft"/><OtherTag ID="BT8355" LABEL="MainRight" DESCRIPTION="block type MainRight"/><OtherTag ID="BT6914" LABEL="Handwritten" DESCRIPTION="block type Handwritten"/><OtherTag ID="BT6913" LABEL="RunningHeader" DESCRIPTION="block type RunningHeader"/><OtherTag ID="BT6912" LABEL="Catchword" DESCRIPTION="block type Catchword"/><OtherTag ID="BT6911" LABEL="Margin" DESCRIPTION="block type Margin"/><OtherTag ID="BT6910" LABEL="FooterCentral" DESCRIPTION="block type FooterCentral"/><OtherTag ID="BT6909" LABEL="MainCentral" DESCRIPTION="block type MainCentral"/><OtherTag ID="BT6908" LABEL="Header" DESCRIPTION="block type Header"/><OtherTag ID="BT4" LABEL="Illustration" DESCRIPTION="block type Illustration"/><OtherTag ID="BT3" LABEL="Commentary" DESCRIPTION="block type Commentary"/><OtherTag ID="BT2" LABEL="Main" DESCRIPTION="block type Main"/><OtherTag ID="BT1" LABEL="Title" DESCRIPTION="block type Title"/>
    <OtherTag ID="LT15938" LABEL="MainLeft" DESCRIPTION="line type MainLeft"/><OtherTag ID="LT15937" LABEL="MainRight" DESCRIPTION="line type MainRight"/><OtherTag ID="LT15289" LABEL="Handwritten" DESCRIPTION="line type Handwritten"/><OtherTag ID="LT15288" LABEL="MainCentral" DESCRIPTION="line type MainCentral"/><OtherTag ID="LT15287" LABEL="NotMain" DESCRIPTION="line type NotMain"/>
  </Tags>
  
  <Layout>
    <Page WIDTH="749"
          HEIGHT="1679"
          PHYSICAL_IMG_NR="63"
          ID="eSc_dummypage_">
      <PrintSpace HPOS="0"
                  VPOS="0"
                  WIDTH="749"
                  HEIGHT="1679">
        
        <TextBlock HPOS="3.0"
                   VPOS="414.0"
                   WIDTH="701.0"
                   HEIGHT="1178.0"
                   ID="eSc_textblock_2be36df9"
                   TAGREFS="BT6909">
          <Shape><Polygon POINTS="41 414 704 425 704 1185 692 1525 678 1584 14 1592 3 1435 3 421 41 414"/></Shape>
          
          
          <TextLine ID="eSc_line_e5e48004"
                    TAGREFS="LT15288"
                    BASELINE="5 445 686 445" 
                    HPOS="5.0"
                    VPOS="418.0"
                    WIDTH="681.0"
                    HEIGHT="74.0">
            <Shape><Polygon POINTS="621 423 612 423 603 423 593 423 593 422 581 425 580 425 577 422 575 422 565 422 556 422 554 422 544 425 543 426 328 426 326 424 315 418 314 418 285 418 284 418 283 418 272 424 270 425 268 424 253 418 252 418 251 418 224 424 217 418 216 418 215 418 178 418 177 418 176 418 175 418 169 424 168 425 115 425 114 424 106 418 105 418 104 418 77 418 76 418 75 418 74 418 68 424 66 425 64 424 54 418 53 418 52 418 5 423 5 445 6 491 38 477 51 477 68 488 69 488 70 488 70 488 71 488 72 488 83 480 98 480 111 490 112 491 113 491 113 491 114 492 142 492 142 491 143 491 144 491 145 489 151 485 180 489 197 491 198 491 199 491 200 491 203 489 224 477 244 488 250 491 251 491 252 492 310 492 310 491 310 491 311 491 316 487 318 486 328 487 365 491 366 491 367 491 378 486 404 477 439 477 457 485 463 488 464 488 465 488 466 488 466 488 469 485 472 484 476 485 481 488 482 488 483 488 484 488 485 488 489 485 504 477 596 477 607 484 618 491 619 491 620 491 621 491 685 483 686 445 685 426 635 426 634 425 630 423 621 423"/></Shape>
	    <String CONTENT="בכלי שרת בצפון ודמן טעון הזיה על בין"
                    HPOS="5.0"
                    VPOS="418.0"
                    WIDTH="681.0"
                    HEIGHT="74.0"
                    WC="0.9793586240095251"></String>
          </TextLine>

          
          
          <TextLine ID="eSc_line_86d6323b"
                    TAGREFS="LT15288"
                    BASELINE="3 512 688 512" 
                    HPOS="3.0"
                    VPOS="485.0"
                    WIDTH="685.0"
                    HEIGHT="71.0">
            <Shape><Polygon POINTS="3 512 3 551 50 555 51 555 52 555 61 551 81 541 110 551 123 555 124 555 125 556 185 556 185 555 186 555 198 551 226 541 240 545 241 545 242 545 243 545 244 545 254 540 331 540 346 548 347 548 348 548 349 548 399 541 416 550 417 550 418 550 419 550 443 540 472 540 490 551 497 555 498 555 499 555 500 556 545 556 545 555 546 555 562 551 592 541 614 550 618 552 619 552 620 552 621 552 626 550 634 548 636 550 642 555 643 555 644 555 645 555 646 555 664 550 675 547 686 550 688 512 688 494 644 494 636 488 635 488 635 488 634 488 633 488 623 493 605 487 604 487 603 487 602 487 601 487 595 493 527 493 518 487 517 487 516 487 515 487 490 491 482 485 481 485 480 485 480 485 479 485 457 494 380 494 357 486 356 486 355 486 283 491 201 485 200 485 199 485 198 485 190 491 182 486 181 486 97 485 96 485 95 485 94 485 84 493 42 486 42 486 5 493 3 512"/></Shape>
	    <String CONTENT="הבדים ועל הפרכת ועל מזבח הזהב."
                    HPOS="3.0"
                    VPOS="485.0"
                    WIDTH="685.0"
                    HEIGHT="71.0"
                    WC="0.9846206492391126"></String>
          </TextLine>

          
          
          <TextLine ID="eSc_line_3dca70f1"
                    TAGREFS="LT15288"
                    BASELINE="3 577 685 579" 
                    HPOS="2.0"
                    VPOS="553.0"
                    WIDTH="683.0"
                    HEIGHT="68.0">
            <Shape><Polygon POINTS="3 577 2 604 112 605 113 607 127 619 128 619 129 619 130 620 147 620 147 619 148 619 149 619 161 608 165 606 216 606 225 610 242 619 243 619 244 619 312 614 321 618 322 618 323 618 324 618 339 612 340 612 366 620 367 620 367 621 423 621 423 620 424 620 425 620 433 614 444 607 460 612 461 612 462 612 463 612 482 607 495 616 496 617 497 617 498 617 499 617 500 617 501 617 502 616 510 611 538 615 539 615 540 615 541 615 551 610 579 610 591 618 593 620 593 620 594 620 595 621 683 621 685 579 684 557 657 554 656 554 617 557 583 560 563 557 537 554 536 554 535 554 525 557 519 560 507 557 494 555 494 555 493 555 487 557 481 560 479 557 476 555 475 555 474 555 448 554 447 554 446 554 438 558 435 559 428 558 406 554 405 554 404 554 403 554 396 558 393 561 346 561 342 558 335 553 334 553 333 553 236 553 235 553 234 553 222 559 221 560 169 560 167 559 158 554 157 554 156 554 104 553 103 553 5 559 3 577"/></Shape>
	    <String CONTENT="מתנה אחת מהן מעכבת. שירי הדם"
                    HPOS="2.0"
                    VPOS="553.0"
                    WIDTH="683.0"
                    HEIGHT="68.0"
                    WC="0.9987295525414603"></String>
          </TextLine>

          
          
          <TextLine ID="eSc_line_7dbd55a8"
                    TAGREFS="LT15288"
                    BASELINE="3 640 689 643" 
                    HPOS="2.0"
                    VPOS="615.0"
                    WIDTH="687.0"
                    HEIGHT="71.0">
            <Shape><Polygon POINTS="3 640 2 670 92 669 98 672 114 683 115 683 116 683 117 683 177 678 185 683 186 683 187 683 231 684 232 685 275 685 275 684 276 684 304 673 311 670 318 673 324 676 325 676 325 676 356 674 398 670 413 674 449 683 450 683 451 683 452 683 472 675 487 685 488 685 489 685 490 686 525 686 525 685 526 685 527 685 537 677 569 679 570 679 571 679 580 675 588 671 599 675 605 677 606 677 607 677 607 677 613 675 625 671 686 675 689 643 688 617 655 624 647 617 646 617 645 617 644 617 643 617 642 617 628 622 581 618 572 617 571 617 570 617 569 617 569 618 560 624 537 618 531 617 530 617 516 618 461 624 439 619 427 616 426 616 406 619 393 621 389 619 384 617 383 617 382 617 381 617 381 617 378 619 371 623 354 620 337 616 336 616 335 616 334 616 330 620 325 623 301 620 275 617 274 617 251 620 233 623 229 621 226 618 226 618 225 618 224 618 184 621 169 622 168 621 159 615 158 615 157 615 156 615 155 615 133 622 129 622 125 622 84 615 83 615 82 615 81 615 71 622 70 623 35 623 35 622 28 616 27 616 26 616 25 616 24 616 6 621 3 640"/></Shape>
	    <String CONTENT="היה שופך על יסוד מערבי של מזבח"
                    HPOS="2.0"
                    VPOS="615.0"
                    WIDTH="687.0"
                    HEIGHT="71.0"
                    WC="0.9917620321114858"></String>
          </TextLine>

          
          
          <TextLine ID="eSc_line_0620572b"
                    TAGREFS="LT15288"
                    BASELINE="69 707 592 709" 
                    HPOS="68.0"
                    VPOS="682.0"
                    WIDTH="524.0"
                    HEIGHT="71.0">
            <Shape><Polygon POINTS="69 707 68 733 106 734 144 751 145 751 146 751 147 751 180 735 204 741 205 741 206 741 234 740 246 750 246 751 247 751 248 751 249 752 318 752 318 751 319 751 320 751 320 750 331 740 339 745 340 745 341 745 382 737 394 747 395 747 395 747 396 747 397 747 398 747 404 741 433 752 434 752 435 753 479 753 479 752 480 752 506 739 566 749 567 749 568 749 569 749 591 735 592 709 590 684 545 690 518 684 510 683 509 683 508 683 508 683 506 684 500 688 483 685 474 683 473 683 472 683 468 685 458 691 395 691 361 686 330 682 329 682 328 682 327 682 322 686 316 690 255 690 251 687 242 682 241 682 200 682 199 682 198 682 197 682 197 683 193 687 193 688 191 687 183 684 183 684 182 684 181 684 180 684 180 685 177 687 175 689 164 688 122 682 121 682 120 682 119 682 113 688 111 689 69 689 69 707"/></Shape>
	    <String CONTENT="החיצון אם לא נתן לא עכב:"
                    HPOS="68.0"
                    VPOS="682.0"
                    WIDTH="524.0"
                    HEIGHT="71.0"
                    WC="0.9857971501350403"></String>
          </TextLine>

          
          
          <TextLine ID="eSc_line_a3cea04d"
                    TAGREFS="LT15288"
                    BASELINE="4 775 689 772" 
                    HPOS="3.0"
                    VPOS="746.0"
                    WIDTH="686.0"
                    HEIGHT="73.0">
            <Shape><Polygon POINTS="4 775 4 805 31 818 32 818 33 819 142 819 142 818 143 818 182 805 203 805 233 804 266 804 268 805 284 814 285 814 286 814 287 814 311 804 313 804 329 804 330 804 340 812 341 812 342 812 343 812 344 812 357 804 359 804 387 804 388 804 411 817 412 817 413 817 414 817 415 817 429 808 457 818 458 818 459 818 549 817 550 817 579 805 599 816 600 816 601 816 602 816 625 804 627 804 687 804 689 772 688 750 673 746 672 746 671 746 574 751 571 751 570 751 562 746 561 746 560 746 480 746 479 746 444 752 440 752 438 752 410 748 409 748 409 748 408 748 403 752 402 753 289 753 288 752 280 747 279 747 278 747 277 747 235 753 229 753 212 753 87 748 86 748 3 753 4 775"/></Shape>
	    <String CONTENT="פרים הנשרפים ושעירים הנשרפים."
                    HPOS="3.0"
                    VPOS="746.0"
                    WIDTH="686.0"
                    HEIGHT="73.0"
                    WC="0.9983448471341815"></String>
          </TextLine>

          
          
          <TextLine ID="eSc_line_e90174c3"
                    TAGREFS="LT15288"
                    BASELINE="4 839 568 835" 
                    HPOS="3.0"
                    VPOS="813.0"
                    WIDTH="565.0"
                    HEIGHT="74.0">
            <Shape><Polygon POINTS="4 839 4 871 35 871 36 871 51 884 52 884 53 884 54 884 55 884 56 884 62 878 70 885 70 886 70 886 71 886 72 887 106 887 106 886 107 886 108 886 127 871 127 870 145 870 212 870 228 884 228 885 229 885 230 885 231 886 271 886 271 885 272 885 273 885 282 879 321 884 322 884 323 884 340 876 353 883 353 883 354 883 355 883 356 883 367 875 376 882 377 882 378 882 379 882 380 882 392 878 423 884 423 884 452 879 465 883 466 883 466 883 467 883 502 868 503 868 567 868 568 835 567 818 448 815 447 815 407 818 390 819 377 818 328 813 327 813 326 813 325 813 317 818 316 819 314 818 300 813 299 813 298 813 297 813 286 819 283 820 276 819 248 814 196 814 195 814 194 814 193 814 185 819 166 814 165 814 164 814 139 818 103 815 102 815 101 815 100 815 100 816 95 820 94 821 86 820 50 815 49 815 3 820 4 839"/></Shape>
	    <String CONTENT="שחיטתן בצפון וקבול דמן בכלי"
                    HPOS="3.0"
                    VPOS="813.0"
                    WIDTH="565.0"
                    HEIGHT="74.0"
                    WC="0.9810003821666424"></String>
          </TextLine>

          
          
          <TextLine ID="eSc_line_f92fe09b"
                    TAGREFS="LT15288"
                    BASELINE="3 905 689 899" 
                    HPOS="3.0"
                    VPOS="880.0"
                    WIDTH="686.0"
                    HEIGHT="69.0">
            <Shape><Polygon POINTS="3 905 3 939 17 948 18 948 19 948 20 949 42 949 42 948 42 948 70 936 77 932 127 932 132 935 145 943 146 943 147 943 197 947 197 947 271 934 311 945 312 945 313 945 314 945 315 945 334 932 367 931 409 929 411 930 438 944 439 944 440 945 492 945 492 944 544 943 545 943 546 943 559 934 568 941 569 941 570 941 571 941 572 941 573 941 593 928 614 934 615 934 616 934 617 934 635 928 649 935 650 935 650 935 689 926 689 899 687 880 5 887 3 905"/></Shape>
	    <String CONTENT="שרת בצפון ודמן טעון הזיה על"
                    HPOS="3.0"
                    VPOS="880.0"
                    WIDTH="686.0"
                    HEIGHT="69.0"
                    WC="0.9796176819965757"></String>
          </TextLine>

          
          
          <TextLine ID="eSc_line_de1c2f91"
                    TAGREFS="LT15288"
                    BASELINE="4 972 689 970" 
                    HPOS="4.0"
                    VPOS="944.0"
                    WIDTH="685.0"
                    HEIGHT="70.0">
            <Shape><Polygon POINTS="4 1014 30 1009 42 1013 42 1013 43 1013 44 1013 45 1013 52 1008 72 1013 73 1013 74 1013 75 1013 113 999 127 1004 127 1004 128 1004 129 1004 142 999 192 999 204 1006 205 1006 206 1006 207 1006 247 998 282 1002 283 1002 284 1002 285 1002 291 998 348 998 361 1004 362 1004 363 1004 401 998 436 1006 437 1006 438 1006 438 1006 459 998 498 1012 499 1012 500 1012 597 1012 597 1012 598 1012 599 1012 608 1005 617 1012 618 1012 619 1012 620 1012 688 1012 689 970 687 951 611 951 609 950 598 944 597 944 596 944 541 950 532 951 526 950 494 944 493 944 442 950 425 952 420 950 408 945 407 945 406 945 378 950 365 952 351 950 317 945 316 945 265 950 229 954 97 954 86 950 75 946 74 946 73 946 72 946 63 950 56 952 4 950 4 972 4 1014"/></Shape>
	    <String CONTENT="הפרכת ועל מזבח הזהב. מתנה אחת"
                    HPOS="4.0"
                    VPOS="944.0"
                    WIDTH="685.0"
                    HEIGHT="70.0"
                    WC="0.9981154347288197"></String>
          </TextLine>

          
          
          <TextLine ID="eSc_line_0c419a03"
                    TAGREFS="LT15288"
                    BASELINE="4 1036 689 1036" 
                    HPOS="4.0"
                    VPOS="1010.0"
                    WIDTH="685.0"
                    HEIGHT="72.0">
            <Shape><Polygon POINTS="4 1036 4 1082 21 1082 21 1081 22 1081 57 1065 71 1070 72 1070 73 1070 74 1070 94 1062 103 1070 104 1070 105 1070 106 1070 107 1070 129 1062 187 1062 227 1081 228 1081 229 1081 257 1080 258 1080 259 1080 285 1062 294 1068 295 1068 296 1068 296 1068 297 1068 316 1062 342 1068 343 1068 344 1068 376 1062 444 1062 483 1081 484 1081 485 1082 604 1082 604 1081 605 1081 621 1076 688 1081 689 1036 689 1019 669 1011 668 1011 667 1011 666 1011 643 1019 620 1011 619 1011 618 1011 617 1011 616 1011 604 1018 577 1011 576 1011 575 1011 574 1011 551 1016 542 1010 541 1010 540 1010 495 1010 494 1010 494 1010 474 1018 470 1020 394 1020 390 1017 374 1010 373 1010 372 1010 313 1016 306 1017 302 1016 291 1013 290 1013 289 1013 288 1013 287 1013 284 1016 282 1019 274 1016 261 1012 260 1012 259 1012 236 1016 218 1020 161 1020 154 1015 142 1010 141 1010 141 1010 140 1010 124 1015 113 1019 102 1014 91 1010 90 1010 89 1010 88 1010 72 1014 57 1019 50 1014 42 1010 42 1010 41 1010 40 1010 4 1013 4 1036"/></Shape>
	    <String CONTENT="מהן מעכבת. שירי הדם היה שופך"
                    HPOS="4.0"
                    VPOS="1010.0"
                    WIDTH="685.0"
                    HEIGHT="72.0"
                    WC="0.9798132500478199"></String>
          </TextLine>

          
          
          <TextLine ID="eSc_line_1de1dcb5"
                    TAGREFS="LT15288"
                    BASELINE="4 1103 691 1096" 
                    HPOS="3.0"
                    VPOS="1071.0"
                    WIDTH="688.0"
                    HEIGHT="73.0">
            <Shape><Polygon POINTS="4 1103 4 1137 70 1144 70 1144 71 1144 72 1144 85 1136 92 1133 118 1133 124 1136 133 1141 134 1141 135 1141 174 1143 175 1143 176 1143 177 1143 192 1134 228 1132 234 1134 258 1142 259 1142 260 1142 310 1141 310 1141 311 1141 321 1134 370 1140 371 1140 372 1140 387 1133 401 1140 402 1140 403 1141 424 1141 424 1140 425 1140 426 1140 438 1133 459 1139 460 1139 461 1139 462 1139 483 1130 484 1129 485 1130 497 1139 498 1139 499 1139 500 1140 519 1140 519 1139 520 1139 539 1129 541 1128 545 1129 582 1137 583 1137 584 1137 603 1128 605 1127 632 1127 634 1127 649 1137 650 1137 650 1137 651 1137 652 1137 691 1126 691 1096 690 1078 638 1071 637 1071 636 1071 635 1071 626 1078 624 1079 512 1080 501 1078 475 1071 474 1071 473 1071 455 1076 444 1072 443 1072 442 1072 441 1072 429 1078 421 1082 397 1082 391 1078 383 1072 382 1072 381 1072 381 1072 380 1072 370 1078 364 1081 355 1078 341 1072 340 1072 318 1072 317 1072 316 1072 315 1072 310 1078 307 1080 299 1078 283 1072 282 1072 282 1072 254 1073 254 1073 253 1073 247 1078 239 1082 172 1082 166 1078 161 1074 160 1074 159 1074 158 1074 122 1078 77 1082 69 1078 64 1075 63 1075 62 1075 3 1077 4 1103"/></Shape>
	    <String CONTENT="על יסוד מערבי של מזבח החיצון. אם"
                    HPOS="3.0"
                    VPOS="1071.0"
                    WIDTH="688.0"
                    HEIGHT="73.0"
                    WC="0.9965250665141691"></String>
          </TextLine>

          
          
          <TextLine ID="eSc_line_5f4e4389"
                    TAGREFS="LT15288"
                    BASELINE="5 1168 689 1165" 
                    HPOS="4.0"
                    VPOS="1137.0"
                    WIDTH="685.0"
                    HEIGHT="76.0">
            <Shape><Polygon POINTS="5 1168 6 1213 32 1207 93 1211 94 1211 95 1211 127 1201 150 1209 151 1209 152 1209 178 1207 179 1207 180 1207 193 1197 243 1197 275 1209 280 1211 281 1211 282 1211 282 1211 286 1209 314 1196 346 1196 370 1208 375 1210 376 1210 377 1210 378 1210 382 1208 409 1196 445 1196 452 1202 452 1202 453 1202 454 1202 455 1202 468 1198 480 1207 483 1210 484 1210 485 1210 486 1210 587 1209 588 1209 595 1206 613 1195 631 1205 635 1207 635 1207 636 1207 637 1207 638 1207 640 1205 649 1198 664 1205 675 1208 676 1208 677 1208 678 1208 689 1204 689 1165 688 1147 666 1137 665 1137 664 1137 603 1144 584 1137 583 1137 549 1137 548 1137 527 1139 526 1139 525 1139 513 1149 512 1149 509 1149 460 1143 459 1143 458 1143 457 1143 450 1149 449 1150 423 1150 423 1149 384 1141 383 1141 319 1150 317 1150 316 1150 307 1141 306 1141 305 1141 304 1141 276 1147 258 1139 257 1139 232 1139 231 1139 230 1139 229 1139 217 1150 188 1141 187 1141 186 1141 185 1141 184 1141 173 1151 169 1151 158 1151 157 1151 142 1141 141 1141 141 1141 140 1141 139 1141 138 1141 126 1151 111 1144 110 1144 109 1144 108 1144 94 1150 81 1140 80 1140 79 1140 65 1140 64 1140 63 1140 38 1150 22 1145 21 1145 20 1145 19 1145 4 1151 5 1168"/></Shape>
	    <String CONTENT="לא נתן לא עכב. אלו ואלו נשרפין"
                    HPOS="4.0"
                    VPOS="1137.0"
                    WIDTH="685.0"
                    HEIGHT="76.0"
                    WC="0.9786579341724001"></String>
          </TextLine>

          
          
          <TextLine ID="eSc_line_4d4e714c"
                    TAGREFS="LT15288"
                    BASELINE="4 1234 688 1228" 
                    HPOS="4.0"
                    VPOS="1207.0"
                    WIDTH="684.0"
                    HEIGHT="72.0">
            <Shape><Polygon POINTS="4 1261 160 1260 170 1264 192 1276 193 1276 194 1276 195 1276 196 1276 207 1268 240 1279 241 1279 242 1279 243 1279 266 1267 279 1260 300 1260 312 1268 317 1271 318 1271 319 1271 320 1271 321 1271 329 1268 339 1264 350 1269 360 1273 361 1273 362 1273 363 1273 374 1269 385 1265 396 1270 402 1272 403 1272 404 1272 405 1272 412 1270 431 1265 444 1271 460 1277 461 1277 462 1278 557 1278 557 1277 558 1277 568 1274 598 1261 620 1272 621 1272 687 1276 688 1228 686 1207 547 1213 515 1207 507 1207 506 1207 505 1207 500 1207 480 1213 473 1207 471 1207 470 1207 469 1207 468 1207 467 1207 465 1207 453 1214 402 1209 401 1209 400 1209 399 1209 395 1214 386 1208 385 1207 384 1207 383 1207 352 1207 351 1207 342 1208 299 1215 267 1208 263 1208 262 1208 261 1208 259 1208 231 1216 216 1210 215 1210 214 1210 144 1216 127 1209 126 1209 125 1209 124 1209 123 1209 104 1215 4 1210 4 1234 4 1261"/></Shape>
	    <String CONTENT="בבית הדשן: חטאת הצבור והיחיד."
                    HPOS="4.0"
                    VPOS="1207.0"
                    WIDTH="684.0"
                    HEIGHT="72.0"
                    WC="0.990750257174174"></String>
          </TextLine>

          
          
          <TextLine ID="eSc_line_63d5ada3"
                    TAGREFS="LT15288"
                    BASELINE="4 1299 668 1293" 
                    HPOS="3.0"
                    VPOS="1271.0"
                    WIDTH="665.0"
                    HEIGHT="72.0">
            <Shape><Polygon POINTS="4 1299 4 1340 12 1343 13 1343 14 1343 14 1343 22 1340 50 1328 144 1328 169 1337 181 1341 182 1341 183 1341 183 1341 184 1341 189 1336 199 1328 222 1334 223 1334 224 1334 225 1334 248 1327 284 1334 309 1339 388 1340 389 1340 390 1340 391 1340 399 1334 415 1340 416 1340 417 1340 418 1340 434 1333 443 1340 444 1340 445 1340 446 1340 471 1339 472 1339 490 1330 494 1328 505 1330 551 1339 551 1339 584 1338 585 1338 586 1338 595 1331 604 1337 605 1337 606 1337 638 1338 639 1338 640 1338 668 1326 668 1293 667 1277 655 1271 654 1271 616 1271 615 1271 614 1271 613 1271 601 1278 600 1278 557 1271 556 1271 555 1271 537 1278 534 1280 483 1280 481 1278 466 1273 465 1273 464 1273 463 1273 448 1279 444 1280 438 1279 422 1276 421 1276 399 1279 392 1280 390 1279 382 1273 381 1273 381 1273 380 1273 349 1277 341 1273 340 1273 339 1273 339 1273 338 1273 337 1273 337 1274 330 1279 327 1282 282 1282 279 1279 275 1276 274 1276 273 1276 272 1276 271 1276 270 1276 266 1279 262 1281 193 1281 190 1279 179 1275 178 1275 177 1275 133 1279 132 1279 131 1279 115 1275 114 1275 113 1275 113 1275 102 1279 95 1283 65 1283 60 1279 55 1276 54 1276 53 1276 52 1276 51 1276 50 1276 45 1279 40 1276 39 1276 38 1276 37 1276 3 1279 4 1299"/></Shape>
	    <String CONTENT="אלו הן חטאת הצבור. שעירי ראשי"
                    HPOS="3.0"
                    VPOS="1271.0"
                    WIDTH="665.0"
                    HEIGHT="72.0"
                    WC="0.9791570778550773"></String>
          </TextLine>

          
          
          <TextLine ID="eSc_line_6a428dce"
                    TAGREFS="LT15288"
                    BASELINE="4 1364 601 1357" 
                    HPOS="3.0"
                    VPOS="1334.0"
                    WIDTH="598.0"
                    HEIGHT="80.0">
            <Shape><Polygon POINTS="4 1364 4 1414 38 1414 38 1413 39 1413 43 1412 79 1402 96 1410 98 1411 98 1411 99 1411 100 1411 101 1411 101 1410 102 1410 119 1394 131 1394 153 1408 154 1408 155 1408 155 1408 156 1408 157 1408 180 1393 222 1398 223 1398 224 1398 225 1398 225 1397 230 1392 294 1392 329 1401 330 1401 331 1401 332 1401 362 1391 386 1400 409 1408 410 1408 411 1408 412 1408 438 1398 441 1397 446 1398 486 1407 487 1407 576 1406 577 1406 601 1392 601 1357 598 1334 574 1341 507 1337 506 1337 505 1337 504 1337 497 1342 455 1335 451 1335 450 1335 449 1335 448 1335 438 1343 419 1336 418 1336 417 1336 416 1336 374 1344 327 1337 325 1337 325 1337 323 1337 275 1345 254 1338 253 1338 252 1338 251 1338 202 1345 125 1340 124 1340 75 1347 3 1341 4 1364"/></Shape>
	    <String CONTENT="חדשים ושל מועדות שחיטתן בצפון"
                    HPOS="3.0"
                    VPOS="1334.0"
                    WIDTH="598.0"
                    HEIGHT="80.0"
                    WC="0.9743816086224147"></String>
          </TextLine>

          
          
          <TextLine ID="eSc_line_8020f859"
                    TAGREFS="LT15288"
                    BASELINE="6 1429 543 1423" 
                    HPOS="5.0"
                    VPOS="1398.0"
                    WIDTH="538.0"
                    HEIGHT="82.0">
            <Shape><Polygon POINTS="6 1429 7 1475 28 1464 39 1464 48 1472 48 1473 49 1473 50 1473 51 1473 118 1469 124 1474 128 1478 128 1479 129 1479 130 1479 131 1480 159 1480 159 1479 190 1478 191 1478 192 1478 198 1473 205 1468 217 1472 219 1473 220 1473 221 1473 230 1472 259 1470 266 1472 271 1474 272 1474 273 1474 274 1474 275 1474 275 1473 277 1472 290 1460 389 1459 411 1470 412 1470 413 1470 414 1470 423 1466 430 1470 435 1474 436 1474 437 1474 438 1474 438 1474 439 1474 444 1470 451 1464 468 1470 481 1474 482 1474 483 1474 543 1469 543 1423 541 1402 483 1406 477 1402 466 1398 466 1398 465 1398 464 1398 452 1402 390 1399 389 1399 388 1399 387 1399 381 1404 377 1408 363 1408 354 1404 350 1402 349 1402 348 1402 347 1402 339 1404 324 1408 317 1404 310 1401 309 1401 278 1401 277 1401 254 1405 234 1410 197 1406 193 1406 192 1406 186 1406 141 1411 130 1407 117 1402 116 1402 115 1402 85 1404 84 1404 78 1408 70 1412 55 1408 49 1407 48 1407 47 1407 46 1407 45 1408 41 1412 32 1408 22 1404 21 1404 20 1404 19 1404 5 1408 6 1429"/></Shape>
	    <String CONTENT="וקבול דמן בכלי שרת בצפון ודמן ט"
                    HPOS="5.0"
                    VPOS="1398.0"
                    WIDTH="538.0"
                    HEIGHT="82.0"
                    WC="0.9599603127974731"></String>
          </TextLine>

          
          
          <TextLine ID="eSc_line_bc53dd61"
                    TAGREFS="LT15288"
                    BASELINE="7 1494 485 1489" 
                    HPOS="6.0"
                    VPOS="1466.0"
                    WIDTH="479.0"
                    HEIGHT="74.0">
            <Shape><Polygon POINTS="6 1488 7 1494 7 1532 42 1526 50 1531 58 1538 59 1538 60 1538 61 1539 61 1538 62 1538 63 1538 72 1531 80 1526 91 1526 95 1530 97 1531 97 1532 98 1532 98 1532 99 1532 100 1532 109 1530 118 1527 126 1529 141 1535 141 1535 142 1535 143 1535 163 1528 172 1526 176 1528 191 1539 192 1539 193 1539 251 1540 252 1540 253 1540 280 1526 283 1524 325 1524 327 1525 340 1537 340 1538 341 1538 342 1538 343 1539 458 1539 458 1538 459 1538 460 1538 485 1522 485 1489 482 1469 464 1476 410 1476 399 1470 390 1466 389 1466 388 1466 325 1467 325 1467 310 1472 303 1475 294 1472 276 1468 275 1468 274 1468 273 1468 272 1468 266 1473 261 1477 249 1474 234 1470 233 1470 232 1470 223 1474 216 1477 211 1474 196 1469 195 1469 194 1469 193 1469 192 1469 183 1475 183 1476 179 1475 164 1471 163 1471 162 1471 161 1471 150 1476 144 1478 140 1476 127 1472 127 1472 126 1472 125 1472 107 1477 103 1478 101 1477 88 1471 87 1471 86 1471 85 1471 84 1471 84 1472 78 1478 76 1479 70 1478 45 1473 44 1473 7 1479 6 1488"/></Shape>
	    <String CONTENT=""
                    HPOS="6.0"
                    VPOS="1466.0"
                    WIDTH="479.0"
                    HEIGHT="74.0"
                    WC="0.9896129511651539"></String>
          </TextLine>

          
          
          <TextLine ID="eSc_line_e2311fba"
                    TAGREFS="LT15288"
                    BASELINE="14 1557 422 1554" 
                    HPOS="13.0"
                    VPOS="1531.0"
                    WIDTH="409.0"
                    HEIGHT="69.0">
            <Shape><Polygon POINTS="14 1557 14 1589 37 1595 38 1595 39 1595 40 1595 48 1589 50 1589 79 1595 80 1595 102 1592 126 1599 127 1599 127 1599 205 1588 210 1588 211 1588 233 1599 234 1599 293 1600 294 1600 295 1600 296 1600 296 1599 310 1588 310 1587 318 1588 353 1592 362 1599 363 1599 364 1599 365 1600 397 1600 397 1599 398 1599 422 1587 422 1554 420 1536 375 1537 368 1535 357 1531 356 1531 355 1531 354 1531 353 1531 350 1535 342 1541 328 1537 327 1537 326 1537 300 1542 292 1535 291 1534 291 1533 290 1533 289 1533 288 1533 287 1533 286 1533 284 1535 271 1542 260 1536 259 1536 258 1536 257 1536 256 1536 256 1537 251 1541 245 1537 244 1537 243 1537 242 1537 206 1543 189 1537 188 1537 187 1537 186 1537 170 1544 123 1544 104 1534 103 1534 102 1534 77 1539 70 1533 70 1533 69 1533 13 1533 14 1557"/></Shape>
	    <String CONTENT=""
                    HPOS="13.0"
                    VPOS="1531.0"
                    WIDTH="409.0"
                    HEIGHT="69.0"
                    WC="0.9973696344777158"></String>
          </TextLine>

          
        </TextBlock>
        

        
      </PrintSpace>
    </Page>
  </Layout>
</alto>
