<?xml version="1.0" encoding="UTF-8"?>
<alto xmlns:xsi="http://www.w3.org/2001/XMLSchema-instance"
      xmlns="http://www.loc.gov/standards/alto/ns-v4#"
      xsi:schemaLocation="http://www.loc.gov/standards/alto/ns-v4# http://www.loc.gov/standards/alto/v4/alto-4-2.xsd">
  <Description>
    <MeasurementUnit>pixel</MeasurementUnit>
    <sourceImageInformation>
      <fileName>IE87744435_00039.jpg</fileName>
      <fileIdentifier>mets//export_doc4366_1col_14_copy_alto_202404261215.zip/IE87744435_00039.jpg</fileIdentifier>
    </sourceImageInformation>
  </Description>
  
  <Tags>
    <OtherTag ID="BT8356" LABEL="MainLeft" DESCRIPTION="block type MainLeft"/><OtherTag ID="BT8355" LABEL="MainRight" DESCRIPTION="block type MainRight"/><OtherTag ID="BT6914" LABEL="Handwritten" DESCRIPTION="block type Handwritten"/><OtherTag ID="BT6913" LABEL="RunningHeader" DESCRIPTION="block type RunningHeader"/><OtherTag ID="BT6912" LABEL="Catchword" DESCRIPTION="block type Catchword"/><OtherTag ID="BT6911" LABEL="Margin" DESCRIPTION="block type Margin"/><OtherTag ID="BT6910" LABEL="FooterCentral" DESCRIPTION="block type FooterCentral"/><OtherTag ID="BT6909" LABEL="MainCentral" DESCRIPTION="block type MainCentral"/><OtherTag ID="BT6908" LABEL="Header" DESCRIPTION="block type Header"/><OtherTag ID="BT4" LABEL="Illustration" DESCRIPTION="block type Illustration"/><OtherTag ID="BT3" LABEL="Commentary" DESCRIPTION="block type Commentary"/><OtherTag ID="BT2" LABEL="Main" DESCRIPTION="block type Main"/><OtherTag ID="BT1" LABEL="Title" DESCRIPTION="block type Title"/>
    <OtherTag ID="LT15938" LABEL="MainLeft" DESCRIPTION="line type MainLeft"/><OtherTag ID="LT15937" LABEL="MainRight" DESCRIPTION="line type MainRight"/><OtherTag ID="LT15289" LABEL="Handwritten" DESCRIPTION="line type Handwritten"/><OtherTag ID="LT15288" LABEL="MainCentral" DESCRIPTION="line type MainCentral"/><OtherTag ID="LT15287" LABEL="NotMain" DESCRIPTION="line type NotMain"/>
  </Tags>
  
  <Layout>
    <Page WIDTH="1357"
          HEIGHT="2225"
          PHYSICAL_IMG_NR="59"
          ID="eSc_dummypage_">
      <PrintSpace HPOS="0"
                  VPOS="0"
                  WIDTH="1357"
                  HEIGHT="2225">
        
        <TextBlock HPOS="178.0"
                   VPOS="153.0"
                   WIDTH="1124.0"
                   HEIGHT="1833.0"
                   ID="eSc_textblock_4df1d0c2"
                   TAGREFS="BT6909">
          <Shape><Polygon POINTS="453 153 1302 163 1297 1981 440 1986 188 1971 178 178 183 158 453 153"/></Shape>
          
          
          <TextLine ID="eSc_line_f038be4f"
                    TAGREFS="LT15288"
                    BASELINE="186 191 1291 186" 
                    HPOS="185.0"
                    VPOS="155.0"
                    WIDTH="1106.0"
                    HEIGHT="97.0">
            <Shape><Polygon POINTS="1286 161 1274 161 1267 161 1261 161 1249 161 1237 161 1224 161 1218 161 1215 163 1011 163 1005 159 1001 159 989 159 987 158 980 163 916 158 915 158 903 158 890 158 878 158 868 156 853 159 822 163 800 159 785 156 779 156 773 155 754 159 731 164 707 160 684 156 682 156 681 156 674 160 666 164 572 161 430 158 429 158 364 164 346 165 331 164 259 158 258 158 257 158 256 158 247 165 185 165 186 191 186 229 220 232 249 250 251 250 252 250 253 252 272 252 272 250 273 250 274 250 304 232 331 250 332 250 333 250 335 252 434 252 434 250 435 250 436 250 463 231 467 228 478 231 517 242 518 242 519 242 520 242 522 242 538 232 544 228 665 228 680 232 721 244 722 244 723 244 724 244 747 232 758 227 842 227 857 233 894 248 895 248 896 249 976 249 976 248 977 248 978 248 1000 233 1010 227 1031 233 1072 247 1073 247 1074 248 1135 248 1135 247 1136 247 1138 247 1150 238 1161 247 1162 247 1164 247 1165 248 1224 248 1224 247 1225 247 1227 247 1244 234 1259 244 1260 244 1261 244 1262 244 1264 244 1291 234 1291 186 1287 161 1286 161"/></Shape>
	    <String CONTENT=""
                    HPOS="185.0"
                    VPOS="155.0"
                    WIDTH="1106.0"
                    HEIGHT="97.0"
                    WC="0.9818834001953537"></String>
          </TextLine>

          
          
          <TextLine ID="eSc_line_792be6af"
                    TAGREFS="LT15288"
                    BASELINE="186 273 1293 270" 
                    HPOS="185.0"
                    VPOS="238.0"
                    WIDTH="1108.0"
                    HEIGHT="96.0">
            <Shape><Polygon POINTS="186 273 186 315 220 333 221 333 222 334 311 334 311 333 312 333 314 333 326 325 353 333 355 333 356 333 357 333 358 333 382 316 383 316 384 316 406 327 408 327 409 327 410 327 430 317 439 313 487 313 499 318 535 333 536 333 538 333 539 333 566 320 577 313 602 313 613 320 634 333 635 333 637 333 638 334 679 334 679 333 680 333 681 333 700 321 714 312 740 312 836 312 873 323 898 332 899 332 900 332 901 332 916 325 927 318 947 325 969 332 971 332 972 332 973 332 974 332 984 326 1003 313 1021 322 1023 322 1024 322 1055 316 1095 327 1113 332 1114 332 1115 332 1117 332 1118 332 1124 327 1146 312 1182 328 1191 332 1192 332 1193 332 1292 330 1293 270 1292 248 1274 241 1272 241 1271 241 1270 241 1245 249 1244 250 1121 250 1114 249 1063 241 1062 241 1061 241 1037 250 1035 250 1030 250 964 239 963 239 962 239 961 239 945 250 943 252 915 252 914 250 900 241 899 241 898 241 896 241 895 241 870 247 738 238 737 238 736 238 708 252 706 252 701 252 637 239 595 239 593 239 592 239 561 252 560 252 533 241 531 241 483 239 482 239 481 239 479 239 462 252 461 253 426 253 426 252 397 242 395 242 394 242 319 248 279 239 278 239 277 239 275 239 257 250 199 245 197 245 196 245 195 245 185 250 186 273"/></Shape>
	    <String CONTENT=""
                    HPOS="185.0"
                    VPOS="238.0"
                    WIDTH="1108.0"
                    HEIGHT="96.0"
                    WC="0.9835638223272382"></String>
          </TextLine>

          
          
          <TextLine ID="eSc_line_54b92377"
                    TAGREFS="LT15288"
                    BASELINE="655 354 1293 352" 
                    HPOS="654.0"
                    VPOS="316.0"
                    WIDTH="639.0"
                    HEIGHT="99.0">
            <Shape><Polygon POINTS="655 354 655 388 703 415 705 415 706 415 742 412 743 412 744 412 771 389 775 386 801 386 806 390 836 415 837 415 838 415 839 415 841 415 872 404 900 415 901 415 903 415 904 415 905 415 905 414 927 393 958 415 959 415 961 415 962 415 963 415 964 415 964 414 984 394 993 385 1051 385 1057 390 1057 391 1058 391 1060 391 1061 391 1094 385 1107 396 1108 398 1108 399 1109 399 1110 399 1112 399 1113 399 1114 399 1117 396 1124 391 1133 398 1159 414 1160 414 1161 414 1162 415 1224 415 1224 414 1225 414 1227 414 1227 412 1239 401 1251 412 1251 414 1253 414 1254 414 1255 415 1277 415 1277 414 1279 414 1280 414 1293 401 1293 352 1292 332 1275 326 1274 326 1272 326 1271 326 1254 331 1243 321 1243 320 1241 320 1240 320 1239 320 1238 320 1237 320 1214 333 1213 333 1207 328 1207 327 1206 327 1204 327 1203 327 1173 333 1155 325 1154 325 1152 325 1094 334 1092 334 1091 334 1072 317 1072 316 1071 316 1070 316 1042 316 1041 316 1040 316 1039 316 1008 334 1006 334 957 326 956 326 954 326 953 326 943 333 935 328 933 328 932 328 900 336 898 336 885 327 884 327 883 327 881 327 880 327 860 332 839 317 838 317 837 317 790 317 789 317 787 317 758 330 737 317 736 317 734 317 696 317 695 317 693 317 654 334 655 354"/></Shape>
	    <String CONTENT=""
                    HPOS="654.0"
                    VPOS="316.0"
                    WIDTH="639.0"
                    HEIGHT="99.0"
                    WC="0.9894865382285345"></String>
          </TextLine>

          
          
          <TextLine ID="eSc_line_cc1b318b"
                    TAGREFS="LT15288"
                    BASELINE="185 437 1251 435" 
                    HPOS="184.0"
                    VPOS="409.0"
                    WIDTH="1067.0"
                    HEIGHT="57.0">
            <Shape><Polygon POINTS="185 437 185 459 194 466 195 466 196 466 197 466 244 458 247 458 251 458 291 466 293 466 359 458 364 458 367 458 404 466 405 466 462 458 466 458 468 458 493 466 494 466 496 466 540 458 545 458 550 458 597 464 598 464 628 458 632 458 642 458 731 464 732 464 768 458 779 457 784 458 799 464 800 464 801 464 849 458 864 457 868 458 879 464 880 464 881 466 935 466 935 464 936 464 937 464 945 458 947 457 952 458 969 464 971 464 972 464 1035 458 1057 457 1062 458 1076 464 1077 464 1078 464 1250 458 1251 435 1249 417 1156 417 1151 416 1124 409 1123 409 1121 409 1084 416 1078 417 1062 416 976 410 974 410 973 410 952 416 950 417 948 416 938 409 937 409 936 409 899 409 898 409 896 409 895 409 883 416 880 417 809 416 770 416 760 409 759 409 758 409 757 409 755 409 726 416 714 420 660 420 655 416 646 410 645 410 644 410 559 410 557 410 556 410 555 410 546 416 544 417 529 416 489 412 488 412 487 412 486 412 481 416 477 419 466 416 440 410 439 410 389 416 376 417 371 416 353 410 352 410 351 410 314 416 310 416 308 416 284 410 283 410 282 410 280 410 262 416 252 419 236 416 201 410 200 410 199 410 184 415 185 437"/></Shape>
	    <String CONTENT=""
                    HPOS="184.0"
                    VPOS="409.0"
                    WIDTH="1067.0"
                    HEIGHT="57.0"
                    WC="0.9937570851946634"></String>
          </TextLine>

          
          
          <TextLine ID="eSc_line_ec32c16e"
                    TAGREFS="LT15288"
                    BASELINE="184 479 1295 474" 
                    HPOS="183.0"
                    VPOS="453.0"
                    WIDTH="1112.0"
                    HEIGHT="56.0">
            <Shape><Polygon POINTS="184 479 184 501 233 501 236 501 254 509 256 509 257 509 295 501 300 501 305 501 331 508 332 508 419 503 452 509 453 509 455 509 473 501 476 501 478 501 504 508 505 508 557 501 575 500 595 501 663 508 664 508 732 501 761 499 775 501 799 506 800 506 843 501 856 500 862 501 877 505 878 505 879 505 880 505 881 505 888 501 891 499 905 501 933 506 935 506 1293 500 1295 474 1293 459 1141 453 1140 453 910 461 889 461 885 461 851 454 849 454 802 461 801 461 765 454 764 454 733 462 728 462 702 462 535 456 534 456 533 456 512 462 505 462 217 457 216 457 183 463 184 479"/></Shape>
	    <String CONTENT=""
                    HPOS="183.0"
                    VPOS="453.0"
                    WIDTH="1112.0"
                    HEIGHT="56.0"
                    WC="0.9930675231121682"></String>
          </TextLine>

          
          
          <TextLine ID="eSc_line_f3e47db6"
                    TAGREFS="LT15288"
                    BASELINE="189 517 1295 521" 
                    HPOS="188.0"
                    VPOS="494.0"
                    WIDTH="1107.0"
                    HEIGHT="56.0">
            <Shape><Polygon POINTS="188 546 477 547 478 547 479 547 481 547 500 540 544 547 556 548 557 548 566 547 595 541 623 547 632 548 633 548 648 547 697 541 794 547 818 548 820 548 821 548 826 547 848 541 907 541 920 547 922 550 924 550 925 550 926 550 927 550 933 547 946 542 995 547 1020 550 1021 550 1051 547 1114 542 1135 547 1142 550 1144 550 1145 550 1159 547 1191 542 1202 547 1207 550 1208 550 1209 550 1211 550 1215 547 1227 542 1291 547 1295 521 1293 505 1105 498 1104 498 1057 503 1036 504 1027 501 1013 498 1011 498 1010 498 972 501 943 504 936 501 926 496 925 496 924 496 881 500 857 503 831 500 799 496 797 496 796 496 786 499 776 503 768 499 760 496 759 496 758 496 655 498 488 501 479 496 478 495 477 495 476 495 475 495 467 496 445 503 220 503 190 494 189 517 188 546"/></Shape>
	    <String CONTENT=""
                    HPOS="188.0"
                    VPOS="494.0"
                    WIDTH="1107.0"
                    HEIGHT="56.0"
                    WC="0.9890826203756862"></String>
          </TextLine>

          
          
          <TextLine ID="eSc_line_6704d68b"
                    TAGREFS="LT15288"
                    BASELINE="188 562 1295 562" 
                    HPOS="188.0"
                    VPOS="540.0"
                    WIDTH="1107.0"
                    HEIGHT="50.0">
            <Shape><Polygon POINTS="188 562 188 590 335 590 335 589 336 589 337 589 347 583 363 588 366 589 367 589 368 589 376 588 409 583 444 588 455 589 456 589 482 588 545 583 592 587 622 589 623 590 775 590 775 589 776 589 778 589 783 585 787 583 925 584 1280 589 1281 589 1282 589 1295 582 1295 562 1293 543 1062 546 1055 543 1042 540 1041 540 1040 540 987 543 957 546 950 543 937 540 936 540 935 540 901 545 886 546 881 545 869 540 868 540 770 540 769 540 737 545 727 546 713 545 663 540 661 540 638 545 632 546 624 545 590 540 588 540 555 546 550 546 546 546 529 540 528 540 526 540 311 546 303 546 288 540 286 540 285 540 256 546 218 540 217 540 188 546 188 562"/></Shape>
	    <String CONTENT=""
                    HPOS="188.0"
                    VPOS="540.0"
                    WIDTH="1107.0"
                    HEIGHT="50.0"
                    WC="0.9852833872040113"></String>
          </TextLine>

          
          
          <TextLine ID="eSc_line_f178e42c"
                    TAGREFS="LT15288"
                    BASELINE="184 601 1295 604" 
                    HPOS="183.0"
                    VPOS="584.0"
                    WIDTH="1112.0"
                    HEIGHT="48.0">
            <Shape><Polygon POINTS="184 601 183 629 368 630 369 630 371 630 374 629 384 624 395 629 402 630 403 630 404 630 435 627 503 623 517 627 524 630 525 630 526 630 528 630 529 630 531 627 540 623 603 623 628 626 648 630 649 630 650 630 651 630 655 626 663 623 693 623 716 626 731 629 732 629 770 626 802 624 806 626 815 631 816 631 817 631 818 631 881 625 903 624 912 625 942 631 943 631 945 631 946 631 956 625 958 624 963 625 985 631 987 631 988 631 1113 624 1126 624 1128 624 1144 631 1145 631 1146 632 1258 632 1258 631 1292 623 1295 604 1293 587 184 584 184 601"/></Shape>
	    <String CONTENT=""
                    HPOS="183.0"
                    VPOS="584.0"
                    WIDTH="1112.0"
                    HEIGHT="48.0"
                    WC="0.9890879493364146"></String>
          </TextLine>

          
          
          <TextLine ID="eSc_line_b7affb08"
                    TAGREFS="LT15288"
                    BASELINE="348 640 1296 644" 
                    HPOS="347.0"
                    VPOS="618.0"
                    WIDTH="949.0"
                    HEIGHT="55.0">
            <Shape><Polygon POINTS="348 640 347 668 393 669 394 669 395 669 397 669 408 661 473 661 484 669 486 669 487 669 488 669 489 669 491 669 505 661 564 669 566 669 567 669 580 669 903 662 925 671 926 671 927 672 978 672 994 672 994 671 995 671 1010 663 1021 672 1023 672 1024 672 1025 672 1031 672 1066 666 1074 672 1076 672 1077 672 1078 673 1293 673 1296 644 1295 627 1178 627 1178 626 1171 620 1170 620 1168 620 1167 620 1128 626 1124 626 905 626 904 625 894 619 893 619 891 619 810 619 809 619 807 619 795 625 787 619 786 619 785 619 717 619 716 619 686 625 682 625 680 625 661 618 660 618 659 618 348 623 348 640"/></Shape>
	    <String CONTENT=""
                    HPOS="347.0"
                    VPOS="618.0"
                    WIDTH="949.0"
                    HEIGHT="55.0"
                    WC="0.9966714603285636"></String>
          </TextLine>

          
          
          <TextLine ID="eSc_line_9a508a6d"
                    TAGREFS="LT15288"
                    BASELINE="237 684 1237 679" 
                    HPOS="236.0"
                    VPOS="665.0"
                    WIDTH="1001.0"
                    HEIGHT="47.0">
            <Shape><Polygon POINTS="237 684 237 712 1235 710 1237 679 1234 665 236 668 237 684"/></Shape>
	    <String CONTENT=""
                    HPOS="236.0"
                    VPOS="665.0"
                    WIDTH="1001.0"
                    HEIGHT="47.0"
                    WC="0.9968880277413589"></String>
          </TextLine>

          
          
          <TextLine ID="eSc_line_592725b3"
                    TAGREFS="LT15288"
                    BASELINE="184 747 1295 751" 
                    HPOS="183.0"
                    VPOS="719.0"
                    WIDTH="1112.0"
                    HEIGHT="82.0">
            <Shape><Polygon POINTS="184 747 183 782 212 797 214 797 215 797 216 797 233 791 308 797 309 797 310 797 311 797 333 783 465 783 496 797 497 797 498 797 499 797 539 784 561 798 562 798 564 798 565 798 566 798 591 792 623 798 624 798 625 798 643 789 666 798 667 798 669 798 670 798 695 786 771 798 773 798 774 798 775 798 789 789 807 794 809 794 810 794 811 794 843 784 867 784 886 798 888 798 889 798 890 798 891 798 914 791 945 799 946 799 947 799 948 799 950 799 971 786 1000 786 1026 799 1027 799 1029 799 1072 797 1073 797 1074 797 1087 788 1146 798 1147 798 1149 798 1161 792 1172 799 1173 799 1175 799 1176 801 1262 801 1262 799 1264 799 1293 784 1295 751 1293 730 1250 730 1249 729 1237 721 1235 721 1234 721 1233 721 1087 729 1076 729 1063 729 924 720 922 720 879 728 878 729 821 729 821 728 802 720 801 720 800 720 754 728 752 728 750 728 727 720 726 720 724 720 682 728 677 729 573 729 571 728 557 721 556 721 555 721 502 726 500 726 462 719 461 719 460 719 439 726 439 728 388 728 387 726 369 719 368 719 367 719 331 726 327 726 321 726 259 720 258 720 257 720 244 726 243 726 233 719 232 719 231 719 230 719 184 725 184 747"/></Shape>
	    <String CONTENT="י:למנצח מזמור לדוד: השמים מספרים כבוד אל. ומעשה"
                    HPOS="183.0"
                    VPOS="719.0"
                    WIDTH="1112.0"
                    HEIGHT="82.0"
                    WC="0.9856034466560851"></String>
          </TextLine>

          
          
          <TextLine ID="eSc_line_71579040"
                    TAGREFS="LT15288"
                    BASELINE="188 812 1222 815" 
                    HPOS="186.0"
                    VPOS="787.0"
                    WIDTH="1036.0"
                    HEIGHT="78.0">
            <Shape><Polygon POINTS="188 812 186 845 211 845 214 846 233 861 235 861 236 861 237 862 320 862 320 861 321 861 346 847 373 861 374 861 376 862 446 862 446 861 447 861 449 861 468 846 470 845 472 846 498 855 499 855 500 855 562 846 565 846 597 862 598 862 599 864 663 864 663 862 664 862 665 862 687 846 696 846 705 846 707 846 769 862 770 862 771 862 773 862 797 849 856 846 872 846 875 846 946 864 947 865 1009 865 1009 864 1010 864 1011 864 1034 847 1071 864 1072 864 1073 864 1074 864 1139 847 1219 847 1222 815 1220 799 1124 799 1124 798 1107 791 1105 791 1104 791 1024 798 1018 798 1016 798 998 789 997 789 905 789 904 789 903 789 879 798 877 798 874 798 839 788 838 788 837 788 780 796 706 788 705 788 703 788 684 797 682 797 679 797 624 789 623 789 550 797 540 797 534 797 493 789 492 789 440 796 439 796 425 787 424 787 423 787 392 787 390 787 389 787 388 787 377 796 376 797 293 797 291 796 280 787 279 787 278 787 225 787 223 787 188 794 188 812"/></Shape>
	    <String CONTENT="ידיו מגיד הרקיע: יום ליום יביע אמר. ולילה ללילה"
                    HPOS="186.0"
                    VPOS="787.0"
                    WIDTH="1036.0"
                    HEIGHT="78.0"
                    WC="0.9945748811182769"></String>
          </TextLine>

          
          
          <TextLine ID="eSc_line_285713bb"
                    TAGREFS="LT15288"
                    BASELINE="186 877 1285 882" 
                    HPOS="185.0"
                    VPOS="854.0"
                    WIDTH="1100.0"
                    HEIGHT="79.0">
            <Shape><Polygon POINTS="186 877 185 907 210 908 239 928 241 928 242 928 243 929 293 929 293 928 294 928 295 928 314 914 348 928 350 928 351 929 411 929 411 928 413 928 414 928 439 911 458 919 460 919 461 919 462 919 487 911 534 911 554 922 555 922 556 922 557 922 559 922 578 912 604 920 606 920 607 920 608 920 609 920 625 911 677 918 679 918 716 911 744 930 745 930 747 930 748 932 870 932 870 930 872 930 873 930 900 914 932 930 933 930 1009 932 1010 933 1042 933 1042 932 1044 932 1045 932 1068 917 1172 932 1173 932 1175 932 1209 914 1282 912 1285 882 1285 866 1254 857 1253 857 1251 857 1250 857 1225 864 1025 857 1024 857 985 864 945 856 943 856 781 864 771 864 769 864 736 855 734 855 733 855 671 864 620 864 604 855 603 855 602 855 564 862 562 864 498 864 497 862 488 856 487 856 486 856 484 856 418 861 395 854 394 854 393 854 248 861 246 861 244 861 197 854 196 854 195 854 194 854 186 859 186 877"/></Shape>
	    <String CONTENT="יחוה דעת: אין אמר ואין דברים. בלי נשמע קולם: בכל"
                    HPOS="185.0"
                    VPOS="854.0"
                    WIDTH="1100.0"
                    HEIGHT="79.0"
                    WC="0.9885967982576248"></String>
          </TextLine>

          
          
          <TextLine ID="eSc_line_885cd859"
                    TAGREFS="LT15288"
                    BASELINE="186 944 1295 949" 
                    HPOS="185.0"
                    VPOS="917.0"
                    WIDTH="1110.0"
                    HEIGHT="80.0">
            <Shape><Polygon POINTS="186 944 185 977 222 992 223 992 225 992 268 991 269 991 270 991 288 980 331 992 332 992 333 993 362 993 362 992 363 992 364 992 383 980 394 980 435 980 461 990 462 990 463 990 465 990 493 982 517 988 518 988 519 988 520 988 522 988 533 981 564 981 617 981 619 981 665 990 666 990 667 990 684 981 685 981 686 981 717 993 718 993 719 993 796 982 799 982 825 995 826 995 827 996 895 996 895 995 896 995 919 983 921 982 964 982 967 983 990 995 992 995 993 995 1050 985 1072 996 1073 996 1074 997 1120 997 1120 996 1121 996 1123 996 1140 985 1141 983 1142 985 1161 996 1162 996 1164 996 1165 997 1277 997 1277 996 1279 996 1280 996 1293 986 1295 949 1292 924 1237 932 1145 927 1144 927 1142 927 1128 934 1078 922 1073 922 1072 922 1071 922 1070 922 1039 934 985 922 978 920 977 920 976 920 972 922 937 933 915 920 914 920 912 920 911 920 910 920 909 920 888 930 839 923 838 923 787 933 776 925 775 925 774 925 703 924 702 924 701 924 700 924 690 932 674 920 672 920 671 920 670 920 669 920 655 925 633 919 632 919 630 919 629 919 628 919 627 919 613 928 525 932 494 924 493 924 492 924 491 924 467 932 439 923 437 923 436 923 383 930 345 918 343 918 342 918 341 918 311 930 261 930 236 918 235 918 186 917 186 944"/></Shape>
	    <String CONTENT="הארץ יצא קום. ובקצה תבל מליהם. לשמש שם אהל"
                    HPOS="185.0"
                    VPOS="917.0"
                    WIDTH="1110.0"
                    HEIGHT="80.0"
                    WC="0.9666235063757215"></String>
          </TextLine>

          
          
          <TextLine ID="eSc_line_773e7a7e"
                    TAGREFS="LT15288"
                    BASELINE="186 1014 1293 1014" 
                    HPOS="186.0"
                    VPOS="988.0"
                    WIDTH="1107.0"
                    HEIGHT="77.0">
            <Shape><Polygon POINTS="186 1014 186 1050 228 1046 237 1051 251 1060 252 1060 253 1060 254 1060 256 1060 278 1051 291 1046 301 1051 319 1063 320 1063 321 1063 322 1063 324 1063 356 1054 387 1064 388 1064 389 1064 390 1064 410 1053 423 1046 494 1046 513 1054 534 1063 535 1063 536 1063 538 1063 539 1063 550 1054 564 1046 695 1046 710 1056 721 1064 722 1064 723 1064 724 1065 813 1065 813 1064 815 1064 837 1058 846 1055 848 1058 857 1064 858 1064 859 1064 860 1065 889 1065 889 1064 890 1064 901 1058 922 1046 943 1059 953 1064 954 1064 956 1065 1078 1065 1078 1064 1079 1064 1089 1060 1117 1049 1135 1060 1140 1064 1141 1064 1142 1064 1144 1064 1145 1064 1157 1060 1197 1050 1219 1061 1225 1064 1227 1064 1228 1064 1293 1061 1293 1014 1293 997 973 997 890 988 889 988 888 988 886 988 875 997 769 997 708 988 707 988 670 996 608 988 607 988 499 996 470 988 468 988 467 988 418 996 408 988 406 988 405 988 348 988 347 988 304 996 262 988 261 988 186 996 186 1014"/></Shape>
	    <String CONTENT="בהם: והוא כחתן יצא מחפתו. ישיש כגבור לרוץ ארח:"
                    HPOS="186.0"
                    VPOS="988.0"
                    WIDTH="1107.0"
                    HEIGHT="77.0"
                    WC="0.9953343103761259"></String>
          </TextLine>

          
          
          <TextLine ID="eSc_line_0b08a66a"
                    TAGREFS="LT15288"
                    BASELINE="186 1076 1293 1081" 
                    HPOS="185.0"
                    VPOS="1054.0"
                    WIDTH="1108.0"
                    HEIGHT="75.0">
            <Shape><Polygon POINTS="186 1076 185 1108 207 1110 231 1126 232 1126 233 1126 235 1126 296 1123 298 1123 299 1123 312 1113 330 1126 331 1126 332 1126 333 1127 402 1127 402 1126 403 1126 430 1111 431 1111 502 1111 503 1112 533 1127 534 1127 535 1127 576 1118 602 1123 603 1123 604 1123 635 1113 642 1112 660 1112 664 1113 682 1127 684 1127 685 1127 686 1127 736 1121 745 1128 747 1128 748 1128 749 1129 795 1129 795 1128 796 1128 797 1128 817 1116 821 1113 869 1116 878 1116 895 1128 896 1128 898 1128 899 1129 942 1129 942 1128 943 1128 945 1128 962 1117 967 1113 994 1117 1072 1128 1073 1128 1115 1118 1133 1114 1171 1114 1178 1118 1193 1129 1194 1129 1196 1129 1197 1129 1198 1129 1214 1122 1254 1129 1255 1129 1256 1129 1292 1119 1293 1081 1292 1063 1197 1056 1196 1056 1157 1061 1134 1065 1119 1061 1095 1056 1094 1056 1093 1056 1076 1061 1065 1065 1042 1061 1001 1055 1000 1055 999 1055 987 1061 982 1065 950 1065 935 1061 898 1055 896 1055 895 1055 874 1061 869 1063 864 1061 839 1055 838 1055 837 1055 806 1061 799 1063 791 1061 765 1056 764 1056 736 1061 733 1061 723 1054 722 1054 721 1054 719 1054 691 1060 669 1054 667 1054 666 1054 665 1054 651 1061 649 1063 640 1061 598 1054 556 1054 555 1054 554 1054 540 1061 539 1061 536 1061 500 1054 499 1054 467 1061 463 1061 186 1061 186 1076"/></Shape>
	    <String CONTENT="מקצה השמים מוצאו ותקופתו על קצותם. ואין נסתר"
                    HPOS="185.0"
                    VPOS="1054.0"
                    WIDTH="1108.0"
                    HEIGHT="75.0"
                    WC="0.9890919016166166"></String>
          </TextLine>

          
          
          <TextLine ID="eSc_line_a648109c"
                    TAGREFS="LT15288"
                    BASELINE="185 1143 1293 1147" 
                    HPOS="184.0"
                    VPOS="1119.0"
                    WIDTH="1109.0"
                    HEIGHT="75.0">
            <Shape><Polygon POINTS="185 1143 184 1176 190 1181 191 1181 192 1181 194 1181 195 1181 211 1174 279 1174 308 1184 309 1184 310 1184 311 1184 331 1176 363 1190 364 1190 366 1191 410 1191 410 1190 411 1190 432 1179 475 1190 476 1190 477 1191 525 1191 525 1190 526 1190 528 1190 550 1175 551 1174 554 1175 597 1191 598 1191 599 1192 629 1192 629 1191 630 1191 664 1176 666 1175 724 1175 726 1176 750 1191 752 1191 753 1191 754 1191 755 1191 786 1179 804 1185 805 1185 806 1185 807 1185 809 1185 821 1176 825 1175 865 1175 870 1178 890 1191 891 1191 893 1191 894 1192 921 1192 921 1191 922 1191 947 1178 951 1176 988 1176 993 1178 1027 1192 1029 1192 1030 1192 1031 1192 1076 1179 1084 1176 1125 1176 1134 1179 1168 1192 1170 1192 1171 1194 1261 1194 1261 1192 1262 1192 1292 1180 1293 1147 1292 1127 1152 1122 1151 1122 1119 1127 1095 1129 1056 1127 1003 1122 1001 1122 1000 1122 984 1127 971 1129 940 1127 888 1121 886 1121 862 1127 853 1128 848 1127 836 1121 834 1121 833 1121 789 1127 781 1127 774 1127 734 1121 733 1121 697 1127 685 1128 680 1127 666 1121 665 1121 572 1121 571 1121 522 1127 512 1127 502 1127 449 1121 447 1121 413 1127 406 1127 395 1127 322 1119 321 1119 320 1119 319 1119 308 1127 305 1128 247 1128 244 1127 233 1119 232 1119 231 1119 230 1119 185 1126 185 1143"/></Shape>
	    <String CONTENT="מחמתו: תורת ה&apos; תמימה משיבת נפש. עדות ה&apos;"
                    HPOS="184.0"
                    VPOS="1119.0"
                    WIDTH="1109.0"
                    HEIGHT="75.0"
                    WC="0.9948330691882542"></String>
          </TextLine>

          
          
          <TextLine ID="eSc_line_886a1567"
                    TAGREFS="LT15288"
                    BASELINE="188 1208 1293 1212" 
                    HPOS="186.0"
                    VPOS="1186.0"
                    WIDTH="1107.0"
                    HEIGHT="78.0">
            <Shape><Polygon POINTS="188 1208 186 1248 206 1260 207 1260 209 1260 210 1262 236 1262 236 1260 237 1260 264 1247 268 1244 273 1247 303 1258 304 1258 305 1258 306 1258 331 1247 338 1244 346 1247 358 1252 359 1252 361 1252 362 1252 363 1252 368 1248 378 1242 451 1242 467 1249 494 1260 496 1260 497 1262 557 1262 557 1260 559 1260 560 1260 575 1250 611 1262 612 1262 613 1262 614 1262 635 1250 651 1243 693 1243 710 1252 726 1262 727 1262 728 1262 729 1262 731 1262 763 1252 774 1249 797 1253 802 1253 804 1253 805 1253 806 1253 821 1243 878 1243 895 1254 906 1262 907 1262 909 1262 910 1262 911 1262 928 1254 952 1244 989 1255 1018 1263 1019 1263 1020 1264 1095 1264 1095 1263 1097 1263 1110 1257 1135 1244 1167 1244 1187 1258 1196 1263 1197 1263 1198 1263 1199 1263 1291 1258 1293 1212 1292 1197 1261 1190 1260 1190 1133 1196 1125 1196 1117 1196 979 1190 978 1190 950 1196 945 1196 938 1196 880 1187 879 1187 841 1195 839 1195 838 1195 758 1189 757 1189 680 1195 674 1195 669 1195 618 1187 617 1187 564 1195 557 1195 556 1195 541 1186 540 1186 539 1186 408 1194 403 1194 400 1194 342 1186 341 1186 340 1186 324 1194 322 1194 315 1194 215 1186 214 1186 212 1186 188 1192 188 1208"/></Shape>
	    <String CONTENT="נאמנה מחכימת פתי: פקודי ה&apos; ישרים משמחי לב."
                    HPOS="186.0"
                    VPOS="1186.0"
                    WIDTH="1107.0"
                    HEIGHT="78.0"
                    WC="0.9959788641264272"></String>
          </TextLine>

          
          
          <TextLine ID="eSc_line_519736aa"
                    TAGREFS="LT15288"
                    BASELINE="188 1276 1293 1279" 
                    HPOS="186.0"
                    VPOS="1258.0"
                    WIDTH="1107.0"
                    HEIGHT="65.0">
            <Shape><Polygon POINTS="188 1276 186 1305 222 1321 223 1321 225 1322 285 1322 285 1321 286 1321 316 1306 473 1306 531 1321 533 1321 534 1322 552 1322 552 1321 554 1321 555 1321 577 1306 602 1306 603 1306 624 1321 625 1321 627 1321 628 1322 651 1322 651 1321 653 1321 654 1321 676 1306 677 1306 736 1306 738 1306 768 1322 769 1322 770 1322 851 1320 852 1320 883 1307 916 1307 917 1307 953 1322 954 1322 956 1322 1011 1310 1031 1322 1032 1322 1034 1322 1035 1323 1068 1323 1068 1322 1070 1322 1071 1322 1083 1313 1134 1322 1135 1322 1136 1322 1138 1322 1157 1309 1160 1307 1177 1307 1180 1309 1199 1322 1201 1322 1202 1322 1203 1323 1251 1323 1251 1322 1253 1322 1292 1309 1293 1279 1292 1260 188 1258 188 1276"/></Shape>
	    <String CONTENT="מצות ה&apos; ברה מאירת עינים: יראת ה&apos; טהורה עומדת"
                    HPOS="186.0"
                    VPOS="1258.0"
                    WIDTH="1107.0"
                    HEIGHT="65.0"
                    WC="0.9915713593363762"></String>
          </TextLine>

          
          
          <TextLine ID="eSc_line_855b6a7e"
                    TAGREFS="LT15288"
                    BASELINE="186 1343 1293 1343" 
                    HPOS="186.0"
                    VPOS="1318.0"
                    WIDTH="1107.0"
                    HEIGHT="77.0">
            <Shape><Polygon POINTS="186 1343 186 1389 206 1394 207 1394 209 1394 217 1389 235 1380 309 1380 326 1389 336 1394 337 1394 338 1394 368 1389 377 1388 383 1389 402 1394 403 1394 404 1394 405 1394 418 1389 436 1380 471 1380 484 1389 492 1394 493 1394 494 1394 496 1395 552 1395 552 1394 554 1394 569 1388 588 1380 617 1380 630 1388 643 1394 644 1394 645 1395 690 1395 690 1394 691 1394 705 1388 721 1380 738 1388 753 1394 754 1394 755 1395 813 1395 813 1394 815 1394 827 1388 839 1380 849 1388 859 1394 860 1394 862 1394 863 1395 922 1395 922 1394 924 1394 925 1394 935 1386 941 1383 954 1386 977 1394 978 1394 979 1394 980 1394 982 1394 993 1386 1004 1380 1044 1380 1055 1386 1065 1394 1066 1394 1067 1394 1068 1394 1070 1394 1097 1388 1136 1394 1138 1394 1139 1394 1165 1386 1187 1380 1211 1380 1219 1386 1230 1394 1232 1394 1233 1394 1234 1394 1293 1385 1293 1343 1293 1318 1238 1318 1237 1318 1235 1318 1234 1318 1222 1327 1172 1327 1159 1318 1157 1318 1156 1318 1155 1318 1154 1318 1152 1318 1135 1326 1009 1320 964 1318 963 1318 962 1318 953 1321 932 1327 825 1327 813 1322 807 1320 806 1320 805 1320 743 1322 660 1326 650 1323 635 1318 634 1318 633 1318 632 1318 630 1318 624 1323 619 1327 586 1327 559 1323 503 1318 502 1318 500 1318 483 1325 478 1326 463 1325 420 1320 419 1320 418 1320 398 1325 393 1326 388 1325 357 1318 356 1318 242 1326 241 1326 212 1318 211 1318 210 1318 209 1318 186 1326 186 1343"/></Shape>
	    <String CONTENT="לעד. משפטי ה&apos; אמת צדקו יחדו: הנחמדים מזהב ומפז"
                    HPOS="186.0"
                    VPOS="1318.0"
                    WIDTH="1107.0"
                    HEIGHT="77.0"
                    WC="0.9835692842801412"></String>
          </TextLine>

          
          
          <TextLine ID="eSc_line_61b3ab3b"
                    TAGREFS="LT15288"
                    BASELINE="186 1407 1295 1411" 
                    HPOS="185.0"
                    VPOS="1385.0"
                    WIDTH="1110.0"
                    HEIGHT="73.0">
            <Shape><Polygon POINTS="186 1407 185 1448 200 1456 201 1456 202 1457 269 1457 269 1456 270 1456 293 1446 301 1441 308 1446 322 1456 324 1456 325 1456 326 1457 380 1457 380 1456 382 1456 409 1446 416 1442 421 1445 437 1456 439 1456 440 1456 441 1457 541 1457 541 1456 543 1456 544 1456 561 1445 564 1443 567 1445 591 1453 592 1453 593 1453 595 1453 622 1445 632 1442 646 1445 716 1457 717 1457 718 1457 719 1457 739 1445 742 1442 787 1442 792 1445 822 1457 823 1457 825 1458 880 1458 880 1457 881 1457 883 1457 901 1443 903 1443 924 1443 928 1443 995 1458 997 1458 998 1458 999 1458 1024 1443 1025 1443 1044 1443 1046 1443 1103 1458 1104 1458 1105 1458 1107 1458 1138 1443 1292 1443 1295 1411 1295 1394 1051 1388 1050 1388 1025 1393 1016 1394 992 1393 901 1386 900 1386 899 1386 881 1393 879 1393 870 1393 807 1386 806 1386 775 1393 770 1393 769 1393 761 1386 760 1386 759 1386 700 1386 698 1386 601 1391 576 1393 566 1391 526 1385 525 1385 186 1390 186 1407"/></Shape>
	    <String CONTENT="רב. ומתוקים מדבש ונפת צופים: גם עבדך נזהר בהם."
                    HPOS="185.0"
                    VPOS="1385.0"
                    WIDTH="1110.0"
                    HEIGHT="73.0"
                    WC="0.9807189987464384"></String>
          </TextLine>

          
          
          <TextLine ID="eSc_line_6a9ecb80"
                    TAGREFS="LT15288"
                    BASELINE="188 1475 1293 1478" 
                    HPOS="186.0"
                    VPOS="1449.0"
                    WIDTH="1107.0"
                    HEIGHT="76.0">
            <Shape><Polygon POINTS="188 1475 186 1510 211 1522 212 1522 214 1524 237 1524 237 1522 238 1522 239 1522 259 1510 265 1506 301 1509 304 1510 322 1522 324 1522 325 1522 326 1524 369 1524 369 1522 371 1522 402 1513 420 1506 524 1506 538 1514 541 1516 543 1516 544 1516 545 1516 576 1514 588 1514 591 1515 602 1522 603 1522 604 1522 606 1524 672 1524 672 1522 674 1522 689 1516 692 1515 697 1516 722 1522 723 1522 724 1522 726 1522 742 1516 766 1508 805 1517 828 1524 830 1524 831 1524 832 1524 833 1524 841 1517 851 1511 865 1517 867 1517 868 1517 869 1517 895 1508 1027 1508 1048 1521 1052 1524 1053 1524 1055 1524 1056 1525 1095 1525 1095 1524 1097 1524 1102 1521 1133 1508 1162 1509 1182 1522 1183 1524 1185 1524 1186 1524 1187 1525 1291 1525 1293 1478 1292 1461 1230 1451 1229 1451 1178 1458 1141 1451 1140 1451 1139 1451 1138 1451 1125 1459 1121 1459 1077 1451 1076 1451 1029 1458 1021 1459 1013 1458 967 1451 966 1451 964 1451 942 1458 936 1459 928 1458 895 1451 894 1451 846 1457 773 1451 771 1451 770 1451 769 1451 760 1457 757 1459 733 1457 670 1449 620 1449 619 1449 618 1449 604 1456 601 1458 557 1456 450 1449 449 1449 420 1456 403 1459 329 1459 321 1454 316 1451 315 1451 314 1451 312 1451 311 1451 310 1451 304 1454 298 1458 188 1454 188 1475"/></Shape>
	    <String CONTENT="בשמרם עקב רב: שגיאות מי יבין מנסתרות נקני: גם"
                    HPOS="186.0"
                    VPOS="1449.0"
                    WIDTH="1107.0"
                    HEIGHT="76.0"
                    WC="0.9854366170035468"></String>
          </TextLine>

          
          
          <TextLine ID="eSc_line_7d76cbde"
                    TAGREFS="LT15288"
                    BASELINE="188 1540 1293 1542" 
                    HPOS="186.0"
                    VPOS="1515.0"
                    WIDTH="1107.0"
                    HEIGHT="73.0">
            <Shape><Polygon POINTS="188 1540 186 1579 192 1584 194 1584 195 1584 196 1584 197 1584 215 1578 280 1585 282 1585 317 1577 343 1571 352 1577 361 1583 362 1583 363 1583 364 1583 366 1583 379 1578 423 1585 424 1585 425 1585 447 1577 466 1571 721 1571 740 1578 761 1587 763 1587 764 1588 785 1588 785 1587 786 1587 787 1587 799 1578 810 1572 863 1572 883 1578 903 1585 904 1585 905 1585 906 1585 921 1579 925 1577 928 1579 941 1587 942 1587 943 1587 945 1588 995 1588 995 1587 997 1587 1023 1579 1030 1577 1035 1579 1051 1587 1052 1587 1053 1587 1109 1579 1113 1579 1117 1579 1157 1587 1159 1587 1160 1587 1186 1579 1213 1572 1225 1579 1237 1587 1238 1587 1239 1587 1240 1587 1291 1579 1293 1542 1292 1525 1243 1516 1241 1516 1240 1516 1225 1524 1224 1524 1164 1516 1162 1516 1126 1524 1125 1524 1123 1524 1093 1516 1092 1516 1091 1516 1089 1516 1061 1524 1057 1524 1030 1524 843 1516 842 1516 841 1516 828 1522 825 1524 807 1522 739 1515 738 1515 675 1521 661 1522 646 1521 577 1515 576 1515 541 1521 530 1522 188 1520 188 1540"/></Shape>
	    <String CONTENT="מזדים חשך עבדך. אל ימשלו בי אז איתם. ונקיתי מפשע"
                    HPOS="186.0"
                    VPOS="1515.0"
                    WIDTH="1107.0"
                    HEIGHT="73.0"
                    WC="0.992524477450744"></String>
          </TextLine>

          
          
          <TextLine ID="eSc_line_98e15e09"
                    TAGREFS="LT15288"
                    BASELINE="188 1606 1295 1609" 
                    HPOS="186.0"
                    VPOS="1582.0"
                    WIDTH="1109.0"
                    HEIGHT="76.0">
            <Shape><Polygon POINTS="188 1606 186 1635 236 1636 268 1656 269 1656 270 1656 272 1657 319 1657 319 1656 320 1656 321 1656 348 1637 378 1646 379 1646 380 1646 382 1646 405 1640 415 1647 416 1647 418 1647 419 1647 420 1647 447 1637 503 1637 531 1656 533 1656 534 1656 535 1657 661 1657 661 1656 706 1646 739 1657 740 1657 742 1658 822 1658 822 1657 823 1657 825 1657 842 1645 858 1651 859 1651 860 1651 862 1651 863 1651 881 1639 903 1639 931 1657 932 1657 933 1657 935 1657 1000 1650 1015 1657 1016 1657 1018 1657 1019 1657 1041 1646 1074 1657 1076 1657 1077 1658 1115 1658 1115 1657 1117 1657 1118 1657 1146 1639 1292 1639 1295 1609 1293 1590 1120 1583 1119 1583 1016 1589 1006 1590 937 1590 936 1589 927 1583 926 1583 925 1583 924 1583 890 1589 885 1590 771 1590 768 1589 750 1583 749 1583 748 1583 575 1588 565 1588 550 1582 549 1582 547 1582 513 1588 510 1589 395 1589 393 1588 374 1582 373 1582 372 1582 371 1582 355 1588 353 1588 348 1588 306 1582 305 1582 188 1587 188 1606"/></Shape>
	    <String CONTENT="רב: יהיו לרצון אמרי פי והגיון לבי. לפניך ה&apos; צורי וגאלי:"
                    HPOS="186.0"
                    VPOS="1582.0"
                    WIDTH="1109.0"
                    HEIGHT="76.0"
                    WC="0.981492320011402"></String>
          </TextLine>

          
          
          <TextLine ID="eSc_line_255eaee2"
                    TAGREFS="LT15288"
                    BASELINE="189 1673 1292 1676" 
                    HPOS="188.0"
                    VPOS="1641.0"
                    WIDTH="1104.0"
                    HEIGHT="84.0">
            <Shape><Polygon POINTS="189 1673 188 1712 221 1724 222 1724 223 1725 298 1725 298 1724 299 1724 300 1724 319 1712 346 1712 374 1724 376 1724 377 1725 567 1725 567 1724 569 1724 593 1715 624 1724 625 1724 627 1725 700 1725 700 1724 701 1724 702 1724 719 1713 792 1713 817 1725 818 1725 820 1725 867 1724 868 1724 869 1724 884 1714 922 1725 924 1725 925 1725 926 1725 952 1713 1013 1713 1034 1723 1035 1723 1036 1723 1037 1723 1057 1716 1074 1725 1076 1725 1077 1725 1078 1725 1104 1713 1134 1713 1150 1723 1151 1723 1152 1723 1188 1725 1190 1725 1191 1725 1192 1725 1214 1713 1290 1713 1292 1676 1292 1656 1253 1642 1251 1642 1250 1642 1249 1642 1237 1648 1224 1642 1223 1642 1131 1642 1130 1642 1129 1642 1108 1653 1068 1644 1067 1644 1066 1644 1065 1644 1063 1644 1046 1655 969 1645 968 1645 967 1645 966 1645 951 1656 947 1657 921 1656 828 1648 827 1648 785 1656 780 1656 779 1656 764 1646 763 1646 761 1646 760 1646 759 1646 743 1650 712 1641 711 1641 710 1641 708 1641 707 1641 690 1653 595 1656 552 1656 550 1656 517 1641 515 1641 514 1641 513 1641 512 1641 488 1656 487 1656 477 1656 388 1646 387 1646 385 1646 384 1646 371 1656 369 1656 366 1656 341 1650 340 1650 189 1655 189 1673"/></Shape>
	    <String CONTENT="לדוד בשנותו את טעמו לפני אבימלך. ויגרשהו וילך:"
                    HPOS="188.0"
                    VPOS="1641.0"
                    WIDTH="1104.0"
                    HEIGHT="84.0"
                    WC="0.9831746974769904"></String>
          </TextLine>

          
          
          <TextLine ID="eSc_line_878a36df"
                    TAGREFS="LT15288"
                    BASELINE="385 1741 1276 1739" 
                    HPOS="384.0"
                    VPOS="1721.0"
                    WIDTH="892.0"
                    HEIGHT="71.0">
            <Shape><Polygon POINTS="385 1741 385 1773 409 1773 430 1791 431 1791 432 1791 434 1791 435 1791 436 1791 446 1784 461 1791 462 1791 463 1791 465 1791 466 1791 484 1775 487 1773 498 1773 500 1775 519 1791 520 1791 522 1791 523 1791 524 1791 545 1783 585 1791 586 1791 587 1791 588 1791 604 1777 609 1773 695 1773 703 1778 707 1782 708 1782 710 1782 711 1782 712 1782 713 1782 717 1778 726 1773 773 1773 786 1780 806 1791 807 1791 809 1792 830 1792 830 1791 831 1791 832 1791 846 1781 858 1773 873 1782 889 1789 890 1789 891 1791 931 1791 931 1789 932 1789 933 1789 942 1783 945 1781 954 1783 979 1789 980 1789 982 1789 983 1789 984 1789 993 1783 1014 1772 1077 1773 1092 1786 1095 1789 1097 1789 1098 1789 1099 1789 1276 1788 1276 1739 1274 1721 384 1723 385 1741"/></Shape>
	    <String CONTENT="אברכה את ה&apos; בכל עת. תמיד תהלתו בפי:"
                    HPOS="384.0"
                    VPOS="1721.0"
                    WIDTH="892.0"
                    HEIGHT="71.0"
                    WC="0.9631085283047444"></String>
          </TextLine>

          
          
          <TextLine ID="eSc_line_6b97e574"
                    TAGREFS="LT15288"
                    BASELINE="440 1805 1291 1808" 
                    HPOS="439.0"
                    VPOS="1778.0"
                    WIDTH="852.0"
                    HEIGHT="82.0">
            <Shape><Polygon POINTS="440 1805 439 1838 479 1839 504 1859 505 1859 507 1859 508 1860 590 1860 590 1859 591 1859 592 1859 618 1843 619 1843 650 1859 651 1859 653 1859 654 1859 693 1849 723 1859 724 1859 726 1859 727 1859 752 1846 755 1844 758 1846 771 1859 773 1859 774 1859 775 1860 830 1860 830 1859 831 1859 832 1859 844 1849 848 1845 868 1845 874 1850 885 1860 886 1860 888 1860 889 1860 890 1860 911 1854 935 1860 936 1860 937 1860 938 1860 962 1851 992 1841 1015 1854 1029 1860 1030 1860 1031 1860 1032 1860 1048 1854 1082 1841 1166 1841 1185 1857 1187 1859 1187 1860 1188 1860 1190 1860 1191 1860 1192 1860 1193 1860 1196 1857 1218 1845 1240 1859 1241 1860 1243 1860 1244 1860 1245 1860 1246 1860 1249 1859 1264 1852 1286 1860 1291 1808 1288 1783 1142 1789 1134 1783 1133 1782 1131 1782 1130 1782 1129 1782 1119 1783 1100 1787 1062 1784 994 1778 993 1778 992 1778 990 1778 984 1784 978 1789 969 1784 962 1781 961 1781 959 1781 927 1784 890 1789 872 1784 854 1781 853 1781 852 1781 822 1786 810 1787 796 1786 759 1781 758 1781 757 1781 738 1786 728 1788 717 1786 679 1778 677 1778 629 1787 616 1788 602 1787 569 1782 567 1782 566 1782 565 1782 560 1787 559 1788 557 1787 545 1781 544 1781 543 1781 541 1781 540 1781 531 1787 529 1788 522 1787 492 1782 491 1782 440 1787 440 1805"/></Shape>
	    <String CONTENT="בה&apos; תתהלל נפשי. ישמעו ענוים וישמחו:"
                    HPOS="439.0"
                    VPOS="1778.0"
                    WIDTH="852.0"
                    HEIGHT="82.0"
                    WC="0.9892139799065061"></String>
          </TextLine>

          
          
          <TextLine ID="eSc_line_01840871"
                    TAGREFS="LT15288"
                    BASELINE="551 1869 1291 1872" 
                    HPOS="550.0"
                    VPOS="1846.0"
                    WIDTH="741.0"
                    HEIGHT="77.0">
            <Shape><Polygon POINTS="551 1869 550 1898 570 1899 588 1918 588 1919 590 1919 591 1919 592 1920 642 1920 642 1919 643 1919 644 1919 671 1902 675 1901 769 1901 778 1904 806 1920 807 1920 809 1920 842 1914 874 1920 875 1920 877 1920 878 1920 878 1919 888 1911 896 1919 896 1920 898 1920 899 1920 900 1922 925 1922 925 1920 926 1920 927 1920 927 1919 938 1908 946 1902 999 1902 1030 1911 1031 1911 1032 1911 1034 1911 1050 1903 1060 1912 1071 1922 1072 1922 1073 1922 1074 1923 1100 1923 1100 1922 1102 1922 1103 1922 1103 1920 1112 1913 1118 1907 1126 1913 1136 1922 1138 1922 1139 1922 1140 1923 1156 1923 1156 1922 1157 1922 1159 1922 1167 1914 1181 1903 1190 1903 1203 1915 1209 1920 1209 1922 1211 1922 1212 1922 1213 1922 1214 1922 1232 1915 1239 1913 1241 1917 1248 1920 1248 1922 1249 1922 1250 1922 1251 1922 1288 1917 1291 1872 1290 1855 1203 1849 1202 1849 1201 1849 1185 1855 1177 1857 1173 1855 1168 1850 1168 1849 1167 1849 1166 1849 1081 1849 1079 1849 1078 1849 1057 1855 1044 1857 974 1855 857 1849 856 1849 821 1855 806 1856 769 1856 768 1855 758 1846 757 1846 755 1846 754 1846 713 1854 690 1846 689 1846 687 1846 686 1846 685 1846 685 1847 677 1855 676 1855 551 1855 551 1869"/></Shape>
	    <String CONTENT="גדלו לה&apos; אתי. ונרוממה שמו יחדו:"
                    HPOS="550.0"
                    VPOS="1846.0"
                    WIDTH="741.0"
                    HEIGHT="77.0"
                    WC="0.9824928677443302"></String>
          </TextLine>

          
          
          <TextLine ID="eSc_line_c86866e3"
                    TAGREFS="LT15288"
                    BASELINE="418 1935 1290 1939" 
                    HPOS="416.0"
                    VPOS="1912.0"
                    WIDTH="874.0"
                    HEIGHT="85.0">
            <Shape><Polygon POINTS="418 1935 416 1982 435 1993 436 1993 437 1993 439 1995 463 1995 463 1993 465 1993 466 1993 479 1983 492 1993 493 1993 494 1993 496 1995 518 1995 518 1993 519 1993 520 1993 538 1982 560 1982 577 1993 578 1993 580 1993 581 1995 612 1995 612 1993 613 1993 614 1993 627 1982 640 1988 642 1988 643 1988 691 1986 700 1993 701 1993 702 1993 703 1993 705 1993 706 1993 719 1983 732 1995 733 1995 734 1995 736 1995 737 1995 755 1987 781 1995 783 1995 784 1995 785 1995 786 1995 786 1993 799 1983 827 1983 828 1983 849 1995 851 1995 852 1996 942 1996 942 1995 943 1995 968 1986 997 1996 998 1996 999 1997 1036 1997 1036 1996 1037 1996 1066 1986 1071 1985 1077 1986 1102 1991 1103 1991 1142 1986 1160 1985 1167 1987 1193 1995 1194 1995 1196 1995 1197 1995 1213 1987 1218 1985 1286 1987 1290 1939 1290 1920 1203 1914 1202 1914 1154 1919 1131 1922 1126 1919 1115 1914 1114 1914 1113 1914 1071 1919 1057 1920 1051 1919 1034 1914 1032 1914 1031 1914 1030 1914 1029 1914 1024 1919 1023 1920 1019 1919 1000 1913 999 1913 998 1913 962 1919 951 1920 947 1919 936 1913 935 1913 933 1913 816 1918 769 1920 765 1918 759 1913 758 1913 757 1913 755 1913 701 1918 686 1919 684 1918 672 1913 671 1913 670 1913 645 1918 639 1919 634 1918 616 1912 614 1912 613 1912 612 1912 593 1918 588 1920 468 1920 466 1918 460 1912 458 1912 457 1912 456 1912 418 1917 418 1935"/></Shape>
	    <String CONTENT="דרשתי את ה&apos; וענני. ומכל מגורותי הציל"
                    HPOS="416.0"
                    VPOS="1912.0"
                    WIDTH="874.0"
                    HEIGHT="85.0"
                    WC="0.9707825717173124"></String>
          </TextLine>

          
        </TextBlock>
        

        
      </PrintSpace>
    </Page>
  </Layout>
</alto>
