<?xml version="1.0" encoding="UTF-8"?>
<alto xmlns:xsi="http://www.w3.org/2001/XMLSchema-instance"
      xmlns="http://www.loc.gov/standards/alto/ns-v4#"
      xsi:schemaLocation="http://www.loc.gov/standards/alto/ns-v4# http://www.loc.gov/standards/alto/v4/alto-4-2.xsd">
  <Description>
    <MeasurementUnit>pixel</MeasurementUnit>
    <sourceImageInformation>
      <fileName>IE87476216_00051.jpg</fileName>
      <fileIdentifier>mets//export_doc4366_1col_14_copy_alto_202404261215.zip/IE87476216_00051.jpg</fileIdentifier>
    </sourceImageInformation>
  </Description>
  
  <Tags>
    <OtherTag ID="BT8356" LABEL="MainLeft" DESCRIPTION="block type MainLeft"/><OtherTag ID="BT8355" LABEL="MainRight" DESCRIPTION="block type MainRight"/><OtherTag ID="BT6914" LABEL="Handwritten" DESCRIPTION="block type Handwritten"/><OtherTag ID="BT6913" LABEL="RunningHeader" DESCRIPTION="block type RunningHeader"/><OtherTag ID="BT6912" LABEL="Catchword" DESCRIPTION="block type Catchword"/><OtherTag ID="BT6911" LABEL="Margin" DESCRIPTION="block type Margin"/><OtherTag ID="BT6910" LABEL="FooterCentral" DESCRIPTION="block type FooterCentral"/><OtherTag ID="BT6909" LABEL="MainCentral" DESCRIPTION="block type MainCentral"/><OtherTag ID="BT6908" LABEL="Header" DESCRIPTION="block type Header"/><OtherTag ID="BT4" LABEL="Illustration" DESCRIPTION="block type Illustration"/><OtherTag ID="BT3" LABEL="Commentary" DESCRIPTION="block type Commentary"/><OtherTag ID="BT2" LABEL="Main" DESCRIPTION="block type Main"/><OtherTag ID="BT1" LABEL="Title" DESCRIPTION="block type Title"/>
    <OtherTag ID="LT15938" LABEL="MainLeft" DESCRIPTION="line type MainLeft"/><OtherTag ID="LT15937" LABEL="MainRight" DESCRIPTION="line type MainRight"/><OtherTag ID="LT15289" LABEL="Handwritten" DESCRIPTION="line type Handwritten"/><OtherTag ID="LT15288" LABEL="MainCentral" DESCRIPTION="line type MainCentral"/><OtherTag ID="LT15287" LABEL="NotMain" DESCRIPTION="line type NotMain"/>
  </Tags>
  
  <Layout>
    <Page WIDTH="1410"
          HEIGHT="2346"
          PHYSICAL_IMG_NR="25"
          ID="eSc_dummypage_">
      <PrintSpace HPOS="0"
                  VPOS="0"
                  WIDTH="1410"
                  HEIGHT="2346">
        
        <TextBlock HPOS="135.0"
                   VPOS="145.0"
                   WIDTH="1243.0"
                   HEIGHT="2027.0"
                   ID="eSc_textblock_f4fafe20"
                   TAGREFS="BT6909">
          <Shape><Polygon POINTS="656 145 1378 156 1378 2110 1363 2172 156 2172 140 2151 135 177 151 156 656 145"/></Shape>
          
          
          <TextLine ID="eSc_line_36f59b00"
                    TAGREFS="LT15288"
                    BASELINE="144 185 1365 182" 
                    HPOS="144.0"
                    VPOS="147.0"
                    WIDTH="1221.0"
                    HEIGHT="94.0">
            <Shape><Polygon POINTS="1356 155 1343 155 1330 155 1317 155 1304 155 1291 155 1278 153 1265 153 1252 153 1239 153 1226 153 1213 153 1200 153 974 153 973 153 960 149 952 149 939 149 926 149 913 148 900 148 886 148 873 148 860 148 847 148 834 148 821 147 816 147 653 153 616 147 615 147 614 147 589 155 586 155 584 155 546 147 545 147 414 155 406 155 400 155 348 151 339 151 326 152 313 152 300 152 286 152 283 152 280 155 279 156 153 156 144 162 144 185 144 234 193 229 208 235 219 239 220 239 221 241 301 241 301 239 323 235 350 230 379 235 388 237 390 237 406 235 474 229 504 235 511 237 512 237 513 237 516 235 529 229 541 235 545 239 546 239 547 239 549 241 628 241 628 239 630 239 636 237 650 229 676 237 687 239 688 239 690 239 691 239 692 239 696 237 708 229 755 237 765 238 766 238 768 238 772 237 795 228 810 237 811 238 812 238 813 238 815 238 828 237 871 231 909 237 918 238 919 238 920 238 922 238 922 237 940 228 1023 228 1043 238 1044 238 1046 238 1047 239 1134 239 1134 238 1136 238 1137 238 1156 228 1233 228 1269 238 1270 238 1271 238 1273 238 1299 228 1316 238 1317 238 1318 238 1320 239 1364 239 1365 182 1363 155 1356 155"/></Shape>
	    <String CONTENT=""
                    HPOS="144.0"
                    VPOS="147.0"
                    WIDTH="1221.0"
                    HEIGHT="94.0"
                    WC="0.9767315965145826"></String>
          </TextLine>

          
          
          <TextLine ID="eSc_line_04b6b1f6"
                    TAGREFS="LT15288"
                    BASELINE="144 273 1370 264" 
                    HPOS="144.0"
                    VPOS="229.0"
                    WIDTH="1226.0"
                    HEIGHT="105.0">
            <Shape><Polygon POINTS="144 320 215 320 237 333 238 333 240 333 241 333 242 333 279 320 421 334 422 334 423 334 457 319 491 333 493 333 494 334 542 334 542 333 543 333 585 318 640 318 658 327 660 327 661 327 662 327 703 316 727 332 729 332 730 332 731 332 733 332 786 316 828 327 829 327 830 327 832 327 851 321 890 331 892 332 1006 332 1006 331 1008 331 1009 331 1034 314 1055 314 1081 329 1082 329 1083 329 1085 329 1211 312 1252 328 1253 328 1254 329 1338 329 1338 328 1339 328 1370 310 1370 264 1368 233 1330 241 1275 241 1261 233 1256 231 1254 231 1253 231 1252 231 1250 231 1248 234 1239 241 1044 241 1013 235 969 229 967 229 966 229 948 237 936 242 877 238 847 235 846 235 845 235 843 235 841 238 834 242 829 238 816 230 815 230 813 230 812 230 739 238 706 233 705 233 704 233 691 239 671 230 670 230 669 230 626 241 605 245 541 242 540 241 520 231 519 231 517 231 417 241 401 233 400 233 399 233 350 241 319 233 318 233 316 233 315 233 279 243 270 246 255 245 191 234 190 234 189 234 187 234 170 245 168 246 144 246 144 273 144 320"/></Shape>
	    <String CONTENT=""
                    HPOS="144.0"
                    VPOS="229.0"
                    WIDTH="1226.0"
                    HEIGHT="105.0"
                    WC="0.9762268563111623"></String>
          </TextLine>

          
          
          <TextLine ID="eSc_line_9fd31d89"
                    TAGREFS="LT15288"
                    BASELINE="147 361 1370 353" 
                    HPOS="146.0"
                    VPOS="318.0"
                    WIDTH="1224.0"
                    HEIGHT="106.0">
            <Shape><Polygon POINTS="147 361 147 409 178 423 180 423 181 423 182 423 207 411 232 423 233 423 234 423 236 423 268 411 296 423 297 423 298 424 348 424 348 423 349 423 362 417 460 417 461 417 463 417 481 407 553 414 554 414 555 414 573 409 620 420 622 420 623 420 686 406 726 417 727 417 729 417 730 417 768 406 812 419 813 419 815 419 816 419 856 406 871 415 872 415 873 415 941 419 943 419 944 419 1005 404 1008 404 1033 404 1034 404 1056 418 1057 418 1059 418 1060 419 1156 419 1156 418 1158 418 1159 418 1180 402 1181 402 1223 402 1226 402 1252 417 1253 417 1254 418 1310 418 1310 417 1312 417 1370 401 1370 353 1369 324 1356 318 1355 318 1353 318 1352 318 1326 325 1317 329 1196 329 1192 327 1177 319 1176 319 1175 319 1173 319 1151 327 1143 329 1116 328 1059 323 1057 323 943 329 902 331 898 329 872 319 871 319 826 319 825 319 824 319 790 331 786 332 736 332 731 331 646 320 645 320 644 320 624 329 611 323 610 323 609 323 511 332 496 333 495 332 478 321 477 321 476 321 474 321 417 329 350 321 349 321 348 321 319 333 215 323 213 323 146 334 147 361"/></Shape>
	    <String CONTENT=""
                    HPOS="146.0"
                    VPOS="318.0"
                    WIDTH="1224.0"
                    HEIGHT="106.0"
                    WC="0.982659610418173"></String>
          </TextLine>

          
          
          <TextLine ID="eSc_line_8901a41c"
                    TAGREFS="LT15288"
                    BASELINE="147 448 1369 445" 
                    HPOS="146.0"
                    VPOS="413.0"
                    WIDTH="1223.0"
                    HEIGHT="99.0">
            <Shape><Polygon POINTS="147 448 147 501 163 510 164 510 165 510 166 510 168 510 178 504 271 510 272 510 273 510 290 503 316 509 318 509 319 509 365 501 382 510 383 510 384 512 420 512 420 510 421 510 455 497 466 493 568 493 575 497 592 505 593 505 594 505 636 497 673 510 674 510 675 510 717 501 840 509 841 509 842 509 877 495 883 492 888 495 906 504 907 504 909 504 910 504 944 493 952 492 957 493 993 509 995 509 996 509 1083 493 1090 492 1093 493 1117 505 1119 505 1120 505 1121 505 1145 496 1180 509 1181 509 1183 509 1184 509 1236 492 1237 492 1282 509 1283 509 1284 509 1286 509 1321 495 1338 504 1339 504 1340 504 1342 504 1369 491 1369 445 1366 420 1050 420 1047 420 1035 413 1034 413 1033 413 962 413 961 413 930 420 926 420 923 420 905 413 903 413 832 413 830 413 829 413 803 420 799 420 798 420 790 414 789 414 787 414 786 414 691 420 653 423 601 423 596 420 586 414 585 414 584 414 583 414 504 420 473 422 451 420 396 414 395 414 146 419 147 448"/></Shape>
	    <String CONTENT=""
                    HPOS="146.0"
                    VPOS="413.0"
                    WIDTH="1223.0"
                    HEIGHT="99.0"
                    WC="0.9851453834109836"></String>
          </TextLine>

          
          
          <TextLine ID="eSc_line_b028db14"
                    TAGREFS="LT15288"
                    BASELINE="147 536 1369 533" 
                    HPOS="146.0"
                    VPOS="493.0"
                    WIDTH="1223.0"
                    HEIGHT="103.0">
            <Shape><Polygon POINTS="147 536 147 594 212 595 213 595 215 595 216 594 232 586 243 593 245 593 246 593 247 593 270 582 279 589 280 589 281 589 283 589 320 581 357 594 360 595 361 595 362 595 363 595 365 595 366 594 383 583 409 587 410 587 412 587 413 587 425 579 456 594 459 595 460 595 461 596 523 596 523 595 524 595 525 595 526 594 550 579 572 594 573 594 575 594 576 594 579 594 628 585 661 594 662 594 663 594 665 594 696 578 769 578 796 594 798 594 799 594 800 594 802 594 803 594 823 587 837 594 838 594 840 594 841 594 842 594 843 594 864 581 962 577 1016 581 1034 593 1035 593 1036 593 1038 593 1072 586 1093 593 1094 593 1095 593 1096 593 1098 593 1123 577 1183 577 1210 593 1211 593 1213 593 1214 594 1368 594 1369 533 1366 499 1342 504 1318 499 1295 493 1293 493 1292 493 1279 499 1261 506 1239 500 1237 500 1236 500 1235 500 1233 500 1223 508 1095 508 1068 501 1038 495 1036 495 1035 495 1020 501 1006 508 971 508 952 503 923 495 922 495 920 495 919 495 918 495 906 503 901 506 896 503 884 495 883 495 881 495 854 495 853 495 851 495 830 504 820 508 812 504 800 496 799 496 798 496 796 496 795 496 777 504 770 506 765 504 748 495 747 495 746 495 646 503 627 496 626 496 624 496 623 496 610 503 553 495 551 495 409 508 397 508 395 508 365 496 363 496 362 496 361 496 360 496 341 508 340 509 336 508 303 497 302 497 301 497 300 497 260 508 219 503 217 503 146 509 147 536"/></Shape>
	    <String CONTENT=""
                    HPOS="146.0"
                    VPOS="493.0"
                    WIDTH="1223.0"
                    HEIGHT="103.0"
                    WC="0.9691758736183769"></String>
          </TextLine>

          
          
          <TextLine ID="eSc_line_be3f97f2"
                    TAGREFS="LT15288"
                    BASELINE="146 624 1370 620" 
                    HPOS="144.0"
                    VPOS="585.0"
                    WIDTH="1226.0"
                    HEIGHT="100.0">
            <Shape><Polygon POINTS="146 624 146 672 189 685 190 685 191 685 193 685 228 676 255 684 256 684 258 684 259 684 260 684 277 672 279 672 302 672 303 672 343 685 344 685 345 685 346 685 363 676 374 682 375 682 376 682 378 684 450 684 450 682 451 682 473 672 508 672 546 672 581 684 583 684 584 684 585 684 618 672 644 680 645 680 646 680 648 680 663 671 666 671 770 671 772 671 812 681 813 681 815 681 816 681 840 671 859 684 860 684 862 684 863 684 864 684 890 677 954 684 956 684 1027 672 1073 682 1074 684 1206 684 1206 682 1207 682 1232 673 1245 682 1246 682 1248 682 1249 684 1296 684 1296 682 1297 682 1333 669 1369 669 1370 620 1368 596 1284 596 1280 596 1237 585 1236 585 1235 585 1233 585 1232 585 1216 596 1215 596 1213 596 1180 589 1179 589 1177 589 1176 589 1166 596 1164 596 1154 596 1087 590 1086 590 1085 590 1083 590 1074 596 1073 596 1053 596 932 591 931 591 930 591 915 596 910 598 906 596 877 586 876 586 875 586 786 595 761 586 760 586 709 586 708 586 706 586 676 596 671 598 662 596 601 586 600 586 598 586 581 594 560 587 559 587 558 587 506 594 422 587 421 587 420 587 391 596 383 599 357 596 296 591 294 591 293 591 271 596 263 599 256 596 236 589 234 589 233 589 144 596 146 624"/></Shape>
	    <String CONTENT=""
                    HPOS="144.0"
                    VPOS="585.0"
                    WIDTH="1226.0"
                    HEIGHT="100.0"
                    WC="0.9852693912230039"></String>
          </TextLine>

          
          
          <TextLine ID="eSc_line_4a86e3b9"
                    TAGREFS="LT15288"
                    BASELINE="146 710 1370 710" 
                    HPOS="146.0"
                    VPOS="679.0"
                    WIDTH="1224.0"
                    HEIGHT="93.0">
            <Shape><Polygon POINTS="146 710 146 757 186 757 226 771 228 771 229 771 230 771 279 757 281 757 285 757 350 770 352 770 353 770 374 759 397 771 399 771 400 771 401 771 427 758 431 757 451 757 455 758 474 771 476 771 477 771 478 771 480 771 515 759 545 770 546 770 547 770 549 770 550 770 566 759 571 757 616 757 622 759 639 771 640 771 641 771 643 772 796 772 796 771 798 771 799 771 815 761 821 757 829 761 849 771 850 771 851 771 853 771 880 762 893 757 902 762 920 771 922 771 923 771 924 771 949 762 961 758 969 762 986 771 987 771 988 771 990 771 1014 762 1018 762 1025 763 1073 771 1074 771 1076 771 1102 763 1115 759 1123 763 1133 768 1134 768 1186 771 1188 771 1189 771 1206 765 1223 757 1254 758 1263 765 1274 771 1275 771 1276 771 1278 771 1370 765 1370 710 1370 688 1230 679 1228 679 1227 679 1209 686 1143 680 1142 680 1141 680 1124 686 1043 679 1042 679 1040 679 1016 688 941 688 851 679 850 679 790 686 769 679 768 679 766 679 765 679 750 686 660 680 658 680 600 686 533 679 532 679 530 679 498 686 485 679 483 679 482 679 481 679 410 686 352 679 350 679 146 686 146 710"/></Shape>
	    <String CONTENT=""
                    HPOS="146.0"
                    VPOS="679.0"
                    WIDTH="1224.0"
                    HEIGHT="93.0"
                    WC="0.9964964924714504"></String>
          </TextLine>

          
          
          <TextLine ID="eSc_line_aabe1fa5"
                    TAGREFS="LT15288"
                    BASELINE="146 797 1370 795" 
                    HPOS="146.0"
                    VPOS="765.0"
                    WIDTH="1224.0"
                    HEIGHT="93.0">
            <Shape><Polygon POINTS="146 838 166 838 168 838 202 857 203 857 204 857 206 857 240 838 242 838 301 838 303 838 319 848 320 848 322 848 323 848 324 848 360 839 386 856 387 856 388 856 390 856 391 856 410 847 427 857 429 857 430 857 431 857 433 857 434 857 450 847 470 857 472 857 473 858 508 858 508 857 510 857 511 857 541 838 542 838 627 838 628 838 704 857 705 857 706 857 708 857 756 836 757 836 759 836 782 852 783 852 785 852 817 856 819 856 820 856 875 838 902 856 903 856 905 856 906 857 943 857 943 856 944 856 970 845 1016 856 1017 856 1018 856 1044 847 1057 856 1059 856 1060 856 1061 856 1106 848 1138 856 1140 856 1141 856 1142 856 1143 856 1158 847 1173 856 1175 856 1176 857 1215 857 1215 856 1216 856 1218 856 1239 841 1273 856 1274 856 1275 857 1317 857 1317 856 1318 856 1320 856 1351 836 1369 836 1370 795 1368 771 1173 775 1164 771 1154 766 1153 766 1151 766 1150 766 1140 771 1132 776 1077 776 1068 771 1059 766 1057 766 961 765 960 765 915 771 892 775 886 771 876 765 875 765 873 765 824 765 823 765 821 765 803 771 794 775 786 771 772 766 770 766 769 766 620 770 619 770 618 770 615 772 607 778 512 778 504 772 495 766 494 766 493 766 491 766 490 766 468 772 461 774 447 772 409 768 408 768 378 772 352 776 340 772 319 766 318 766 316 766 283 772 271 775 260 772 234 766 233 766 232 766 195 772 176 776 146 774 146 797 146 838"/></Shape>
	    <String CONTENT=""
                    HPOS="146.0"
                    VPOS="765.0"
                    WIDTH="1224.0"
                    HEIGHT="93.0"
                    WC="0.9741614912007306"></String>
          </TextLine>

          
          
          <TextLine ID="eSc_line_7b2eb070"
                    TAGREFS="LT15288"
                    BASELINE="146 888 1370 883" 
                    HPOS="144.0"
                    VPOS="851.0"
                    WIDTH="1226.0"
                    HEIGHT="96.0">
            <Shape><Polygon POINTS="146 888 146 930 208 930 234 946 236 946 237 946 238 947 281 947 281 946 283 946 301 937 326 944 327 944 328 944 330 944 331 944 352 930 392 946 393 946 395 946 487 944 489 944 524 929 575 929 602 944 603 944 605 944 606 944 607 944 609 944 630 930 662 944 663 944 665 944 666 944 699 930 752 944 753 944 755 944 756 944 757 944 766 937 789 943 790 943 791 943 793 943 794 943 813 931 842 943 843 943 845 943 846 943 871 933 890 943 892 943 893 944 1000 944 1000 943 1001 943 1030 929 1070 942 1072 942 1073 943 1142 943 1142 942 1143 942 1176 931 1209 942 1210 942 1211 942 1213 942 1253 925 1370 924 1370 883 1368 860 1018 861 1012 860 979 851 978 851 976 851 920 860 913 861 909 860 883 851 881 851 880 851 879 851 851 860 847 861 836 860 752 852 751 852 630 860 616 852 615 852 614 852 554 852 553 852 493 860 450 852 448 852 447 852 417 861 416 861 406 861 215 853 213 853 212 853 190 862 185 864 182 862 173 856 172 856 170 856 169 856 168 856 144 861 146 888"/></Shape>
	    <String CONTENT=""
                    HPOS="144.0"
                    VPOS="851.0"
                    WIDTH="1226.0"
                    HEIGHT="96.0"
                    WC="0.9978490135608575"></String>
          </TextLine>

          
          
          <TextLine ID="eSc_line_699fe422"
                    TAGREFS="LT15288"
                    BASELINE="147 972 1369 974" 
                    HPOS="146.0"
                    VPOS="938.0"
                    WIDTH="1223.0"
                    HEIGHT="96.0">
            <Shape><Polygon POINTS="147 972 146 1015 169 1032 170 1032 172 1032 173 1033 316 1033 316 1032 318 1032 319 1032 345 1015 414 1016 446 1032 447 1032 448 1032 450 1032 480 1021 500 1029 502 1029 503 1029 504 1029 506 1029 529 1015 586 1015 611 1029 613 1029 614 1029 673 1032 674 1032 675 1032 738 1015 783 1033 785 1033 786 1034 815 1034 815 1033 816 1033 817 1033 836 1021 893 1032 894 1032 896 1032 923 1023 961 1033 962 1033 963 1033 1050 1016 1083 1033 1085 1033 1086 1033 1175 1016 1240 1033 1241 1033 1243 1033 1244 1033 1279 1016 1366 1016 1369 974 1366 942 1318 951 1253 942 1230 939 1228 939 1227 939 1216 942 1185 951 1102 943 1059 939 1057 939 1038 943 1005 951 990 943 983 941 982 941 877 939 876 939 875 939 853 944 842 947 838 944 832 939 830 939 829 939 828 939 772 944 761 946 760 946 750 938 748 938 747 938 648 938 646 938 645 938 615 946 609 947 600 946 559 941 558 941 556 941 545 947 538 950 519 947 489 942 487 942 446 947 422 950 147 950 147 972"/></Shape>
	    <String CONTENT=""
                    HPOS="146.0"
                    VPOS="938.0"
                    WIDTH="1223.0"
                    HEIGHT="96.0"
                    WC="0.9816182779543328"></String>
          </TextLine>

          
          
          <TextLine ID="eSc_line_d61cbc1a"
                    TAGREFS="LT15288"
                    BASELINE="147 1059 1369 1062" 
                    HPOS="146.0"
                    VPOS="1028.0"
                    WIDTH="1223.0"
                    HEIGHT="95.0">
            <Shape><Polygon POINTS="147 1059 146 1106 169 1120 170 1120 172 1120 173 1120 241 1111 249 1116 250 1116 251 1116 253 1116 254 1116 255 1116 271 1106 319 1120 320 1120 322 1120 416 1106 481 1106 507 1119 508 1119 510 1119 511 1119 549 1106 575 1106 597 1120 598 1120 600 1120 601 1122 637 1122 637 1120 639 1120 663 1110 682 1119 683 1119 684 1119 686 1119 716 1106 738 1119 739 1119 740 1119 780 1122 781 1122 782 1122 807 1115 863 1120 864 1120 866 1120 867 1120 884 1109 903 1119 905 1119 906 1119 907 1119 909 1119 928 1107 983 1107 1006 1122 1008 1122 1009 1122 1010 1123 1111 1123 1111 1122 1112 1122 1159 1107 1196 1107 1219 1122 1220 1122 1222 1122 1223 1123 1326 1123 1326 1122 1327 1122 1368 1106 1369 1062 1369 1040 1350 1030 1348 1030 1347 1030 1295 1038 1246 1029 1245 1029 1185 1038 1138 1029 1137 1029 1136 1029 1099 1038 1077 1029 1076 1029 1074 1029 1026 1038 1005 1029 1004 1029 1003 1029 1001 1029 1000 1029 986 1038 984 1040 906 1040 903 1038 871 1029 870 1029 868 1029 811 1037 703 1028 701 1028 147 1036 147 1059"/></Shape>
	    <String CONTENT=""
                    HPOS="146.0"
                    VPOS="1028.0"
                    WIDTH="1223.0"
                    HEIGHT="95.0"
                    WC="0.9862649578314561"></String>
          </TextLine>

          
          
          <TextLine ID="eSc_line_60451601"
                    TAGREFS="LT15288"
                    BASELINE="146 1145 1370 1148" 
                    HPOS="144.0"
                    VPOS="1113.0"
                    WIDTH="1226.0"
                    HEIGHT="99.0">
            <Shape><Polygon POINTS="146 1145 144 1195 187 1209 189 1209 190 1209 191 1209 228 1197 259 1208 260 1208 262 1208 263 1208 302 1197 333 1209 335 1209 336 1210 416 1210 416 1209 417 1209 442 1199 446 1197 451 1199 482 1209 483 1209 485 1209 486 1209 513 1200 521 1197 592 1197 606 1201 639 1209 640 1209 641 1209 643 1209 662 1201 673 1197 683 1201 700 1209 701 1209 703 1209 704 1209 717 1202 721 1200 727 1202 750 1209 751 1209 752 1209 753 1209 769 1202 778 1199 793 1202 819 1210 820 1210 821 1210 823 1210 837 1204 846 1199 877 1204 916 1210 918 1210 919 1210 933 1205 936 1204 939 1205 960 1210 961 1210 962 1210 963 1210 965 1210 973 1205 983 1199 996 1205 1006 1210 1008 1210 1009 1212 1050 1212 1050 1210 1051 1210 1052 1210 1059 1206 1068 1200 1080 1206 1083 1208 1085 1208 1086 1208 1087 1208 1089 1208 1090 1206 1103 1199 1117 1206 1125 1210 1126 1210 1128 1210 1129 1210 1141 1206 1167 1199 1196 1208 1205 1210 1206 1210 1207 1212 1312 1212 1312 1210 1313 1210 1316 1209 1326 1204 1366 1209 1370 1148 1369 1126 978 1126 974 1124 920 1114 863 1114 862 1114 860 1114 836 1124 833 1124 830 1124 807 1116 806 1116 804 1116 748 1123 700 1115 699 1115 614 1122 590 1113 589 1113 588 1113 526 1120 515 1113 513 1113 512 1113 511 1113 510 1113 480 1122 459 1113 457 1113 379 1113 378 1113 318 1123 314 1123 311 1123 285 1113 284 1113 283 1113 281 1113 266 1120 220 1113 219 1113 217 1113 199 1123 196 1123 146 1123 146 1145"/></Shape>
	    <String CONTENT=""
                    HPOS="144.0"
                    VPOS="1113.0"
                    WIDTH="1226.0"
                    HEIGHT="99.0"
                    WC="0.9754033713805966"></String>
          </TextLine>

          
          
          <TextLine ID="eSc_line_184ff8c0"
                    TAGREFS="LT15288"
                    BASELINE="146 1232 1366 1235" 
                    HPOS="144.0"
                    VPOS="1200.0"
                    WIDTH="1222.0"
                    HEIGHT="96.0">
            <Shape><Polygon POINTS="146 1232 144 1279 166 1295 168 1295 169 1295 170 1296 226 1296 226 1295 228 1295 229 1295 254 1279 285 1295 286 1295 288 1296 314 1296 314 1295 315 1295 316 1295 339 1281 375 1295 376 1295 378 1295 416 1288 453 1294 455 1294 456 1294 485 1278 495 1273 563 1278 564 1278 566 1278 592 1268 632 1275 633 1275 714 1274 733 1279 751 1286 752 1286 753 1286 755 1286 765 1281 786 1269 815 1278 816 1278 817 1278 819 1278 849 1269 867 1281 890 1296 892 1296 893 1296 894 1296 926 1290 949 1296 950 1296 952 1296 953 1296 982 1281 1006 1269 1124 1269 1146 1282 1167 1296 1168 1296 1170 1296 1171 1296 1338 1295 1339 1295 1365 1283 1366 1235 1366 1216 1330 1201 1329 1201 1327 1201 1230 1216 1218 1216 1031 1216 1030 1214 1010 1201 1009 1201 1008 1201 1006 1201 953 1213 916 1205 915 1205 841 1214 834 1214 833 1214 817 1206 816 1206 815 1206 768 1213 660 1204 658 1204 613 1213 588 1200 586 1200 442 1200 440 1200 376 1212 348 1204 346 1204 345 1204 300 1213 296 1213 294 1213 266 1200 264 1200 210 1200 208 1200 207 1200 178 1213 146 1213 146 1232"/></Shape>
	    <String CONTENT=""
                    HPOS="144.0"
                    VPOS="1200.0"
                    WIDTH="1222.0"
                    HEIGHT="96.0"
                    WC="0.9969080921375391"></String>
          </TextLine>

          
          
          <TextLine ID="eSc_line_02ff839a"
                    TAGREFS="LT15288"
                    BASELINE="147 1322 1366 1325" 
                    HPOS="146.0"
                    VPOS="1290.0"
                    WIDTH="1220.0"
                    HEIGHT="96.0">
            <Shape><Polygon POINTS="147 1322 146 1368 173 1384 174 1384 176 1384 177 1385 237 1385 237 1384 238 1384 240 1384 263 1368 288 1384 289 1384 290 1384 292 1384 293 1384 339 1372 363 1384 365 1384 366 1385 403 1385 403 1384 404 1384 405 1384 421 1373 446 1382 447 1382 448 1382 450 1382 451 1382 472 1368 504 1384 506 1384 507 1384 508 1384 550 1372 571 1381 572 1381 627 1382 628 1382 630 1382 631 1382 653 1368 679 1382 680 1382 682 1382 683 1382 730 1369 733 1368 734 1369 759 1385 760 1385 761 1385 763 1386 789 1386 789 1385 790 1385 791 1385 816 1369 817 1369 876 1369 879 1369 906 1385 907 1385 909 1386 945 1386 945 1385 946 1385 988 1371 992 1369 1033 1369 1036 1371 1057 1385 1059 1385 1060 1385 1061 1385 1063 1385 1094 1375 1123 1384 1124 1384 1125 1384 1126 1384 1153 1371 1156 1369 1202 1369 1205 1372 1233 1385 1235 1385 1236 1386 1309 1386 1309 1385 1364 1372 1366 1325 1365 1302 1197 1302 1196 1300 1170 1292 1168 1292 1167 1292 1126 1300 1125 1300 1124 1300 1099 1291 1098 1291 1096 1291 1036 1300 1031 1300 1027 1300 967 1292 966 1292 858 1300 843 1300 842 1300 824 1291 823 1291 821 1291 820 1291 819 1291 807 1300 806 1300 803 1300 780 1292 778 1292 777 1292 649 1299 648 1299 646 1299 632 1290 631 1290 630 1290 530 1290 529 1290 528 1290 526 1290 512 1299 510 1299 450 1290 386 1290 384 1290 383 1290 353 1299 350 1300 301 1300 300 1299 280 1290 279 1290 277 1290 147 1298 147 1322"/></Shape>
	    <String CONTENT=""
                    HPOS="146.0"
                    VPOS="1290.0"
                    WIDTH="1220.0"
                    HEIGHT="96.0"
                    WC="0.9962774148354163"></String>
          </TextLine>

          
          
          <TextLine ID="eSc_line_dbe36008"
                    TAGREFS="LT15288"
                    BASELINE="144 1414 1365 1414" 
                    HPOS="144.0"
                    VPOS="1378.0"
                    WIDTH="1221.0"
                    HEIGHT="96.0">
            <Shape><Polygon POINTS="144 1414 144 1453 156 1461 157 1461 159 1461 160 1461 161 1461 180 1454 229 1472 230 1472 232 1472 233 1472 256 1463 280 1472 281 1472 283 1472 284 1472 285 1472 313 1454 344 1472 345 1472 346 1474 379 1474 379 1472 380 1472 417 1455 422 1453 554 1453 563 1457 590 1472 592 1472 593 1472 594 1472 620 1461 663 1472 665 1472 666 1472 667 1472 669 1472 690 1459 714 1472 716 1472 717 1472 718 1472 757 1461 774 1472 776 1472 777 1472 778 1474 832 1474 832 1472 833 1472 863 1461 883 1454 907 1462 943 1472 944 1472 945 1472 946 1472 966 1462 986 1453 1004 1453 1022 1463 1035 1472 1036 1472 1038 1472 1039 1474 1120 1474 1120 1472 1153 1464 1203 1453 1256 1453 1290 1467 1303 1472 1304 1472 1305 1472 1364 1467 1365 1414 1364 1389 1291 1378 1290 1378 1288 1378 1267 1389 922 1389 907 1378 906 1378 905 1378 903 1378 817 1385 712 1378 710 1378 633 1388 593 1378 592 1378 504 1385 461 1378 460 1378 335 1388 259 1378 258 1378 144 1388 144 1414"/></Shape>
	    <String CONTENT=""
                    HPOS="144.0"
                    VPOS="1378.0"
                    WIDTH="1221.0"
                    HEIGHT="96.0"
                    WC="0.9962152548325367"></String>
          </TextLine>

          
          
          <TextLine ID="eSc_line_16408d0b"
                    TAGREFS="LT15288"
                    BASELINE="146 1500 1366 1496" 
                    HPOS="144.0"
                    VPOS="1463.0"
                    WIDTH="1222.0"
                    HEIGHT="98.0">
            <Shape><Polygon POINTS="146 1500 146 1547 170 1547 173 1547 194 1561 195 1561 196 1561 198 1561 199 1561 225 1553 243 1561 245 1561 246 1561 247 1561 249 1561 271 1547 272 1547 326 1547 327 1547 349 1561 350 1561 352 1561 353 1561 354 1561 384 1549 413 1561 414 1561 416 1561 481 1547 511 1561 512 1561 513 1561 515 1561 547 1548 594 1560 596 1560 597 1560 598 1560 600 1560 620 1545 622 1545 650 1545 652 1545 674 1560 675 1560 676 1560 678 1560 733 1558 734 1558 770 1545 808 1560 810 1560 811 1561 855 1561 855 1560 856 1560 914 1545 1137 1558 1138 1558 1140 1558 1141 1558 1164 1544 1190 1550 1192 1550 1193 1550 1194 1550 1219 1544 1274 1558 1275 1558 1276 1560 1338 1560 1338 1558 1339 1558 1366 1543 1366 1496 1363 1468 1334 1477 1288 1477 1275 1468 1266 1463 1265 1463 1263 1463 1235 1463 1233 1463 1206 1470 1177 1477 906 1477 890 1472 868 1464 867 1464 866 1464 828 1474 807 1479 752 1479 742 1474 723 1467 722 1467 721 1467 660 1475 635 1477 616 1475 551 1464 550 1464 448 1466 447 1466 412 1477 410 1477 409 1477 393 1468 392 1468 391 1468 390 1468 373 1475 346 1467 345 1467 344 1467 221 1472 190 1466 189 1466 187 1466 144 1479 146 1500"/></Shape>
	    <String CONTENT="שלש פעמים בשנה יראה כל זכורך את פני"
                    HPOS="144.0"
                    VPOS="1463.0"
                    WIDTH="1222.0"
                    HEIGHT="98.0"
                    WC="0.9916036370638255"></String>
          </TextLine>

          
          
          <TextLine ID="eSc_line_3fa06bda"
                    TAGREFS="LT15288"
                    BASELINE="146 1586 1368 1588" 
                    HPOS="144.0"
                    VPOS="1554.0"
                    WIDTH="1224.0"
                    HEIGHT="96.0">
            <Shape><Polygon POINTS="146 1586 144 1642 228 1647 229 1647 230 1647 232 1647 240 1642 253 1634 322 1634 345 1642 363 1647 365 1647 366 1647 410 1640 456 1634 478 1640 502 1647 503 1647 504 1647 506 1647 519 1640 523 1638 526 1640 541 1646 542 1646 543 1646 545 1646 546 1646 554 1639 564 1634 606 1634 616 1639 627 1647 628 1647 630 1647 631 1648 678 1648 678 1647 714 1639 735 1634 744 1639 764 1648 765 1648 766 1648 768 1648 802 1638 808 1636 813 1638 838 1648 840 1648 841 1648 842 1648 843 1648 859 1638 864 1635 889 1635 894 1638 910 1648 911 1648 913 1648 914 1648 957 1640 996 1648 997 1648 1059 1636 1066 1635 1069 1636 1087 1648 1089 1648 1090 1648 1091 1650 1154 1650 1154 1648 1155 1648 1183 1635 1184 1635 1205 1648 1206 1648 1207 1648 1209 1650 1305 1650 1305 1648 1306 1648 1331 1635 1333 1635 1365 1635 1368 1588 1366 1566 1297 1557 1296 1557 1295 1557 1279 1565 1256 1558 1254 1558 1253 1558 1252 1558 1233 1565 1232 1565 1231 1565 1205 1556 1203 1556 1107 1556 1106 1556 1072 1563 1064 1565 1029 1563 910 1557 909 1557 907 1557 906 1557 897 1562 892 1566 837 1566 829 1562 813 1556 812 1556 811 1556 752 1562 729 1563 709 1561 666 1556 665 1556 663 1556 650 1561 644 1565 563 1565 556 1561 550 1556 549 1556 547 1556 546 1556 470 1557 469 1557 468 1557 464 1560 457 1563 397 1560 327 1554 326 1554 324 1554 314 1558 302 1565 230 1565 219 1558 212 1554 211 1554 210 1554 146 1557 146 1586"/></Shape>
	    <String CONTENT="ה&apos; אלהיך במקום אשר יבחר. בחג המצות. ובחג"
                    HPOS="144.0"
                    VPOS="1554.0"
                    WIDTH="1224.0"
                    HEIGHT="96.0"
                    WC="0.9951302975416183"></String>
          </TextLine>

          
          
          <TextLine ID="eSc_line_9f99ae73"
                    TAGREFS="LT15288"
                    BASELINE="143 1673 1365 1677" 
                    HPOS="142.0"
                    VPOS="1638.0"
                    WIDTH="1223.0"
                    HEIGHT="100.0">
            <Shape><Polygon POINTS="143 1673 142 1719 183 1736 185 1736 186 1737 211 1737 211 1736 212 1736 213 1736 238 1720 280 1720 305 1736 306 1736 307 1736 309 1737 362 1737 362 1736 363 1736 365 1736 392 1720 433 1720 464 1736 465 1736 466 1736 468 1736 503 1720 504 1720 526 1721 547 1737 549 1737 550 1737 551 1738 615 1738 615 1737 616 1737 673 1721 706 1737 708 1737 709 1738 747 1738 747 1737 748 1737 750 1737 774 1721 776 1721 824 1721 825 1721 850 1737 851 1737 853 1737 854 1738 916 1738 916 1737 918 1737 950 1723 953 1721 983 1721 984 1723 1008 1738 1009 1738 1010 1738 1012 1738 1013 1738 1044 1729 1070 1738 1072 1738 1073 1738 1074 1738 1104 1723 1106 1723 1167 1723 1170 1723 1197 1738 1198 1738 1200 1738 1330 1736 1331 1736 1364 1724 1365 1677 1365 1653 1325 1642 1323 1642 1322 1642 1321 1642 1283 1652 1280 1652 1274 1652 1193 1642 1192 1642 1154 1651 1132 1655 1089 1650 1056 1646 1055 1646 1053 1646 1052 1646 1048 1650 1040 1653 1023 1648 1021 1648 1020 1648 1018 1648 1012 1648 958 1655 944 1647 940 1646 939 1646 937 1646 936 1646 930 1647 906 1653 867 1647 838 1642 837 1642 804 1646 747 1653 730 1644 721 1640 720 1640 682 1640 680 1640 679 1640 669 1644 644 1653 611 1643 601 1640 600 1640 598 1640 585 1643 546 1653 480 1653 421 1640 409 1639 408 1639 406 1639 401 1640 365 1652 266 1652 143 1638 143 1673"/></Shape>
	    <String CONTENT="השבעות. ובחג הסכות. ולא יראה את פני ה&apos;"
                    HPOS="142.0"
                    VPOS="1638.0"
                    WIDTH="1223.0"
                    HEIGHT="100.0"
                    WC="0.9861408409319425"></String>
          </TextLine>

          
          
          <TextLine ID="eSc_line_90021966"
                    TAGREFS="LT15288"
                    BASELINE="147 1763 1364 1767" 
                    HPOS="146.0"
                    VPOS="1726.0"
                    WIDTH="1218.0"
                    HEIGHT="102.0">
            <Shape><Polygon POINTS="147 1763 146 1810 174 1825 176 1825 177 1827 236 1827 236 1825 237 1825 263 1812 288 1825 289 1825 290 1827 318 1827 318 1825 319 1825 320 1825 341 1811 386 1825 387 1825 388 1825 426 1818 451 1825 452 1825 453 1825 455 1825 456 1825 476 1812 517 1824 519 1824 520 1824 521 1824 545 1814 563 1827 564 1827 566 1827 567 1828 597 1828 597 1827 598 1827 600 1827 622 1814 643 1825 644 1825 645 1825 646 1825 648 1825 669 1814 671 1812 716 1812 718 1814 744 1827 746 1827 747 1828 772 1828 772 1827 773 1827 774 1827 793 1815 796 1812 802 1815 834 1827 836 1827 837 1828 893 1828 893 1827 894 1827 896 1827 913 1815 914 1815 918 1815 971 1828 973 1828 974 1828 975 1828 993 1816 999 1814 1059 1814 1065 1816 1082 1828 1083 1828 1085 1828 1086 1828 1087 1828 1111 1818 1119 1814 1231 1814 1240 1819 1254 1828 1256 1828 1257 1828 1258 1828 1361 1819 1364 1767 1361 1738 1107 1743 1077 1737 1048 1729 1047 1729 1046 1729 1044 1729 1020 1736 993 1743 975 1736 967 1733 966 1733 965 1733 963 1733 953 1736 930 1742 875 1736 862 1734 860 1734 859 1734 858 1734 856 1736 845 1742 810 1736 795 1733 794 1733 793 1733 787 1736 773 1742 760 1736 748 1729 747 1729 746 1729 709 1734 662 1742 606 1734 602 1734 601 1734 600 1734 586 1741 576 1734 572 1732 571 1732 570 1732 568 1732 567 1732 560 1734 554 1737 547 1734 534 1728 533 1728 532 1728 495 1734 461 1739 418 1733 386 1729 384 1729 361 1733 320 1741 307 1733 297 1726 296 1726 294 1726 293 1726 147 1732 147 1763"/></Shape>
	    <String CONTENT="ריקם. איש כמתנת ידו כברכת ה&apos; אלהיך"
                    HPOS="146.0"
                    VPOS="1726.0"
                    WIDTH="1218.0"
                    HEIGHT="102.0"
                    WC="0.9813334345817566"></String>
          </TextLine>

          
          
          <TextLine ID="eSc_line_29a55714"
                    TAGREFS="LT15288"
                    BASELINE="472 1852 1031 1852" 
                    HPOS="472.0"
                    VPOS="1822.0"
                    WIDTH="559.0"
                    HEIGHT="91.0">
            <Shape><Polygon POINTS="472 1852 472 1900 500 1900 500 1898 502 1898 503 1898 521 1885 538 1895 540 1895 572 1897 573 1897 575 1897 576 1897 576 1896 581 1892 594 1900 596 1900 597 1900 598 1900 600 1900 601 1900 631 1885 704 1885 720 1900 730 1910 730 1911 731 1911 733 1911 734 1913 777 1913 777 1911 778 1911 780 1911 780 1910 790 1901 793 1898 794 1901 806 1910 806 1911 807 1911 808 1911 810 1911 811 1911 847 1902 884 1911 885 1911 886 1911 888 1911 889 1911 889 1910 900 1901 909 1892 920 1901 933 1911 935 1911 936 1911 937 1913 966 1913 966 1911 967 1911 969 1911 986 1901 988 1900 992 1901 1020 1911 1021 1911 1022 1911 1023 1911 1025 1911 1025 1910 1031 1904 1031 1852 1031 1828 945 1822 944 1822 943 1822 941 1822 933 1828 931 1829 930 1828 923 1823 922 1823 920 1823 919 1823 884 1828 871 1831 867 1829 859 1822 858 1822 856 1822 806 1822 804 1822 803 1822 785 1829 781 1831 777 1829 752 1822 751 1822 750 1822 748 1822 747 1822 747 1823 740 1828 721 1823 720 1823 718 1823 717 1823 716 1823 708 1831 706 1832 631 1832 628 1831 593 1822 592 1822 590 1822 524 1831 491 1822 490 1822 489 1822 487 1822 472 1829 472 1852"/></Shape>
	    <String CONTENT=""
                    HPOS="472.0"
                    VPOS="1822.0"
                    WIDTH="559.0"
                    HEIGHT="91.0"
                    WC="0.9880397394299507"></String>
          </TextLine>

          
          
          <TextLine ID="eSc_line_bbf2eb52"
                    TAGREFS="LT15288"
                    BASELINE="146 1938 1361 1934" 
                    HPOS="144.0"
                    VPOS="1898.0"
                    WIDTH="1217.0"
                    HEIGHT="107.0">
            <Shape><Polygon POINTS="146 1938 146 1986 256 2001 258 2001 259 2001 260 2001 284 1986 285 1986 309 1986 310 1986 331 2000 332 2000 333 2000 335 2000 336 2000 353 1994 397 2005 399 2005 400 2005 401 2005 427 1998 442 2001 443 2001 444 2001 446 2001 447 2001 470 1986 472 1986 517 1986 519 1986 546 2003 547 2003 549 2003 583 2004 584 2004 585 2004 586 2004 615 1984 618 1984 643 1984 645 1984 671 2001 673 2001 674 2001 675 2001 721 1992 738 2004 739 2004 740 2004 742 2005 777 2005 777 2004 778 2004 841 1984 842 1984 845 1984 893 1991 894 1991 935 1984 936 1984 980 2001 982 2001 983 2001 984 2001 1003 1992 1018 2003 1020 2003 1021 2003 1022 2003 1023 2003 1036 1996 1073 2003 1074 2003 1076 2003 1077 2003 1096 1990 1140 1998 1141 1998 1176 1991 1194 2003 1196 2003 1197 2003 1198 2004 1330 2004 1330 2003 1331 2003 1333 2003 1361 1983 1361 1934 1360 1908 1350 1901 1348 1901 1347 1901 1346 1901 1344 1901 1343 1901 1331 1909 1329 1910 1325 1909 1306 1902 1305 1902 1304 1902 1303 1902 1282 1909 1276 1911 1064 1911 1056 1909 1008 1901 1006 1901 1005 1901 1004 1901 991 1910 988 1911 953 1911 948 1910 926 1900 924 1900 923 1900 922 1900 920 1900 906 1910 902 1913 738 1913 734 1910 705 1898 704 1898 635 1898 633 1898 632 1898 631 1898 613 1910 611 1911 609 1910 583 1901 581 1901 580 1901 540 1910 520 1900 519 1900 446 1900 444 1900 443 1900 414 1910 374 1900 373 1900 371 1900 370 1900 339 1910 176 1900 174 1900 173 1900 144 1910 146 1938"/></Shape>
	    <String CONTENT=""
                    HPOS="144.0"
                    VPOS="1898.0"
                    WIDTH="1217.0"
                    HEIGHT="107.0"
                    WC="0.9940627596595071"></String>
          </TextLine>

          
          
          <TextLine ID="eSc_line_2e6bc3c1"
                    TAGREFS="LT15288"
                    BASELINE="144 2024 1068 2026" 
                    HPOS="143.0"
                    VPOS="1988.0"
                    WIDTH="925.0"
                    HEIGHT="102.0">
            <Shape><Polygon POINTS="144 2024 143 2070 182 2087 183 2087 185 2089 258 2089 258 2087 259 2087 260 2087 279 2072 300 2086 301 2086 302 2086 303 2086 305 2086 344 2072 363 2087 365 2087 366 2087 367 2089 410 2089 410 2087 412 2087 413 2087 433 2073 481 2086 482 2086 483 2086 485 2086 486 2086 504 2072 529 2078 530 2078 532 2078 533 2078 556 2072 579 2087 580 2087 581 2087 605 2089 606 2089 607 2089 639 2073 656 2089 657 2089 658 2089 660 2089 701 2085 703 2085 704 2085 725 2073 761 2073 780 2089 781 2089 782 2089 783 2090 843 2090 843 2089 845 2089 846 2089 864 2073 896 2089 897 2089 898 2090 923 2090 923 2089 924 2089 926 2089 943 2076 1008 2089 1009 2089 1010 2089 1012 2089 1033 2073 1065 2073 1068 2026 1066 2004 992 1995 991 1995 990 1995 988 1995 976 2003 976 2004 913 2004 911 2003 849 1990 847 1990 846 1990 845 1990 825 2003 824 2004 731 2004 730 2003 713 1990 712 1990 710 1990 709 1990 708 1990 676 2003 675 2003 673 2003 605 1988 603 1988 602 1988 601 1988 581 2001 570 1995 568 1995 567 1995 566 1995 550 2001 536 1988 534 1988 533 1988 532 1988 438 2001 382 1991 380 1991 379 1991 361 2001 345 1991 344 1991 343 1991 341 1991 340 1991 318 2001 289 1988 288 1988 286 1988 233 1998 223 1991 221 1991 220 1991 219 1991 217 1991 191 2000 161 1992 160 1992 159 1992 157 1992 156 1992 144 1999 144 2024"/></Shape>
	    <String CONTENT=""
                    HPOS="143.0"
                    VPOS="1988.0"
                    WIDTH="925.0"
                    HEIGHT="102.0"
                    WC="0.998851478099823"></String>
          </TextLine>

          
          
          <TextLine ID="eSc_line_7c354003"
                    TAGREFS="LT15288"
                    BASELINE="146 2111 1364 2117" 
                    HPOS="144.0"
                    VPOS="2076.0"
                    WIDTH="1220.0"
                    HEIGHT="110.0">
            <Shape><Polygon POINTS="146 2111 144 2166 161 2176 163 2176 164 2176 203 2177 204 2177 206 2177 234 2163 237 2163 270 2163 270 2164 300 2177 301 2177 302 2177 303 2177 305 2177 318 2170 345 2173 346 2173 418 2164 447 2162 457 2166 502 2181 503 2181 504 2181 558 2170 575 2177 576 2177 577 2177 579 2177 580 2177 598 2166 606 2162 614 2167 639 2179 640 2179 641 2179 643 2179 665 2167 673 2163 763 2163 772 2167 795 2183 796 2183 798 2183 875 2184 876 2185 907 2185 907 2184 909 2184 910 2184 932 2168 937 2166 953 2168 1020 2184 1021 2184 1022 2184 1047 2173 1065 2180 1066 2180 1068 2180 1069 2180 1089 2170 1100 2164 1142 2167 1147 2171 1176 2185 1177 2185 1179 2186 1237 2186 1237 2185 1291 2173 1339 2185 1340 2185 1342 2185 1343 2185 1344 2185 1363 2172 1364 2117 1364 2094 1181 2093 1179 2091 1163 2085 1162 2085 1160 2085 1159 2085 1143 2090 1133 2094 1091 2094 1085 2090 1065 2080 1064 2080 1063 2080 1016 2089 1001 2091 946 2087 894 2085 893 2085 892 2085 890 2085 886 2087 877 2093 850 2086 838 2085 837 2085 798 2086 671 2091 652 2084 633 2077 632 2077 631 2077 630 2077 610 2084 590 2090 564 2084 541 2077 540 2077 538 2077 495 2082 431 2090 403 2081 386 2076 384 2076 383 2076 357 2081 346 2082 343 2080 333 2076 332 2076 331 2076 146 2077 146 2111"/></Shape>
	    <String CONTENT=""
                    HPOS="144.0"
                    VPOS="2076.0"
                    WIDTH="1220.0"
                    HEIGHT="110.0"
                    WC="0.9666041654925193"></String>
          </TextLine>

          
        </TextBlock>
        

        
      </PrintSpace>
    </Page>
  </Layout>
</alto>
