<?xml version="1.0" encoding="UTF-8"?>
<alto xmlns:xsi="http://www.w3.org/2001/XMLSchema-instance"
      xmlns="http://www.loc.gov/standards/alto/ns-v4#"
      xsi:schemaLocation="http://www.loc.gov/standards/alto/ns-v4# http://www.loc.gov/standards/alto/v4/alto-4-2.xsd">
  <Description>
    <MeasurementUnit>pixel</MeasurementUnit>
    <sourceImageInformation>
      <fileName>IE87726132_00023.jpg</fileName>
      <fileIdentifier>mets//export_doc4366_1col_14_copy_alto_202404261215.zip/IE87726132_00023.jpg</fileIdentifier>
    </sourceImageInformation>
  </Description>
  
  <Tags>
    <OtherTag ID="BT8356" LABEL="MainLeft" DESCRIPTION="block type MainLeft"/><OtherTag ID="BT8355" LABEL="MainRight" DESCRIPTION="block type MainRight"/><OtherTag ID="BT6914" LABEL="Handwritten" DESCRIPTION="block type Handwritten"/><OtherTag ID="BT6913" LABEL="RunningHeader" DESCRIPTION="block type RunningHeader"/><OtherTag ID="BT6912" LABEL="Catchword" DESCRIPTION="block type Catchword"/><OtherTag ID="BT6911" LABEL="Margin" DESCRIPTION="block type Margin"/><OtherTag ID="BT6910" LABEL="FooterCentral" DESCRIPTION="block type FooterCentral"/><OtherTag ID="BT6909" LABEL="MainCentral" DESCRIPTION="block type MainCentral"/><OtherTag ID="BT6908" LABEL="Header" DESCRIPTION="block type Header"/><OtherTag ID="BT4" LABEL="Illustration" DESCRIPTION="block type Illustration"/><OtherTag ID="BT3" LABEL="Commentary" DESCRIPTION="block type Commentary"/><OtherTag ID="BT2" LABEL="Main" DESCRIPTION="block type Main"/><OtherTag ID="BT1" LABEL="Title" DESCRIPTION="block type Title"/>
    <OtherTag ID="LT15938" LABEL="MainLeft" DESCRIPTION="line type MainLeft"/><OtherTag ID="LT15937" LABEL="MainRight" DESCRIPTION="line type MainRight"/><OtherTag ID="LT15289" LABEL="Handwritten" DESCRIPTION="line type Handwritten"/><OtherTag ID="LT15288" LABEL="MainCentral" DESCRIPTION="line type MainCentral"/><OtherTag ID="LT15287" LABEL="NotMain" DESCRIPTION="line type NotMain"/>
  </Tags>
  
  <Layout>
    <Page WIDTH="1192"
          HEIGHT="2120"
          PHYSICAL_IMG_NR="53"
          ID="eSc_dummypage_">
      <PrintSpace HPOS="0"
                  VPOS="0"
                  WIDTH="1192"
                  HEIGHT="2120">
        
        <TextBlock HPOS="56.0"
                   VPOS="155.0"
                   WIDTH="1106.0"
                   HEIGHT="1883.0"
                   ID="eSc_textblock_98dbe684"
                   TAGREFS="BT6909">
          <Shape><Polygon POINTS="409 155 1162 164 1153 2019 1138 2038 75 2034 61 2019 56 174 65 160 409 155"/></Shape>
          
          
          <TextLine ID="eSc_line_2bba9406"
                    TAGREFS="LT15288"
                    BASELINE="56 181 1155 183" 
                    HPOS="55.0"
                    VPOS="155.0"
                    WIDTH="1100.0"
                    HEIGHT="92.0">
            <Shape><Polygon POINTS="1150 163 1138 163 1127 163 1115 163 1103 163 1091 163 1080 163 1068 163 1056 162 1044 162 1032 162 1021 162 1009 162 997 162 985 162 974 162 962 161 950 161 938 161 926 161 915 161 903 161 891 161 879 161 868 160 856 160 844 160 832 160 820 160 809 160 797 160 785 160 775 159 766 161 760 159 750 159 738 159 726 159 714 159 705 159 694 160 676 157 667 157 656 157 644 157 632 157 627 157 608 161 606 161 601 161 552 156 550 156 538 156 526 156 514 156 502 156 498 155 479 160 345 155 338 155 326 155 314 156 302 156 290 156 279 156 267 156 262 156 248 160 237 156 232 157 220 157 208 157 197 157 184 160 157 157 149 159 137 159 126 159 114 159 102 159 90 159 78 159 73 159 64 159 56 168 56 181 55 230 63 236 64 236 65 236 67 236 103 235 118 244 120 244 121 244 122 244 174 234 224 244 226 244 275 235 349 244 351 244 406 232 447 244 448 244 449 246 551 246 551 244 552 244 599 230 620 246 621 246 623 246 624 247 696 247 696 246 767 232 835 232 871 246 872 246 873 246 928 237 959 246 961 246 962 246 963 246 1007 232 1061 232 1070 237 1071 237 1073 237 1074 237 1102 233 1120 240 1121 240 1122 240 1123 240 1154 230 1155 183 1154 163 1150 163"/></Shape>
	    <String CONTENT="תורישמו ידי: נשפת ברוחך כסמו ים צללו"
                    HPOS="55.0"
                    VPOS="155.0"
                    WIDTH="1100.0"
                    HEIGHT="92.0"
                    WC="0.9942271610101064"></String>
          </TextLine>

          
          
          <TextLine ID="eSc_line_8e6b1ee9"
                    TAGREFS="LT15288"
                    BASELINE="57 269 1148 267" 
                    HPOS="57.0"
                    VPOS="235.0"
                    WIDTH="1091.0"
                    HEIGHT="93.0">
            <Shape><Polygon POINTS="57 316 78 327 80 327 81 327 82 327 109 320 199 327 200 327 201 327 202 327 216 318 220 315 242 318 332 327 333 328 380 328 380 327 381 327 382 327 396 318 409 327 411 327 412 327 413 328 467 328 467 327 468 327 469 327 482 318 488 315 601 315 607 319 618 326 619 326 620 326 621 326 623 326 624 326 634 319 643 314 796 314 811 319 830 326 831 326 832 327 872 327 872 326 873 326 875 326 884 320 892 314 926 320 957 325 958 325 959 325 974 320 977 319 981 320 992 326 994 326 995 326 1147 320 1148 267 1144 246 1136 248 1130 246 1113 235 1111 235 1062 235 1061 235 1060 235 1058 235 1043 244 1037 248 1024 244 1008 240 1007 240 1005 240 1004 240 996 244 988 248 970 243 932 235 931 235 930 235 929 235 916 243 908 248 884 243 852 236 851 236 819 242 808 244 789 242 769 240 767 240 766 240 759 242 742 248 717 241 713 241 712 241 711 241 704 241 664 247 632 241 601 235 600 235 568 240 514 249 459 249 438 239 433 237 432 237 431 237 429 237 424 239 396 246 368 241 367 241 330 247 312 239 310 239 309 239 239 250 154 250 124 236 123 236 57 236 57 269 57 316"/></Shape>
	    <String CONTENT="כעופרת במים אדירים: מי־כמכה באלם"
                    HPOS="57.0"
                    VPOS="235.0"
                    WIDTH="1091.0"
                    HEIGHT="93.0"
                    WC="0.9834691341966391"></String>
          </TextLine>

          
          
          <TextLine ID="eSc_line_34a97532"
                    TAGREFS="LT15288"
                    BASELINE="57 356 1150 352" 
                    HPOS="56.0"
                    VPOS="321.0"
                    WIDTH="1094.0"
                    HEIGHT="94.0">
            <Shape><Polygon POINTS="57 356 57 400 229 398 235 399 274 414 275 414 276 415 326 415 326 414 327 414 328 414 351 399 368 398 405 396 407 398 414 402 415 402 416 402 418 402 446 400 465 413 466 413 467 413 468 414 530 414 530 413 531 413 559 396 561 396 581 396 583 396 618 412 619 412 620 413 709 413 709 412 710 412 711 412 738 395 763 407 764 407 765 407 766 407 767 407 777 401 808 411 809 411 810 411 811 411 826 406 875 412 876 412 877 412 923 399 977 411 978 411 979 411 1014 394 1041 411 1042 411 1043 411 1044 412 1082 412 1082 411 1083 411 1150 392 1150 352 1149 332 1101 321 1064 321 1063 321 1062 321 1061 321 1044 332 1042 333 985 333 983 332 949 321 948 321 947 321 945 321 923 328 906 321 905 321 904 321 836 332 832 332 822 325 820 325 819 325 818 325 817 325 798 330 779 325 778 325 777 325 776 325 755 332 749 333 739 332 697 325 696 325 694 325 670 332 669 332 667 332 658 327 657 327 656 327 579 332 539 334 534 332 520 325 519 325 518 325 469 329 455 323 454 323 453 323 411 332 398 334 381 332 330 325 329 325 328 325 327 325 316 332 310 336 224 336 217 332 209 328 208 328 207 328 182 332 163 335 155 332 135 325 134 325 133 325 56 332 57 356"/></Shape>
	    <String CONTENT="יהוה מי כמכה נאדר בקדש נורא תהלת"
                    HPOS="56.0"
                    VPOS="321.0"
                    WIDTH="1094.0"
                    HEIGHT="94.0"
                    WC="0.9970954656600952"></String>
          </TextLine>

          
          
          <TextLine ID="eSc_line_f50c2d41"
                    TAGREFS="LT15288"
                    BASELINE="58 445 1149 439" 
                    HPOS="57.0"
                    VPOS="407.0"
                    WIDTH="1092.0"
                    HEIGHT="99.0">
            <Shape><Polygon POINTS="58 445 58 499 114 506 115 506 116 506 137 499 156 493 173 499 179 501 180 501 181 501 195 499 216 495 229 499 254 506 255 506 256 506 257 506 259 506 269 499 280 492 302 499 323 505 325 505 326 505 327 505 341 499 360 491 398 491 416 498 433 505 434 505 435 505 436 505 460 498 481 492 494 498 506 504 507 504 508 504 510 504 524 498 535 493 553 498 573 504 574 504 575 505 617 505 617 504 618 504 631 498 647 488 712 488 743 498 745 498 746 498 747 498 749 498 750 498 766 488 804 489 816 497 823 501 824 501 825 501 826 501 828 501 844 497 875 488 905 497 926 502 928 502 929 502 989 501 990 501 991 501 998 497 1008 491 1040 497 1069 501 1070 501 1149 495 1149 439 1148 418 930 407 929 407 928 407 890 419 886 419 878 419 817 413 816 413 815 413 803 419 791 419 620 414 619 414 554 420 552 420 524 409 522 409 521 409 520 409 505 415 433 411 432 411 431 411 429 411 414 421 412 421 373 414 372 414 328 421 327 421 325 421 226 415 224 415 223 415 204 422 203 424 142 424 142 422 123 414 122 414 121 414 57 422 58 445"/></Shape>
	    <String CONTENT="עשה־פלא: נטית ימינך תבלעמו ארץ: נחית"
                    HPOS="57.0"
                    VPOS="407.0"
                    WIDTH="1092.0"
                    HEIGHT="99.0"
                    WC="0.9590398604805405"></String>
          </TextLine>

          
          
          <TextLine ID="eSc_line_5c8aeac4"
                    TAGREFS="LT15288"
                    BASELINE="57 530 1148 526" 
                    HPOS="56.0"
                    VPOS="495.0"
                    WIDTH="1092.0"
                    HEIGHT="98.0">
            <Shape><Polygon POINTS="57 530 57 585 97 592 98 592 100 592 124 585 149 579 189 579 200 585 208 591 209 591 210 591 212 591 213 591 230 585 244 580 259 585 277 592 279 592 280 593 313 593 313 592 314 592 330 585 342 580 361 585 380 590 381 590 382 590 407 585 439 578 452 585 461 590 462 590 525 591 526 591 527 591 546 585 560 579 614 578 625 584 631 588 632 588 633 588 696 591 697 591 698 591 714 584 720 581 725 584 730 587 731 587 732 587 733 587 750 584 785 577 848 577 862 584 873 590 875 590 876 591 898 591 898 590 899 590 901 590 909 584 921 577 943 577 957 584 969 590 970 590 971 590 1147 583 1148 526 1147 502 1128 495 1127 495 1126 495 1090 504 1078 506 1063 504 1015 495 1014 495 1012 495 995 504 994 505 918 506 914 504 897 495 896 495 895 495 894 495 870 504 866 505 858 504 798 495 797 495 796 495 777 504 770 507 749 504 729 501 727 501 710 504 692 507 685 505 670 497 669 497 667 497 610 505 587 507 571 505 552 501 551 501 550 501 537 505 531 506 527 505 512 497 511 497 458 497 457 497 455 497 429 505 416 509 215 509 208 505 191 498 190 498 189 498 56 505 57 530"/></Shape>
	    <String CONTENT="בחסדך עם־זו גאלת נהלת בעזך אל־נוה"
                    HPOS="56.0"
                    VPOS="495.0"
                    WIDTH="1092.0"
                    HEIGHT="98.0"
                    WC="0.9799491004510359"></String>
          </TextLine>

          
          
          <TextLine ID="eSc_line_87ec09bd"
                    TAGREFS="LT15288"
                    BASELINE="57 613 1148 613" 
                    HPOS="57.0"
                    VPOS="584.0"
                    WIDTH="1091.0"
                    HEIGHT="92.0">
            <Shape><Polygon POINTS="57 613 57 665 74 674 75 674 76 674 126 664 146 660 208 665 234 666 235 666 243 665 262 661 268 665 282 674 283 674 285 674 286 674 335 665 366 660 425 660 435 666 447 674 448 674 449 674 451 676 558 676 558 674 559 674 560 674 572 667 584 660 650 660 667 667 679 672 680 672 681 672 683 672 692 667 700 664 720 667 732 670 733 670 734 670 740 667 764 660 785 668 802 674 803 674 804 674 805 674 825 668 832 666 836 668 844 674 845 674 846 674 848 676 904 676 904 674 928 668 954 663 968 670 979 674 981 674 982 676 1044 676 1044 674 1045 674 1055 670 1070 661 1085 670 1094 674 1095 674 1096 674 1147 670 1148 613 1146 584 1098 590 1034 584 1025 584 1024 584 1021 584 979 594 932 594 901 585 896 584 895 584 845 584 844 584 843 584 837 585 810 593 650 587 649 587 578 593 524 587 491 584 489 584 488 584 474 587 453 594 400 594 381 588 365 584 363 584 320 584 319 584 318 584 305 588 292 594 240 594 232 590 221 584 220 584 219 584 217 584 201 590 189 593 177 590 160 584 159 584 157 584 156 584 141 590 131 593 57 591 57 613"/></Shape>
	    <String CONTENT="קדשך: שמעו עמים ירגזון חיל אחז ישבי"
                    HPOS="57.0"
                    VPOS="584.0"
                    WIDTH="1091.0"
                    HEIGHT="92.0"
                    WC="0.9889607889311655"></String>
          </TextLine>

          
          
          <TextLine ID="eSc_line_d4d11396"
                    TAGREFS="LT15288"
                    BASELINE="61 700 1148 698" 
                    HPOS="61.0"
                    VPOS="663.0"
                    WIDTH="1087.0"
                    HEIGHT="95.0">
            <Shape><Polygon POINTS="61 750 73 756 74 756 75 756 76 756 91 750 98 747 104 750 123 757 124 757 126 757 127 757 142 750 160 742 183 747 184 747 186 747 187 747 188 747 199 740 342 740 359 749 366 752 367 752 368 752 369 752 385 749 398 745 411 747 451 757 452 758 479 758 479 757 480 757 481 757 495 747 514 757 515 757 517 758 580 758 580 757 581 757 583 757 598 747 605 743 612 746 625 753 626 753 627 753 628 753 640 746 656 739 686 739 700 746 703 747 704 747 705 747 706 747 709 746 724 739 757 739 790 746 800 747 802 747 812 745 838 740 848 745 868 756 869 756 870 756 939 745 970 740 985 745 1023 756 1024 756 1025 757 1129 757 1129 756 1130 756 1131 756 1148 744 1148 698 1147 677 1089 663 1051 663 1050 663 1049 663 1018 677 1017 677 1016 677 990 670 989 670 988 670 987 670 985 670 976 677 975 678 930 678 929 677 911 670 910 670 909 670 908 670 891 677 890 678 791 678 790 677 778 668 777 668 776 668 775 668 745 674 723 663 722 663 658 663 657 663 656 663 623 674 605 664 604 664 603 664 564 664 563 664 561 664 539 676 521 672 520 672 519 672 508 678 507 678 502 678 406 664 405 664 404 664 376 678 375 679 287 679 286 678 260 664 259 664 228 664 227 664 226 664 224 664 203 678 202 679 174 679 173 678 151 665 150 665 149 665 148 665 147 665 146 665 124 678 123 679 61 679 61 700 61 750"/></Shape>
	    <String CONTENT="פלשת: אז נבהלו אלופי אדום אילי מואב"
                    HPOS="61.0"
                    VPOS="663.0"
                    WIDTH="1087.0"
                    HEIGHT="95.0"
                    WC="0.9943665964262826"></String>
          </TextLine>

          
          
          <TextLine ID="eSc_line_5d4f3d59"
                    TAGREFS="LT15288"
                    BASELINE="60 786 1148 786" 
                    HPOS="60.0"
                    VPOS="753.0"
                    WIDTH="1088.0"
                    HEIGHT="96.0">
            <Shape><Polygon POINTS="60 786 60 836 124 848 126 849 249 849 249 848 250 848 252 848 266 838 269 837 372 837 376 839 389 848 391 848 392 848 393 849 618 849 618 848 619 848 633 842 645 837 670 837 679 843 683 845 684 845 685 845 686 845 687 845 696 843 713 837 791 837 804 844 808 845 809 845 810 845 811 845 815 844 826 837 878 844 889 845 890 845 891 845 894 844 910 838 921 845 923 846 924 846 925 846 926 846 936 845 962 839 1009 845 1020 846 1021 846 1022 846 1024 845 1050 837 1065 846 1068 848 1069 848 1070 848 1071 848 1081 846 1115 839 1146 846 1148 786 1148 760 1133 756 1131 756 1130 756 1081 762 1047 765 1005 762 975 759 974 759 972 759 965 762 957 765 949 762 939 758 938 758 937 758 905 762 877 765 864 762 845 757 844 757 843 757 842 757 830 762 822 766 755 766 747 762 736 754 734 754 733 754 732 754 693 763 690 763 689 763 671 754 670 754 611 753 610 753 563 763 553 764 525 763 444 758 442 758 421 763 420 763 408 757 407 757 406 757 405 757 388 763 381 766 329 766 325 763 305 753 303 753 235 753 234 753 233 753 208 764 204 765 201 764 184 753 183 753 182 753 137 753 136 753 135 753 134 753 118 764 116 765 106 764 74 758 73 758 71 758 60 763 60 786"/></Shape>
	    <String CONTENT="יאחזמו רעד נמגו כל ישבי כנען: תפל עליהם"
                    HPOS="60.0"
                    VPOS="753.0"
                    WIDTH="1088.0"
                    HEIGHT="96.0"
                    WC="0.9967877864837646"></String>
          </TextLine>

          
          
          <TextLine ID="eSc_line_7765b509"
                    TAGREFS="LT15288"
                    BASELINE="61 871 1147 871" 
                    HPOS="61.0"
                    VPOS="846.0"
                    WIDTH="1086.0"
                    HEIGHT="89.0">
            <Shape><Polygon POINTS="61 871 61 919 117 919 143 930 144 930 146 930 147 930 162 924 188 933 189 933 190 935 287 935 287 933 288 933 314 926 418 932 419 932 420 932 454 922 461 919 467 922 494 933 495 933 497 933 557 928 617 933 618 933 619 933 620 933 637 923 643 919 664 923 729 933 730 933 775 929 776 929 785 924 795 919 855 919 863 924 877 933 878 933 879 933 881 933 882 933 896 926 934 933 935 933 936 933 959 924 962 924 968 925 1025 933 1027 935 1070 935 1070 933 1071 933 1089 925 1095 923 1146 925 1147 871 1146 846 61 848 61 871"/></Shape>
	    <String CONTENT="אימתה ופחד בגדל זרועך ידמו כאבן עד־"
                    HPOS="61.0"
                    VPOS="846.0"
                    WIDTH="1086.0"
                    HEIGHT="89.0"
                    WC="0.9931558455739703"></String>
          </TextLine>

          
          
          <TextLine ID="eSc_line_4492cdbf"
                    TAGREFS="LT15288"
                    BASELINE="61 959 1141 955" 
                    HPOS="61.0"
                    VPOS="925.0"
                    WIDTH="1080.0"
                    HEIGHT="94.0">
            <Shape><Polygon POINTS="61 1004 88 1014 89 1014 90 1014 91 1014 106 1007 142 1009 164 1018 166 1018 167 1018 168 1018 204 1004 255 1004 292 1018 293 1018 294 1018 322 1014 354 1019 355 1019 356 1019 401 1003 402 1003 441 1003 442 1003 468 1018 469 1018 471 1018 472 1018 559 1012 596 1019 597 1019 598 1019 599 1019 611 1010 643 1018 644 1018 645 1018 646 1018 685 1002 714 1018 716 1018 717 1018 776 1009 789 1018 790 1018 791 1018 792 1018 793 1018 815 1011 869 1018 870 1018 935 1017 936 1017 962 1005 987 1017 988 1017 989 1017 990 1017 1023 1009 1063 1017 1064 1017 1065 1017 1067 1017 1091 1001 1093 1001 1107 1001 1109 995 1121 995 1133 995 1140 995 1141 955 1138 933 1075 933 1071 933 1049 925 1048 925 1047 925 1045 925 1023 933 1020 935 856 935 849 933 828 926 826 926 825 926 772 933 763 933 743 933 619 926 618 926 617 926 597 933 586 936 548 933 497 929 495 929 494 929 485 933 478 936 455 933 432 930 431 930 429 930 420 933 412 936 406 933 395 928 394 928 393 928 362 933 346 936 334 933 320 929 319 929 262 929 261 929 260 929 250 933 241 937 216 933 203 931 202 931 186 933 151 937 61 933 61 959 61 1004"/></Shape>
	    <String CONTENT="יעבר עמך יהוה עד־יעבר עם־זו קנית: תבאמו"
                    HPOS="61.0"
                    VPOS="925.0"
                    WIDTH="1080.0"
                    HEIGHT="94.0"
                    WC="0.9709368734746366"></String>
          </TextLine>

          
          
          <TextLine ID="eSc_line_8e337e6f"
                    TAGREFS="LT15288"
                    BASELINE="61 1045 1149 1043" 
                    HPOS="60.0"
                    VPOS="1010.0"
                    WIDTH="1089.0"
                    HEIGHT="100.0">
            <Shape><Polygon POINTS="61 1045 61 1098 83 1107 84 1107 85 1107 87 1107 103 1098 106 1097 109 1098 128 1109 129 1109 130 1110 210 1110 210 1109 212 1109 213 1109 228 1100 269 1109 270 1110 348 1110 348 1109 349 1109 375 1103 407 1108 408 1108 409 1108 411 1108 422 1100 433 1092 448 1100 466 1108 467 1108 468 1108 512 1101 518 1100 520 1101 530 1104 531 1104 532 1104 533 1104 545 1101 568 1091 592 1101 611 1108 612 1108 613 1109 666 1109 666 1108 727 1105 729 1105 743 1101 775 1090 975 1090 1002 1102 1017 1108 1018 1108 1020 1108 1063 1104 1064 1104 1065 1104 1069 1102 1084 1092 1114 1102 1131 1108 1133 1108 1134 1108 1135 1108 1149 1102 1149 1043 1148 1023 1067 1016 1065 1016 1015 1022 1000 1023 995 1022 974 1012 972 1012 971 1012 970 1012 969 1012 956 1021 952 1023 923 1021 855 1016 853 1016 792 1021 749 1023 732 1019 689 1010 649 1010 647 1010 646 1010 645 1010 632 1019 631 1021 587 1024 530 1018 502 1016 501 1016 484 1018 451 1023 439 1018 424 1011 422 1011 383 1011 382 1011 381 1011 366 1017 354 1022 312 1017 289 1015 288 1015 287 1015 281 1017 273 1019 268 1017 261 1012 260 1012 259 1012 257 1012 256 1012 244 1017 223 1024 202 1016 190 1012 189 1012 188 1012 187 1012 175 1016 164 1019 151 1016 135 1011 134 1011 133 1011 60 1015 61 1045"/></Shape>
	    <String CONTENT="ותטעמו בהר נחלתך מכון לשבתך פעלת"
                    HPOS="60.0"
                    VPOS="1010.0"
                    WIDTH="1089.0"
                    HEIGHT="100.0"
                    WC="0.9994863774627447"></String>
          </TextLine>

          
          
          <TextLine ID="eSc_line_d60907fd"
                    TAGREFS="LT15288"
                    BASELINE="62 1128 1148 1130" 
                    HPOS="61.0"
                    VPOS="1100.0"
                    WIDTH="1087.0"
                    HEIGHT="93.0">
            <Shape><Polygon POINTS="62 1128 61 1180 80 1190 81 1190 82 1191 157 1191 157 1190 159 1190 209 1176 223 1171 460 1162 474 1170 475 1170 477 1170 478 1170 512 1163 525 1171 554 1190 555 1190 557 1190 558 1190 614 1184 637 1191 638 1191 639 1191 640 1191 641 1191 658 1181 702 1190 703 1190 752 1180 792 1191 793 1191 795 1191 873 1176 909 1191 910 1191 911 1193 950 1193 950 1191 951 1191 952 1191 997 1164 1001 1163 1012 1163 1016 1164 1075 1191 1076 1191 1077 1191 1078 1191 1147 1162 1148 1130 1147 1113 1041 1102 1040 1102 1038 1102 1005 1110 1000 1111 992 1110 954 1102 921 1102 919 1102 918 1102 917 1102 906 1109 905 1110 901 1109 875 1102 873 1102 872 1102 839 1108 823 1111 808 1108 782 1102 780 1102 712 1107 647 1111 624 1105 618 1104 617 1104 616 1104 592 1105 514 1110 431 1103 408 1102 407 1102 395 1103 336 1110 299 1102 292 1101 290 1101 283 1102 259 1107 243 1102 242 1102 241 1102 240 1102 239 1102 226 1111 148 1111 129 1101 128 1101 62 1100 62 1128"/></Shape>
	    <String CONTENT="יהוה מקדש אדני כוננו ידיך: יהוה ימלך לעל"
                    HPOS="61.0"
                    VPOS="1100.0"
                    WIDTH="1087.0"
                    HEIGHT="93.0"
                    WC="0.9827945094842178"></String>
          </TextLine>

          
          
          <TextLine ID="eSc_line_076b7cf9"
                    TAGREFS="LT15288"
                    BASELINE="62 1216 1146 1216" 
                    HPOS="62.0"
                    VPOS="1187.0"
                    WIDTH="1084.0"
                    HEIGHT="92.0">
            <Shape><Polygon POINTS="62 1262 120 1276 241 1277 242 1277 243 1277 285 1262 286 1262 287 1262 314 1277 315 1277 316 1279 343 1279 343 1277 345 1277 362 1268 374 1276 375 1276 376 1276 478 1277 479 1277 480 1277 499 1272 563 1277 564 1277 632 1262 634 1262 730 1262 731 1262 771 1276 772 1276 828 1277 829 1277 830 1277 858 1262 859 1262 914 1262 915 1262 929 1272 930 1272 931 1272 932 1272 934 1272 935 1272 950 1262 951 1262 1000 1262 1001 1262 1027 1276 1028 1276 1050 1277 1051 1277 1053 1277 1090 1262 1144 1261 1146 1216 1144 1187 1015 1187 1014 1187 1012 1187 992 1197 948 1188 947 1188 945 1188 915 1198 763 1198 753 1191 752 1191 751 1191 750 1191 749 1191 747 1191 738 1198 670 1198 614 1190 613 1190 612 1190 594 1196 566 1189 565 1189 564 1189 512 1197 452 1190 451 1190 449 1190 448 1190 438 1197 421 1189 419 1188 418 1188 379 1187 378 1187 376 1187 375 1187 372 1189 365 1194 259 1197 241 1191 240 1191 239 1191 204 1197 156 1190 131 1187 130 1187 129 1187 128 1187 123 1190 113 1197 98 1190 97 1190 96 1190 95 1190 94 1190 93 1190 74 1197 64 1190 62 1216 62 1262"/></Shape>
	    <String CONTENT=""
                    HPOS="62.0"
                    VPOS="1187.0"
                    WIDTH="1084.0"
                    HEIGHT="92.0"
                    WC="0.988280575526388"></String>
          </TextLine>

          
          
          <TextLine ID="eSc_line_b04c1fe6"
                    TAGREFS="LT15288"
                    BASELINE="63 1302 1146 1302" 
                    HPOS="63.0"
                    VPOS="1270.0"
                    WIDTH="1083.0"
                    HEIGHT="97.0">
            <Shape><Polygon POINTS="63 1302 63 1355 111 1365 113 1365 114 1365 141 1356 161 1366 162 1366 163 1366 285 1360 321 1366 322 1366 323 1366 325 1366 340 1356 341 1356 347 1356 380 1356 398 1366 399 1366 400 1367 486 1367 486 1366 487 1366 521 1356 522 1356 587 1356 588 1356 603 1366 604 1366 605 1366 606 1366 607 1366 624 1360 641 1366 643 1366 644 1367 795 1367 795 1366 796 1366 811 1359 891 1366 892 1366 894 1366 911 1356 912 1356 915 1356 950 1366 951 1366 952 1366 1015 1365 1016 1365 1034 1356 1035 1356 1082 1356 1083 1356 1101 1365 1102 1365 1103 1365 1144 1356 1146 1302 1143 1281 1084 1282 1080 1280 1070 1274 1069 1274 1068 1274 1067 1274 1034 1280 1015 1282 1001 1279 974 1273 972 1273 971 1273 956 1279 951 1280 945 1279 917 1270 916 1270 915 1270 914 1270 898 1277 895 1280 875 1277 840 1274 839 1274 838 1274 829 1277 819 1281 764 1280 759 1276 751 1270 750 1270 749 1270 676 1270 674 1270 673 1270 672 1270 664 1276 652 1283 570 1283 550 1275 547 1274 546 1274 545 1274 539 1274 497 1281 451 1275 449 1275 448 1275 447 1275 436 1282 400 1276 399 1276 321 1282 272 1273 270 1273 269 1273 249 1283 197 1283 181 1275 180 1275 179 1275 122 1282 96 1270 95 1270 63 1270 63 1302"/></Shape>
	    <String CONTENT=""
                    HPOS="63.0"
                    VPOS="1270.0"
                    WIDTH="1083.0"
                    HEIGHT="97.0"
                    WC="0.9900120160518548"></String>
          </TextLine>

          
          
          <TextLine ID="eSc_line_b8bfebd5"
                    TAGREFS="LT15288"
                    BASELINE="575 1389 1146 1387" 
                    HPOS="574.0"
                    VPOS="1357.0"
                    WIDTH="572.0"
                    HEIGHT="91.0">
            <Shape><Polygon POINTS="575 1389 575 1435 637 1435 638 1435 652 1447 653 1447 654 1447 656 1447 714 1435 716 1435 744 1448 745 1448 746 1448 747 1448 749 1448 749 1447 762 1435 798 1435 826 1448 828 1448 829 1448 830 1448 876 1436 889 1447 890 1447 891 1447 892 1448 974 1448 974 1447 975 1447 1025 1434 1041 1447 1042 1447 1043 1447 1044 1448 1115 1448 1115 1447 1116 1447 1146 1433 1146 1387 1144 1366 1057 1357 1056 1357 1055 1357 1035 1366 1034 1367 967 1367 965 1366 929 1357 928 1357 926 1357 925 1357 925 1359 916 1366 915 1366 734 1359 733 1359 732 1359 709 1367 707 1367 686 1360 685 1360 684 1360 683 1360 681 1360 673 1367 597 1361 596 1361 594 1361 574 1367 575 1389"/></Shape>
	    <String CONTENT="הלכו ביבשה בתוך הים:"
                    HPOS="574.0"
                    VPOS="1357.0"
                    WIDTH="572.0"
                    HEIGHT="91.0"
                    WC="0.9870434658867973"></String>
          </TextLine>

          
          
          <TextLine ID="eSc_line_8bb83c5c"
                    TAGREFS="LT15288"
                    BASELINE="62 1474 1147 1474" 
                    HPOS="62.0"
                    VPOS="1445.0"
                    WIDTH="1085.0"
                    HEIGHT="90.0">
            <Shape><Polygon POINTS="62 1474 62 1527 73 1534 74 1534 75 1534 76 1535 155 1535 155 1534 156 1534 180 1525 188 1521 247 1521 254 1525 270 1533 272 1533 273 1533 274 1533 293 1525 294 1524 295 1525 309 1534 310 1534 312 1534 313 1535 395 1535 395 1534 396 1534 434 1524 446 1521 518 1521 525 1524 548 1534 550 1534 551 1534 552 1534 553 1534 567 1525 585 1533 586 1533 587 1533 588 1533 616 1524 624 1521 661 1521 667 1524 678 1531 679 1531 680 1531 681 1531 734 1524 738 1524 753 1532 755 1532 791 1533 792 1533 851 1524 866 1521 883 1524 957 1534 958 1534 959 1534 961 1534 976 1524 981 1521 1011 1521 1018 1524 1054 1534 1055 1534 1056 1534 1057 1534 1085 1524 1101 1529 1102 1529 1103 1529 1147 1522 1147 1474 1147 1453 1091 1446 1090 1446 1089 1446 1076 1453 992 1453 970 1445 969 1445 968 1445 866 1452 806 1445 805 1445 738 1452 727 1445 726 1445 725 1445 724 1445 723 1445 705 1453 618 1453 603 1445 601 1445 512 1445 511 1445 459 1452 447 1445 446 1445 445 1445 323 1445 322 1445 261 1452 195 1445 194 1445 62 1452 62 1474"/></Shape>
	    <String CONTENT=""
                    HPOS="62.0"
                    VPOS="1445.0"
                    WIDTH="1085.0"
                    HEIGHT="90.0"
                    WC="0.973700387911363"></String>
          </TextLine>

          
          
          <TextLine ID="eSc_line_49092fc7"
                    TAGREFS="LT15288"
                    BASELINE="62 1559 1144 1559" 
                    HPOS="62.0"
                    VPOS="1529.0"
                    WIDTH="1082.0"
                    HEIGHT="90.0">
            <Shape><Polygon POINTS="62 1559 62 1605 88 1618 89 1618 90 1619 220 1619 220 1618 221 1618 222 1618 239 1607 279 1618 280 1618 281 1618 345 1607 349 1607 352 1607 380 1618 381 1618 382 1619 415 1619 415 1618 416 1618 434 1608 442 1605 568 1605 584 1611 593 1614 594 1614 596 1614 618 1611 663 1605 693 1612 706 1615 707 1615 709 1615 722 1613 753 1605 766 1613 772 1618 773 1618 775 1618 776 1618 777 1618 787 1613 810 1605 843 1605 862 1614 869 1618 870 1618 871 1618 903 1615 1011 1605 1032 1617 1035 1618 1036 1618 1037 1619 1143 1619 1144 1559 1143 1541 1098 1531 1097 1531 1012 1540 974 1529 972 1529 971 1529 894 1539 858 1532 857 1532 816 1540 795 1529 793 1529 792 1529 791 1529 769 1541 724 1541 702 1529 700 1529 699 1529 631 1535 534 1529 533 1529 473 1540 405 1532 404 1532 229 1540 200 1529 199 1529 197 1529 196 1529 171 1535 159 1531 157 1531 156 1531 155 1531 154 1531 140 1540 115 1534 114 1534 113 1534 62 1540 62 1559"/></Shape>
	    <String CONTENT=""
                    HPOS="62.0"
                    VPOS="1529.0"
                    WIDTH="1082.0"
                    HEIGHT="90.0"
                    WC="0.9883963273417565"></String>
          </TextLine>

          
          
          <TextLine ID="eSc_line_a42c5733"
                    TAGREFS="LT15288"
                    BASELINE="63 1650 1143 1643" 
                    HPOS="63.0"
                    VPOS="1607.0"
                    WIDTH="1080.0"
                    HEIGHT="99.0">
            <Shape><Polygon POINTS="63 1694 188 1706 189 1706 241 1694 247 1693 252 1694 303 1705 305 1705 306 1705 307 1705 326 1693 327 1693 348 1704 349 1704 351 1704 414 1693 422 1692 429 1693 472 1701 473 1701 530 1692 534 1692 535 1692 552 1704 553 1704 554 1704 555 1705 600 1705 600 1704 601 1704 603 1704 619 1692 627 1692 647 1691 686 1691 689 1692 712 1703 713 1703 714 1703 765 1697 780 1703 782 1703 783 1703 784 1703 806 1696 846 1701 848 1701 849 1701 850 1701 859 1694 883 1701 884 1701 885 1701 886 1701 910 1691 912 1688 962 1688 965 1690 983 1700 984 1700 985 1700 987 1700 988 1700 1022 1691 1077 1700 1078 1700 1143 1688 1143 1643 1141 1620 1036 1620 1032 1619 1015 1608 1014 1608 1012 1608 968 1607 967 1607 965 1607 943 1618 937 1621 894 1618 831 1613 830 1613 829 1613 812 1618 797 1621 785 1618 765 1610 764 1610 720 1610 719 1610 718 1610 703 1617 698 1619 607 1617 605 1617 604 1617 603 1617 590 1622 567 1617 566 1617 565 1617 564 1617 548 1624 507 1615 481 1611 480 1611 479 1611 464 1615 435 1624 394 1614 379 1612 318 1612 316 1612 315 1612 307 1614 273 1626 115 1626 64 1613 63 1650 63 1694"/></Shape>
	    <String CONTENT=""
                    HPOS="63.0"
                    VPOS="1607.0"
                    WIDTH="1080.0"
                    HEIGHT="99.0"
                    WC="0.9890829416421744"></String>
          </TextLine>

          
          
          <TextLine ID="eSc_line_1ee2699b"
                    TAGREFS="LT15288"
                    BASELINE="65 1731 1141 1728" 
                    HPOS="65.0"
                    VPOS="1701.0"
                    WIDTH="1076.0"
                    HEIGHT="88.0">
            <Shape><Polygon POINTS="65 1777 182 1777 190 1778 230 1789 232 1789 233 1789 300 1786 301 1786 302 1786 312 1779 315 1779 352 1786 353 1786 354 1786 373 1780 383 1777 407 1780 451 1787 452 1787 453 1787 465 1780 468 1779 474 1781 491 1786 492 1786 493 1786 494 1786 505 1781 514 1777 525 1781 542 1789 544 1789 545 1789 583 1781 606 1778 625 1783 645 1787 646 1787 647 1787 700 1783 722 1781 726 1783 734 1786 736 1786 737 1786 738 1786 746 1784 760 1778 782 1784 796 1787 797 1787 798 1787 799 1787 808 1784 812 1781 817 1784 822 1787 823 1787 824 1787 825 1787 844 1784 861 1781 884 1785 908 1787 909 1787 910 1787 911 1787 915 1785 926 1778 943 1785 944 1785 945 1785 947 1785 968 1778 989 1785 995 1787 996 1787 997 1787 998 1787 1000 1787 1002 1785 1016 1777 1138 1786 1141 1728 1138 1706 984 1708 965 1706 934 1701 932 1701 908 1706 896 1708 889 1706 873 1701 872 1701 810 1701 809 1701 808 1701 795 1706 790 1708 787 1706 780 1701 779 1701 778 1701 628 1701 627 1701 626 1701 607 1707 599 1710 571 1707 514 1703 513 1703 512 1703 495 1707 488 1710 466 1707 425 1704 424 1704 394 1708 381 1710 375 1708 359 1703 358 1703 356 1703 355 1703 345 1708 341 1710 322 1708 275 1704 274 1704 234 1708 221 1710 209 1708 157 1703 156 1703 155 1703 140 1708 136 1710 65 1710 65 1731 65 1777"/></Shape>
	    <String CONTENT=""
                    HPOS="65.0"
                    VPOS="1701.0"
                    WIDTH="1076.0"
                    HEIGHT="88.0"
                    WC="0.9929443359375"></String>
          </TextLine>

          
          
          <TextLine ID="eSc_line_983fad4a"
                    TAGREFS="LT15288"
                    BASELINE="63 1817 1142 1813" 
                    HPOS="62.0"
                    VPOS="1781.0"
                    WIDTH="1080.0"
                    HEIGHT="97.0">
            <Shape><Polygon POINTS="63 1817 63 1862 97 1877 98 1877 100 1878 162 1878 162 1877 163 1877 195 1862 206 1862 252 1862 276 1877 277 1877 279 1877 280 1877 281 1877 339 1862 420 1877 421 1877 422 1877 478 1860 479 1860 500 1860 501 1860 527 1876 528 1876 530 1876 531 1876 532 1876 565 1860 593 1860 626 1876 627 1876 628 1877 671 1877 671 1876 672 1876 694 1864 734 1860 758 1876 759 1876 760 1876 762 1877 780 1877 780 1876 813 1875 815 1875 816 1875 842 1859 918 1875 919 1876 941 1876 941 1875 942 1875 943 1875 959 1864 1091 1875 1093 1875 1094 1875 1095 1875 1118 1858 1142 1857 1142 1813 1141 1792 1103 1781 1102 1781 1101 1781 1036 1793 1034 1793 1032 1793 1004 1781 1003 1781 949 1781 948 1781 947 1781 914 1793 912 1793 848 1787 846 1787 802 1793 767 1786 766 1786 711 1794 707 1794 703 1794 645 1785 644 1785 548 1794 547 1794 530 1783 528 1783 527 1783 481 1783 480 1783 479 1783 478 1783 460 1794 414 1789 413 1789 319 1796 312 1796 308 1796 261 1789 260 1789 259 1789 240 1796 240 1797 169 1797 169 1796 143 1784 142 1784 101 1784 100 1784 98 1784 62 1796 63 1817"/></Shape>
	    <String CONTENT=""
                    HPOS="62.0"
                    VPOS="1781.0"
                    WIDTH="1080.0"
                    HEIGHT="97.0"
                    WC="0.9818796174866813"></String>
          </TextLine>

          
          
          <TextLine ID="eSc_line_9ebb721d"
                    TAGREFS="LT15288"
                    BASELINE="65 1903 1141 1898" 
                    HPOS="65.0"
                    VPOS="1872.0"
                    WIDTH="1076.0"
                    HEIGHT="93.0">
            <Shape><Polygon POINTS="65 1946 140 1964 141 1965 170 1965 170 1964 171 1964 213 1949 216 1948 234 1949 327 1958 328 1958 329 1958 330 1958 341 1950 347 1946 432 1946 447 1951 484 1962 485 1962 486 1962 487 1962 518 1952 539 1946 563 1953 594 1962 596 1962 597 1962 598 1962 618 1953 639 1945 665 1955 674 1957 676 1957 677 1957 678 1957 686 1955 703 1949 714 1955 729 1962 730 1962 731 1962 732 1962 746 1955 765 1946 785 1956 791 1958 792 1958 793 1958 795 1958 796 1958 798 1956 815 1945 846 1956 856 1959 857 1959 858 1959 859 1959 866 1957 884 1949 898 1957 902 1959 903 1959 904 1959 905 1959 906 1959 911 1957 937 1944 1002 1958 1015 1961 1016 1961 1141 1959 1141 1898 1138 1873 793 1880 757 1877 717 1872 716 1872 714 1872 713 1872 706 1877 705 1878 704 1877 697 1873 696 1873 694 1873 640 1878 605 1880 601 1878 592 1872 591 1872 590 1872 535 1872 534 1872 501 1879 487 1882 474 1879 453 1876 452 1876 412 1880 394 1882 392 1880 382 1873 381 1873 380 1873 306 1873 305 1873 207 1882 193 1883 190 1882 170 1873 169 1873 124 1873 123 1873 122 1873 98 1883 98 1884 65 1884 65 1903 65 1946"/></Shape>
	    <String CONTENT=""
                    HPOS="65.0"
                    VPOS="1872.0"
                    WIDTH="1076.0"
                    HEIGHT="93.0"
                    WC="0.9748728241239275"></String>
          </TextLine>

          
          
          <TextLine ID="eSc_line_8a238b27"
                    TAGREFS="LT15288"
                    BASELINE="71 1983 1138 1989" 
                    HPOS="70.0"
                    VPOS="1955.0"
                    WIDTH="1068.0"
                    HEIGHT="100.0">
            <Shape><Polygon POINTS="71 1983 70 2044 228 2050 229 2050 230 2050 249 2044 270 2038 332 2038 342 2044 352 2049 353 2049 354 2049 355 2049 374 2044 393 2039 561 2039 570 2043 578 2046 579 2046 580 2046 581 2046 583 2046 586 2043 591 2041 600 2043 627 2052 628 2052 630 2054 667 2054 667 2052 669 2052 686 2043 692 2041 703 2043 742 2054 743 2054 952 2055 954 2055 955 2055 978 2045 1029 2055 1030 2055 1031 2055 1055 2043 1107 2050 1108 2050 1109 2050 1137 2042 1138 1989 1137 1968 1104 1959 1103 1959 1102 1959 1084 1966 1080 1969 1068 1966 1029 1959 1028 1959 1027 1959 1004 1965 994 1958 992 1958 991 1958 990 1958 989 1958 967 1966 963 1968 959 1966 942 1957 941 1957 899 1956 898 1956 897 1956 896 1956 881 1965 881 1966 844 1968 836 1965 808 1956 806 1956 711 1955 710 1955 610 1964 581 1968 534 1968 528 1964 518 1957 517 1957 515 1957 514 1957 469 1963 453 1965 421 1963 355 1958 354 1958 353 1958 352 1958 346 1963 340 1966 292 1966 286 1963 279 1957 277 1957 276 1957 275 1957 274 1957 262 1962 260 1964 149 1964 142 1962 126 1955 124 1955 123 1955 122 1955 104 1962 100 1963 71 1962 71 1983"/></Shape>
	    <String CONTENT=""
                    HPOS="70.0"
                    VPOS="1955.0"
                    WIDTH="1068.0"
                    HEIGHT="100.0"
                    WC="0.9778411553965675"></String>
          </TextLine>

          
        </TextBlock>
        

        
      </PrintSpace>
    </Page>
  </Layout>
</alto>
