<?xml version="1.0" encoding="UTF-8"?>
<alto xmlns:xsi="http://www.w3.org/2001/XMLSchema-instance"
      xmlns="http://www.loc.gov/standards/alto/ns-v4#"
      xsi:schemaLocation="http://www.loc.gov/standards/alto/ns-v4# http://www.loc.gov/standards/alto/v4/alto-4-2.xsd">
  <Description>
    <MeasurementUnit>pixel</MeasurementUnit>
    <sourceImageInformation>
      <fileName>IE87705976_00036.jpg</fileName>
      <fileIdentifier>mets//export_doc4366_1col_14_copy_alto_202404261215.zip/IE87705976_00036.jpg</fileIdentifier>
    </sourceImageInformation>
  </Description>
  
  <Tags>
    <OtherTag ID="BT8356" LABEL="MainLeft" DESCRIPTION="block type MainLeft"/><OtherTag ID="BT8355" LABEL="MainRight" DESCRIPTION="block type MainRight"/><OtherTag ID="BT6914" LABEL="Handwritten" DESCRIPTION="block type Handwritten"/><OtherTag ID="BT6913" LABEL="RunningHeader" DESCRIPTION="block type RunningHeader"/><OtherTag ID="BT6912" LABEL="Catchword" DESCRIPTION="block type Catchword"/><OtherTag ID="BT6911" LABEL="Margin" DESCRIPTION="block type Margin"/><OtherTag ID="BT6910" LABEL="FooterCentral" DESCRIPTION="block type FooterCentral"/><OtherTag ID="BT6909" LABEL="MainCentral" DESCRIPTION="block type MainCentral"/><OtherTag ID="BT6908" LABEL="Header" DESCRIPTION="block type Header"/><OtherTag ID="BT4" LABEL="Illustration" DESCRIPTION="block type Illustration"/><OtherTag ID="BT3" LABEL="Commentary" DESCRIPTION="block type Commentary"/><OtherTag ID="BT2" LABEL="Main" DESCRIPTION="block type Main"/><OtherTag ID="BT1" LABEL="Title" DESCRIPTION="block type Title"/>
    <OtherTag ID="LT15938" LABEL="MainLeft" DESCRIPTION="line type MainLeft"/><OtherTag ID="LT15937" LABEL="MainRight" DESCRIPTION="line type MainRight"/><OtherTag ID="LT15289" LABEL="Handwritten" DESCRIPTION="line type Handwritten"/><OtherTag ID="LT15288" LABEL="MainCentral" DESCRIPTION="line type MainCentral"/><OtherTag ID="LT15287" LABEL="NotMain" DESCRIPTION="line type NotMain"/>
  </Tags>
  
  <Layout>
    <Page WIDTH="1120"
          HEIGHT="1426"
          PHYSICAL_IMG_NR="46"
          ID="eSc_dummypage_">
      <PrintSpace HPOS="0"
                  VPOS="0"
                  WIDTH="1120"
                  HEIGHT="1426">
        
        <TextBlock HPOS="6.0"
                   VPOS="145.0"
                   WIDTH="987.0"
                   HEIGHT="1223.0"
                   ID="eSc_textblock_1c4d4aac"
                   TAGREFS="BT6909">
          <Shape><Polygon POINTS="554 145 986 148 993 1352 980 1368 323 1368 6 1355 12 167 22 155 72 148 554 145"/></Shape>
          
          
          <TextLine ID="eSc_line_31c1e812"
                    TAGREFS="LT15288"
                    BASELINE="22 175 343 179 976 175" 
                    HPOS="22.0"
                    VPOS="149.0"
                    WIDTH="954.0"
                    HEIGHT="79.0">
            <Shape><Polygon POINTS="37 152 29 153 22 153 22 175 22 228 63 228 64 228 104 209 145 209 183 219 183 219 184 219 185 219 203 211 220 214 221 214 221 214 238 209 317 214 317 214 353 213 354 213 367 208 417 208 434 213 435 213 435 213 462 208 508 228 509 228 510 228 558 228 558 228 573 228 607 227 608 227 653 210 684 224 684 224 715 227 716 228 736 228 759 228 759 227 760 227 823 207 857 221 858 221 859 221 860 221 892 206 945 226 946 226 947 227 975 227 976 175 974 149 951 156 924 149 923 149 922 149 921 149 895 156 850 151 849 151 792 155 782 152 781 152 780 152 779 152 766 156 702 150 701 150 613 156 587 152 501 151 500 151 500 151 486 157 457 152 456 152 391 157 378 151 377 151 358 151 345 151 344 151 309 157 225 152 225 152 224 152 210 158 190 152 189 152 188 152 187 152 171 159 118 159 99 153 99 153 38 152 37 152"/></Shape>
	    <String CONTENT=""
                    HPOS="22.0"
                    VPOS="149.0"
                    WIDTH="954.0"
                    HEIGHT="79.0"
                    WC="0.9991613884229917"></String>
          </TextLine>

          
          
          <TextLine ID="eSc_line_5355115a"
                    TAGREFS="LT15288"
                    BASELINE="270 254 709 251" 
                    HPOS="269.0"
                    VPOS="231.0"
                    WIDTH="440.0"
                    HEIGHT="61.0">
            <Shape><Polygon POINTS="270 254 270 284 294 289 295 289 296 289 303 285 309 282 312 285 315 287 315 288 316 288 317 288 317 288 318 288 324 285 334 279 351 284 352 284 353 284 354 284 363 279 371 285 373 287 374 287 374 287 375 287 376 287 380 285 389 282 397 285 402 289 403 289 404 289 405 289 411 286 429 278 439 286 444 291 445 291 446 291 447 292 475 292 475 291 476 291 477 291 481 287 490 281 519 287 533 290 534 290 535 290 539 288 558 277 599 277 607 284 607 285 607 285 608 285 609 285 610 285 620 280 629 289 629 289 630 289 630 289 631 289 638 289 653 286 654 286 655 286 655 285 661 280 685 289 686 289 687 290 709 290 709 251 707 232 590 235 579 233 560 231 559 231 558 231 548 234 545 235 543 234 541 232 541 231 540 231 539 231 511 231 510 231 431 235 416 236 414 236 406 232 405 232 405 232 404 232 394 236 393 236 390 236 362 232 361 232 318 236 314 236 312 236 286 232 286 232 285 232 269 236 270 254"/></Shape>
	    <String CONTENT=""
                    HPOS="269.0"
                    VPOS="231.0"
                    WIDTH="440.0"
                    HEIGHT="61.0"
                    WC="0.9896329202150044"></String>
          </TextLine>

          
          
          <TextLine ID="eSc_line_977ee61b"
                    TAGREFS="LT15288"
                    BASELINE="280 325 978 324" 
                    HPOS="279.0"
                    VPOS="301.0"
                    WIDTH="699.0"
                    HEIGHT="53.0">
            <Shape><Polygon POINTS="280 325 280 354 340 354 340 354 368 341 380 347 381 347 382 347 401 344 431 350 431 350 466 345 490 353 494 354 495 354 496 354 506 352 525 350 541 352 547 353 548 353 549 353 552 352 562 348 567 351 568 351 569 351 569 351 570 351 578 347 609 351 628 354 629 354 630 354 630 354 634 351 647 343 663 350 668 353 668 353 669 353 670 353 671 353 673 350 678 348 707 350 707 350 708 350 709 350 726 340 813 340 839 346 840 346 840 346 871 344 879 348 881 350 882 350 883 350 883 350 884 350 885 350 887 348 896 343 914 348 923 350 924 350 925 350 944 348 949 347 951 347 966 352 967 352 967 352 968 352 978 347 978 324 977 306 915 306 896 301 895 301 894 301 894 301 879 307 863 312 833 308 832 308 831 308 822 313 711 313 703 309 684 301 684 301 683 301 647 309 637 302 636 302 635 302 634 302 634 302 622 308 595 301 594 301 564 308 513 301 512 301 473 308 457 301 456 301 455 301 409 306 379 301 378 301 348 306 321 302 320 302 292 306 291 306 290 306 279 312 280 325"/></Shape>
	    <String CONTENT=""
                    HPOS="279.0"
                    VPOS="301.0"
                    WIDTH="699.0"
                    HEIGHT="53.0"
                    WC="0.9943856709712261"></String>
          </TextLine>

          
          
          <TextLine ID="eSc_line_3d3e4696"
                    TAGREFS="LT15288"
                    BASELINE="16 382 976 384" 
                    HPOS="15.0"
                    VPOS="357.0"
                    WIDTH="961.0"
                    HEIGHT="65.0">
            <Shape><Polygon POINTS="16 382 15 415 25 420 26 420 26 421 84 421 84 420 84 420 100 415 111 420 112 420 113 421 198 421 198 420 198 420 207 416 231 404 293 413 294 413 364 406 403 411 404 411 432 404 484 404 495 410 496 410 496 410 513 407 539 414 540 414 541 414 576 406 601 411 602 411 603 411 624 406 678 415 679 415 680 415 701 405 718 412 718 412 719 412 762 405 810 405 836 411 837 411 837 411 838 411 856 405 887 421 888 421 889 421 890 422 974 422 976 384 975 363 936 358 935 358 745 362 700 358 699 358 677 363 646 363 593 363 592 363 577 358 576 358 545 358 544 358 499 363 490 365 328 365 324 363 302 357 301 357 275 357 274 357 273 357 251 363 250 363 232 359 231 359 230 359 217 363 214 365 169 365 168 363 154 357 153 357 152 357 152 357 134 361 97 357 96 357 95 357 84 363 16 363 16 382"/></Shape>
	    <String CONTENT=""
                    HPOS="15.0"
                    VPOS="357.0"
                    WIDTH="961.0"
                    HEIGHT="65.0"
                    WC="0.9903032590042461"></String>
          </TextLine>

          
          
          <TextLine ID="eSc_line_4cdda5a2"
                    TAGREFS="LT15288"
                    BASELINE="16 442 862 441" 
                    HPOS="15.0"
                    VPOS="419.0"
                    WIDTH="847.0"
                    HEIGHT="63.0">
            <Shape><Polygon POINTS="16 442 16 467 126 467 133 469 162 481 163 481 164 481 191 476 214 481 214 481 215 481 241 471 252 467 302 467 321 472 350 481 351 481 351 482 429 482 429 481 430 481 431 481 442 474 455 466 472 472 473 472 473 472 539 466 558 476 565 480 566 480 567 481 629 481 629 480 630 480 636 477 653 467 679 466 707 478 712 480 713 480 714 481 732 481 732 480 733 480 736 479 760 466 769 466 801 478 802 478 860 480 862 441 861 422 829 419 829 419 828 419 822 422 810 427 787 422 774 419 773 419 772 419 764 422 749 427 721 422 712 421 711 421 710 421 706 423 688 427 615 423 607 423 607 423 584 423 402 427 332 427 324 424 304 420 275 420 274 420 273 420 264 424 262 426 259 424 252 420 251 420 250 420 213 424 202 420 201 420 200 420 199 420 188 425 185 426 176 425 150 422 149 422 133 425 126 427 124 425 114 420 114 420 72 420 72 420 46 426 41 427 38 426 27 420 26 420 26 420 25 420 15 425 16 442"/></Shape>
	    <String CONTENT=""
                    HPOS="15.0"
                    VPOS="419.0"
                    WIDTH="847.0"
                    HEIGHT="63.0"
                    WC="0.9991666737355684"></String>
          </TextLine>

          
          
          <TextLine ID="eSc_line_fc491ea0"
                    TAGREFS="LT15288"
                    BASELINE="15 501 979 499" 
                    HPOS="15.0"
                    VPOS="479.0"
                    WIDTH="964.0"
                    HEIGHT="62.0">
            <Shape><Polygon POINTS="15 501 15 527 41 540 42 540 42 541 232 541 232 540 233 540 246 533 266 540 267 540 267 541 322 541 322 540 323 540 341 530 346 533 347 533 347 533 348 533 370 526 378 523 414 523 418 525 424 528 425 528 426 528 453 525 469 523 472 525 489 533 489 533 490 533 524 525 531 523 538 525 564 529 565 529 601 524 611 523 619 524 657 529 657 529 714 523 727 522 730 523 746 530 747 530 748 530 749 530 775 523 779 522 792 523 831 526 856 538 857 538 858 539 887 539 887 538 888 538 922 522 978 522 979 499 978 484 887 479 886 479 864 484 860 484 856 484 840 479 839 479 838 479 837 479 823 484 822 484 821 484 800 480 799 480 743 484 722 485 711 484 672 479 671 479 636 484 624 487 485 487 481 485 473 481 472 481 471 481 426 485 414 486 412 485 401 481 400 481 399 481 336 485 314 487 306 486 279 480 278 480 245 486 239 487 234 486 214 480 213 480 119 480 118 480 82 485 28 480 27 480 26 480 15 485 15 501"/></Shape>
	    <String CONTENT=""
                    HPOS="15.0"
                    VPOS="479.0"
                    WIDTH="964.0"
                    HEIGHT="62.0"
                    WC="0.9826133251190186"></String>
          </TextLine>

          
          
          <TextLine ID="eSc_line_86da0d14"
                    TAGREFS="LT15288"
                    BASELINE="15 560 981 557" 
                    HPOS="14.0"
                    VPOS="536.0"
                    WIDTH="967.0"
                    HEIGHT="70.0">
            <Shape><Polygon POINTS="15 560 15 606 73 605 74 605 75 605 98 594 107 595 107 595 108 595 136 587 165 590 190 602 192 603 193 603 227 605 228 605 229 605 237 601 268 587 329 591 345 598 355 603 356 603 357 603 387 598 401 595 410 597 437 604 438 604 439 604 439 604 458 596 484 586 567 586 591 593 623 603 623 603 646 604 646 604 647 604 680 591 691 587 699 590 726 602 726 602 727 602 728 602 737 599 748 603 749 603 749 603 750 603 795 591 830 603 831 603 832 603 833 603 867 587 872 585 886 587 906 589 907 589 980 584 981 557 979 545 961 545 959 545 941 537 940 537 940 537 908 545 902 545 886 545 841 541 840 541 840 541 829 544 823 546 771 546 764 543 747 537 746 537 745 537 745 537 732 543 726 546 649 546 639 542 634 541 634 541 633 541 632 541 629 542 620 547 559 547 527 541 492 536 408 536 407 536 406 536 397 540 336 536 336 536 335 536 327 540 312 547 255 546 238 539 236 538 235 538 234 538 229 539 192 546 14 537 15 560"/></Shape>
	    <String CONTENT=""
                    HPOS="14.0"
                    VPOS="536.0"
                    WIDTH="967.0"
                    HEIGHT="70.0"
                    WC="0.981820884015825"></String>
          </TextLine>

          
          
          <TextLine ID="eSc_line_d034b027"
                    TAGREFS="LT15288"
                    BASELINE="222 621 753 616" 
                    HPOS="221.0"
                    VPOS="595.0"
                    WIDTH="532.0"
                    HEIGHT="62.0">
            <Shape><Polygon POINTS="222 621 222 639 244 639 244 639 271 657 272 657 273 657 274 657 344 656 345 656 346 656 351 652 374 656 374 656 375 656 376 656 393 643 399 637 421 644 426 644 427 644 428 644 435 644 481 637 500 643 501 643 502 643 503 643 504 643 511 637 516 641 516 641 517 641 518 641 531 641 537 646 546 654 546 655 547 655 548 655 549 655 579 654 580 654 581 654 581 653 588 648 601 636 629 636 640 644 641 644 642 644 642 644 671 644 681 648 682 648 683 648 684 648 699 640 711 650 715 653 716 653 717 653 718 653 753 651 753 616 752 602 699 595 698 595 697 595 696 595 696 596 690 602 687 602 657 602 583 602 582 602 568 597 567 597 566 597 543 602 537 603 535 602 530 598 529 598 528 598 527 598 511 602 506 598 506 597 505 597 504 597 486 597 485 597 463 602 461 602 450 602 406 600 405 600 405 600 399 602 392 605 360 602 329 600 328 600 221 602 222 621"/></Shape>
	    <String CONTENT=""
                    HPOS="221.0"
                    VPOS="595.0"
                    WIDTH="532.0"
                    HEIGHT="62.0"
                    WC="0.9788978719711303"></String>
          </TextLine>

          
          
          <TextLine ID="eSc_line_24fc59b3"
                    TAGREFS="LT15288"
                    BASELINE="13 675 977 678" 
                    HPOS="12.0"
                    VPOS="651.0"
                    WIDTH="965.0"
                    HEIGHT="66.0">
            <Shape><Polygon POINTS="13 675 12 714 129 715 130 715 131 715 133 714 163 703 207 710 208 710 242 703 267 714 271 716 271 716 272 716 288 716 288 716 289 716 294 714 335 701 424 701 441 706 442 706 443 706 443 706 458 701 544 701 589 714 596 716 597 716 598 716 607 714 657 702 688 706 688 706 703 703 730 714 734 716 735 716 736 716 737 716 744 714 766 708 783 714 792 717 793 717 794 717 795 717 803 713 818 708 837 713 847 716 848 716 848 716 870 713 875 713 882 713 924 717 925 717 925 717 938 713 957 708 974 713 977 678 976 656 883 653 883 653 861 656 833 660 825 656 823 655 822 655 821 655 812 656 780 659 772 656 764 653 763 653 729 652 728 652 710 656 688 662 668 656 664 655 663 655 662 655 634 656 516 662 496 656 492 655 491 655 490 655 471 657 443 659 436 657 429 655 428 655 428 655 427 655 420 657 407 662 255 662 216 657 198 655 197 655 180 657 152 660 140 657 114 651 114 651 82 651 81 651 80 651 64 657 63 658 13 658 13 675"/></Shape>
	    <String CONTENT="אלהינו ואלהי אבותינו זכרנו בזכרון טוב לפניך"
                    HPOS="12.0"
                    VPOS="651.0"
                    WIDTH="965.0"
                    HEIGHT="66.0"
                    WC="0.9920599203218113"></String>
          </TextLine>

          
          
          <TextLine ID="eSc_line_d56906f9"
                    TAGREFS="LT15288"
                    BASELINE="11 732 830 734" 
                    HPOS="10.0"
                    VPOS="712.0"
                    WIDTH="820.0"
                    HEIGHT="58.0">
            <Shape><Polygon POINTS="11 732 10 759 25 769 26 769 26 769 27 770 49 770 49 769 49 769 82 758 84 758 95 758 152 763 152 763 153 763 166 760 184 769 185 769 186 770 197 770 197 769 198 769 198 769 214 759 217 758 223 759 241 765 242 765 243 765 289 760 315 758 389 758 402 761 427 768 428 768 428 768 429 768 442 762 448 758 466 762 491 766 492 766 493 766 501 762 508 758 531 758 542 762 561 770 561 770 562 770 623 770 623 770 623 770 635 763 643 759 650 763 662 770 663 770 664 770 676 770 676 770 676 770 687 764 696 758 717 764 738 770 739 770 740 770 818 770 818 770 819 770 829 765 830 734 830 721 808 713 807 713 741 713 741 713 740 713 726 720 718 715 718 715 717 715 716 715 715 715 706 720 703 722 679 722 672 719 662 716 661 716 661 716 638 719 624 720 607 718 571 713 570 713 569 713 556 718 546 722 511 722 500 717 493 714 492 714 491 714 470 716 437 721 416 716 411 715 410 715 409 715 409 715 406 716 397 721 365 721 354 716 352 715 351 715 351 715 346 716 329 718 315 715 303 713 302 713 277 714 208 720 186 713 185 713 184 713 137 713 136 713 133 713 102 720 11 712 11 732"/></Shape>
	    <String CONTENT="ופקדנו בפקדת ישועה ורחמים משמי שמי"
                    HPOS="10.0"
                    VPOS="712.0"
                    WIDTH="820.0"
                    HEIGHT="58.0"
                    WC="0.998726521219526"></String>
          </TextLine>

          
          
          <TextLine ID="eSc_line_a9534b53"
                    TAGREFS="LT15288"
                    BASELINE="10 793 984 794" 
                    HPOS="9.0"
                    VPOS="772.0"
                    WIDTH="975.0"
                    HEIGHT="56.0">
            <Shape><Polygon POINTS="10 793 9 826 26 827 26 827 27 827 28 827 51 816 68 819 68 819 105 815 121 823 122 823 122 823 190 816 219 827 220 827 221 827 221 827 224 827 264 819 295 827 297 827 298 827 421 827 421 827 422 827 439 819 451 822 451 822 452 822 493 815 581 823 582 823 623 816 645 822 646 822 646 822 732 816 753 824 753 824 754 824 755 824 785 816 811 816 837 825 837 825 838 825 839 825 867 816 928 827 929 828 982 828 984 794 983 777 877 779 867 777 854 773 853 773 756 773 755 773 754 773 744 777 738 779 694 779 663 777 618 773 617 773 616 773 603 777 597 779 554 779 499 779 489 777 463 772 462 772 377 777 361 777 357 777 336 772 336 772 335 772 317 777 317 777 233 778 225 777 200 772 199 772 198 772 182 777 176 778 36 778 35 777 27 774 26 774 26 774 10 777 10 793"/></Shape>
	    <String CONTENT="קדם וזכר לנו יהוה אלהינו אהבת הקדמונים אברהם יצחק"
                    HPOS="9.0"
                    VPOS="772.0"
                    WIDTH="975.0"
                    HEIGHT="56.0"
                    WC="0.9925335695346197"></String>
          </TextLine>

          
          
          <TextLine ID="eSc_line_46e043c6"
                    TAGREFS="LT15288"
                    BASELINE="7 851 985 851" 
                    HPOS="7.0"
                    VPOS="831.0"
                    WIDTH="978.0"
                    HEIGHT="53.0">
            <Shape><Polygon POINTS="7 851 7 874 26 883 27 883 28 884 102 884 102 883 153 875 179 875 196 883 197 883 198 883 244 875 245 875 248 875 330 880 331 880 395 875 401 875 401 875 417 883 418 883 419 884 450 884 450 883 451 883 465 876 529 883 530 883 531 883 550 875 551 875 555 875 594 881 595 881 596 881 611 876 613 875 615 876 639 883 640 883 641 883 684 878 759 883 760 883 760 883 775 876 775 876 776 876 806 883 807 883 808 883 825 876 828 875 833 876 856 881 857 881 895 876 905 875 913 876 941 880 942 880 943 880 951 876 953 875 983 876 985 851 984 838 942 831 809 831 808 831 781 837 777 838 772 837 740 832 739 832 710 837 702 838 666 837 551 832 550 832 550 832 540 836 535 838 494 838 489 835 480 831 479 831 478 831 446 835 427 838 359 838 352 835 347 833 346 833 345 833 314 835 281 837 259 835 238 832 237 832 221 835 197 838 163 834 136 831 135 831 108 834 75 837 7 834 7 851"/></Shape>
	    <String CONTENT="וישראל עבדיך את־הברית ואת־החסד ואת־השבועה"
                    HPOS="7.0"
                    VPOS="831.0"
                    WIDTH="978.0"
                    HEIGHT="53.0"
                    WC="0.9934338491137434"></String>
          </TextLine>

          
          
          <TextLine ID="eSc_line_ab6668d2"
                    TAGREFS="LT15288"
                    BASELINE="5 907 424 911 985 908" 
                    HPOS="4.0"
                    VPOS="890.0"
                    WIDTH="981.0"
                    HEIGHT="63.0">
            <Shape><Polygon POINTS="5 907 4 938 32 949 33 949 34 949 55 946 87 952 87 953 114 953 114 952 114 952 131 944 163 952 164 952 164 953 259 953 259 952 259 952 294 940 300 938 552 938 560 941 571 946 572 946 573 947 621 947 631 952 632 952 633 952 634 952 668 942 684 938 747 938 761 943 785 952 786 952 787 953 871 953 871 952 872 952 884 948 896 952 897 952 898 953 970 953 970 952 970 952 984 945 985 908 985 895 970 890 969 890 968 890 967 890 951 895 947 895 944 894 924 890 923 890 866 894 851 896 813 896 810 894 802 890 801 890 800 890 753 893 733 895 5 891 5 907"/></Shape>
	    <String CONTENT="שנשבעת לאברהם אבינו בהר המריה ואת־העקדה שעקד"
                    HPOS="4.0"
                    VPOS="890.0"
                    WIDTH="981.0"
                    HEIGHT="63.0"
                    WC="0.9877984921137491"></String>
          </TextLine>

          
          
          <TextLine ID="eSc_line_c2e2296a"
                    TAGREFS="LT15288"
                    BASELINE="63 968 926 972" 
                    HPOS="62.0"
                    VPOS="949.0"
                    WIDTH="864.0"
                    HEIGHT="66.0">
            <Shape><Polygon POINTS="63 968 62 1001 99 1002 121 1012 122 1012 122 1012 152 1006 174 1012 175 1012 175 1012 176 1012 202 1003 221 1012 222 1012 223 1013 246 1013 246 1012 247 1012 265 1003 267 1002 298 1002 300 1004 312 1010 313 1010 313 1010 314 1010 328 1005 347 1013 347 1013 348 1014 377 1014 377 1013 378 1013 393 1005 395 1004 397 1005 405 1009 406 1009 407 1009 424 1006 428 1005 429 1006 448 1013 449 1013 500 1014 500 1014 501 1014 523 1006 531 1004 545 1004 550 1006 564 1014 565 1014 565 1014 608 1007 630 1004 657 1008 665 1009 666 1009 673 1008 699 1004 713 1009 729 1014 730 1014 730 1014 731 1014 746 1010 763 1013 764 1013 764 1013 773 1009 782 1005 791 1010 801 1014 802 1014 802 1015 843 1015 843 1014 844 1014 852 1010 863 1005 884 1005 900 1010 906 1013 907 1013 908 1013 925 1010 926 972 925 952 866 957 749 957 712 952 703 951 702 951 701 951 696 952 682 956 653 952 641 951 640 951 622 953 578 956 219 955 212 953 187 949 187 949 156 953 149 954 63 954 63 968"/></Shape>
	    <String CONTENT="את־יצחק בנו על גבי המזבח ככתוב בתורתך:"
                    HPOS="62.0"
                    VPOS="949.0"
                    WIDTH="864.0"
                    HEIGHT="66.0"
                    WC="0.9830012462641063"></String>
          </TextLine>

          
          
          <TextLine ID="eSc_line_49b7c90d"
                    TAGREFS="LT15288"
                    BASELINE="826 1026 986 1026" 
                    HPOS="826.0"
                    VPOS="1008.0"
                    WIDTH="160.0"
                    HEIGHT="46.0">
            <Shape><Polygon POINTS="826 1026 826 1048 890 1054 890 1054 891 1054 908 1050 970 1054 970 1054 971 1054 986 1048 986 1026 986 1014 976 1008 975 1008 974 1008 974 1008 951 1012 929 1008 928 1008 928 1008 913 1016 912 1017 868 1017 868 1016 852 1008 851 1008 850 1008 849 1008 848 1008 848 1009 840 1016 840 1017 826 1017 826 1026"/></Shape>
	    <String CONTENT=""
                    HPOS="826.0"
                    VPOS="1008.0"
                    WIDTH="160.0"
                    HEIGHT="46.0"
                    WC="0.9721173703670501"></String>
          </TextLine>

          
          
          <TextLine ID="eSc_line_6901086a"
                    TAGREFS="LT15288"
                    BASELINE="4 1087 982 1086" 
                    HPOS="3.0"
                    VPOS="1060.0"
                    WIDTH="979.0"
                    HEIGHT="65.0">
            <Shape><Polygon POINTS="4 1087 4 1123 137 1124 137 1124 138 1124 145 1121 166 1111 179 1117 180 1117 181 1117 214 1112 240 1113 256 1120 270 1124 271 1124 271 1125 323 1125 323 1124 324 1124 340 1118 347 1116 357 1118 370 1120 370 1120 371 1120 383 1117 402 1113 415 1117 421 1119 422 1119 423 1119 436 1117 475 1109 518 1110 528 1115 532 1117 533 1117 534 1117 561 1115 642 1109 653 1113 667 1119 668 1119 668 1119 669 1119 691 1113 705 1109 730 1112 753 1115 753 1115 787 1111 811 1109 818 1111 835 1117 836 1117 837 1117 837 1117 856 1110 857 1109 859 1110 869 1115 870 1115 871 1115 982 1108 982 1086 981 1069 935 1070 928 1068 917 1065 917 1065 916 1065 915 1065 903 1068 894 1071 786 1071 760 1067 727 1063 726 1063 689 1067 652 1070 632 1066 613 1062 612 1062 611 1062 601 1066 590 1070 581 1065 569 1060 569 1060 549 1060 548 1060 547 1060 532 1065 516 1071 490 1071 456 1064 438 1061 369 1061 368 1061 367 1061 361 1063 344 1071 319 1063 318 1063 317 1063 316 1063 271 1067 259 1063 256 1062 255 1062 254 1062 247 1063 199 1071 180 1064 179 1064 179 1064 121 1066 97 1061 93 1061 92 1061 89 1061 52 1070 35 1063 34 1063 3 1061 4 1087"/></Shape>
	    <String CONTENT="ויהי אחר הדברים האלה והאלהים נסה את־אברהם"
                    HPOS="3.0"
                    VPOS="1060.0"
                    WIDTH="979.0"
                    HEIGHT="65.0"
                    WC="0.9965957914079938"></String>
          </TextLine>

          
          
          <TextLine ID="eSc_line_6079471d"
                    TAGREFS="LT15288"
                    BASELINE="4 1147 894 1146" 
                    HPOS="4.0"
                    VPOS="1130.0"
                    WIDTH="890.0"
                    HEIGHT="50.0">
            <Shape><Polygon POINTS="893 1130 4 1130 4 1147 6 1180 13 1176 107 1178 132 1179 133 1179 133 1179 135 1178 145 1174 163 1178 164 1178 164 1178 179 1172 210 1178 215 1178 216 1178 217 1178 221 1178 260 1167 310 1167 321 1172 321 1172 322 1172 323 1172 336 1169 346 1173 347 1173 347 1173 408 1167 424 1174 425 1174 431 1175 454 1176 454 1176 464 1174 514 1166 530 1174 537 1178 538 1178 538 1178 539 1178 553 1174 572 1168 581 1173 582 1173 583 1173 584 1173 598 1168 619 1173 630 1175 630 1175 646 1173 682 1166 692 1172 697 1174 698 1174 699 1174 699 1174 707 1172 715 1170 725 1172 742 1176 743 1176 764 1171 787 1166 795 1171 802 1174 803 1174 840 1177 841 1177 842 1177 864 1170 878 1166 891 1170 894 1146 893 1130"/></Shape>
	    <String CONTENT="ויאמר אליו אברהם ויאמר הנני: ויאמר קח־נא"
                    HPOS="4.0"
                    VPOS="1130.0"
                    WIDTH="890.0"
                    HEIGHT="50.0"
                    WC="0.9920150667428971"></String>
          </TextLine>

          
          
          <TextLine ID="eSc_line_b4dce7dd"
                    TAGREFS="LT15288"
                    BASELINE="8 1204 984 1205" 
                    HPOS="7.0"
                    VPOS="1182.0"
                    WIDTH="977.0"
                    HEIGHT="66.0">
            <Shape><Polygon POINTS="8 1204 7 1230 38 1235 39 1235 83 1232 103 1242 104 1242 105 1242 106 1242 127 1231 151 1231 183 1246 183 1246 184 1247 313 1247 313 1246 313 1246 341 1234 374 1231 548 1231 580 1247 581 1247 581 1247 605 1243 635 1247 636 1247 637 1247 649 1242 665 1247 666 1247 667 1248 755 1248 755 1247 756 1247 775 1239 808 1247 809 1248 880 1248 880 1247 881 1247 909 1235 982 1231 984 1205 984 1191 970 1184 969 1184 912 1184 911 1184 910 1184 895 1190 894 1191 816 1191 813 1189 800 1185 799 1185 798 1185 703 1189 688 1189 685 1188 672 1184 671 1184 629 1184 628 1184 627 1184 618 1188 615 1189 605 1187 580 1184 579 1184 578 1184 569 1187 560 1190 548 1187 545 1186 544 1186 543 1186 535 1187 497 1190 471 1186 460 1185 459 1185 458 1185 452 1186 438 1190 351 1190 337 1185 332 1183 331 1183 289 1183 288 1183 287 1183 284 1185 274 1190 180 1190 163 1183 161 1183 160 1183 108 1183 107 1183 107 1183 93 1190 71 1190 8 1182 8 1204"/></Shape>
	    <String CONTENT="את־בנך את־יחידך אשר־אהבת את־יצחק ולך־לך אל־"
                    HPOS="7.0"
                    VPOS="1182.0"
                    WIDTH="977.0"
                    HEIGHT="66.0"
                    WC="0.9737472963887591"></String>
          </TextLine>

          
          
          <TextLine ID="eSc_line_4b4cc7c3"
                    TAGREFS="LT15288"
                    BASELINE="5 1263 984 1264" 
                    HPOS="4.0"
                    VPOS="1242.0"
                    WIDTH="980.0"
                    HEIGHT="58.0">
            <Shape><Polygon POINTS="5 1263 4 1284 62 1292 63 1292 98 1285 101 1285 102 1285 117 1292 118 1292 118 1292 144 1286 149 1285 212 1285 217 1288 221 1289 221 1289 222 1289 235 1288 252 1285 262 1288 268 1290 269 1290 270 1290 271 1290 275 1288 279 1286 288 1288 298 1291 298 1291 299 1291 313 1288 336 1285 345 1289 366 1299 366 1299 367 1300 478 1300 478 1299 479 1299 498 1292 516 1285 545 1292 546 1292 578 1291 579 1291 593 1285 620 1292 621 1292 622 1292 642 1285 653 1289 654 1289 655 1289 722 1285 749 1293 750 1293 751 1293 752 1293 772 1285 804 1285 831 1297 836 1299 837 1299 837 1300 982 1300 984 1264 983 1250 890 1250 889 1249 882 1246 881 1246 880 1246 861 1249 856 1250 853 1249 837 1244 837 1244 836 1244 806 1248 792 1244 791 1244 791 1244 722 1248 682 1250 675 1247 661 1242 661 1242 638 1242 637 1242 636 1242 624 1246 615 1250 594 1250 584 1246 573 1242 573 1242 572 1242 571 1242 561 1246 557 1248 546 1246 538 1245 538 1245 537 1245 532 1246 519 1250 510 1246 503 1242 502 1242 501 1242 478 1246 465 1247 450 1246 429 1242 428 1242 413 1245 388 1250 378 1245 373 1242 372 1242 334 1242 333 1242 324 1244 298 1250 150 1246 149 1246 70 1250 53 1242 52 1242 5 1242 5 1263"/></Shape>
	    <String CONTENT="ארץ המריה והעלהו שם לעלה על אחד ההרים אשר"
                    HPOS="4.0"
                    VPOS="1242.0"
                    WIDTH="980.0"
                    HEIGHT="58.0"
                    WC="0.9712763613178617"></String>
          </TextLine>

          
          
          <TextLine ID="eSc_line_6a321a67"
                    TAGREFS="LT15288"
                    BASELINE="4 1323 984 1321" 
                    HPOS="3.0"
                    VPOS="1303.0"
                    WIDTH="981.0"
                    HEIGHT="68.0">
            <Shape><Polygon POINTS="4 1323 4 1361 64 1361 64 1361 84 1370 84 1370 85 1371 107 1371 107 1370 107 1370 127 1361 128 1361 152 1361 152 1361 172 1370 173 1370 174 1370 175 1370 205 1361 206 1361 244 1361 246 1361 273 1370 274 1370 275 1371 298 1371 298 1370 298 1370 314 1364 355 1370 356 1370 408 1366 434 1370 435 1370 435 1370 455 1361 456 1361 481 1361 504 1361 523 1369 524 1369 525 1370 592 1370 592 1369 647 1361 653 1360 657 1361 694 1369 695 1369 756 1361 762 1360 765 1361 794 1369 795 1369 795 1370 848 1370 848 1369 883 1362 924 1369 925 1369 925 1369 946 1361 947 1360 982 1360 984 1321 983 1307 957 1303 956 1303 955 1303 948 1306 947 1307 867 1307 863 1306 856 1303 855 1303 818 1303 818 1303 817 1303 810 1306 806 1308 741 1308 730 1306 714 1303 713 1303 692 1306 677 1307 600 1305 531 1303 530 1303 529 1303 523 1305 516 1308 409 1308 393 1305 386 1303 385 1303 384 1303 380 1305 370 1309 322 1309 314 1304 311 1303 310 1303 309 1303 288 1304 241 1307 233 1304 231 1303 230 1303 229 1303 221 1304 198 1307 183 1304 178 1303 177 1303 3 1303 4 1323"/></Shape>
	    <String CONTENT="אמר אליך: וישכם אברהם בבקר ויחבש את־חמרו"
                    HPOS="3.0"
                    VPOS="1303.0"
                    WIDTH="981.0"
                    HEIGHT="68.0"
                    WC="0.9988383919000625"></String>
          </TextLine>

          
        </TextBlock>
        

        
      </PrintSpace>
    </Page>
  </Layout>
</alto>
