<?xml version="1.0" encoding="UTF-8"?>
<alto xmlns:xsi="http://www.w3.org/2001/XMLSchema-instance"
      xmlns="http://www.loc.gov/standards/alto/ns-v4#"
      xsi:schemaLocation="http://www.loc.gov/standards/alto/ns-v4# http://www.loc.gov/standards/alto/v4/alto-4-2.xsd">
  <Description>
    <MeasurementUnit>pixel</MeasurementUnit>
    <sourceImageInformation>
      <fileName>IE87694978_00020.jpg</fileName>
      <fileIdentifier>mets//export_doc4366_1col_14_copy_alto_202404261215.zip/IE87694978_00020.jpg</fileIdentifier>
    </sourceImageInformation>
  </Description>
  
  <Tags>
    <OtherTag ID="BT8356" LABEL="MainLeft" DESCRIPTION="block type MainLeft"/><OtherTag ID="BT8355" LABEL="MainRight" DESCRIPTION="block type MainRight"/><OtherTag ID="BT6914" LABEL="Handwritten" DESCRIPTION="block type Handwritten"/><OtherTag ID="BT6913" LABEL="RunningHeader" DESCRIPTION="block type RunningHeader"/><OtherTag ID="BT6912" LABEL="Catchword" DESCRIPTION="block type Catchword"/><OtherTag ID="BT6911" LABEL="Margin" DESCRIPTION="block type Margin"/><OtherTag ID="BT6910" LABEL="FooterCentral" DESCRIPTION="block type FooterCentral"/><OtherTag ID="BT6909" LABEL="MainCentral" DESCRIPTION="block type MainCentral"/><OtherTag ID="BT6908" LABEL="Header" DESCRIPTION="block type Header"/><OtherTag ID="BT4" LABEL="Illustration" DESCRIPTION="block type Illustration"/><OtherTag ID="BT3" LABEL="Commentary" DESCRIPTION="block type Commentary"/><OtherTag ID="BT2" LABEL="Main" DESCRIPTION="block type Main"/><OtherTag ID="BT1" LABEL="Title" DESCRIPTION="block type Title"/>
    <OtherTag ID="LT15938" LABEL="MainLeft" DESCRIPTION="line type MainLeft"/><OtherTag ID="LT15937" LABEL="MainRight" DESCRIPTION="line type MainRight"/><OtherTag ID="LT15289" LABEL="Handwritten" DESCRIPTION="line type Handwritten"/><OtherTag ID="LT15288" LABEL="MainCentral" DESCRIPTION="line type MainCentral"/><OtherTag ID="LT15287" LABEL="NotMain" DESCRIPTION="line type NotMain"/>
  </Tags>
  
  <Layout>
    <Page WIDTH="1389"
          HEIGHT="2375"
          PHYSICAL_IMG_NR="42"
          ID="eSc_dummypage_">
      <PrintSpace HPOS="0"
                  VPOS="0"
                  WIDTH="1389"
                  HEIGHT="2375">
        
        <TextBlock HPOS="63.0"
                   VPOS="179.0"
                   WIDTH="1219.0"
                   HEIGHT="2083.0"
                   ID="eSc_textblock_f7f661e5"
                   TAGREFS="BT6909">
          <Shape><Polygon POINTS="84 179 1282 195 1271 2262 73 2252 63 712 68 190 84 179"/></Shape>
          
          
          <TextLine ID="eSc_line_9e29eee7"
                    TAGREFS="LT15288"
                    BASELINE="72 203 1267 213" 
                    HPOS="71.0"
                    VPOS="179.0"
                    WIDTH="1196.0"
                    HEIGHT="88.0">
            <Shape><Polygon POINTS="1260 193 1247 193 1234 193 1221 193 1208 193 1194 193 1181 193 1168 192 1155 192 1142 192 1128 192 1124 192 1115 192 1102 192 1098 192 1097 193 1015 193 1007 191 996 191 983 191 970 190 957 190 944 190 930 190 917 190 904 190 901 190 870 191 866 190 863 188 851 188 838 188 833 188 825 191 738 191 734 188 731 187 719 187 706 187 693 187 679 186 666 186 653 186 641 186 637 187 633 188 629 187 624 186 613 186 600 186 587 186 574 184 561 184 547 184 534 184 521 184 468 187 442 187 431 186 410 183 402 183 389 183 376 182 363 182 349 182 336 182 323 182 310 182 307 182 266 184 249 186 244 184 229 180 217 180 204 180 191 180 178 179 165 179 76 183 72 187 72 203 71 237 141 240 182 254 183 254 184 254 186 254 209 242 235 258 236 258 237 258 238 258 240 258 279 248 332 252 334 252 373 245 384 244 392 245 437 259 438 259 439 259 440 259 464 248 471 244 484 248 525 261 526 261 528 262 567 262 567 261 569 261 570 261 586 250 596 244 656 244 679 250 681 250 682 250 769 245 800 255 819 262 821 262 822 262 823 262 835 257 837 255 845 257 888 263 889 263 891 263 904 258 932 246 971 259 987 265 988 265 990 265 991 265 1006 261 1011 259 1047 261 1119 266 1120 266 1142 263 1193 257 1206 265 1206 266 1208 266 1209 266 1210 267 1264 267 1267 213 1266 193 1260 193"/></Shape>
	    <String CONTENT=""
                    HPOS="71.0"
                    VPOS="179.0"
                    WIDTH="1196.0"
                    HEIGHT="88.0"
                    WC="0.9952945786973705"></String>
          </TextLine>

          
          
          <TextLine ID="eSc_line_5195f7f3"
                    TAGREFS="LT15288"
                    BASELINE="73 283 1270 290" 
                    HPOS="72.0"
                    VPOS="254.0"
                    WIDTH="1198.0"
                    HEIGHT="96.0">
            <Shape><Polygon POINTS="73 283 72 335 139 331 154 337 157 339 158 339 159 339 169 337 204 331 217 337 231 345 232 345 233 347 258 347 258 345 260 345 282 339 308 331 341 339 372 347 373 347 374 347 376 347 392 340 405 333 422 340 427 341 429 341 430 341 431 341 434 340 451 332 500 332 514 340 516 340 517 340 518 340 558 336 595 341 631 347 632 347 669 341 732 333 749 343 759 348 760 348 827 349 829 349 830 349 845 344 868 335 965 335 1006 345 1028 350 1029 350 1031 350 1032 350 1043 345 1050 341 1062 345 1077 350 1078 350 1080 350 1267 347 1270 290 1268 270 1061 270 1057 269 1033 262 1032 262 1031 262 909 267 897 267 891 267 790 257 789 257 740 266 739 266 703 257 702 257 599 257 598 257 596 257 576 266 574 266 570 266 541 259 540 259 357 265 323 265 319 265 285 254 283 254 282 254 231 263 229 263 205 254 204 254 203 254 73 262 73 283"/></Shape>
	    <String CONTENT=""
                    HPOS="72.0"
                    VPOS="254.0"
                    WIDTH="1198.0"
                    HEIGHT="96.0"
                    WC="0.9834004775533136"></String>
          </TextLine>

          
          
          <TextLine ID="eSc_line_2c0fe265"
                    TAGREFS="LT15288"
                    BASELINE="360 376 966 380" 
                    HPOS="359.0"
                    VPOS="339.0"
                    WIDTH="607.0"
                    HEIGHT="92.0">
            <Shape><Polygon POINTS="360 376 359 409 378 410 394 424 396 424 397 424 398 424 400 424 425 415 437 427 437 428 438 428 439 428 440 428 496 416 526 428 528 428 580 430 582 430 583 430 584 430 584 428 600 414 602 412 603 414 619 419 620 419 621 419 623 419 640 414 645 412 652 414 693 430 694 430 695 431 724 431 724 430 726 430 752 416 760 412 781 412 785 416 804 431 805 431 806 431 808 431 809 431 848 418 862 414 879 418 918 428 920 428 921 428 963 419 966 380 963 356 933 356 932 354 918 344 917 344 916 344 885 341 884 341 883 341 881 341 881 343 867 354 866 356 852 354 800 349 798 349 773 354 765 356 764 354 748 341 747 341 745 341 744 341 707 349 697 341 697 340 695 340 694 340 658 340 657 340 656 340 654 340 654 341 643 352 625 341 624 341 623 341 621 341 620 341 598 353 595 354 591 353 551 343 550 343 549 343 547 343 525 353 513 343 512 343 510 343 468 341 467 341 466 341 464 341 454 349 442 340 442 339 440 339 439 339 438 339 360 352 360 376"/></Shape>
	    <String CONTENT="אלהינו ואלהי אבותינו"
                    HPOS="359.0"
                    VPOS="339.0"
                    WIDTH="607.0"
                    HEIGHT="92.0"
                    WC="0.9898913979530335"></String>
          </TextLine>

          
          
          <TextLine ID="eSc_line_7d995893"
                    TAGREFS="LT15288"
                    BASELINE="71 464 1268 478" 
                    HPOS="69.0"
                    VPOS="423.0"
                    WIDTH="1199.0"
                    HEIGHT="102.0">
            <Shape><Polygon POINTS="71 464 69 494 113 504 114 504 116 504 137 497 178 514 179 514 180 514 182 514 212 498 351 500 396 517 397 517 398 517 400 517 455 501 456 501 458 501 493 515 495 515 496 515 497 515 524 502 541 511 542 511 574 517 575 517 576 517 594 510 612 519 613 519 615 519 677 517 678 517 679 517 699 505 701 505 772 521 773 521 830 507 888 522 889 522 891 522 940 514 974 523 975 523 977 523 978 523 1011 515 1048 525 1049 525 1050 525 1183 518 1196 525 1197 525 1198 525 1200 525 1227 513 1234 510 1264 513 1268 478 1266 435 1214 443 1122 434 1119 434 1118 434 1117 434 1094 443 1043 432 1037 432 1036 432 1035 432 1033 432 994 448 982 440 981 440 979 440 978 440 945 443 928 432 928 431 926 431 925 431 924 431 922 431 920 432 870 448 835 448 772 440 771 440 735 445 702 430 701 430 699 430 698 430 697 430 695 430 672 445 649 445 587 430 576 427 575 427 574 427 570 428 543 444 508 444 431 443 409 427 406 426 405 426 404 426 402 426 401 426 396 427 374 436 334 427 324 426 323 426 322 426 316 427 290 434 277 427 270 423 269 423 268 423 71 424 71 464"/></Shape>
	    <String CONTENT="תבא לפניך תפלתנו ואל תתעלם מתחנתנו, שאין אנו"
                    HPOS="69.0"
                    VPOS="423.0"
                    WIDTH="1199.0"
                    HEIGHT="102.0"
                    WC="0.9877117250276648"></String>
          </TextLine>

          
          
          <TextLine ID="eSc_line_95503f17"
                    TAGREFS="LT15288"
                    BASELINE="71 543 1268 551" 
                    HPOS="69.0"
                    VPOS="509.0"
                    WIDTH="1199.0"
                    HEIGHT="95.0">
            <Shape><Polygon POINTS="71 543 69 579 120 589 121 589 122 589 141 581 268 581 274 584 310 597 311 597 312 597 314 597 343 585 348 583 357 585 381 592 382 592 384 592 385 592 398 585 406 583 467 583 499 583 507 588 521 599 522 599 524 599 525 599 602 593 730 600 731 600 781 593 843 585 858 595 867 601 868 601 870 601 871 601 933 600 934 600 936 600 940 597 946 592 962 597 974 601 975 601 977 602 1044 602 1044 601 1045 601 1052 599 1077 589 1099 597 1101 597 1102 597 1103 597 1115 592 1128 600 1131 602 1132 602 1134 602 1135 604 1179 604 1179 602 1180 602 1181 602 1183 601 1200 591 1221 602 1222 602 1223 602 1225 604 1266 604 1268 551 1267 526 1156 515 1155 515 1153 515 1131 525 1122 529 1105 525 1056 514 1054 514 1053 514 1052 514 1041 521 966 515 965 515 963 515 944 525 937 529 871 529 863 525 843 513 842 513 790 513 789 513 788 513 759 523 751 526 736 523 677 513 676 513 674 513 652 523 648 526 530 526 526 523 503 511 501 511 500 511 440 522 402 510 401 510 269 509 268 509 266 509 215 522 212 522 71 522 71 543"/></Shape>
	    <String CONTENT="עזי פנים וקשי ערף לומר לפניך יהוה אלהינו ואלהי אבותינו"
                    HPOS="69.0"
                    VPOS="509.0"
                    WIDTH="1199.0"
                    HEIGHT="95.0"
                    WC="0.9714998809190897"></String>
          </TextLine>

          
          
          <TextLine ID="eSc_line_103efc40"
                    TAGREFS="LT15288"
                    BASELINE="71 622 1267 633" 
                    HPOS="69.0"
                    VPOS="593.0"
                    WIDTH="1198.0"
                    HEIGHT="89.0">
            <Shape><Polygon POINTS="71 622 69 657 91 663 92 663 93 663 95 663 108 658 134 671 135 671 137 671 138 671 174 658 175 658 217 658 252 659 293 662 307 672 308 672 310 672 311 672 367 662 377 661 505 661 520 666 547 675 549 675 550 676 587 676 587 675 588 675 590 675 603 667 606 665 609 667 620 675 621 675 623 675 672 676 673 676 674 676 702 668 719 665 736 670 740 671 742 671 743 671 751 670 777 666 785 671 793 676 794 676 796 676 797 676 843 672 858 671 867 672 891 678 892 678 893 678 905 674 929 665 966 665 994 675 1004 679 1006 679 1007 680 1089 680 1089 679 1090 679 1091 679 1093 678 1107 668 1131 678 1138 680 1139 680 1140 682 1264 682 1267 633 1266 605 1179 601 1177 601 1176 601 1163 604 1144 609 1135 604 1131 601 1130 601 1128 601 1050 600 1049 600 1048 600 1047 600 1041 604 1031 610 1014 604 1006 601 1004 601 1003 601 1002 601 994 604 975 610 950 604 930 599 929 599 928 599 891 604 878 605 875 604 868 599 867 599 866 599 864 599 863 599 847 604 831 609 815 604 798 597 797 597 756 597 755 597 753 597 740 604 730 609 674 609 633 602 573 596 571 596 570 596 569 596 558 602 553 606 532 602 507 599 505 599 462 602 435 605 430 602 421 596 419 596 418 596 369 593 368 593 367 593 336 602 330 604 71 602 71 622"/></Shape>
	    <String CONTENT="צדיקים אנחנו ולא חטאנו, אבל אנחנו ואבותינו חטאנו:"
                    HPOS="69.0"
                    VPOS="593.0"
                    WIDTH="1198.0"
                    HEIGHT="89.0"
                    WC="0.9884576499462128"></String>
          </TextLine>

          
          
          <TextLine ID="eSc_line_ecdb2627"
                    TAGREFS="LT15288"
                    BASELINE="72 703 1201 713" 
                    HPOS="71.0"
                    VPOS="672.0"
                    WIDTH="1130.0"
                    HEIGHT="88.0">
            <Shape><Polygon POINTS="72 703 71 732 106 733 134 750 135 750 137 750 138 750 205 736 209 734 215 736 270 752 271 752 273 752 328 738 355 752 356 752 388 753 389 753 390 753 392 753 411 740 415 737 492 737 507 741 550 754 551 754 553 754 554 754 582 742 594 738 637 742 639 744 654 756 656 756 657 756 658 756 697 753 698 753 699 753 711 745 722 740 771 740 784 746 801 757 802 757 804 757 805 757 883 752 1007 758 1008 758 1010 758 1011 758 1020 752 1035 742 1080 748 1086 753 1095 760 1097 760 1098 760 1099 760 1198 754 1201 713 1198 682 920 692 819 682 776 678 775 678 773 678 763 682 745 690 709 682 691 679 690 679 657 682 612 687 574 683 543 679 542 679 524 683 495 688 415 683 340 678 339 678 303 683 283 686 257 683 158 672 157 672 155 672 135 683 116 676 114 676 113 676 112 676 110 676 101 683 99 684 72 684 72 703"/></Shape>
	    <String CONTENT="אשמנו, בגדנו, גזלנו, דברנו דפי: העוינו, והרשענו,"
                    HPOS="71.0"
                    VPOS="672.0"
                    WIDTH="1130.0"
                    HEIGHT="88.0"
                    WC="0.9847604188264585"></String>
          </TextLine>

          
          
          <TextLine ID="eSc_line_032fd831"
                    TAGREFS="LT15288"
                    BASELINE="71 781 1267 792" 
                    HPOS="69.0"
                    VPOS="748.0"
                    WIDTH="1198.0"
                    HEIGHT="92.0">
            <Shape><Polygon POINTS="71 781 69 812 253 815 257 816 297 831 298 831 299 832 338 832 338 831 339 831 371 819 376 818 404 819 405 820 422 832 423 832 425 832 426 832 475 829 476 829 492 822 499 819 595 819 606 824 627 835 628 835 629 836 702 836 702 835 703 835 719 827 724 824 730 827 752 836 753 836 755 837 834 837 834 836 835 836 837 836 847 829 862 822 904 822 920 831 932 837 933 837 934 837 967 832 998 827 1021 833 1043 839 1044 839 1146 840 1147 840 1148 840 1159 836 1172 831 1183 836 1190 840 1192 840 1193 840 1264 837 1267 792 1264 761 1246 767 1227 761 1221 758 1219 758 1218 758 1217 758 1208 761 1186 766 1132 761 1130 761 1128 761 1127 761 1105 770 1004 770 978 770 963 761 957 756 955 756 954 756 884 754 883 754 881 754 867 761 866 761 862 761 821 753 819 753 818 753 817 753 805 761 792 769 736 769 698 761 650 752 583 750 582 750 580 750 579 750 563 761 561 762 497 765 480 761 440 749 439 749 438 749 437 749 419 756 303 748 302 748 301 748 269 761 262 762 71 761 71 781"/></Shape>
	    <String CONTENT="זדנו, חמסנו, טפלנו שקר: יעצנו רע, כזבנו, לצנו, מרדנו,"
                    HPOS="69.0"
                    VPOS="748.0"
                    WIDTH="1198.0"
                    HEIGHT="92.0"
                    WC="0.9925442023097344"></String>
          </TextLine>

          
          
          <TextLine ID="eSc_line_f622c557"
                    TAGREFS="LT15288"
                    BASELINE="71 861 1266 872" 
                    HPOS="69.0"
                    VPOS="825.0"
                    WIDTH="1197.0"
                    HEIGHT="97.0">
            <Shape><Polygon POINTS="71 861 69 891 146 911 147 911 149 911 211 895 217 894 224 895 274 913 275 913 277 913 335 910 336 910 360 899 368 895 385 899 439 914 440 914 442 914 443 914 472 902 485 897 517 897 666 897 693 907 719 917 720 917 722 917 765 910 804 917 805 917 806 917 829 910 862 902 883 911 896 918 897 918 899 919 929 919 929 918 930 918 940 914 965 901 998 915 1010 919 1011 919 1012 920 1086 920 1086 919 1098 917 1144 907 1175 919 1179 920 1180 920 1181 922 1263 922 1266 872 1264 851 1153 836 1152 836 1151 836 1122 847 1115 849 1105 847 1062 835 1061 835 1029 835 1028 835 1027 835 1004 844 996 848 818 848 785 840 759 835 757 835 738 839 707 845 627 845 606 836 604 836 603 836 602 836 598 836 518 844 487 844 467 833 459 829 458 829 456 829 439 832 396 841 360 831 349 828 348 828 266 828 265 828 264 828 262 828 262 829 242 843 223 843 198 828 198 827 196 827 195 827 71 825 71 861"/></Shape>
	    <String CONTENT="נאצנו, סררנו, עוינו, פשענו, צררנו, קשינו ערף: רשענו,"
                    HPOS="69.0"
                    VPOS="825.0"
                    WIDTH="1197.0"
                    HEIGHT="97.0"
                    WC="0.9705021833551342"></String>
          </TextLine>

          
          
          <TextLine ID="eSc_line_79034fd9"
                    TAGREFS="LT15288"
                    BASELINE="314 944 1020 944" 
                    HPOS="314.0"
                    VPOS="917.0"
                    WIDTH="706.0"
                    HEIGHT="73.0">
            <Shape><Polygon POINTS="314 944 314 976 368 984 369 984 437 977 448 988 448 989 450 989 451 989 452 989 526 977 573 988 574 988 575 988 595 980 607 989 608 989 609 989 611 989 612 989 641 977 702 977 742 989 743 989 744 990 879 990 879 989 932 977 951 989 953 989 954 989 955 990 1008 990 1008 989 1010 989 1011 989 1011 988 1020 979 1020 944 1020 922 945 917 944 917 942 917 941 917 934 922 928 927 847 923 814 922 813 922 800 923 771 928 751 924 723 918 722 918 720 918 719 918 709 924 701 930 662 930 653 926 633 918 632 918 631 918 543 927 520 928 510 927 467 917 351 917 349 917 348 917 347 917 347 918 335 928 335 930 314 930 314 944"/></Shape>
	    <String CONTENT="שחתנו, תעבנו, תעינו, תעתענו:"
                    HPOS="314.0"
                    VPOS="917.0"
                    WIDTH="706.0"
                    HEIGHT="73.0"
                    WC="0.9803841093490864"></String>
          </TextLine>

          
          
          <TextLine ID="eSc_line_47f15d04"
                    TAGREFS="LT15288"
                    BASELINE="69 1022 1264 1034" 
                    HPOS="68.0"
                    VPOS="980.0"
                    WIDTH="1196.0"
                    HEIGHT="103.0">
            <Shape><Polygon POINTS="69 1022 68 1058 87 1068 88 1068 143 1072 145 1072 146 1072 199 1059 237 1074 238 1074 240 1075 277 1075 277 1074 278 1074 279 1074 298 1060 374 1071 376 1071 377 1071 378 1071 393 1062 426 1062 464 1062 468 1063 503 1074 504 1074 505 1074 584 1064 598 1063 606 1064 661 1077 732 1079 734 1080 808 1080 808 1079 852 1068 854 1068 855 1068 934 1080 1045 1081 1047 1081 1048 1081 1049 1081 1062 1074 1103 1080 1105 1080 1106 1080 1123 1072 1131 1068 1193 1072 1194 1074 1208 1083 1209 1083 1210 1083 1212 1083 1262 1074 1264 1034 1264 1004 1227 992 1226 992 1225 992 1223 992 1204 1002 1197 1005 1186 1002 1159 993 1157 993 1156 993 1155 993 1134 1001 1120 1005 1105 1000 1090 996 1089 996 1087 996 1061 1000 1053 1000 1043 998 953 988 903 988 901 988 900 988 880 996 863 1002 573 1001 558 990 557 990 555 990 554 990 553 990 529 1001 470 1001 407 998 386 985 380 982 378 982 241 981 240 981 238 981 232 982 207 989 191 981 187 980 186 980 69 980 69 1022"/></Shape>
	    <String CONTENT="סרנו ממצותיך וממשפטיך הטובים ולא שוה לנו:"
                    HPOS="68.0"
                    VPOS="980.0"
                    WIDTH="1196.0"
                    HEIGHT="103.0"
                    WC="0.9828911758050686"></String>
          </TextLine>

          
          
          <TextLine ID="eSc_line_f98cdf9b"
                    TAGREFS="LT15288"
                    BASELINE="67 1104 1266 1117" 
                    HPOS="66.0"
                    VPOS="1075.0"
                    WIDTH="1200.0"
                    HEIGHT="87.0">
            <Shape><Polygon POINTS="67 1104 66 1140 130 1150 132 1150 282 1145 303 1153 304 1153 306 1153 378 1146 423 1142 456 1147 496 1154 497 1154 499 1154 520 1149 540 1143 550 1149 562 1155 563 1155 565 1157 608 1157 608 1155 609 1155 611 1155 617 1150 628 1145 723 1145 753 1153 771 1157 772 1157 773 1157 784 1154 805 1147 833 1154 842 1157 843 1157 845 1157 858 1155 903 1147 928 1157 936 1159 937 1159 938 1159 954 1157 998 1149 1024 1158 1032 1161 1033 1161 1035 1161 1048 1158 1093 1150 1111 1158 1113 1158 1262 1162 1266 1117 1264 1096 1152 1096 1148 1093 1132 1088 1131 1088 1130 1088 1057 1092 1033 1093 1031 1092 1014 1083 1012 1083 970 1083 969 1083 967 1083 950 1091 948 1092 942 1091 912 1081 911 1081 909 1081 908 1081 883 1089 852 1081 851 1081 850 1081 805 1089 792 1091 782 1088 755 1080 753 1080 752 1080 694 1087 673 1089 656 1087 635 1083 633 1083 600 1085 574 1088 567 1085 551 1077 550 1077 549 1077 500 1084 481 1087 472 1084 455 1077 454 1077 452 1077 451 1077 439 1084 438 1084 430 1083 378 1076 377 1076 351 1083 336 1085 324 1081 311 1077 310 1077 308 1077 307 1077 299 1081 294 1084 271 1081 237 1076 236 1076 235 1076 223 1080 213 1084 203 1080 191 1075 190 1075 188 1075 187 1075 186 1075 179 1080 175 1081 67 1079 67 1104"/></Shape>
	    <String CONTENT="ואתה צדיק על כל הבא עלינו, כי אמת עשית ואנחנו הרשענו:"
                    HPOS="66.0"
                    VPOS="1075.0"
                    WIDTH="1200.0"
                    HEIGHT="87.0"
                    WC="0.973129650331893"></String>
          </TextLine>

          
          
          <TextLine ID="eSc_line_2946c7e0"
                    TAGREFS="LT15288"
                    BASELINE="72 1194 1198 1203" 
                    HPOS="71.0"
                    VPOS="1161.0"
                    WIDTH="1127.0"
                    HEIGHT="80.0">
            <Shape><Polygon POINTS="72 1194 71 1221 124 1228 125 1228 190 1224 231 1221 246 1225 265 1229 266 1229 268 1229 306 1227 318 1235 319 1235 320 1235 322 1235 323 1235 352 1227 367 1223 423 1228 451 1229 452 1229 470 1228 516 1224 524 1229 526 1231 528 1231 529 1231 530 1231 532 1231 538 1229 551 1225 562 1229 567 1232 569 1232 570 1232 571 1232 576 1229 583 1227 592 1231 613 1237 615 1237 616 1238 682 1238 682 1237 683 1237 685 1237 693 1232 699 1227 739 1232 784 1238 785 1238 809 1233 838 1227 859 1235 875 1240 876 1240 878 1240 879 1240 897 1235 909 1232 925 1235 949 1240 950 1240 994 1236 1041 1232 1056 1237 1066 1241 1068 1241 1069 1241 1196 1238 1198 1203 1197 1180 1040 1180 1029 1178 955 1167 954 1167 911 1169 909 1169 908 1169 896 1176 892 1179 883 1176 863 1171 862 1171 860 1171 859 1171 847 1176 845 1178 830 1176 779 1170 777 1170 776 1170 763 1175 731 1166 730 1166 728 1166 727 1166 702 1175 697 1176 685 1175 619 1165 617 1165 562 1174 559 1174 538 1163 537 1163 536 1163 534 1163 496 1174 487 1175 470 1172 394 1162 393 1162 392 1162 373 1172 369 1174 353 1172 287 1162 286 1162 212 1171 203 1171 198 1170 165 1161 163 1161 162 1161 72 1169 72 1194"/></Shape>
	    <String CONTENT="אשמנו מכל עם, בושנו מכל דור, גלה ממנו משוש,"
                    HPOS="71.0"
                    VPOS="1161.0"
                    WIDTH="1127.0"
                    HEIGHT="80.0"
                    WC="0.9945819349516005"></String>
          </TextLine>

          
          
          <TextLine ID="eSc_line_e2096ca1"
                    TAGREFS="LT15288"
                    BASELINE="68 1267 1266 1283" 
                    HPOS="67.0"
                    VPOS="1240.0"
                    WIDTH="1199.0"
                    HEIGHT="86.0">
            <Shape><Polygon POINTS="68 1267 67 1294 101 1307 102 1307 104 1307 105 1307 142 1298 220 1314 221 1314 290 1299 344 1310 345 1310 347 1310 348 1310 364 1300 365 1299 374 1300 442 1310 443 1310 487 1302 492 1302 496 1302 540 1316 541 1316 542 1316 543 1316 565 1306 613 1312 615 1312 616 1312 641 1306 649 1303 660 1306 686 1312 687 1312 689 1312 738 1307 742 1307 763 1320 764 1320 765 1320 767 1320 768 1320 790 1308 794 1306 806 1308 831 1314 833 1314 866 1310 875 1308 878 1310 892 1319 893 1319 895 1319 896 1319 897 1319 925 1312 963 1324 965 1324 1138 1326 1139 1326 1140 1326 1180 1315 1188 1314 1194 1315 1206 1320 1208 1320 1209 1320 1210 1320 1219 1316 1231 1311 1262 1316 1266 1283 1266 1262 1231 1254 1230 1254 1181 1261 1177 1261 1176 1261 1165 1252 1164 1252 1163 1252 1122 1252 1120 1252 1119 1252 1118 1252 1107 1260 1106 1260 1006 1260 1004 1258 983 1250 982 1250 981 1250 798 1256 773 1256 771 1256 752 1246 751 1246 749 1246 547 1252 542 1252 540 1252 471 1242 470 1242 414 1250 409 1250 338 1250 336 1249 324 1241 323 1241 322 1241 320 1241 319 1241 302 1249 301 1249 297 1249 236 1240 235 1240 68 1245 68 1267"/></Shape>
	    <String CONTENT="דוה לבנו בחטאינו, הוחבל אוויינו, ונפרע פארנו, זבול בית"
                    HPOS="67.0"
                    VPOS="1240.0"
                    WIDTH="1199.0"
                    HEIGHT="86.0"
                    WC="0.9840910860470363"></String>
          </TextLine>

          
          
          <TextLine ID="eSc_line_2599f138"
                    TAGREFS="LT15288"
                    BASELINE="68 1351 1267 1361" 
                    HPOS="67.0"
                    VPOS="1322.0"
                    WIDTH="1200.0"
                    HEIGHT="81.0">
            <Shape><Polygon POINTS="68 1351 67 1381 102 1390 104 1390 105 1390 126 1382 134 1380 195 1380 203 1384 225 1395 227 1395 228 1395 229 1395 256 1384 257 1384 258 1384 277 1394 278 1394 279 1394 281 1394 282 1394 297 1385 303 1381 344 1381 407 1386 415 1386 431 1397 433 1397 434 1397 435 1397 437 1397 438 1397 454 1386 462 1382 493 1388 524 1392 525 1392 526 1392 536 1388 547 1384 641 1389 666 1390 668 1390 677 1390 714 1385 727 1390 747 1399 748 1399 749 1399 751 1399 773 1392 789 1385 821 1392 866 1401 867 1402 1006 1402 1006 1401 1007 1401 1008 1401 1017 1394 1027 1389 1087 1389 1106 1395 1128 1403 1130 1403 1131 1403 1264 1397 1267 1361 1266 1339 1179 1331 1177 1331 1176 1331 1151 1337 1147 1337 1143 1337 1110 1331 1109 1331 940 1335 933 1335 914 1327 913 1327 912 1327 851 1335 843 1335 827 1335 716 1327 715 1327 714 1327 697 1333 694 1333 690 1333 641 1324 580 1324 579 1324 578 1324 559 1332 558 1332 551 1332 484 1323 429 1323 427 1323 426 1323 425 1323 413 1331 411 1331 339 1331 338 1330 324 1322 323 1322 322 1322 320 1322 68 1327 68 1351"/></Shape>
	    <String CONTENT="מקדשנו חרב בעונינו, טירתינו היתה לשמה, יופי אדמתנו"
                    HPOS="67.0"
                    VPOS="1322.0"
                    WIDTH="1200.0"
                    HEIGHT="81.0"
                    WC="0.9854393236491145"></String>
          </TextLine>

          
          
          <TextLine ID="eSc_line_f94179fc"
                    TAGREFS="LT15288"
                    BASELINE="68 1427 1267 1439" 
                    HPOS="67.0"
                    VPOS="1397.0"
                    WIDTH="1200.0"
                    HEIGHT="86.0">
            <Shape><Polygon POINTS="68 1427 67 1455 121 1475 122 1475 200 1476 202 1477 233 1477 233 1476 235 1476 266 1459 318 1467 319 1467 355 1460 393 1472 394 1472 396 1472 397 1472 434 1460 475 1468 476 1468 541 1464 563 1475 565 1475 566 1475 567 1475 598 1461 619 1472 620 1472 621 1472 648 1468 673 1480 674 1480 734 1481 735 1483 784 1483 784 1481 785 1481 786 1481 809 1468 850 1475 851 1475 852 1475 874 1465 932 1472 933 1472 995 1467 1015 1480 1016 1480 1017 1480 1019 1480 1020 1480 1052 1467 1062 1475 1064 1475 1065 1475 1066 1475 1130 1468 1155 1481 1156 1481 1157 1481 1264 1467 1267 1439 1266 1411 1219 1407 1218 1407 1197 1410 1151 1418 1077 1410 1060 1409 1058 1409 1048 1410 1006 1417 995 1410 988 1405 987 1405 986 1405 912 1405 911 1405 909 1405 900 1410 892 1414 752 1414 719 1414 711 1409 698 1402 697 1402 636 1402 635 1402 633 1402 617 1409 608 1413 600 1409 584 1401 583 1401 582 1401 580 1401 558 1409 547 1413 479 1413 464 1409 430 1399 429 1399 427 1399 382 1406 335 1398 334 1398 332 1398 303 1407 298 1410 246 1410 237 1407 187 1397 186 1397 68 1406 68 1427"/></Shape>
	    <String CONTENT="לזרים, כחנו לנכרים: ועדין לא שבנו מטעותנו, והיך נעיז"
                    HPOS="67.0"
                    VPOS="1397.0"
                    WIDTH="1200.0"
                    HEIGHT="86.0"
                    WC="0.9811317965669452"></String>
          </TextLine>

          
          
          <TextLine ID="eSc_line_9b008818"
                    TAGREFS="LT15288"
                    BASELINE="67 1506 1267 1517" 
                    HPOS="66.0"
                    VPOS="1476.0"
                    WIDTH="1201.0"
                    HEIGHT="91.0">
            <Shape><Polygon POINTS="66 1539 93 1547 95 1547 96 1547 139 1541 155 1538 170 1541 184 1545 186 1545 187 1545 229 1542 290 1539 312 1545 324 1547 326 1547 327 1547 328 1547 336 1545 357 1539 392 1546 398 1547 400 1547 413 1547 512 1541 566 1545 575 1551 591 1562 592 1562 594 1562 666 1563 668 1563 720 1554 780 1545 904 1559 966 1566 967 1567 1099 1567 1099 1566 1101 1566 1106 1564 1151 1547 1188 1562 1189 1562 1263 1567 1267 1517 1266 1496 1080 1494 1070 1492 1024 1485 1023 1485 1021 1485 1007 1492 1002 1493 951 1493 946 1490 921 1483 920 1483 918 1483 867 1489 846 1492 837 1489 817 1481 815 1481 814 1481 757 1488 731 1490 726 1488 718 1481 716 1481 715 1481 666 1480 665 1480 637 1487 629 1488 620 1485 607 1483 606 1483 604 1483 569 1485 517 1489 479 1484 442 1479 440 1479 407 1483 368 1488 343 1481 324 1477 323 1477 322 1477 282 1481 225 1487 213 1480 205 1476 204 1476 203 1476 172 1480 133 1484 110 1479 105 1477 104 1477 102 1477 101 1477 97 1479 76 1484 69 1477 67 1506 66 1539"/></Shape>
	    <String CONTENT="פנינו ונקשה ערפנו, לומר לפניך יהוה אלהינו ואלהי אבותינו"
                    HPOS="66.0"
                    VPOS="1476.0"
                    WIDTH="1201.0"
                    HEIGHT="91.0"
                    WC="0.9736226144826637"></String>
          </TextLine>

          
          
          <TextLine ID="eSc_line_7682b65b"
                    TAGREFS="LT15288"
                    BASELINE="68 1588 1267 1597" 
                    HPOS="67.0"
                    VPOS="1558.0"
                    WIDTH="1200.0"
                    HEIGHT="92.0">
            <Shape><Polygon POINTS="68 1588 67 1620 361 1622 361 1624 393 1644 394 1644 396 1644 429 1645 430 1646 555 1646 555 1645 557 1645 558 1645 580 1632 602 1632 635 1646 636 1646 637 1646 639 1646 698 1626 699 1626 734 1626 740 1626 771 1630 802 1647 804 1647 805 1649 879 1649 879 1647 880 1647 908 1633 967 1629 971 1629 1003 1649 1004 1649 1006 1649 1007 1649 1119 1642 1196 1650 1197 1650 1239 1647 1241 1647 1242 1647 1266 1632 1267 1597 1264 1571 1106 1575 1077 1570 1060 1567 1058 1567 1019 1570 958 1574 933 1570 900 1563 899 1563 897 1563 885 1570 879 1574 817 1574 802 1568 780 1563 779 1563 777 1563 693 1568 648 1571 613 1568 530 1560 529 1560 528 1560 512 1568 508 1571 442 1571 437 1567 430 1563 429 1563 427 1563 285 1559 283 1559 282 1559 268 1566 194 1558 192 1558 68 1566 68 1588"/></Shape>
	    <String CONTENT="צדיקים אנחנו ולא חטאנו, אבל אנחנו ואבותינו חטאנו:"
                    HPOS="67.0"
                    VPOS="1558.0"
                    WIDTH="1200.0"
                    HEIGHT="92.0"
                    WC="0.9884526788019666"></String>
          </TextLine>

          
          
          <TextLine ID="eSc_line_cbe77d08"
                    TAGREFS="LT15288"
                    BASELINE="68 1744 1197 1750" 
                    HPOS="67.0"
                    VPOS="1695.0"
                    WIDTH="1130.0"
                    HEIGHT="103.0">
            <Shape><Polygon POINTS="67 1774 96 1786 97 1786 99 1786 100 1786 139 1775 150 1782 151 1782 153 1782 154 1782 200 1775 208 1775 209 1777 224 1786 225 1786 227 1786 228 1787 228 1786 229 1786 231 1786 244 1777 248 1775 286 1778 351 1782 352 1782 409 1781 516 1777 529 1783 547 1793 549 1793 550 1793 551 1793 571 1783 578 1781 583 1785 596 1794 598 1794 599 1794 600 1795 644 1795 644 1794 645 1794 646 1794 660 1786 670 1779 719 1786 720 1786 722 1786 743 1778 771 1779 782 1789 792 1795 793 1795 794 1795 796 1797 955 1797 955 1795 957 1795 963 1793 982 1785 1007 1790 1008 1790 1010 1790 1028 1783 1056 1794 1062 1797 1064 1797 1065 1798 1194 1798 1197 1750 1194 1711 1028 1724 995 1708 994 1707 992 1707 948 1700 946 1700 945 1700 921 1707 905 1711 900 1707 892 1700 891 1700 889 1700 888 1700 855 1706 852 1706 822 1706 590 1699 588 1699 587 1699 578 1702 540 1717 492 1720 213 1713 212 1713 211 1713 192 1719 138 1700 137 1700 135 1700 134 1700 99 1716 71 1695 68 1744 67 1774"/></Shape>
	    <String CONTENT="לעינינו עשקו עמלינו, ממשך וממורט ממנו, נתנו עלם"
                    HPOS="67.0"
                    VPOS="1695.0"
                    WIDTH="1130.0"
                    HEIGHT="103.0"
                    WC="0.9960366699430677"></String>
          </TextLine>

          
          
          <TextLine ID="eSc_line_cda0cb36"
                    TAGREFS="LT15288"
                    BASELINE="562 1673 776 1670" 
                    HPOS="561.0"
                    VPOS="1645.0"
                    WIDTH="215.0"
                    HEIGHT="58.0">
            <Shape><Polygon POINTS="562 1673 562 1695 600 1703 602 1703 632 1698 644 1696 775 1702 776 1670 775 1650 588 1645 587 1645 586 1645 561 1651 562 1673"/></Shape>
	    <String CONTENT=""
                    HPOS="561.0"
                    VPOS="1645.0"
                    WIDTH="215.0"
                    HEIGHT="58.0"
                    WC="0.9983356161551042"></String>
          </TextLine>

          
          
          <TextLine ID="eSc_line_dc3d1f6c"
                    TAGREFS="LT15288"
                    BASELINE="67 1823 1266 1830" 
                    HPOS="66.0"
                    VPOS="1790.0"
                    WIDTH="1200.0"
                    HEIGHT="91.0">
            <Shape><Polygon POINTS="67 1823 66 1874 187 1876 188 1876 205 1874 303 1860 316 1869 318 1869 319 1869 320 1869 322 1869 340 1861 405 1861 435 1872 451 1877 452 1877 454 1877 509 1872 587 1863 607 1870 628 1878 629 1878 631 1878 632 1878 633 1878 644 1870 665 1876 666 1876 668 1876 669 1876 670 1876 679 1869 691 1863 736 1863 751 1869 769 1877 771 1877 810 1880 812 1880 813 1880 814 1880 826 1872 848 1876 850 1876 851 1876 875 1868 880 1867 887 1868 913 1874 914 1874 916 1874 946 1868 961 1864 971 1867 1006 1880 1007 1880 1102 1881 1103 1881 1105 1881 1106 1881 1128 1865 1130 1865 1131 1865 1151 1872 1152 1872 1153 1872 1263 1864 1266 1830 1266 1812 1241 1811 1214 1794 1213 1794 1212 1794 1210 1794 1209 1794 1167 1811 1102 1811 1085 1802 1084 1802 1082 1802 1052 1808 1021 1793 1020 1793 892 1793 891 1793 889 1793 854 1802 839 1793 838 1793 837 1793 784 1791 690 1791 689 1791 687 1791 627 1807 546 1799 545 1799 509 1806 474 1790 472 1790 421 1790 419 1790 418 1790 377 1806 225 1797 224 1797 223 1797 200 1806 67 1806 67 1823"/></Shape>
	    <String CONTENT="עלינו, סבלנו על שכמנו, עבדים משלו בנו, פורק אין"
                    HPOS="66.0"
                    VPOS="1790.0"
                    WIDTH="1200.0"
                    HEIGHT="91.0"
                    WC="0.9760921752971151"></String>
          </TextLine>

          
          
          <TextLine ID="eSc_line_13a15d4e"
                    TAGREFS="LT15288"
                    BASELINE="68 1901 1267 1911" 
                    HPOS="67.0"
                    VPOS="1865.0"
                    WIDTH="1200.0"
                    HEIGHT="98.0">
            <Shape><Polygon POINTS="68 1884 68 1901 67 1948 149 1954 150 1954 167 1950 216 1939 265 1948 266 1948 268 1948 286 1943 312 1952 323 1955 324 1955 516 1958 517 1958 536 1954 578 1946 603 1955 611 1958 612 1958 613 1958 615 1958 624 1955 665 1943 782 1956 815 1960 817 1960 818 1960 825 1958 851 1946 955 1956 957 1956 958 1956 988 1947 1054 1947 1073 1959 1074 1959 1076 1959 1077 1959 1078 1959 1115 1947 1169 1962 1172 1962 1173 1962 1175 1963 1264 1963 1267 1911 1266 1885 1206 1876 1205 1876 1204 1876 1181 1884 1165 1876 1164 1876 1163 1876 1161 1876 1143 1884 1142 1884 1140 1884 1117 1874 1115 1874 1114 1874 1113 1874 1111 1874 1098 1882 1097 1884 1003 1884 996 1882 932 1872 930 1872 929 1872 901 1881 881 1872 880 1872 822 1870 821 1870 661 1878 611 1869 609 1869 546 1877 524 1868 522 1868 521 1868 520 1868 500 1874 447 1868 446 1868 381 1877 373 1877 372 1877 357 1867 356 1867 355 1867 353 1867 262 1876 254 1876 249 1876 190 1865 188 1865 187 1865 169 1874 69 1874 68 1884"/></Shape>
	    <String CONTENT="מידם, צרות רבות סבבונו, קראנוך יהוה אלהינו, רחקת"
                    HPOS="67.0"
                    VPOS="1865.0"
                    WIDTH="1200.0"
                    HEIGHT="98.0"
                    WC="0.9837789979386837"></String>
          </TextLine>

          
          
          <TextLine ID="eSc_line_96dfd355"
                    TAGREFS="LT15288"
                    BASELINE="67 1981 1266 1991" 
                    HPOS="66.0"
                    VPOS="1954.0"
                    WIDTH="1200.0"
                    HEIGHT="89.0">
            <Shape><Polygon POINTS="67 1981 66 2018 105 2020 137 2035 138 2035 139 2035 180 2029 199 2034 200 2034 202 2034 203 2034 220 2025 241 2037 242 2037 244 2038 274 2038 274 2037 275 2037 277 2037 299 2022 302 2022 348 2022 352 2024 377 2037 378 2037 409 2038 410 2039 483 2039 483 2038 530 2027 579 2038 580 2038 582 2038 583 2038 599 2027 604 2025 623 2025 628 2027 645 2039 646 2039 648 2039 751 2041 752 2041 797 2030 817 2026 855 2026 867 2031 880 2037 881 2037 883 2037 884 2037 901 2031 921 2026 983 2033 996 2034 998 2034 999 2034 1002 2033 1020 2027 1037 2034 1058 2042 1060 2042 1061 2042 1099 2035 1132 2029 1164 2035 1198 2043 1200 2043 1263 2037 1266 1991 1264 1971 1225 1962 1223 1962 1135 1969 1127 1969 1124 1969 1097 1960 1095 1960 1094 1960 1025 1968 1021 1969 957 1969 954 1968 940 1960 938 1960 937 1960 868 1965 854 1959 852 1959 851 1959 850 1959 848 1959 835 1967 831 1967 775 1960 773 1960 772 1960 760 1965 707 1958 706 1958 596 1965 582 1965 574 1965 516 1956 514 1956 513 1956 489 1964 488 1965 415 1965 413 1964 394 1956 393 1956 232 1954 231 1954 67 1960 67 1981"/></Shape>
	    <String CONTENT="ממנו בעונינו, שבנו מאחריך, תעינו ואבדנו: ועדין לא"
                    HPOS="66.0"
                    VPOS="1954.0"
                    WIDTH="1200.0"
                    HEIGHT="89.0"
                    WC="0.9976200215956744"></String>
          </TextLine>

          
          
          <TextLine ID="eSc_line_e79ed4c4"
                    TAGREFS="LT15288"
                    BASELINE="68 2055 1266 2066" 
                    HPOS="67.0"
                    VPOS="2031.0"
                    WIDTH="1199.0"
                    HEIGHT="91.0">
            <Shape><Polygon POINTS="68 2055 67 2113 244 2116 245 2116 246 2116 249 2115 275 2103 353 2103 381 2116 385 2117 386 2117 388 2119 454 2119 454 2117 455 2117 456 2117 458 2116 476 2104 513 2104 533 2116 536 2119 537 2119 538 2119 540 2120 611 2120 611 2119 612 2119 613 2119 615 2117 635 2105 664 2105 712 2117 723 2120 724 2120 726 2120 738 2117 763 2112 864 2119 914 2121 916 2121 917 2121 922 2119 944 2108 991 2119 992 2119 994 2119 995 2119 1043 2109 1082 2120 1094 2122 1095 2122 1097 2122 1098 2122 1105 2120 1127 2111 1179 2111 1200 2120 1206 2122 1208 2122 1209 2122 1263 2120 1266 2066 1264 2043 68 2031 68 2055"/></Shape>
	    <String CONTENT="שבנו מטעותנו, והיך נעיז פנינו ונקשה ערפנו, לומר לפניך"
                    HPOS="67.0"
                    VPOS="2031.0"
                    WIDTH="1199.0"
                    HEIGHT="91.0"
                    WC="0.9790847984227267"></String>
          </TextLine>

          
          
          <TextLine ID="eSc_line_8efaf986"
                    TAGREFS="LT15288"
                    BASELINE="69 2138 1267 2148" 
                    HPOS="68.0"
                    VPOS="2109.0"
                    WIDTH="1199.0"
                    HEIGHT="95.0">
            <Shape><Polygon POINTS="69 2138 68 2179 200 2196 202 2196 244 2190 335 2198 336 2198 338 2198 380 2187 413 2195 414 2195 415 2195 417 2195 433 2187 450 2199 451 2199 452 2199 454 2199 528 2191 640 2200 641 2200 643 2200 661 2192 677 2186 749 2186 800 2195 822 2199 823 2199 850 2196 922 2187 940 2198 941 2199 942 2199 944 2199 1006 2203 1007 2203 1008 2203 1010 2203 1015 2200 1035 2188 1090 2188 1134 2202 1142 2204 1143 2204 1144 2204 1160 2203 1208 2196 1263 2204 1267 2148 1267 2128 1196 2128 1193 2126 1164 2116 1163 2116 1123 2116 1122 2116 1120 2116 1102 2125 1098 2126 1002 2126 999 2124 986 2115 984 2115 983 2115 982 2115 901 2122 899 2122 880 2115 879 2115 878 2115 876 2115 847 2122 845 2122 843 2122 831 2113 830 2113 829 2113 827 2113 826 2113 794 2121 793 2121 756 2112 755 2112 753 2112 752 2112 722 2120 712 2122 673 2120 613 2116 612 2116 611 2116 602 2119 592 2122 554 2119 517 2115 516 2115 493 2117 470 2121 452 2117 431 2112 430 2112 429 2112 388 2116 357 2120 343 2116 320 2109 319 2109 318 2109 282 2115 253 2120 69 2113 69 2138"/></Shape>
	    <String CONTENT="יהוה אלהינו ואלהי אבותינו צדיקים אנחנו ולא חטאנו,"
                    HPOS="68.0"
                    VPOS="2109.0"
                    WIDTH="1199.0"
                    HEIGHT="95.0"
                    WC="0.9908265155188891"></String>
          </TextLine>

          
          
          <TextLine ID="eSc_line_1f0b6ead"
                    TAGREFS="LT15288"
                    BASELINE="360 2217 1267 2225" 
                    HPOS="359.0"
                    VPOS="2192.0"
                    WIDTH="908.0"
                    HEIGHT="98.0">
            <Shape><Polygon POINTS="360 2217 359 2273 450 2272 468 2276 501 2283 503 2283 504 2283 529 2276 541 2273 554 2277 582 2285 583 2285 584 2285 586 2285 603 2277 609 2273 660 2273 668 2277 685 2286 686 2286 687 2286 796 2281 810 2287 812 2287 813 2287 854 2278 870 2276 962 2276 975 2280 1003 2289 1004 2289 1006 2289 1007 2289 1008 2289 1015 2283 1115 2290 1117 2290 1118 2290 1144 2281 1152 2278 1161 2281 1188 2289 1189 2289 1190 2289 1192 2289 1210 2281 1218 2278 1263 2281 1267 2225 1266 2207 1153 2199 1152 2199 1151 2199 1138 2206 1135 2206 1132 2204 1111 2198 1110 2198 1109 2198 1028 2204 1016 2204 1011 2204 982 2198 981 2198 979 2198 967 2203 965 2204 959 2203 934 2196 933 2196 932 2196 874 2202 862 2203 845 2202 764 2195 763 2195 719 2200 707 2202 689 2200 615 2194 613 2194 612 2194 594 2199 588 2200 570 2199 492 2192 491 2192 360 2196 360 2217"/></Shape>
	    <String CONTENT="אבל אנחנו ואבותינו חטאנו: אל מלך יו"
                    HPOS="359.0"
                    VPOS="2192.0"
                    WIDTH="908.0"
                    HEIGHT="98.0"
                    WC="0.9870372833432378"></String>
          </TextLine>

          
        </TextBlock>
        

        
      </PrintSpace>
    </Page>
  </Layout>
</alto>
