<?xml version="1.0" encoding="UTF-8"?>
<alto xmlns:xsi="http://www.w3.org/2001/XMLSchema-instance"
      xmlns="http://www.loc.gov/standards/alto/ns-v4#"
      xsi:schemaLocation="http://www.loc.gov/standards/alto/ns-v4# http://www.loc.gov/standards/alto/v4/alto-4-2.xsd">
  <Description>
    <MeasurementUnit>pixel</MeasurementUnit>
    <sourceImageInformation>
      <fileName>IE87580382_00041.jpg</fileName>
      <fileIdentifier>mets//export_doc4366_1col_14_copy_alto_202404261215.zip/IE87580382_00041.jpg</fileIdentifier>
    </sourceImageInformation>
  </Description>
  
  <Tags>
    <OtherTag ID="BT8356" LABEL="MainLeft" DESCRIPTION="block type MainLeft"/><OtherTag ID="BT8355" LABEL="MainRight" DESCRIPTION="block type MainRight"/><OtherTag ID="BT6914" LABEL="Handwritten" DESCRIPTION="block type Handwritten"/><OtherTag ID="BT6913" LABEL="RunningHeader" DESCRIPTION="block type RunningHeader"/><OtherTag ID="BT6912" LABEL="Catchword" DESCRIPTION="block type Catchword"/><OtherTag ID="BT6911" LABEL="Margin" DESCRIPTION="block type Margin"/><OtherTag ID="BT6910" LABEL="FooterCentral" DESCRIPTION="block type FooterCentral"/><OtherTag ID="BT6909" LABEL="MainCentral" DESCRIPTION="block type MainCentral"/><OtherTag ID="BT6908" LABEL="Header" DESCRIPTION="block type Header"/><OtherTag ID="BT4" LABEL="Illustration" DESCRIPTION="block type Illustration"/><OtherTag ID="BT3" LABEL="Commentary" DESCRIPTION="block type Commentary"/><OtherTag ID="BT2" LABEL="Main" DESCRIPTION="block type Main"/><OtherTag ID="BT1" LABEL="Title" DESCRIPTION="block type Title"/>
    <OtherTag ID="LT15938" LABEL="MainLeft" DESCRIPTION="line type MainLeft"/><OtherTag ID="LT15937" LABEL="MainRight" DESCRIPTION="line type MainRight"/><OtherTag ID="LT15289" LABEL="Handwritten" DESCRIPTION="line type Handwritten"/><OtherTag ID="LT15288" LABEL="MainCentral" DESCRIPTION="line type MainCentral"/><OtherTag ID="LT15287" LABEL="NotMain" DESCRIPTION="line type NotMain"/>
  </Tags>
  
  <Layout>
    <Page WIDTH="1334"
          HEIGHT="2240"
          PHYSICAL_IMG_NR="33"
          ID="eSc_dummypage_">
      <PrintSpace HPOS="0"
                  VPOS="0"
                  WIDTH="1334"
                  HEIGHT="2240">
        
        <TextBlock HPOS="144.0"
                   VPOS="124.0"
                   WIDTH="1155.0"
                   HEIGHT="1592.0"
                   ID="eSc_textblock_59e2f9cd"
                   TAGREFS="BT6909">
          <Shape><Polygon POINTS="1299 129 1294 1716 149 1716 144 139 178 124"/></Shape>
          
          
          <TextLine ID="eSc_line_b220e02a"
                    TAGREFS="LT15288"
                    BASELINE="149 148 1295 156" 
                    HPOS="148.0"
                    VPOS="124.0"
                    WIDTH="1147.0"
                    HEIGHT="82.0">
            <Shape><Polygon POINTS="1234 128 1144 135 1130 135 1087 134 851 126 845 126 833 126 820 126 808 126 795 126 783 126 771 126 758 126 747 126 697 131 690 131 681 131 609 125 609 125 596 125 584 125 571 125 559 125 555 125 509 130 500 130 487 130 407 124 397 124 384 124 372 124 359 124 352 124 320 128 297 124 297 124 285 124 272 124 260 124 259 124 244 128 235 124 222 124 210 124 198 124 185 124 169 125 160 130 149 135 149 148 148 186 183 186 212 197 214 197 215 197 285 195 286 195 303 187 306 186 313 187 377 199 378 199 429 189 434 187 438 189 474 200 475 200 477 200 518 191 549 197 550 197 551 197 570 190 572 189 575 190 600 200 601 200 602 200 604 200 636 190 638 190 642 190 707 201 708 202 778 202 778 201 779 201 780 201 795 191 798 190 810 191 870 202 871 202 873 202 894 192 898 191 908 192 966 204 967 204 969 204 1000 194 1005 192 1013 194 1071 204 1072 204 1073 204 1102 195 1111 192 1155 192 1159 195 1173 205 1174 205 1175 205 1177 206 1219 206 1219 205 1220 205 1221 205 1235 196 1236 195 1241 196 1276 204 1277 204 1279 204 1294 196 1295 156 1294 136 1235 128 1234 128"/></Shape>
	    <String CONTENT=""
                    HPOS="148.0"
                    VPOS="124.0"
                    WIDTH="1147.0"
                    HEIGHT="82.0"
                    WC="0.9848761441914932"></String>
          </TextLine>

          
          
          <TextLine ID="eSc_line_a855e4e3"
                    TAGREFS="LT15288"
                    BASELINE="150 216 1300 225" 
                    HPOS="149.0"
                    VPOS="191.0"
                    WIDTH="1151.0"
                    HEIGHT="85.0">
            <Shape><Polygon POINTS="150 216 149 252 183 265 184 265 185 265 186 265 188 265 200 256 216 267 217 267 219 267 220 267 274 258 313 268 315 268 316 268 317 268 364 256 413 256 443 268 444 268 445 268 480 261 553 270 554 271 591 271 591 270 592 270 629 257 666 271 667 271 668 272 698 272 698 271 700 271 701 271 722 258 805 272 807 272 808 272 844 260 874 272 875 272 876 273 932 273 932 272 934 272 970 260 1022 273 1023 273 1025 275 1057 275 1057 273 1058 273 1081 262 1118 270 1119 270 1211 262 1231 275 1233 275 1234 275 1235 276 1279 276 1279 275 1280 275 1281 275 1299 262 1300 225 1300 207 1255 199 1254 199 1206 206 1203 206 1189 206 1051 200 1050 200 983 205 972 205 966 205 916 196 915 196 914 196 884 204 883 204 878 204 773 195 772 195 602 201 582 194 581 194 580 194 488 201 479 201 478 201 458 192 457 192 455 192 372 200 368 200 366 200 311 191 310 191 254 199 252 199 168 191 166 191 165 191 150 197 150 216"/></Shape>
	    <String CONTENT=""
                    HPOS="149.0"
                    VPOS="191.0"
                    WIDTH="1151.0"
                    HEIGHT="85.0"
                    WC="0.9957458055019379"></String>
          </TextLine>

          
          
          <TextLine ID="eSc_line_da6d400f"
                    TAGREFS="LT15288"
                    BASELINE="151 282 1299 294" 
                    HPOS="150.0"
                    VPOS="258.0"
                    WIDTH="1149.0"
                    HEIGHT="87.0">
            <Shape><Polygon POINTS="151 282 150 317 216 328 217 328 219 328 247 319 251 319 305 319 310 322 357 334 358 334 359 334 406 323 416 322 489 322 495 326 510 337 511 337 513 337 609 338 610 338 611 338 632 329 643 324 653 329 668 337 670 337 671 337 722 331 773 326 784 333 793 339 794 339 795 339 797 339 833 334 854 340 855 340 856 340 858 340 859 340 868 334 881 327 911 327 927 336 934 340 935 340 936 340 1067 343 1068 343 1069 343 1077 339 1089 333 1108 340 1116 343 1117 343 1118 343 1137 340 1216 331 1239 343 1239 344 1240 344 1241 344 1243 345 1296 345 1299 294 1299 278 1255 270 1254 270 1190 276 1188 276 1185 276 1148 267 1147 267 1094 275 1089 275 977 275 974 272 954 265 952 265 951 265 950 265 931 272 929 273 856 273 843 271 799 263 798 263 748 268 727 271 708 268 672 262 671 262 635 267 615 270 610 267 604 261 602 261 601 261 600 261 599 261 582 266 576 268 567 266 554 261 553 261 551 261 478 265 419 267 392 263 363 258 362 258 341 262 318 266 151 260 151 282"/></Shape>
	    <String CONTENT=""
                    HPOS="150.0"
                    VPOS="258.0"
                    WIDTH="1149.0"
                    HEIGHT="87.0"
                    WC="0.969737692674001"></String>
          </TextLine>

          
          
          <TextLine ID="eSc_line_f118f0a6"
                    TAGREFS="LT15288"
                    BASELINE="151 353 1297 362" 
                    HPOS="150.0"
                    VPOS="329.0"
                    WIDTH="1147.0"
                    HEIGHT="81.0">
            <Shape><Polygon POINTS="151 353 150 383 229 388 256 399 257 399 259 399 260 399 275 394 292 401 293 401 295 401 296 401 335 388 337 387 341 388 359 395 361 395 362 395 413 389 440 387 449 390 478 404 479 404 480 404 482 404 499 398 544 404 545 404 546 404 574 393 587 388 637 388 648 395 665 405 666 405 667 405 668 405 670 405 685 398 732 405 733 405 734 405 752 398 769 389 787 398 804 406 805 406 807 406 856 399 871 398 889 400 924 406 925 406 926 406 937 401 962 390 983 403 993 408 995 408 996 409 1047 409 1047 408 1048 408 1050 408 1054 404 1074 392 1129 392 1180 398 1194 408 1196 409 1198 409 1199 409 1200 410 1295 410 1297 362 1297 345 1254 337 1253 337 1251 337 1233 343 1219 337 1218 337 1216 337 1106 342 1096 336 1094 336 1093 336 1092 336 977 342 925 334 924 334 891 340 795 334 794 334 651 339 640 333 638 333 637 333 636 333 505 338 452 331 450 331 316 337 180 329 179 329 178 329 151 336 151 353"/></Shape>
	    <String CONTENT=""
                    HPOS="150.0"
                    VPOS="329.0"
                    WIDTH="1147.0"
                    HEIGHT="81.0"
                    WC="0.9962247825683431"></String>
          </TextLine>

          
          
          <TextLine ID="eSc_line_8861c007"
                    TAGREFS="LT15288"
                    BASELINE="150 424 1296 430" 
                    HPOS="149.0"
                    VPOS="395.0"
                    WIDTH="1147.0"
                    HEIGHT="85.0">
            <Shape><Polygon POINTS="150 424 149 457 186 459 216 474 217 474 219 475 262 475 262 474 264 474 303 460 337 471 338 471 340 471 341 471 373 460 376 460 403 460 404 460 448 475 449 475 450 475 452 475 482 461 483 461 485 461 567 475 569 475 570 475 602 462 605 461 607 462 627 476 629 476 630 476 631 477 695 477 695 476 696 476 697 476 716 464 717 462 718 464 746 476 747 476 748 476 749 476 788 464 794 462 800 464 835 477 837 477 838 479 870 479 870 477 871 477 905 465 910 464 954 464 959 466 977 477 979 477 980 477 981 477 982 477 1023 466 1036 464 1048 466 1093 479 1094 479 1096 479 1097 479 1121 467 1125 465 1132 467 1162 479 1163 479 1164 480 1189 480 1189 479 1190 479 1192 479 1206 469 1211 465 1225 469 1265 479 1266 479 1267 479 1269 479 1295 469 1296 430 1296 411 1187 411 1185 410 1159 401 1158 401 1157 401 1155 401 1154 401 1140 410 1139 410 1125 410 1003 404 1002 404 960 409 957 409 956 409 925 401 924 401 922 401 869 409 864 409 861 409 829 398 828 398 827 398 775 406 638 406 610 396 609 396 559 396 558 396 556 396 533 405 506 396 505 396 504 396 503 396 501 396 487 406 485 408 464 408 463 406 445 398 444 398 379 395 378 395 336 404 168 395 166 395 165 395 150 403 150 424"/></Shape>
	    <String CONTENT=""
                    HPOS="149.0"
                    VPOS="395.0"
                    WIDTH="1147.0"
                    HEIGHT="85.0"
                    WC="0.9914730644744375"></String>
          </TextLine>

          
          
          <TextLine ID="eSc_line_676f0b04"
                    TAGREFS="LT15288"
                    BASELINE="986 499 1295 502" 
                    HPOS="985.0"
                    VPOS="475.0"
                    WIDTH="310.0"
                    HEIGHT="77.0">
            <Shape><Polygon POINTS="1294 485 1277 477 1276 477 1275 477 1274 477 1256 484 1239 477 1238 477 1236 477 1150 484 1148 484 1144 484 1042 475 1041 475 986 481 986 499 985 530 1111 551 1112 551 1113 551 1143 535 1148 533 1184 533 1188 537 1204 551 1204 552 1205 552 1206 552 1208 552 1244 546 1280 552 1281 552 1282 552 1284 552 1284 551 1294 540 1295 502 1295 491 1294 485"/></Shape>
	    <String CONTENT=""
                    HPOS="985.0"
                    VPOS="475.0"
                    WIDTH="310.0"
                    HEIGHT="77.0"
                    WC="0.99895164641467"></String>
          </TextLine>

          
          
          <TextLine ID="eSc_line_25699221"
                    TAGREFS="LT15288"
                    BASELINE="149 560 1292 573" 
                    HPOS="148.0"
                    VPOS="528.0"
                    WIDTH="1144.0"
                    HEIGHT="96.0">
            <Shape><Polygon POINTS="149 560 148 596 176 611 178 611 179 611 180 611 222 597 254 613 255 613 256 614 286 614 286 613 287 613 315 598 354 614 356 614 357 614 358 614 389 606 416 614 417 614 418 614 474 604 493 616 494 616 495 616 585 617 586 617 587 617 619 602 640 613 641 613 642 613 703 603 772 612 773 612 856 604 881 620 883 620 884 620 885 622 912 622 912 620 914 620 947 606 971 606 997 622 998 622 1000 622 1001 622 1076 607 1101 623 1102 623 1103 623 1216 624 1218 624 1219 624 1220 624 1245 609 1290 609 1292 573 1292 551 1218 551 1216 550 1189 538 1188 538 1152 538 1150 538 1149 538 1130 547 1051 541 1050 541 1048 541 1036 546 1002 537 1001 537 1000 537 951 546 936 536 935 536 934 536 861 535 860 535 774 541 736 535 734 535 693 542 668 532 667 532 666 532 600 542 599 542 408 530 407 530 286 538 220 528 219 528 217 528 195 538 149 538 149 560"/></Shape>
	    <String CONTENT=""
                    HPOS="148.0"
                    VPOS="528.0"
                    WIDTH="1144.0"
                    HEIGHT="96.0"
                    WC="0.9563442659827898"></String>
          </TextLine>

          
          
          <TextLine ID="eSc_line_763282b2"
                    TAGREFS="LT15288"
                    BASELINE="369 635 1071 642" 
                    HPOS="366.0"
                    VPOS="614.0"
                    WIDTH="704.0"
                    HEIGHT="50.0">
            <Shape><Polygon POINTS="368 634 366 664 1066 664 1070 640 1068 619 368 614 368 634"/></Shape>
	    <String CONTENT=""
                    HPOS="366.0"
                    VPOS="614.0"
                    WIDTH="704.0"
                    HEIGHT="50.0"
                    WC="0.9874102625735971"></String>
          </TextLine>

          
          
          <TextLine ID="eSc_line_4820f305"
                    TAGREFS="LT15288"
                    BASELINE="369 678 1073 685" 
                    HPOS="366.0"
                    VPOS="658.0"
                    WIDTH="706.0"
                    HEIGHT="60.0">
            <Shape><Polygon POINTS="368 677 366 703 411 714 412 714 554 709 594 707 1066 718 1072 683 1070 662 368 658 368 677"/></Shape>
	    <String CONTENT=""
                    HPOS="366.0"
                    VPOS="658.0"
                    WIDTH="706.0"
                    HEIGHT="60.0"
                    WC="0.9805717794668107"></String>
          </TextLine>

          
          
          <TextLine ID="eSc_line_c4996194"
                    TAGREFS="LT15288"
                    BASELINE="150 730 1255 745" 
                    HPOS="149.0"
                    VPOS="699.0"
                    WIDTH="1106.0"
                    HEIGHT="97.0">
            <Shape><Polygon POINTS="150 730 149 774 164 784 165 784 166 784 168 785 216 785 216 784 217 784 239 772 271 781 272 781 274 781 307 775 337 786 338 786 340 786 411 781 427 787 428 787 429 787 430 787 465 774 469 772 472 774 490 787 491 787 493 787 516 788 518 788 519 788 548 775 551 774 600 774 611 775 678 790 680 790 681 790 719 777 739 791 741 791 742 791 743 791 744 791 767 781 795 792 797 792 798 792 799 792 851 777 855 777 861 777 909 784 910 784 934 779 935 779 936 779 976 795 977 795 979 796 998 796 998 795 1000 795 1001 795 1022 780 1042 795 1043 795 1045 795 1046 795 1121 781 1203 784 1214 792 1215 792 1216 792 1218 792 1219 792 1254 781 1255 745 1255 719 1113 713 1112 713 1076 715 993 721 937 713 920 710 885 709 884 709 883 709 881 709 878 711 870 716 855 711 848 709 846 709 845 709 844 709 838 710 814 719 763 713 762 713 704 718 678 710 677 710 676 710 675 710 673 710 665 716 631 710 630 710 582 715 554 706 553 706 551 706 494 711 462 704 459 704 458 704 457 704 427 714 336 714 150 699 150 730"/></Shape>
	    <String CONTENT="כל יודוך. והכל ישבחוך. והכל יאמרו אין קדוש כיהוה:"
                    HPOS="149.0"
                    VPOS="699.0"
                    WIDTH="1106.0"
                    HEIGHT="97.0"
                    WC="0.9644125464061896"></String>
          </TextLine>

          
          
          <TextLine ID="eSc_line_63f5cca4"
                    TAGREFS="LT15288"
                    BASELINE="149 812 1296 823" 
                    HPOS="148.0"
                    VPOS="785.0"
                    WIDTH="1148.0"
                    HEIGHT="87.0">
            <Shape><Polygon POINTS="149 812 148 847 159 856 160 856 161 856 163 857 186 857 186 856 188 856 210 846 212 844 245 844 249 846 282 863 283 863 285 864 332 864 332 863 333 863 350 854 413 864 414 864 416 864 457 851 467 847 515 847 533 852 582 866 584 866 585 866 586 866 614 853 625 848 666 854 737 864 738 864 739 864 741 864 754 856 766 849 783 849 798 857 819 868 820 868 822 868 823 868 848 858 864 851 904 852 914 859 929 869 930 869 931 869 932 871 985 871 985 869 986 869 1003 861 1017 869 1018 869 1020 869 1021 869 1081 864 1117 871 1118 871 1119 871 1137 863 1162 853 1224 864 1264 872 1265 872 1294 866 1296 823 1295 802 1145 793 1144 793 1097 800 1083 801 1048 800 974 795 972 795 935 798 915 800 896 797 845 791 844 791 843 791 827 797 822 798 792 797 727 792 726 792 724 792 716 796 712 797 703 796 672 790 671 790 614 795 599 796 585 795 530 787 529 787 528 787 505 793 504 793 501 793 402 787 401 787 346 792 330 793 317 792 274 785 272 785 149 790 149 812"/></Shape>
	    <String CONTENT="הכל ירוממוך סלה יוצר הכל: האל הפותח בכל יום"
                    HPOS="148.0"
                    VPOS="785.0"
                    WIDTH="1148.0"
                    HEIGHT="87.0"
                    WC="0.9915318669274796"></String>
          </TextLine>

          
          
          <TextLine ID="eSc_line_c04605b3"
                    TAGREFS="LT15288"
                    BASELINE="148 891 1295 902" 
                    HPOS="146.0"
                    VPOS="862.0"
                    WIDTH="1149.0"
                    HEIGHT="88.0">
            <Shape><Polygon POINTS="148 891 146 924 158 933 159 933 160 933 161 933 163 933 180 928 199 939 200 939 201 939 203 940 234 940 234 939 235 939 271 924 274 924 279 924 361 939 362 939 363 939 364 939 382 927 383 927 450 927 455 929 482 942 483 942 544 943 545 943 546 943 574 932 580 929 587 933 607 942 609 942 610 942 611 942 626 933 627 933 632 933 673 940 675 940 676 940 691 935 704 929 714 935 727 944 728 944 729 944 731 944 805 938 890 930 906 940 916 947 917 947 919 947 920 948 964 948 964 947 965 947 975 942 995 932 1018 932 1037 943 1041 947 1042 947 1043 947 1098 948 1099 948 1101 948 1102 948 1106 945 1128 933 1162 933 1210 948 1215 949 1216 949 1218 950 1292 950 1295 902 1294 883 1246 872 1245 872 1244 872 1214 881 1195 872 1194 872 1193 872 1158 878 1128 871 1127 871 1125 871 1013 879 1008 879 1006 879 955 871 954 871 952 871 936 878 914 872 912 872 911 872 842 878 830 878 825 877 785 867 784 867 783 867 736 868 734 868 718 877 717 877 709 876 641 866 640 866 596 874 590 876 584 874 526 864 477 864 475 864 474 864 457 873 454 876 404 876 399 873 377 863 376 863 374 863 332 869 291 864 290 864 288 864 287 864 277 872 276 872 274 872 236 862 235 862 234 862 148 869 148 891"/></Shape>
	    <String CONTENT="דלתות שערי מזרח. ובוקע חלוני רקיע. מוציא חמה"
                    HPOS="146.0"
                    VPOS="862.0"
                    WIDTH="1149.0"
                    HEIGHT="88.0"
                    WC="0.9820601662924123"></String>
          </TextLine>

          
          
          <TextLine ID="eSc_line_642aaadb"
                    TAGREFS="LT15288"
                    BASELINE="148 968 1292 980" 
                    HPOS="146.0"
                    VPOS="942.0"
                    WIDTH="1146.0"
                    HEIGHT="89.0">
            <Shape><Polygon POINTS="148 968 146 1001 186 1019 188 1019 189 1020 239 1020 239 1019 240 1019 274 1004 354 1004 378 1021 379 1021 381 1021 382 1022 413 1022 413 1021 414 1021 416 1021 439 1005 440 1005 590 1005 592 1008 612 1021 614 1021 615 1021 616 1021 617 1021 637 1011 655 1017 656 1017 657 1017 658 1017 676 1009 680 1008 717 1008 722 1010 757 1025 758 1025 759 1026 815 1026 815 1025 817 1025 818 1025 830 1017 854 1026 855 1026 856 1026 858 1026 889 1012 890 1011 893 1012 917 1026 919 1026 949 1027 950 1027 951 1027 981 1014 986 1011 991 1014 1013 1027 1015 1027 1016 1027 1083 1029 1084 1029 1086 1029 1118 1016 1121 1015 1123 1016 1142 1029 1143 1029 1144 1029 1199 1030 1200 1030 1201 1030 1203 1030 1214 1022 1225 1030 1226 1030 1228 1030 1229 1031 1267 1031 1267 1030 1269 1030 1291 1019 1292 980 1291 956 148 942 148 968"/></Shape>
	    <String CONTENT="ממקומה. ולבנה ממכון שבתה. ומאיר לעולם כלו וליושביו."
                    HPOS="146.0"
                    VPOS="942.0"
                    WIDTH="1146.0"
                    HEIGHT="89.0"
                    WC="0.9868504246886896"></String>
          </TextLine>

          
          
          <TextLine ID="eSc_line_307c92f8"
                    TAGREFS="LT15288"
                    BASELINE="148 1045 1295 1052" 
                    HPOS="146.0"
                    VPOS="1020.0"
                    WIDTH="1149.0"
                    HEIGHT="86.0">
            <Shape><Polygon POINTS="148 1045 146 1080 155 1086 156 1086 158 1086 159 1086 241 1080 269 1097 270 1097 271 1097 272 1097 274 1097 298 1085 317 1090 318 1090 320 1090 366 1081 403 1100 404 1100 406 1101 462 1101 462 1100 463 1100 464 1100 475 1092 487 1100 488 1100 489 1100 550 1101 551 1101 553 1101 554 1101 579 1085 582 1082 636 1082 642 1085 652 1092 653 1092 655 1092 656 1092 657 1092 670 1087 702 1096 703 1096 704 1096 706 1096 734 1087 746 1083 838 1083 849 1088 860 1095 861 1095 863 1095 864 1095 885 1090 890 1088 894 1090 929 1103 930 1103 931 1105 975 1105 975 1103 976 1103 977 1103 996 1092 1102 1105 1103 1106 1128 1106 1128 1105 1129 1105 1130 1105 1147 1093 1155 1100 1157 1100 1158 1100 1159 1100 1160 1100 1174 1095 1175 1093 1177 1095 1194 1105 1195 1105 1196 1105 1198 1106 1271 1106 1271 1105 1272 1105 1294 1096 1295 1052 1294 1035 1201 1027 1200 1027 1097 1032 1081 1032 1074 1032 1033 1025 1032 1025 1031 1025 1013 1031 1010 1032 1000 1031 962 1025 961 1025 929 1030 915 1032 911 1030 901 1024 900 1024 899 1024 898 1024 820 1029 789 1031 784 1029 777 1024 775 1024 774 1024 773 1024 772 1024 758 1029 753 1030 751 1029 744 1024 743 1024 742 1024 741 1024 711 1027 702 1029 668 1027 559 1022 558 1022 556 1022 545 1026 534 1030 521 1026 508 1021 506 1021 505 1021 504 1021 490 1026 480 1029 467 1025 450 1021 449 1021 318 1021 317 1021 316 1021 310 1024 300 1027 275 1024 255 1020 254 1020 235 1022 212 1026 148 1022 148 1045"/></Shape>
	    <String CONTENT="שברא במדת הרחמים: המאיר לארץ ולדרים עליה"
                    HPOS="146.0"
                    VPOS="1020.0"
                    WIDTH="1149.0"
                    HEIGHT="86.0"
                    WC="0.9940324364564358"></String>
          </TextLine>

          
          
          <TextLine ID="eSc_line_31a869de"
                    TAGREFS="LT15288"
                    BASELINE="148 1123 1294 1133" 
                    HPOS="146.0"
                    VPOS="1096.0"
                    WIDTH="1148.0"
                    HEIGHT="88.0">
            <Shape><Polygon POINTS="148 1123 146 1158 175 1166 176 1166 209 1161 214 1159 215 1161 226 1167 227 1167 229 1167 230 1167 265 1161 279 1159 282 1162 301 1176 302 1176 303 1176 305 1176 378 1169 460 1177 462 1177 463 1177 487 1166 496 1162 526 1162 538 1167 556 1177 558 1177 589 1178 590 1178 591 1178 610 1169 612 1167 700 1163 713 1171 727 1179 728 1179 729 1179 731 1180 768 1180 768 1179 769 1179 771 1179 780 1173 790 1166 832 1173 868 1180 869 1182 916 1182 916 1180 917 1180 926 1176 945 1166 964 1172 965 1172 966 1172 1000 1166 1026 1178 1035 1182 1036 1182 1037 1182 1054 1178 1108 1167 1172 1180 1183 1183 1184 1184 1291 1184 1294 1133 1294 1113 1235 1106 1234 1106 1182 1112 1175 1112 1173 1112 1150 1103 1149 1103 1148 1103 1111 1111 1109 1111 1108 1111 1040 1103 1038 1103 853 1108 851 1108 814 1101 813 1101 762 1107 722 1100 645 1100 643 1100 642 1100 641 1100 629 1107 619 1107 525 1100 524 1100 469 1106 462 1106 459 1106 435 1097 434 1097 377 1097 376 1097 374 1097 358 1105 357 1105 351 1105 257 1096 256 1096 148 1102 148 1123"/></Shape>
	    <String CONTENT="ברחמים. ובטובו מחדש בכל יום תמיד. מעשה בראשית:"
                    HPOS="146.0"
                    VPOS="1096.0"
                    WIDTH="1148.0"
                    HEIGHT="88.0"
                    WC="0.9934366491105822"></String>
          </TextLine>

          
          
          <TextLine ID="eSc_line_745a6c8c"
                    TAGREFS="LT15288"
                    BASELINE="149 1202 1294 1210" 
                    HPOS="148.0"
                    VPOS="1173.0"
                    WIDTH="1146.0"
                    HEIGHT="87.0">
            <Shape><Polygon POINTS="149 1202 148 1236 255 1253 256 1253 310 1243 359 1254 361 1254 362 1254 387 1241 417 1253 418 1253 419 1253 421 1253 449 1241 450 1241 452 1241 473 1255 474 1255 475 1255 477 1256 545 1256 545 1255 546 1255 576 1244 581 1241 585 1244 601 1255 602 1255 604 1255 637 1256 638 1258 685 1258 685 1256 686 1256 714 1245 724 1243 792 1243 800 1246 807 1251 808 1251 809 1251 810 1251 812 1251 820 1248 828 1244 876 1244 889 1249 911 1258 912 1258 914 1258 915 1258 940 1249 956 1244 976 1250 1008 1259 1010 1259 1011 1259 1012 1259 1031 1250 1043 1245 1097 1246 1107 1251 1119 1258 1121 1258 1122 1258 1123 1258 1137 1253 1149 1246 1159 1253 1172 1260 1173 1260 1174 1260 1175 1260 1291 1254 1294 1210 1292 1188 1134 1188 1132 1185 1114 1179 1113 1179 1112 1179 1005 1184 983 1185 975 1184 937 1178 936 1178 832 1183 805 1184 780 1183 696 1177 695 1177 693 1177 681 1182 678 1183 672 1182 641 1176 640 1176 572 1180 560 1182 550 1180 510 1176 509 1176 454 1180 444 1180 442 1180 429 1174 428 1174 427 1174 403 1179 397 1180 281 1180 279 1178 271 1173 270 1173 269 1173 267 1173 149 1177 149 1202"/></Shape>
	    <String CONTENT="המלך המרומם לבדו מאז. המשבח והמפאר והמתנשא"
                    HPOS="148.0"
                    VPOS="1173.0"
                    WIDTH="1146.0"
                    HEIGHT="87.0"
                    WC="0.9907898742978166"></String>
          </TextLine>

          
          
          <TextLine ID="eSc_line_da09ed89"
                    TAGREFS="LT15288"
                    BASELINE="146 1278 1292 1288" 
                    HPOS="145.0"
                    VPOS="1249.0"
                    WIDTH="1147.0"
                    HEIGHT="87.0">
            <Shape><Polygon POINTS="146 1278 145 1312 211 1329 212 1329 214 1329 239 1322 247 1329 249 1329 250 1329 326 1330 327 1330 328 1330 330 1330 342 1321 351 1327 352 1327 353 1327 354 1327 356 1327 379 1316 414 1316 470 1331 472 1331 473 1331 474 1331 498 1324 540 1331 541 1331 543 1331 564 1321 577 1332 579 1332 580 1332 581 1332 698 1326 717 1334 718 1334 719 1334 721 1334 764 1321 795 1334 797 1334 798 1334 860 1320 936 1335 937 1336 988 1336 988 1335 990 1335 1031 1322 1094 1336 1096 1336 1097 1336 1124 1322 1145 1322 1199 1331 1200 1331 1241 1324 1266 1336 1267 1336 1269 1336 1270 1336 1271 1336 1291 1322 1292 1288 1291 1266 1235 1260 1234 1260 1188 1264 1149 1268 1113 1263 1072 1258 1071 1258 1038 1261 1005 1266 947 1260 905 1256 904 1256 888 1260 863 1265 843 1259 832 1255 830 1255 829 1255 789 1258 748 1261 728 1258 712 1254 711 1254 677 1256 605 1263 525 1254 508 1253 506 1253 505 1253 501 1254 485 1260 458 1253 455 1253 454 1253 453 1253 445 1253 376 1260 336 1251 335 1251 333 1251 330 1251 224 1259 146 1249 146 1278"/></Shape>
	    <String CONTENT="מימות עולם: אלהי עולם. ברחמיך הרבים רחם עלינו."
                    HPOS="145.0"
                    VPOS="1249.0"
                    WIDTH="1147.0"
                    HEIGHT="87.0"
                    WC="0.9884190979329023"></String>
          </TextLine>

          
          
          <TextLine ID="eSc_line_9c60d421"
                    TAGREFS="LT15288"
                    BASELINE="145 1355 1289 1365" 
                    HPOS="144.0"
                    VPOS="1332.0"
                    WIDTH="1145.0"
                    HEIGHT="85.0">
            <Shape><Polygon POINTS="145 1345 145 1355 144 1406 169 1407 170 1407 171 1407 173 1407 173 1406 201 1388 285 1388 325 1404 333 1408 335 1408 336 1409 381 1409 381 1408 382 1408 391 1404 412 1395 438 1404 453 1409 454 1409 455 1411 505 1411 505 1409 506 1409 528 1403 571 1391 595 1403 606 1408 607 1408 609 1408 687 1406 714 1412 716 1412 717 1412 718 1412 744 1404 759 1409 761 1409 762 1409 763 1409 778 1402 793 1393 827 1401 879 1413 880 1414 915 1414 915 1413 916 1413 945 1401 959 1395 981 1400 1001 1404 1002 1404 1042 1400 1072 1396 1078 1400 1098 1412 1099 1412 1101 1412 1144 1416 1145 1417 1185 1417 1185 1416 1187 1416 1238 1398 1243 1397 1285 1397 1289 1365 1287 1345 1189 1337 1188 1337 1157 1344 1152 1344 1150 1344 1139 1336 1138 1336 1137 1336 1135 1336 1062 1342 1054 1342 1052 1342 1030 1336 1028 1336 1027 1336 1026 1336 1013 1342 1012 1342 1002 1342 939 1335 937 1335 871 1341 859 1341 774 1341 773 1340 764 1334 763 1334 762 1334 761 1334 688 1339 686 1339 667 1332 666 1332 665 1332 146 1334 145 1345"/></Shape>
	    <String CONTENT="אדון עזנו. צור משגבנו. מגן ישענו. משגב בעדנו: אין"
                    HPOS="144.0"
                    VPOS="1332.0"
                    WIDTH="1145.0"
                    HEIGHT="85.0"
                    WC="0.9846037561478822"></String>
          </TextLine>

          
          
          <TextLine ID="eSc_line_f6d62664"
                    TAGREFS="LT15288"
                    BASELINE="145 1433 1289 1441" 
                    HPOS="144.0"
                    VPOS="1406.0"
                    WIDTH="1145.0"
                    HEIGHT="89.0">
            <Shape><Polygon POINTS="145 1433 144 1474 155 1483 156 1483 158 1483 159 1483 160 1483 184 1472 185 1472 188 1472 211 1479 212 1479 214 1479 256 1473 277 1470 282 1474 305 1489 306 1489 307 1489 308 1489 310 1489 333 1477 358 1487 359 1487 361 1487 362 1487 383 1475 391 1472 398 1475 424 1489 425 1489 427 1489 428 1489 452 1477 463 1472 521 1472 533 1478 538 1482 539 1482 540 1482 541 1482 543 1482 555 1478 576 1473 586 1479 605 1492 606 1492 607 1492 609 1493 675 1493 675 1492 676 1492 700 1480 714 1474 752 1477 759 1482 775 1493 777 1493 778 1493 779 1493 819 1490 820 1490 822 1490 832 1483 848 1474 899 1474 916 1484 930 1494 931 1494 932 1494 934 1494 970 1492 971 1492 972 1492 982 1485 993 1479 1012 1487 1032 1494 1033 1494 1035 1494 1069 1488 1101 1495 1102 1495 1103 1495 1286 1490 1289 1441 1287 1422 1226 1412 1225 1412 1178 1421 1174 1421 1074 1421 1074 1419 1057 1412 1056 1412 1054 1412 942 1419 929 1419 909 1419 707 1408 614 1408 612 1408 571 1417 569 1417 566 1417 544 1409 543 1409 541 1409 491 1416 464 1407 463 1407 398 1407 397 1407 396 1407 394 1407 383 1414 333 1406 285 1406 283 1406 282 1406 281 1406 269 1414 267 1414 265 1414 188 1408 186 1408 145 1413 145 1433"/></Shape>
	    <String CONTENT="כערכך. ואין זולתך. אפס בלתך ומי דומה לך. אין"
                    HPOS="144.0"
                    VPOS="1406.0"
                    WIDTH="1145.0"
                    HEIGHT="89.0"
                    WC="0.9819100346676138"></String>
          </TextLine>

          
          
          <TextLine ID="eSc_line_cbc43acb"
                    TAGREFS="LT15288"
                    BASELINE="145 1509 1287 1519" 
                    HPOS="144.0"
                    VPOS="1482.0"
                    WIDTH="1143.0"
                    HEIGHT="89.0">
            <Shape><Polygon POINTS="145 1509 144 1540 203 1541 203 1543 230 1553 231 1553 232 1553 234 1553 257 1544 259 1543 260 1544 293 1564 295 1564 296 1564 297 1564 373 1561 374 1561 399 1548 427 1565 428 1565 429 1565 430 1566 480 1566 480 1565 482 1565 515 1549 518 1548 531 1548 536 1550 553 1561 554 1561 555 1561 556 1561 558 1561 559 1561 575 1550 584 1546 673 1546 687 1554 713 1568 714 1568 716 1568 717 1568 752 1555 759 1553 768 1555 810 1568 812 1568 813 1568 814 1568 838 1556 848 1553 858 1558 885 1569 886 1569 888 1569 889 1569 890 1569 905 1559 920 1549 936 1558 937 1558 939 1558 940 1558 962 1550 979 1560 985 1564 986 1564 987 1564 988 1564 1005 1560 1013 1559 1016 1561 1030 1570 1031 1570 1032 1570 1033 1571 1061 1571 1061 1570 1062 1570 1063 1570 1074 1563 1094 1550 1119 1550 1140 1564 1150 1571 1152 1571 1153 1571 1154 1571 1285 1566 1287 1519 1286 1499 1033 1497 1002 1488 1001 1488 1000 1488 915 1495 908 1495 904 1495 858 1487 856 1487 772 1494 764 1494 761 1494 716 1485 714 1485 667 1493 665 1494 594 1494 592 1493 574 1484 572 1484 571 1484 570 1484 541 1492 540 1492 539 1492 462 1484 460 1484 459 1484 434 1492 432 1492 429 1492 412 1483 411 1483 409 1483 408 1483 407 1483 396 1490 394 1490 393 1490 276 1482 275 1482 274 1482 255 1489 220 1482 219 1482 145 1488 145 1509"/></Shape>
	    <String CONTENT="כערכך ה&apos; אלהינו בעולם הזה. ואין זולתך מלכנו לחיי"
                    HPOS="144.0"
                    VPOS="1482.0"
                    WIDTH="1143.0"
                    HEIGHT="89.0"
                    WC="0.9908038998643557"></String>
          </TextLine>

          
          
          <TextLine ID="eSc_line_89ffc349"
                    TAGREFS="LT15288"
                    BASELINE="145 1590 1287 1597" 
                    HPOS="144.0"
                    VPOS="1564.0"
                    WIDTH="1143.0"
                    HEIGHT="86.0">
            <Shape><Polygon POINTS="145 1590 144 1640 230 1642 231 1642 232 1642 234 1642 236 1640 256 1627 318 1637 320 1637 362 1632 374 1640 374 1641 376 1641 377 1641 378 1641 386 1640 449 1628 533 1630 546 1640 548 1640 549 1640 550 1640 551 1640 553 1640 569 1630 610 1630 638 1640 652 1645 653 1645 655 1646 691 1646 691 1645 692 1645 702 1640 721 1631 753 1640 774 1646 775 1646 777 1647 822 1647 822 1646 823 1646 840 1640 866 1631 886 1631 900 1640 910 1647 911 1647 912 1647 914 1648 954 1648 954 1647 955 1647 956 1647 967 1640 980 1632 1058 1636 1064 1640 1076 1647 1077 1647 1078 1647 1079 1647 1081 1647 1107 1640 1124 1635 1140 1640 1167 1648 1168 1648 1169 1650 1270 1650 1270 1648 1271 1648 1272 1648 1286 1640 1287 1597 1286 1579 1102 1579 1088 1576 1043 1570 1042 1570 987 1575 972 1576 955 1575 879 1566 878 1566 876 1566 859 1574 839 1566 838 1566 837 1566 738 1571 633 1565 632 1565 631 1565 630 1565 620 1571 617 1572 615 1571 596 1565 595 1565 594 1565 592 1565 591 1565 581 1571 579 1572 576 1571 564 1565 562 1565 504 1564 503 1564 463 1570 445 1572 417 1570 363 1564 362 1564 312 1569 280 1571 145 1568 145 1590"/></Shape>
	    <String CONTENT="העולם הבא. אפס בלתך גואלנו לימות המשיח. ואין"
                    HPOS="144.0"
                    VPOS="1564.0"
                    WIDTH="1143.0"
                    HEIGHT="86.0"
                    WC="0.9988313114101236"></String>
          </TextLine>

          
          
          <TextLine ID="eSc_line_8903be87"
                    TAGREFS="LT15288"
                    BASELINE="146 1666 1285 1673" 
                    HPOS="145.0"
                    VPOS="1640.0"
                    WIDTH="1140.0"
                    HEIGHT="86.0">
            <Shape><Polygon POINTS="146 1666 145 1698 166 1699 195 1718 196 1718 198 1718 199 1718 290 1709 335 1719 336 1719 337 1719 371 1708 409 1719 411 1719 412 1719 413 1719 438 1706 475 1719 477 1719 478 1719 479 1719 524 1702 591 1702 676 1721 677 1721 716 1719 717 1719 744 1707 807 1721 808 1721 809 1721 843 1704 873 1713 874 1713 875 1713 876 1713 903 1704 932 1723 934 1723 935 1723 936 1723 998 1721 1000 1721 1041 1709 1064 1716 1066 1716 1067 1716 1068 1716 1087 1706 1121 1724 1122 1724 1123 1726 1158 1726 1158 1724 1159 1724 1160 1724 1177 1714 1195 1724 1196 1724 1198 1726 1241 1726 1241 1724 1243 1724 1284 1706 1285 1673 1285 1655 1250 1646 1249 1646 1248 1646 1153 1655 1142 1655 1140 1653 1127 1647 1125 1647 1124 1647 1069 1653 1064 1653 1062 1653 1036 1645 1035 1645 1033 1645 946 1652 926 1653 919 1652 888 1643 886 1643 763 1643 762 1643 761 1643 742 1650 734 1652 707 1650 633 1642 632 1642 599 1648 585 1651 482 1650 478 1647 459 1641 458 1641 457 1641 430 1647 417 1650 364 1646 270 1640 269 1640 267 1640 251 1645 241 1648 146 1645 146 1666"/></Shape>
	    <String CONTENT="דומה לך מושיענו לתחית המתים: אל אדון על כל"
                    HPOS="145.0"
                    VPOS="1640.0"
                    WIDTH="1140.0"
                    HEIGHT="86.0"
                    WC="0.9784088037734808"></String>
          </TextLine>

          
        </TextBlock>
        

        
      </PrintSpace>
    </Page>
  </Layout>
</alto>
