[{"pk": 734735, "name": "", "filename": "IE103402206_00010.jpg", "title": "Element 1", "typology": null, "image": {"uri": "/media/documents/4381/IE103402206_00010.jpg", "size": [1702, 2511], "thumbnails": {"card": "/media/documents/4381/IE103402206_00010.jpg.180x180_q85_crop-smart.jpg", "large": "/media/documents/4381/IE103402206_00010.jpg.1000x1000_q85.jpg"}}, "image_file_size": 285936, "original_filename": "IE103402206_00010.jpg", "bw_image": null, "workflow": {"convert": "done", "segment": "done", "align": "done"}, "order": 0, "recoverable": false, "transcription_progress": 100, "source": "mets//export_doc4367_test4matthieu_alto_202404261220.zip/IE103402206_00010.jpg", "max_avg_confidence": 0.9849466164969554, "comments": "tanach"}, {"pk": 734736, "name": "", "filename": "IE103402206_00014.jpg", "title": "Element 2", "typology": null, "image": {"uri": "/media/documents/4381/IE103402206_00014.jpg", "size": [1709, 2509], "thumbnails": {"card": "/media/documents/4381/IE103402206_00014.jpg.180x180_q85_crop-smart.jpg", "large": "/media/documents/4381/IE103402206_00014.jpg.1000x1000_q85.jpg"}}, "image_file_size": 376632, "original_filename": "IE103402206_00014.jpg", "bw_image": null, "workflow": {"convert": "done", "segment": "done", "align": "done"}, "order": 1, "recoverable": false, "transcription_progress": 100, "source": "mets//export_doc4367_test4matthieu_alto_202404261220.zip/IE103402206_00014.jpg", "max_avg_confidence": 0.9753632694760221, "comments": "tanach"}, {"pk": 734737, "name": "", "filename": "IE103409244_00025.jpg", "title": "Element 3", "typology": null, "image": {"uri": "/media/documents/4381/IE103409244_00025.jpg", "size": [1472, 2400], "thumbnails": {"card": "/media/documents/4381/IE103409244_00025.jpg.180x180_q85_crop-smart.jpg", "large": "/media/documents/4381/IE103409244_00025.jpg.1000x1000_q85.jpg"}}, "image_file_size": 545538, "original_filename": "IE103409244_00025.jpg", "bw_image": null, "workflow": {"convert": "done", "segment": "done", "align": "done"}, "order": 2, "recoverable": false, "transcription_progress": 100, "source": "mets//export_doc4367_test4matthieu_alto_202404261220.zip/IE103409244_00025.jpg", "max_avg_confidence": 0.9896938922542817, "comments": "tanach"}, {"pk": 734738, "name": "", "filename": "IE34120895_00033.jpg", "title": "Element 4", "typology": null, "image": {"uri": "/media/documents/4381/IE34120895_00033.jpg", "size": [1072, 1910], "thumbnails": {"card": "/media/documents/4381/IE34120895_00033.jpg.180x180_q85_crop-smart.jpg", "large": "/media/documents/4381/IE34120895_00033.jpg.1000x1000_q85.jpg"}}, "image_file_size": 707987, "original_filename": "IE34120895_00033.jpg", "bw_image": null, "workflow": {"convert": "done", "segment": "done", "align": "done"}, "order": 3, "recoverable": false, "transcription_progress": 100, "source": "mets//export_doc4367_test4matthieu_alto_202404261220.zip/IE34120895_00033.jpg", "max_avg_confidence": 0.9839919638708389, "comments": "siddur"}, {"pk": 734739, "name": "", "filename": "IE34120895_00046.jpg", "title": "Element 5", "typology": null, "image": {"uri": "/media/documents/4381/IE34120895_00046.jpg", "size": [1037, 1913], "thumbnails": {"card": "/media/documents/4381/IE34120895_00046.jpg.180x180_q85_crop-smart.jpg", "large": "/media/documents/4381/IE34120895_00046.jpg.1000x1000_q85.jpg"}}, "image_file_size": 637115, "original_filename": "IE34120895_00046.jpg", "bw_image": null, "workflow": {"convert": "done", "segment": "done", "align": "done"}, "order": 4, "recoverable": false, "transcription_progress": 100, "source": "mets//export_doc4367_test4matthieu_alto_202404261220.zip/IE34120895_00046.jpg", "max_avg_confidence": 0.9866428507920654, "comments": "siddur"}, {"pk": 734740, "name": "", "filename": "IE34120895_00054.jpg", "title": "Element 6", "typology": null, "image": {"uri": "/media/documents/4381/IE34120895_00054.jpg", "size": [1073, 1877], "thumbnails": {"card": "/media/documents/4381/IE34120895_00054.jpg.180x180_q85_crop-smart.jpg", "large": "/media/documents/4381/IE34120895_00054.jpg.1000x1000_q85.jpg"}}, "image_file_size": 666364, "original_filename": "IE34120895_00054.jpg", "bw_image": null, "workflow": {"convert": "done", "segment": "done", "align": "done"}, "order": 5, "recoverable": false, "transcription_progress": 100, "source": "mets//export_doc4367_test4matthieu_alto_202404261220.zip/IE34120895_00054.jpg", "max_avg_confidence": 0.984428941384303, "comments": "siddur"}, {"pk": 734741, "name": "", "filename": "IE61220167_00083.jpg", "title": "Element 7", "typology": null, "image": {"uri": "/media/documents/4381/IE61220167_00083.jpg", "size": [1231, 1789], "thumbnails": {"card": "/media/documents/4381/IE61220167_00083.jpg.180x180_q85_crop-smart.jpg", "large": "/media/documents/4381/IE61220167_00083.jpg.1000x1000_q85.jpg"}}, "image_file_size": 620621, "original_filename": "IE61220167_00083.jpg", "bw_image": null, "workflow": {"convert": "done", "segment": "done", "align": "done"}, "order": 6, "recoverable": false, "transcription_progress": 100, "source": "mets//export_doc4367_test4matthieu_alto_202404261220.zip/IE61220167_00083.jpg", "max_avg_confidence": 0.9844957197366263, "comments": "machzor"}, {"pk": 734742, "name": "", "filename": "IE61220167_00084.jpg", "title": "Element 8", "typology": null, "image": {"uri": "/media/documents/4381/IE61220167_00084.jpg", "size": [1246, 1791], "thumbnails": {"card": "/media/documents/4381/IE61220167_00084.jpg.180x180_q85_crop-smart.jpg", "large": "/media/documents/4381/IE61220167_00084.jpg.1000x1000_q85.jpg"}}, "image_file_size": 508042, "original_filename": "IE61220167_00084.jpg", "bw_image": null, "workflow": {"convert": "done", "segment": "done", "align": "done"}, "order": 7, "recoverable": false, "transcription_progress": 100, "source": "mets//export_doc4367_test4matthieu_alto_202404261220.zip/IE61220167_00084.jpg", "max_avg_confidence": 0.9896552505001586, "comments": "machzor"}, {"pk": 734743, "name": "", "filename": "IE61220167_00097.jpg", "title": "Element 9", "typology": null, "image": {"uri": "/media/documents/4381/IE61220167_00097.jpg", "size": [1221, 1822], "thumbnails": {"card": "/media/documents/4381/IE61220167_00097.jpg.180x180_q85_crop-smart.jpg", "large": "/media/documents/4381/IE61220167_00097.jpg.1000x1000_q85.jpg"}}, "image_file_size": 517660, "original_filename": "IE61220167_00097.jpg", "bw_image": null, "workflow": {"convert": "done", "segment": "done", "align": "done"}, "order": 8, "recoverable": false, "transcription_progress": 100, "source": "mets//export_doc4367_test4matthieu_alto_202404261220.zip/IE61220167_00097.jpg", "max_avg_confidence": 0.9888683813056182, "comments": "machzor"}, {"pk": 734744, "name": "", "filename": "IE36149273_00006.jpg", "title": "Element 10", "typology": null, "image": {"uri": "/media/documents/4381/IE36149273_00006.jpg", "size": [1521, 2326], "thumbnails": {"card": "/media/documents/4381/IE36149273_00006.jpg.180x180_q85_crop-smart.jpg", "large": "/media/documents/4381/IE36149273_00006.jpg.1000x1000_q85.jpg"}}, "image_file_size": 1198844, "original_filename": "IE36149273_00006.jpg", "bw_image": null, "workflow": {"convert": "done", "segment": "done", "align": "done"}, "order": 9, "recoverable": false, "transcription_progress": 100, "source": "mets//export_doc4367_test4matthieu_alto_202404261220.zip/IE36149273_00006.jpg", "max_avg_confidence": 0.9811283027976543, "comments": "quotes from tanach"}, {"pk": 734745, "name": "", "filename": "IE36149273_00009.jpg", "title": "Element 11", "typology": null, "image": {"uri": "/media/documents/4381/IE36149273_00009.jpg", "size": [1556, 2329], "thumbnails": {"card": "/media/documents/4381/IE36149273_00009.jpg.180x180_q85_crop-smart.jpg", "large": "/media/documents/4381/IE36149273_00009.jpg.1000x1000_q85.jpg"}}, "image_file_size": 1211107, "original_filename": "IE36149273_00009.jpg", "bw_image": null, "workflow": {"convert": "done", "segment": "done", "align": "done"}, "order": 10, "recoverable": false, "transcription_progress": 100, "source": "mets//export_doc4367_test4matthieu_alto_202404261220.zip/IE36149273_00009.jpg", "max_avg_confidence": 0.966918995063564, "comments": "quotes from tanach"}, {"pk": 734746, "name": "", "filename": "IE36149273_00015.jpg", "title": "Element 12", "typology": null, "image": {"uri": "/media/documents/4381/IE36149273_00015.jpg", "size": [1525, 2329], "thumbnails": {"card": "/media/documents/4381/IE36149273_00015.jpg.180x180_q85_crop-smart.jpg", "large": "/media/documents/4381/IE36149273_00015.jpg.1000x1000_q85.jpg"}}, "image_file_size": 1193609, "original_filename": "IE36149273_00015.jpg", "bw_image": null, "workflow": {"convert": "done", "segment": "done", "align": "done"}, "order": 11, "recoverable": false, "transcription_progress": 100, "source": "mets//export_doc4367_test4matthieu_alto_202404261220.zip/IE36149273_00015.jpg", "max_avg_confidence": 0.9793451775716019, "comments": "quotes from tanach"}, {"pk": 734747, "name": "", "filename": "IE35481905_00011.jpg", "title": "Element 13", "typology": null, "image": {"uri": "/media/documents/4381/IE35481905_00011.jpg", "size": [1134, 1592], "thumbnails": {"card": "/media/documents/4381/IE35481905_00011.jpg.180x180_q85_crop-smart.jpg", "large": "/media/documents/4381/IE35481905_00011.jpg.1000x1000_q85.jpg"}}, "image_file_size": 492104, "original_filename": "IE35481905_00011.jpg", "bw_image": null, "workflow": {"convert": "done", "segment": "done", "align": "done"}, "order": 12, "recoverable": false, "transcription_progress": 100, "source": "mets//export_doc4367_test4matthieu_alto_202404261220.zip/IE35481905_00011.jpg", "max_avg_confidence": 0.9862987346010286, "comments": "other than tanach, siddur or machzor"}, {"pk": 734748, "name": "", "filename": "IE35481905_00024.jpg", "title": "Element 14", "typology": null, "image": {"uri": "/media/documents/4381/IE35481905_00024.jpg", "size": [1205, 1591], "thumbnails": {"card": "/media/documents/4381/IE35481905_00024.jpg.180x180_q85_crop-smart.jpg", "large": "/media/documents/4381/IE35481905_00024.jpg.1000x1000_q85.jpg"}}, "image_file_size": 570339, "original_filename": "IE35481905_00024.jpg", "bw_image": null, "workflow": {"convert": "done", "segment": "done", "align": "done"}, "order": 13, "recoverable": false, "transcription_progress": 100, "source": "mets//export_doc4367_test4matthieu_alto_202404261220.zip/IE35481905_00024.jpg", "max_avg_confidence": 0.9754059281212939, "comments": "other than tanach, siddur or machzor"}, {"pk": 734749, "name": "", "filename": "IE35481905_00027.jpg", "title": "Element 15", "typology": null, "image": {"uri": "/media/documents/4381/IE35481905_00027.jpg", "size": [1125, 1568], "thumbnails": {"card": "/media/documents/4381/IE35481905_00027.jpg.180x180_q85_crop-smart.jpg", "large": "/media/documents/4381/IE35481905_00027.jpg.1000x1000_q85.jpg"}}, "image_file_size": 585320, "original_filename": "IE35481905_00027.jpg", "bw_image": null, "workflow": {"convert": "done", "segment": "done", "align": "done"}, "order": 14, "recoverable": false, "transcription_progress": 100, "source": "mets//export_doc4367_test4matthieu_alto_202404261220.zip/IE35481905_00027.jpg", "max_avg_confidence": 0.9786925847628162, "comments": "other than tanach, siddur or machzor"}, {"pk": 734750, "name": "", "filename": "IE87234800_00003.jpg", "title": "Element 16", "typology": null, "image": {"uri": "/media/documents/4381/IE87234800_00003.jpg", "size": [1819, 2753], "thumbnails": {"card": "/media/documents/4381/IE87234800_00003.jpg.180x180_q85_crop-smart.jpg", "large": "/media/documents/4381/IE87234800_00003.jpg.1000x1000_q85.jpg"}}, "image_file_size": 1594064, "original_filename": "IE87234800_00003.jpg", "bw_image": null, "workflow": {"convert": "done", "segment": "done", "align": "done"}, "order": 15, "recoverable": false, "transcription_progress": 100, "source": "mets//export_doc4366_1col_14_copy_alto_202404261215.zip/IE87234800_00003.jpg", "max_avg_confidence": 0.9868588164163572, "comments": "This element and the followings: Siddurim Daniel sent to Matthieu"}, {"pk": 734751, "name": "", "filename": "IE87234800_00004.jpg", "title": "Element 17", "typology": null, "image": {"uri": "/media/documents/4381/IE87234800_00004.jpg", "size": [1794, 2764], "thumbnails": {"card": "/media/documents/4381/IE87234800_00004.jpg.180x180_q85_crop-smart.jpg", "large": "/media/documents/4381/IE87234800_00004.jpg.1000x1000_q85.jpg"}}, "image_file_size": 1570536, "original_filename": "IE87234800_00004.jpg", "bw_image": null, "workflow": {"convert": "done", "segment": "done", "align": "done"}, "order": 16, "recoverable": false, "transcription_progress": 100, "source": "mets//export_doc4366_1col_14_copy_alto_202404261215.zip/IE87234800_00004.jpg", "max_avg_confidence": 0.9832851017340984, "comments": null}, {"pk": 734752, "name": "", "filename": "IE87234800_00005.jpg", "title": "Element 18", "typology": null, "image": {"uri": "/media/documents/4381/IE87234800_00005.jpg", "size": [1786, 2764], "thumbnails": {"card": "/media/documents/4381/IE87234800_00005.jpg.180x180_q85_crop-smart.jpg", "large": "/media/documents/4381/IE87234800_00005.jpg.1000x1000_q85.jpg"}}, "image_file_size": 1517704, "original_filename": "IE87234800_00005.jpg", "bw_image": null, "workflow": {"convert": "done", "segment": "done", "align": "done"}, "order": 17, "recoverable": false, "transcription_progress": 100, "source": "mets//export_doc4366_1col_14_copy_alto_202404261215.zip/IE87234800_00005.jpg", "max_avg_confidence": 0.9838742877975355, "comments": null}, {"pk": 734753, "name": "", "filename": "IE87297122_00014.jpg", "title": "Element 19", "typology": null, "image": {"uri": "/media/documents/4381/IE87297122_00014.jpg", "size": [1474, 2251], "thumbnails": {"card": "/media/documents/4381/IE87297122_00014.jpg.180x180_q85_crop-smart.jpg", "large": "/media/documents/4381/IE87297122_00014.jpg.1000x1000_q85.jpg"}}, "image_file_size": 1116220, "original_filename": "IE87297122_00014.jpg", "bw_image": null, "workflow": {"convert": "done", "segment": "done", "align": "done"}, "order": 18, "recoverable": false, "transcription_progress": 100, "source": "mets//export_doc4366_1col_14_copy_alto_202404261215.zip/IE87297122_00014.jpg", "max_avg_confidence": 0.9812548467998057, "comments": null}, {"pk": 734754, "name": "", "filename": "IE87363222_00008.jpg", "title": "Element 20", "typology": null, "image": {"uri": "/media/documents/4381/IE87363222_00008.jpg", "size": [1185, 1854], "thumbnails": {"card": "/media/documents/4381/IE87363222_00008.jpg.180x180_q85_crop-smart.jpg", "large": "/media/documents/4381/IE87363222_00008.jpg.1000x1000_q85.jpg"}}, "image_file_size": 526774, "original_filename": "IE87363222_00008.jpg", "bw_image": null, "workflow": {"convert": "done", "segment": "done", "align": "done"}, "order": 19, "recoverable": false, "transcription_progress": 100, "source": "mets//export_doc4366_1col_14_copy_alto_202404261215.zip/IE87363222_00008.jpg", "max_avg_confidence": 0.9816065967469361, "comments": null}, {"pk": 734755, "name": "", "filename": "IE87447950_00011.jpg", "title": "Element 21", "typology": null, "image": {"uri": "/media/documents/4381/IE87447950_00011.jpg", "size": [1242, 2175], "thumbnails": {"card": "/media/documents/4381/IE87447950_00011.jpg.180x180_q85_crop-smart.jpg", "large": "/media/documents/4381/IE87447950_00011.jpg.1000x1000_q85.jpg"}}, "image_file_size": 318886, "original_filename": "IE87447950_00011.jpg", "bw_image": null, "workflow": {"convert": "done", "segment": "done", "align": "done"}, "order": 20, "recoverable": false, "transcription_progress": 100, "source": "mets//export_doc4366_1col_14_copy_alto_202404261215.zip/IE87447950_00011.jpg", "max_avg_confidence": 0.9778638099264352, "comments": null}, {"pk": 734756, "name": "", "filename": "IE87447950_00015.jpg", "title": "Element 22", "typology": null, "image": {"uri": "/media/documents/4381/IE87447950_00015.jpg", "size": [1251, 2165], "thumbnails": {"card": "/media/documents/4381/IE87447950_00015.jpg.180x180_q85_crop-smart.jpg", "large": "/media/documents/4381/IE87447950_00015.jpg.1000x1000_q85.jpg"}}, "image_file_size": 322529, "original_filename": "IE87447950_00015.jpg", "bw_image": null, "workflow": {"convert": "done", "segment": "done", "align": "done"}, "order": 21, "recoverable": false, "transcription_progress": 100, "source": "mets//export_doc4366_1col_14_copy_alto_202404261215.zip/IE87447950_00015.jpg", "max_avg_confidence": 0.9838889967165586, "comments": null}, {"pk": 734757, "name": "", "filename": "IE87447950_00018.jpg", "title": "Element 23", "typology": null, "image": {"uri": "/media/documents/4381/IE87447950_00018.jpg", "size": [1322, 2163], "thumbnails": {"card": "/media/documents/4381/IE87447950_00018.jpg.180x180_q85_crop-smart.jpg", "large": "/media/documents/4381/IE87447950_00018.jpg.1000x1000_q85.jpg"}}, "image_file_size": 373251, "original_filename": "IE87447950_00018.jpg", "bw_image": null, "workflow": {"convert": "done", "segment": "done", "align": "done"}, "order": 22, "recoverable": false, "transcription_progress": 100, "source": "mets//export_doc4366_1col_14_copy_alto_202404261215.zip/IE87447950_00018.jpg", "max_avg_confidence": 0.9808330298770405, "comments": null}, {"pk": 734758, "name": "", "filename": "IE87474895_00014.jpg", "title": "Element 24", "typology": null, "image": {"uri": "/media/documents/4381/IE87474895_00014.jpg", "size": [1315, 2224], "thumbnails": {"card": "/media/documents/4381/IE87474895_00014.jpg.180x180_q85_crop-smart.jpg", "large": "/media/documents/4381/IE87474895_00014.jpg.1000x1000_q85.jpg"}}, "image_file_size": 533878, "original_filename": "IE87474895_00014.jpg", "bw_image": null, "workflow": {"convert": "done", "segment": "done", "align": "done"}, "order": 23, "recoverable": false, "transcription_progress": 100, "source": "mets//export_doc4366_1col_14_copy_alto_202404261215.zip/IE87474895_00014.jpg", "max_avg_confidence": 0.9859540097019008, "comments": null}, {"pk": 734759, "name": "", "filename": "IE87474895_00044.jpg", "title": "Element 25", "typology": null, "image": {"uri": "/media/documents/4381/IE87474895_00044.jpg", "size": [1355, 2238], "thumbnails": {"card": "/media/documents/4381/IE87474895_00044.jpg.180x180_q85_crop-smart.jpg", "large": "/media/documents/4381/IE87474895_00044.jpg.1000x1000_q85.jpg"}}, "image_file_size": 489371, "original_filename": "IE87474895_00044.jpg", "bw_image": null, "workflow": {"convert": "done", "segment": "done", "align": "done"}, "order": 24, "recoverable": false, "transcription_progress": 100, "source": "mets//export_doc4366_1col_14_copy_alto_202404261215.zip/IE87474895_00044.jpg", "max_avg_confidence": 0.9878869615938155, "comments": null}, {"pk": 734760, "name": "", "filename": "IE87476216_00051.jpg", "title": "Element 26", "typology": null, "image": {"uri": "/media/documents/4381/IE87476216_00051.jpg", "size": [1410, 2346], "thumbnails": {"card": "/media/documents/4381/IE87476216_00051.jpg.180x180_q85_crop-smart.jpg", "large": "/media/documents/4381/IE87476216_00051.jpg.1000x1000_q85.jpg"}}, "image_file_size": 624091, "original_filename": "IE87476216_00051.jpg", "bw_image": null, "workflow": {"convert": "done", "segment": "done", "align": "done"}, "order": 25, "recoverable": false, "transcription_progress": 100, "source": "mets//export_doc4366_1col_14_copy_alto_202404261215.zip/IE87476216_00051.jpg", "max_avg_confidence": 0.9860073705964296, "comments": null}, {"pk": 734761, "name": "", "filename": "IE87502633_00018.jpg", "title": "Element 27", "typology": null, "image": {"uri": "/media/documents/4381/IE87502633_00018.jpg", "size": [1268, 1928], "thumbnails": {"card": "/media/documents/4381/IE87502633_00018.jpg.180x180_q85_crop-smart.jpg", "large": "/media/documents/4381/IE87502633_00018.jpg.1000x1000_q85.jpg"}}, "image_file_size": 440503, "original_filename": "IE87502633_00018.jpg", "bw_image": null, "workflow": {"convert": "done", "segment": "done", "align": "done"}, "order": 26, "recoverable": false, "transcription_progress": 100, "source": "mets//export_doc4366_1col_14_copy_alto_202404261215.zip/IE87502633_00018.jpg", "max_avg_confidence": 0.9855358039542822, "comments": null}, {"pk": 734762, "name": "", "filename": "IE87502633_00044.jpg", "title": "Element 28", "typology": null, "image": {"uri": "/media/documents/4381/IE87502633_00044.jpg", "size": [1300, 1953], "thumbnails": {"card": "/media/documents/4381/IE87502633_00044.jpg.180x180_q85_crop-smart.jpg", "large": "/media/documents/4381/IE87502633_00044.jpg.1000x1000_q85.jpg"}}, "image_file_size": 483202, "original_filename": "IE87502633_00044.jpg", "bw_image": null, "workflow": {"convert": "done", "segment": "done", "align": "done"}, "order": 27, "recoverable": false, "transcription_progress": 100, "source": "mets//export_doc4366_1col_14_copy_alto_202404261215.zip/IE87502633_00044.jpg", "max_avg_confidence": 0.9842755688997457, "comments": null}, {"pk": 734763, "name": "", "filename": "IE87508468_00031.jpg", "title": "Element 29", "typology": null, "image": {"uri": "/media/documents/4381/IE87508468_00031.jpg", "size": [920, 1460], "thumbnails": {"card": "/media/documents/4381/IE87508468_00031.jpg.180x180_q85_crop-smart.jpg", "large": "/media/documents/4381/IE87508468_00031.jpg.1000x1000_q85.jpg"}}, "image_file_size": 240606, "original_filename": "IE87508468_00031.jpg", "bw_image": null, "workflow": {"convert": "done", "segment": "done", "align": "done"}, "order": 28, "recoverable": false, "transcription_progress": 100, "source": "mets//export_doc4366_1col_14_copy_alto_202404261215.zip/IE87508468_00031.jpg", "max_avg_confidence": 0.983078506569226, "comments": null}, {"pk": 734764, "name": "", "filename": "IE87519524_00013.jpg", "title": "Element 30", "typology": null, "image": {"uri": "/media/documents/4381/IE87519524_00013.jpg", "size": [1370, 2330], "thumbnails": {"card": "/media/documents/4381/IE87519524_00013.jpg.180x180_q85_crop-smart.jpg", "large": "/media/documents/4381/IE87519524_00013.jpg.1000x1000_q85.jpg"}}, "image_file_size": 450313, "original_filename": "IE87519524_00013.jpg", "bw_image": null, "workflow": {"convert": "done", "segment": "done", "align": "done"}, "order": 29, "recoverable": false, "transcription_progress": 100, "source": "mets//export_doc4366_1col_14_copy_alto_202404261215.zip/IE87519524_00013.jpg", "max_avg_confidence": 0.9840109806506582, "comments": null}, {"pk": 734765, "name": "", "filename": "IE87532920_00026.jpg", "title": "Element 31", "typology": null, "image": {"uri": "/media/documents/4381/IE87532920_00026.jpg", "size": [1284, 2149], "thumbnails": {"card": "/media/documents/4381/IE87532920_00026.jpg.180x180_q85_crop-smart.jpg", "large": "/media/documents/4381/IE87532920_00026.jpg.1000x1000_q85.jpg"}}, "image_file_size": 434120, "original_filename": "IE87532920_00026.jpg", "bw_image": null, "workflow": {"convert": "done", "segment": "done", "align": "done"}, "order": 30, "recoverable": false, "transcription_progress": 100, "source": "mets//export_doc4366_1col_14_copy_alto_202404261215.zip/IE87532920_00026.jpg", "max_avg_confidence": 0.9872010149981723, "comments": null}, {"pk": 734766, "name": "", "filename": "IE87555665_00021.jpg", "title": "Element 32", "typology": null, "image": {"uri": "/media/documents/4381/IE87555665_00021.jpg", "size": [1236, 2198], "thumbnails": {"card": "/media/documents/4381/IE87555665_00021.jpg.180x180_q85_crop-smart.jpg", "large": "/media/documents/4381/IE87555665_00021.jpg.1000x1000_q85.jpg"}}, "image_file_size": 514538, "original_filename": "IE87555665_00021.jpg", "bw_image": null, "workflow": {"convert": "done", "segment": "done", "align": "done"}, "order": 31, "recoverable": false, "transcription_progress": 100, "source": "mets//export_doc4366_1col_14_copy_alto_202404261215.zip/IE87555665_00021.jpg", "max_avg_confidence": 0.9796287702038579, "comments": null}, {"pk": 734767, "name": "", "filename": "IE87580382_00008.jpg", "title": "Element 33", "typology": null, "image": {"uri": "/media/documents/4381/IE87580382_00008.jpg", "size": [1345, 2253], "thumbnails": {"card": "/media/documents/4381/IE87580382_00008.jpg.180x180_q85_crop-smart.jpg", "large": "/media/documents/4381/IE87580382_00008.jpg.1000x1000_q85.jpg"}}, "image_file_size": 478040, "original_filename": "IE87580382_00008.jpg", "bw_image": null, "workflow": {"convert": "done", "segment": "done", "align": "done"}, "order": 32, "recoverable": false, "transcription_progress": 100, "source": "mets//export_doc4366_1col_14_copy_alto_202404261215.zip/IE87580382_00008.jpg", "max_avg_confidence": 0.9821318091924027, "comments": null}, {"pk": 734768, "name": "", "filename": "IE87580382_00041.jpg", "title": "Element 34", "typology": null, "image": {"uri": "/media/documents/4381/IE87580382_00041.jpg", "size": [1334, 2240], "thumbnails": {"card": "/media/documents/4381/IE87580382_00041.jpg.180x180_q85_crop-smart.jpg", "large": "/media/documents/4381/IE87580382_00041.jpg.1000x1000_q85.jpg"}}, "image_file_size": 539673, "original_filename": "IE87580382_00041.jpg", "bw_image": null, "workflow": {"convert": "done", "segment": "done", "align": "done"}, "order": 33, "recoverable": false, "transcription_progress": 100, "source": "mets//export_doc4366_1col_14_copy_alto_202404261215.zip/IE87580382_00041.jpg", "max_avg_confidence": 0.9857921022482122, "comments": null}, {"pk": 734769, "name": "", "filename": "IE87581919_00011.jpg", "title": "Element 35", "typology": null, "image": {"uri": "/media/documents/4381/IE87581919_00011.jpg", "size": [1310, 1975], "thumbnails": {"card": "/media/documents/4381/IE87581919_00011.jpg.180x180_q85_crop-smart.jpg", "large": "/media/documents/4381/IE87581919_00011.jpg.1000x1000_q85.jpg"}}, "image_file_size": 354742, "original_filename": "IE87581919_00011.jpg", "bw_image": null, "workflow": {"convert": "done", "segment": "done", "align": "done"}, "order": 34, "recoverable": false, "transcription_progress": 100, "source": "mets//export_doc4366_1col_14_copy_alto_202404261215.zip/IE87581919_00011.jpg", "max_avg_confidence": 0.9861204621113794, "comments": null}, {"pk": 734770, "name": "", "filename": "IE87581919_00016.jpg", "title": "Element 36", "typology": null, "image": {"uri": "/media/documents/4381/IE87581919_00016.jpg", "size": [1313, 1989], "thumbnails": {"card": "/media/documents/4381/IE87581919_00016.jpg.180x180_q85_crop-smart.jpg", "large": "/media/documents/4381/IE87581919_00016.jpg.1000x1000_q85.jpg"}}, "image_file_size": 447555, "original_filename": "IE87581919_00016.jpg", "bw_image": null, "workflow": {"convert": "done", "segment": "done", "align": "done"}, "order": 35, "recoverable": false, "transcription_progress": 100, "source": "mets//export_doc4366_1col_14_copy_alto_202404261215.zip/IE87581919_00016.jpg", "max_avg_confidence": 0.9847429872252381, "comments": null}, {"pk": 734771, "name": "", "filename": "IE87581919_00018.jpg", "title": "Element 37", "typology": null, "image": {"uri": "/media/documents/4381/IE87581919_00018.jpg", "size": [1296, 1961], "thumbnails": {"card": "/media/documents/4381/IE87581919_00018.jpg.180x180_q85_crop-smart.jpg", "large": "/media/documents/4381/IE87581919_00018.jpg.1000x1000_q85.jpg"}}, "image_file_size": 456172, "original_filename": "IE87581919_00018.jpg", "bw_image": null, "workflow": {"convert": "done", "segment": "done", "align": "done"}, "order": 36, "recoverable": false, "transcription_progress": 100, "source": "mets//export_doc4366_1col_14_copy_alto_202404261215.zip/IE87581919_00018.jpg", "max_avg_confidence": 0.9819656388716058, "comments": null}, {"pk": 734772, "name": "", "filename": "IE87582245_00015.jpg", "title": "Element 38", "typology": null, "image": {"uri": "/media/documents/4381/IE87582245_00015.jpg", "size": [1217, 2157], "thumbnails": {"card": "/media/documents/4381/IE87582245_00015.jpg.180x180_q85_crop-smart.jpg", "large": "/media/documents/4381/IE87582245_00015.jpg.1000x1000_q85.jpg"}}, "image_file_size": 410723, "original_filename": "IE87582245_00015.jpg", "bw_image": null, "workflow": {"convert": "done", "segment": "done", "align": "done"}, "order": 37, "recoverable": false, "transcription_progress": 100, "source": "mets//export_doc4366_1col_14_copy_alto_202404261215.zip/IE87582245_00015.jpg", "max_avg_confidence": 0.9824615761304776, "comments": null}, {"pk": 734773, "name": "", "filename": "IE87610546_00015.jpg", "title": "Element 39", "typology": null, "image": {"uri": "/media/documents/4381/IE87610546_00015.jpg", "size": [1319, 2248], "thumbnails": {"card": "/media/documents/4381/IE87610546_00015.jpg.180x180_q85_crop-smart.jpg", "large": "/media/documents/4381/IE87610546_00015.jpg.1000x1000_q85.jpg"}}, "image_file_size": 188594, "original_filename": "IE87610546_00015.jpg", "bw_image": null, "workflow": {"convert": "done", "segment": "done", "align": "done"}, "order": 38, "recoverable": false, "transcription_progress": 100, "source": "mets//export_doc4366_1col_14_copy_alto_202404261215.zip/IE87610546_00015.jpg", "max_avg_confidence": 0.973048111545619, "comments": null}, {"pk": 734774, "name": "", "filename": "IE87675634_00007.jpg", "title": "Element 40", "typology": null, "image": {"uri": "/media/documents/4381/IE87675634_00007.jpg", "size": [2209, 2727], "thumbnails": {"card": "/media/documents/4381/IE87675634_00007.jpg.180x180_q85_crop-smart.jpg", "large": "/media/documents/4381/IE87675634_00007.jpg.1000x1000_q85.jpg"}}, "image_file_size": 890110, "original_filename": "IE87675634_00007.jpg", "bw_image": null, "workflow": {"convert": "done", "segment": "done", "align": "done"}, "order": 39, "recoverable": false, "transcription_progress": 100, "source": "mets//export_doc4366_1col_14_copy_alto_202404261215.zip/IE87675634_00007.jpg", "max_avg_confidence": 0.9827337720950489, "comments": null}, {"pk": 734775, "name": "", "filename": "IE87675634_00010.jpg", "title": "Element 41", "typology": null, "image": {"uri": "/media/documents/4381/IE87675634_00010.jpg", "size": [2224, 2702], "thumbnails": {"card": "/media/documents/4381/IE87675634_00010.jpg.180x180_q85_crop-smart.jpg", "large": "/media/documents/4381/IE87675634_00010.jpg.1000x1000_q85.jpg"}}, "image_file_size": 961244, "original_filename": "IE87675634_00010.jpg", "bw_image": null, "workflow": {"convert": "done", "segment": "done", "align": "done"}, "order": 40, "recoverable": false, "transcription_progress": 100, "source": "mets//export_doc4366_1col_14_copy_alto_202404261215.zip/IE87675634_00010.jpg", "max_avg_confidence": 0.9810793054764548, "comments": null}, {"pk": 734776, "name": "", "filename": "IE87690674_00007.jpg", "title": "Element 42", "typology": null, "image": {"uri": "/media/documents/4381/IE87690674_00007.jpg", "size": [1267, 2235], "thumbnails": {"card": "/media/documents/4381/IE87690674_00007.jpg.180x180_q85_crop-smart.jpg", "large": "/media/documents/4381/IE87690674_00007.jpg.1000x1000_q85.jpg"}}, "image_file_size": 427185, "original_filename": "IE87690674_00007.jpg", "bw_image": null, "workflow": {"convert": "done", "segment": "done", "align": "done"}, "order": 41, "recoverable": false, "transcription_progress": 100, "source": "mets//export_doc4366_1col_14_copy_alto_202404261215.zip/IE87690674_00007.jpg", "max_avg_confidence": 0.9854908481748206, "comments": null}, {"pk": 734777, "name": "", "filename": "IE87694978_00020.jpg", "title": "Element 43", "typology": null, "image": {"uri": "/media/documents/4381/IE87694978_00020.jpg", "size": [1389, 2375], "thumbnails": {"card": "/media/documents/4381/IE87694978_00020.jpg.180x180_q85_crop-smart.jpg", "large": "/media/documents/4381/IE87694978_00020.jpg.1000x1000_q85.jpg"}}, "image_file_size": 540484, "original_filename": "IE87694978_00020.jpg", "bw_image": null, "workflow": {"convert": "done", "segment": "done", "align": "done"}, "order": 42, "recoverable": false, "transcription_progress": 100, "source": "mets//export_doc4366_1col_14_copy_alto_202404261215.zip/IE87694978_00020.jpg", "max_avg_confidence": 0.9852538115048569, "comments": null}, {"pk": 734778, "name": "", "filename": "IE87700963_00014.jpg", "title": "Element 44", "typology": null, "image": {"uri": "/media/documents/4381/IE87700963_00014.jpg", "size": [1348, 2261], "thumbnails": {"card": "/media/documents/4381/IE87700963_00014.jpg.180x180_q85_crop-smart.jpg", "large": "/media/documents/4381/IE87700963_00014.jpg.1000x1000_q85.jpg"}}, "image_file_size": 530616, "original_filename": "IE87700963_00014.jpg", "bw_image": null, "workflow": {"convert": "done", "segment": "done", "align": "done"}, "order": 43, "recoverable": false, "transcription_progress": 100, "source": "mets//export_doc4366_1col_14_copy_alto_202404261215.zip/IE87700963_00014.jpg", "max_avg_confidence": 0.9896495272818018, "comments": null}, {"pk": 734779, "name": "", "filename": "IE87705971_00006.jpg", "title": "Element 45", "typology": null, "image": {"uri": "/media/documents/4381/IE87705971_00006.jpg", "size": [706, 1316], "thumbnails": {"card": "/media/documents/4381/IE87705971_00006.jpg.180x180_q85_crop-smart.jpg", "large": "/media/documents/4381/IE87705971_00006.jpg.1000x1000_q85.jpg"}}, "image_file_size": 182558, "original_filename": "IE87705971_00006.jpg", "bw_image": null, "workflow": {"convert": "done", "segment": "done", "align": "done"}, "order": 44, "recoverable": false, "transcription_progress": 100, "source": "mets//export_doc4366_1col_14_copy_alto_202404261215.zip/IE87705971_00006.jpg", "max_avg_confidence": 0.9866177967142715, "comments": null}, {"pk": 734780, "name": "", "filename": "IE87705976_00034.jpg", "title": "Element 46", "typology": null, "image": {"uri": "/media/documents/4381/IE87705976_00034.jpg", "size": [1112, 1396], "thumbnails": {"card": "/media/documents/4381/IE87705976_00034.jpg.180x180_q85_crop-smart.jpg", "large": "/media/documents/4381/IE87705976_00034.jpg.1000x1000_q85.jpg"}}, "image_file_size": 261003, "original_filename": "IE87705976_00034.jpg", "bw_image": null, "workflow": {"convert": "done", "segment": "done", "align": "done"}, "order": 45, "recoverable": false, "transcription_progress": 100, "source": "mets//export_doc4366_1col_14_copy_alto_202404261215.zip/IE87705976_00034.jpg", "max_avg_confidence": 0.9855876077899729, "comments": null}, {"pk": 734781, "name": "", "filename": "IE87705976_00036.jpg", "title": "Element 47", "typology": null, "image": {"uri": "/media/documents/4381/IE87705976_00036.jpg", "size": [1120, 1426], "thumbnails": {"card": "/media/documents/4381/IE87705976_00036.jpg.180x180_q85_crop-smart.jpg", "large": "/media/documents/4381/IE87705976_00036.jpg.1000x1000_q85.jpg"}}, "image_file_size": 270418, "original_filename": "IE87705976_00036.jpg", "bw_image": null, "workflow": {"convert": "done", "segment": "done", "align": "done"}, "order": 46, "recoverable": false, "transcription_progress": 100, "source": "mets//export_doc4366_1col_14_copy_alto_202404261215.zip/IE87705976_00036.jpg", "max_avg_confidence": 0.9884062972504578, "comments": null}, {"pk": 734782, "name": "", "filename": "IE87708411_00019.jpg", "title": "Element 48", "typology": null, "image": {"uri": "/media/documents/4381/IE87708411_00019.jpg", "size": [1106, 1686], "thumbnails": {"card": "/media/documents/4381/IE87708411_00019.jpg.180x180_q85_crop-smart.jpg", "large": "/media/documents/4381/IE87708411_00019.jpg.1000x1000_q85.jpg"}}, "image_file_size": 309253, "original_filename": "IE87708411_00019.jpg", "bw_image": null, "workflow": {"convert": "done", "segment": "done", "align": "done"}, "order": 47, "recoverable": false, "transcription_progress": 100, "source": "mets//export_doc4366_1col_14_copy_alto_202404261215.zip/IE87708411_00019.jpg", "max_avg_confidence": 0.9873501044339059, "comments": null}, {"pk": 734783, "name": "", "filename": "IE87708411_00021.jpg", "title": "Element 49", "typology": null, "image": {"uri": "/media/documents/4381/IE87708411_00021.jpg", "size": [1127, 1679], "thumbnails": {"card": "/media/documents/4381/IE87708411_00021.jpg.180x180_q85_crop-smart.jpg", "large": "/media/documents/4381/IE87708411_00021.jpg.1000x1000_q85.jpg"}}, "image_file_size": 331672, "original_filename": "IE87708411_00021.jpg", "bw_image": null, "workflow": {"convert": "done", "segment": "done", "align": "done"}, "order": 48, "recoverable": false, "transcription_progress": 100, "source": "mets//export_doc4366_1col_14_copy_alto_202404261215.zip/IE87708411_00021.jpg", "max_avg_confidence": 0.9890863594839783, "comments": null}, {"pk": 734784, "name": "", "filename": "IE87716931_00014.jpg", "title": "Element 50", "typology": null, "image": {"uri": "/media/documents/4381/IE87716931_00014.jpg", "size": [1211, 2133], "thumbnails": {"card": "/media/documents/4381/IE87716931_00014.jpg.180x180_q85_crop-smart.jpg", "large": "/media/documents/4381/IE87716931_00014.jpg.1000x1000_q85.jpg"}}, "image_file_size": 461341, "original_filename": "IE87716931_00014.jpg", "bw_image": null, "workflow": {"convert": "done", "segment": "done", "align": "done"}, "order": 49, "recoverable": false, "transcription_progress": 100, "source": "mets//export_doc4366_1col_14_copy_alto_202404261215.zip/IE87716931_00014.jpg", "max_avg_confidence": 0.9819473032213726, "comments": null}, {"pk": 734785, "name": "", "filename": "IE87717323_00012.jpg", "title": "Element 51", "typology": null, "image": {"uri": "/media/documents/4381/IE87717323_00012.jpg", "size": [1346, 2089], "thumbnails": {"card": "/media/documents/4381/IE87717323_00012.jpg.180x180_q85_crop-smart.jpg", "large": "/media/documents/4381/IE87717323_00012.jpg.1000x1000_q85.jpg"}}, "image_file_size": 473120, "original_filename": "IE87717323_00012.jpg", "bw_image": null, "workflow": {"convert": "done", "segment": "done", "align": "done"}, "order": 50, "recoverable": false, "transcription_progress": 100, "source": "mets//export_doc4366_1col_14_copy_alto_202404261215.zip/IE87717323_00012.jpg", "max_avg_confidence": 0.986468502010336, "comments": null}, {"pk": 734786, "name": "", "filename": "IE87719995_00046.jpg", "title": "Element 52", "typology": null, "image": {"uri": "/media/documents/4381/IE87719995_00046.jpg", "size": [1285, 2084], "thumbnails": {"card": "/media/documents/4381/IE87719995_00046.jpg.180x180_q85_crop-smart.jpg", "large": "/media/documents/4381/IE87719995_00046.jpg.1000x1000_q85.jpg"}}, "image_file_size": 432539, "original_filename": "IE87719995_00046.jpg", "bw_image": null, "workflow": {"convert": "done", "segment": "done", "align": "done"}, "order": 51, "recoverable": false, "transcription_progress": 100, "source": "mets//export_doc4366_1col_14_copy_alto_202404261215.zip/IE87719995_00046.jpg", "max_avg_confidence": 0.986327699553762, "comments": null}, {"pk": 734787, "name": "", "filename": "IE87719995_00053.jpg", "title": "Element 53", "typology": null, "image": {"uri": "/media/documents/4381/IE87719995_00053.jpg", "size": [1316, 2104], "thumbnails": {"card": "/media/documents/4381/IE87719995_00053.jpg.180x180_q85_crop-smart.jpg", "large": "/media/documents/4381/IE87719995_00053.jpg.1000x1000_q85.jpg"}}, "image_file_size": 327106, "original_filename": "IE87719995_00053.jpg", "bw_image": null, "workflow": {"convert": "done", "segment": "done", "align": "done"}, "order": 52, "recoverable": false, "transcription_progress": 100, "source": "mets//export_doc4366_1col_14_copy_alto_202404261215.zip/IE87719995_00053.jpg", "max_avg_confidence": 0.9779658727469813, "comments": null}, {"pk": 734788, "name": "", "filename": "IE87726132_00023.jpg", "title": "Element 54", "typology": null, "image": {"uri": "/media/documents/4381/IE87726132_00023.jpg", "size": [1192, 2120], "thumbnails": {"card": "/media/documents/4381/IE87726132_00023.jpg.180x180_q85_crop-smart.jpg", "large": "/media/documents/4381/IE87726132_00023.jpg.1000x1000_q85.jpg"}}, "image_file_size": 491403, "original_filename": "IE87726132_00023.jpg", "bw_image": null, "workflow": {"convert": "done", "segment": "done", "align": "done"}, "order": 53, "recoverable": false, "transcription_progress": 100, "source": "mets//export_doc4366_1col_14_copy_alto_202404261215.zip/IE87726132_00023.jpg", "max_avg_confidence": 0.9856510473386456, "comments": null}, {"pk": 734789, "name": "", "filename": "IE87733114_00006.jpg", "title": "Element 55", "typology": null, "image": {"uri": "/media/documents/4381/IE87733114_00006.jpg", "size": [1138, 2048], "thumbnails": {"card": "/media/documents/4381/IE87733114_00006.jpg.180x180_q85_crop-smart.jpg", "large": "/media/documents/4381/IE87733114_00006.jpg.1000x1000_q85.jpg"}}, "image_file_size": 436073, "original_filename": "IE87733114_00006.jpg", "bw_image": null, "workflow": {"convert": "done", "segment": "done", "align": "done"}, "order": 54, "recoverable": false, "transcription_progress": 100, "source": "mets//export_doc4366_1col_14_copy_alto_202404261215.zip/IE87733114_00006.jpg", "max_avg_confidence": 0.9832973976218123, "comments": null}, {"pk": 734790, "name": "", "filename": "IE87733114_00007.jpg", "title": "Element 56", "typology": null, "image": {"uri": "/media/documents/4381/IE87733114_00007.jpg", "size": [1063, 2039], "thumbnails": {"card": "/media/documents/4381/IE87733114_00007.jpg.180x180_q85_crop-smart.jpg", "large": "/media/documents/4381/IE87733114_00007.jpg.1000x1000_q85.jpg"}}, "image_file_size": 408566, "original_filename": "IE87733114_00007.jpg", "bw_image": null, "workflow": {"convert": "done", "segment": "done", "align": "done"}, "order": 55, "recoverable": false, "transcription_progress": 100, "source": "mets//export_doc4366_1col_14_copy_alto_202404261215.zip/IE87733114_00007.jpg", "max_avg_confidence": 0.9847140258123948, "comments": null}, {"pk": 734791, "name": "", "filename": "IE87733114_00008.jpg", "title": "Element 57", "typology": null, "image": {"uri": "/media/documents/4381/IE87733114_00008.jpg", "size": [1129, 2042], "thumbnails": {"card": "/media/documents/4381/IE87733114_00008.jpg.180x180_q85_crop-smart.jpg", "large": "/media/documents/4381/IE87733114_00008.jpg.1000x1000_q85.jpg"}}, "image_file_size": 434874, "original_filename": "IE87733114_00008.jpg", "bw_image": null, "workflow": {"convert": "done", "segment": "done", "align": "done"}, "order": 56, "recoverable": false, "transcription_progress": 100, "source": "mets//export_doc4366_1col_14_copy_alto_202404261215.zip/IE87733114_00008.jpg", "max_avg_confidence": 0.984609606015845, "comments": null}, {"pk": 734792, "name": "", "filename": "IE87739615_00009.jpg", "title": "Element 58", "typology": null, "image": {"uri": "/media/documents/4381/IE87739615_00009.jpg", "size": [2041, 2380], "thumbnails": {"card": "/media/documents/4381/IE87739615_00009.jpg.180x180_q85_crop-smart.jpg", "large": "/media/documents/4381/IE87739615_00009.jpg.1000x1000_q85.jpg"}}, "image_file_size": 839914, "original_filename": "IE87739615_00009.jpg", "bw_image": null, "workflow": {"convert": "done", "segment": "done", "align": "done"}, "order": 57, "recoverable": false, "transcription_progress": 100, "source": "mets//export_doc4366_1col_14_copy_alto_202404261215.zip/IE87739615_00009.jpg", "max_avg_confidence": 0.9808429843538934, "comments": null}, {"pk": 734793, "name": "", "filename": "IE87744435_00015.jpg", "title": "Element 59", "typology": null, "image": {"uri": "/media/documents/4381/IE87744435_00015.jpg", "size": [1386, 2224], "thumbnails": {"card": "/media/documents/4381/IE87744435_00015.jpg.180x180_q85_crop-smart.jpg", "large": "/media/documents/4381/IE87744435_00015.jpg.1000x1000_q85.jpg"}}, "image_file_size": 635486, "original_filename": "IE87744435_00015.jpg", "bw_image": null, "workflow": {"convert": "done", "segment": "done", "align": "done"}, "order": 58, "recoverable": false, "transcription_progress": 100, "source": "mets//export_doc4366_1col_14_copy_alto_202404261215.zip/IE87744435_00015.jpg", "max_avg_confidence": 0.9824586072679137, "comments": null}, {"pk": 734794, "name": "", "filename": "IE87744435_00039.jpg", "title": "Element 60", "typology": null, "image": {"uri": "/media/documents/4381/IE87744435_00039.jpg", "size": [1357, 2225], "thumbnails": {"card": "/media/documents/4381/IE87744435_00039.jpg.180x180_q85_crop-smart.jpg", "large": "/media/documents/4381/IE87744435_00039.jpg.1000x1000_q85.jpg"}}, "image_file_size": 518839, "original_filename": "IE87744435_00039.jpg", "bw_image": null, "workflow": {"convert": "done", "segment": "done", "align": "done"}, "order": 59, "recoverable": false, "transcription_progress": 100, "source": "mets//export_doc4366_1col_14_copy_alto_202404261215.zip/IE87744435_00039.jpg", "max_avg_confidence": 0.986672220664065, "comments": null}, {"pk": 734795, "name": "", "filename": "IE87752740_00019.jpg", "title": "Element 61", "typology": null, "image": {"uri": "/media/documents/4381/IE87752740_00019.jpg", "size": [1370, 2295], "thumbnails": {"card": "/media/documents/4381/IE87752740_00019.jpg.180x180_q85_crop-smart.jpg", "large": "/media/documents/4381/IE87752740_00019.jpg.1000x1000_q85.jpg"}}, "image_file_size": 575731, "original_filename": "IE87752740_00019.jpg", "bw_image": null, "workflow": {"convert": "done", "segment": "done", "align": "done"}, "order": 60, "recoverable": false, "transcription_progress": 100, "source": "mets//export_doc4366_1col_14_copy_alto_202404261215.zip/IE87752740_00019.jpg", "max_avg_confidence": 0.9806034015552192, "comments": null}, {"pk": 734796, "name": "", "filename": "IE87752740_00022.jpg", "title": "Element 62", "typology": null, "image": {"uri": "/media/documents/4381/IE87752740_00022.jpg", "size": [1352, 2254], "thumbnails": {"card": "/media/documents/4381/IE87752740_00022.jpg.180x180_q85_crop-smart.jpg", "large": "/media/documents/4381/IE87752740_00022.jpg.1000x1000_q85.jpg"}}, "image_file_size": 553170, "original_filename": "IE87752740_00022.jpg", "bw_image": null, "workflow": {"convert": "done", "segment": "done", "align": "done"}, "order": 61, "recoverable": false, "transcription_progress": 100, "source": "mets//export_doc4366_1col_14_copy_alto_202404261215.zip/IE87752740_00022.jpg", "max_avg_confidence": 0.9852411329765056, "comments": null}, {"pk": 734797, "name": "", "filename": "IE87752740_00038.jpg", "title": "Element 63", "typology": null, "image": {"uri": "/media/documents/4381/IE87752740_00038.jpg", "size": [1394, 2255], "thumbnails": {"card": "/media/documents/4381/IE87752740_00038.jpg.180x180_q85_crop-smart.jpg", "large": "/media/documents/4381/IE87752740_00038.jpg.1000x1000_q85.jpg"}}, "image_file_size": 525839, "original_filename": "IE87752740_00038.jpg", "bw_image": null, "workflow": {"convert": "done", "segment": "done", "align": "done"}, "order": 62, "recoverable": false, "transcription_progress": 100, "source": "mets//export_doc4366_1col_14_copy_alto_202404261215.zip/IE87752740_00038.jpg", "max_avg_confidence": 0.9891217215342182, "comments": null}, {"pk": 734798, "name": "", "filename": "IE87755510_00024.jpg", "title": "Element 64", "typology": null, "image": {"uri": "/media/documents/4381/IE87755510_00024.jpg", "size": [749, 1679], "thumbnails": {"card": "/media/documents/4381/IE87755510_00024.jpg.180x180_q85_crop-smart.jpg", "large": "/media/documents/4381/IE87755510_00024.jpg.1000x1000_q85.jpg"}}, "image_file_size": 171243, "original_filename": "IE87755510_00024.jpg", "bw_image": null, "workflow": {"convert": "done", "segment": "done", "align": "done"}, "order": 63, "recoverable": false, "transcription_progress": 100, "source": "mets//export_doc4366_1col_14_copy_alto_202404261215.zip/IE87755510_00024.jpg", "max_avg_confidence": 0.9857541317294087, "comments": null}]