<?xml version="1.0" encoding="UTF-8"?>
<alto xmlns:xsi="http://www.w3.org/2001/XMLSchema-instance"
      xmlns="http://www.loc.gov/standards/alto/ns-v4#"
      xsi:schemaLocation="http://www.loc.gov/standards/alto/ns-v4# http://www.loc.gov/standards/alto/v4/alto-4-2.xsd">
  <Description>
    <MeasurementUnit>pixel</MeasurementUnit>
    <sourceImageInformation>
      <fileName>IE87532920_00026.jpg</fileName>
      <fileIdentifier>mets//export_doc4366_1col_14_copy_alto_202404261215.zip/IE87532920_00026.jpg</fileIdentifier>
    </sourceImageInformation>
  </Description>
  
  <Tags>
    <OtherTag ID="BT8356" LABEL="MainLeft" DESCRIPTION="block type MainLeft"/><OtherTag ID="BT8355" LABEL="MainRight" DESCRIPTION="block type MainRight"/><OtherTag ID="BT6914" LABEL="Handwritten" DESCRIPTION="block type Handwritten"/><OtherTag ID="BT6913" LABEL="RunningHeader" DESCRIPTION="block type RunningHeader"/><OtherTag ID="BT6912" LABEL="Catchword" DESCRIPTION="block type Catchword"/><OtherTag ID="BT6911" LABEL="Margin" DESCRIPTION="block type Margin"/><OtherTag ID="BT6910" LABEL="FooterCentral" DESCRIPTION="block type FooterCentral"/><OtherTag ID="BT6909" LABEL="MainCentral" DESCRIPTION="block type MainCentral"/><OtherTag ID="BT6908" LABEL="Header" DESCRIPTION="block type Header"/><OtherTag ID="BT4" LABEL="Illustration" DESCRIPTION="block type Illustration"/><OtherTag ID="BT3" LABEL="Commentary" DESCRIPTION="block type Commentary"/><OtherTag ID="BT2" LABEL="Main" DESCRIPTION="block type Main"/><OtherTag ID="BT1" LABEL="Title" DESCRIPTION="block type Title"/>
    <OtherTag ID="LT15938" LABEL="MainLeft" DESCRIPTION="line type MainLeft"/><OtherTag ID="LT15937" LABEL="MainRight" DESCRIPTION="line type MainRight"/><OtherTag ID="LT15289" LABEL="Handwritten" DESCRIPTION="line type Handwritten"/><OtherTag ID="LT15288" LABEL="MainCentral" DESCRIPTION="line type MainCentral"/><OtherTag ID="LT15287" LABEL="NotMain" DESCRIPTION="line type NotMain"/>
  </Tags>
  
  <Layout>
    <Page WIDTH="1284"
          HEIGHT="2149"
          PHYSICAL_IMG_NR="30"
          ID="eSc_dummypage_">
      <PrintSpace HPOS="0"
                  VPOS="0"
                  WIDTH="1284"
                  HEIGHT="2149">
        
        <TextBlock HPOS="90.0"
                   VPOS="128.0"
                   WIDTH="1108.0"
                   HEIGHT="1876.0"
                   ID="eSc_textblock_0c8912f5"
                   TAGREFS="BT6909">
          <Shape><Polygon POINTS="458 128 1193 138 1198 1956 1183 1999 133 2004 100 1990 90 157 109 138 458 128"/></Shape>
          
          
          <TextLine ID="eSc_line_e85ec08e"
                    TAGREFS="LT15288"
                    BASELINE="94 170 1174 167" 
                    HPOS="94.0"
                    VPOS="138.0"
                    WIDTH="1080.0"
                    HEIGHT="85.0">
            <Shape><Polygon POINTS="94 151 94 170 94 207 123 222 124 222 125 223 168 223 168 222 169 222 203 207 204 207 241 207 241 208 266 219 267 219 268 219 269 219 292 208 296 207 351 207 355 210 382 222 383 222 384 223 450 223 450 222 451 222 452 222 468 211 469 210 469 211 484 220 486 220 487 220 488 222 535 222 535 220 536 220 562 212 580 206 637 206 647 212 658 220 659 220 660 220 661 220 703 213 742 206 781 214 811 220 812 220 813 220 832 214 865 205 924 216 938 218 940 218 941 218 948 216 960 212 967 217 972 219 973 219 974 219 975 219 977 219 984 217 1012 205 1046 205 1065 217 1067 219 1069 219 1070 219 1071 219 1174 218 1174 167 1172 146 1121 138 1120 138 1048 146 1040 146 1037 146 1020 138 1018 138 1017 138 1016 138 999 144 899 138 898 138 897 138 868 146 864 148 815 148 813 146 802 139 801 139 800 139 799 139 747 146 730 148 705 146 627 139 625 139 590 146 579 148 573 146 556 139 555 139 554 139 553 139 532 146 525 149 452 149 446 146 439 140 438 140 437 140 435 140 376 146 340 149 97 146 94 151"/></Shape>
	    <String CONTENT="חרנך יאכלמו כקש: וברוח אפיך נערמו מים. נצבו"
                    HPOS="94.0"
                    VPOS="138.0"
                    WIDTH="1080.0"
                    HEIGHT="85.0"
                    WC="0.9729717217740559"></String>
          </TextLine>

          
          
          <TextLine ID="eSc_line_eb8f1942"
                    TAGREFS="LT15288"
                    BASELINE="96 249 1176 244" 
                    HPOS="95.0"
                    VPOS="217.0"
                    WIDTH="1081.0"
                    HEIGHT="81.0">
            <Shape><Polygon POINTS="96 249 96 280 186 286 187 286 209 282 220 280 224 282 247 298 248 298 249 298 250 298 252 298 283 288 305 298 306 298 308 298 309 298 310 298 330 284 336 280 360 284 373 286 375 286 384 285 414 279 443 279 459 286 486 297 487 297 488 298 535 298 535 297 536 297 537 297 553 287 560 282 598 287 601 287 603 287 604 287 605 287 615 280 654 288 691 296 692 296 693 296 695 296 704 288 720 279 735 290 745 296 746 296 747 296 748 297 834 297 834 296 836 296 850 291 876 281 907 292 917 294 918 294 919 296 994 296 994 294 996 294 997 294 999 293 1020 279 1042 293 1043 294 1045 294 1046 294 1047 296 1069 296 1069 294 1070 294 1072 293 1094 281 1138 294 1139 294 1140 296 1175 296 1176 244 1175 228 1115 228 1100 219 1098 219 1097 219 988 228 985 228 962 217 961 217 912 217 911 217 910 217 908 217 898 226 864 229 852 229 844 229 745 218 744 218 742 218 714 229 692 219 691 219 690 219 689 219 658 229 590 220 588 220 587 220 563 230 562 231 529 231 527 230 499 219 498 219 465 219 464 219 401 226 352 223 351 223 349 223 348 223 338 231 335 231 326 231 224 223 223 223 222 223 193 231 192 231 150 220 149 220 148 220 95 231 96 249"/></Shape>
	    <String CONTENT="כמו נד נזלים. קפאו תהמת בלב ים: אמר אויב"
                    HPOS="95.0"
                    VPOS="217.0"
                    WIDTH="1081.0"
                    HEIGHT="81.0"
                    WC="0.9778708595978586"></String>
          </TextLine>

          
          
          <TextLine ID="eSc_line_467cffe1"
                    TAGREFS="LT15288"
                    BASELINE="96 327 1174 323" 
                    HPOS="95.0"
                    VPOS="293.0"
                    WIDTH="1079.0"
                    HEIGHT="83.0">
            <Shape><Polygon POINTS="96 327 96 371 111 376 112 376 113 376 114 376 115 376 123 371 146 358 266 358 289 370 291 371 292 371 293 371 295 371 297 370 312 364 351 370 354 370 355 370 357 370 358 370 392 358 412 370 421 376 422 376 424 376 425 376 463 368 475 367 487 368 525 374 526 374 527 374 544 368 575 356 600 368 613 374 615 374 616 374 672 373 673 373 674 373 683 367 696 359 709 367 719 374 720 374 721 374 722 376 764 376 764 374 765 374 789 367 826 355 908 355 926 366 937 373 938 373 940 373 941 373 942 373 963 366 973 362 981 366 987 368 988 368 990 368 991 368 997 366 1016 355 1034 366 1048 373 1049 373 1051 374 1160 374 1160 373 1162 373 1163 373 1174 365 1174 323 1172 305 1096 298 1095 298 1094 298 1084 303 1063 294 1061 294 1060 294 1059 294 1058 294 1042 304 1041 305 1000 305 996 304 951 293 950 293 949 293 901 304 895 305 849 304 785 303 772 294 771 294 770 294 769 294 735 297 734 297 733 297 722 304 719 306 713 304 691 296 690 296 649 294 588 294 587 294 586 294 585 294 569 304 564 306 548 304 492 294 490 294 407 304 370 308 341 304 310 299 309 299 308 299 306 299 300 304 293 308 280 304 268 300 267 300 266 300 265 300 263 300 259 304 252 309 192 309 174 304 148 297 146 297 145 297 95 303 96 327"/></Shape>
	    <String CONTENT="ארדף אשיג אחלק שלל. תמלאמו נפשי. אריק"
                    HPOS="95.0"
                    VPOS="293.0"
                    WIDTH="1079.0"
                    HEIGHT="83.0"
                    WC="0.9883146626608712"></String>
          </TextLine>

          
          
          <TextLine ID="eSc_line_62733cef"
                    TAGREFS="LT15288"
                    BASELINE="97 403 1176 401" 
                    HPOS="97.0"
                    VPOS="374.0"
                    WIDTH="1079.0"
                    HEIGHT="79.0">
            <Shape><Polygon POINTS="97 433 154 452 155 452 156 453 188 453 188 452 189 452 220 434 224 433 228 434 242 440 243 440 244 440 290 435 311 433 316 435 343 452 345 452 346 452 347 452 386 451 388 451 419 436 422 434 426 436 451 452 452 452 453 452 455 453 569 453 569 452 570 452 572 452 592 438 594 436 596 438 618 452 619 452 621 452 622 452 682 451 683 451 701 442 715 450 716 450 717 450 719 450 720 450 736 439 748 432 758 438 759 438 760 438 762 438 874 432 889 440 906 451 907 451 908 451 910 451 911 451 938 441 963 432 1009 439 1010 439 1011 439 1012 439 1026 432 1066 432 1097 442 1122 451 1123 451 1125 451 1175 442 1176 401 1174 384 1135 384 1133 383 1123 377 1122 377 1121 377 1120 377 1119 377 1106 383 1102 385 1043 385 1034 383 997 374 996 374 941 382 929 383 919 382 882 374 881 374 850 380 836 384 831 380 824 376 822 376 821 376 820 376 772 380 756 382 744 380 708 374 707 374 705 374 687 379 673 384 659 379 647 376 646 376 644 376 643 376 630 379 609 385 541 378 531 378 530 378 526 378 494 385 453 379 452 379 416 385 404 379 403 379 402 379 401 379 381 385 340 377 336 377 335 377 333 377 296 386 212 386 199 377 198 377 197 377 97 376 97 403 97 433"/></Shape>
	    <String CONTENT="חרבי. תורישמו ידי: נשפת ברוחך כסמו ים. צללו"
                    HPOS="97.0"
                    VPOS="374.0"
                    WIDTH="1079.0"
                    HEIGHT="79.0"
                    WC="0.9910825040282273"></String>
          </TextLine>

          
          
          <TextLine ID="eSc_line_f78cceb6"
                    TAGREFS="LT15288"
                    BASELINE="96 482 1177 478" 
                    HPOS="95.0"
                    VPOS="451.0"
                    WIDTH="1082.0"
                    HEIGHT="80.0">
            <Shape><Polygon POINTS="96 482 96 516 124 531 125 531 126 531 127 531 183 516 188 515 192 516 222 530 223 530 224 530 225 530 226 530 247 518 252 515 296 515 305 518 343 530 345 530 406 531 407 531 408 531 409 531 426 519 433 515 461 515 469 520 483 530 484 530 486 530 487 531 562 531 562 530 563 530 564 530 579 521 586 516 598 521 621 530 622 530 623 530 624 530 625 530 637 521 648 514 666 520 667 520 668 520 790 514 809 524 814 526 815 526 816 526 818 526 825 524 857 513 901 525 917 528 918 528 919 530 971 530 971 528 972 528 973 528 977 526 997 513 1010 520 1011 520 1012 520 1014 520 1024 516 1039 526 1041 528 1042 528 1043 528 1045 530 1094 530 1094 528 1095 528 1098 527 1110 520 1126 527 1129 528 1131 528 1132 528 1176 527 1177 478 1175 462 1137 462 1135 462 1115 451 1114 451 1113 451 1112 451 1079 460 1027 453 1026 453 1024 453 998 462 997 462 972 453 971 453 969 453 968 453 948 460 902 452 901 452 846 462 830 453 828 453 783 452 782 452 781 452 745 463 693 463 631 463 630 463 610 454 609 454 607 454 570 462 561 454 560 454 558 454 511 452 510 452 450 464 446 464 443 464 407 456 406 456 366 463 348 453 347 453 320 453 318 453 317 453 316 453 302 464 285 464 278 464 277 464 261 453 260 453 259 453 193 453 192 453 191 453 163 464 121 456 120 456 119 456 95 464 96 482"/></Shape>
	    <String CONTENT="כעופרת במים אדירים: מי כמכה באלם ה&apos;. מי כמ"
                    HPOS="95.0"
                    VPOS="451.0"
                    WIDTH="1082.0"
                    HEIGHT="80.0"
                    WC="0.9868509711288824"></String>
          </TextLine>

          
          
          <TextLine ID="eSc_line_21a89328"
                    TAGREFS="LT15288"
                    BASELINE="97 559 1178 556" 
                    HPOS="96.0"
                    VPOS="530.0"
                    WIDTH="1082.0"
                    HEIGHT="81.0">
            <Shape><Polygon POINTS="97 559 99 611 113 602 124 610 125 610 126 610 127 610 128 610 156 596 197 608 198 608 199 608 200 608 226 594 266 595 298 610 299 610 300 610 302 611 351 611 351 610 352 610 353 610 354 608 373 598 424 608 428 608 429 608 431 608 432 608 462 593 515 594 535 607 536 608 537 608 538 608 539 610 568 610 568 608 569 608 573 607 600 593 716 593 775 605 776 605 777 605 778 605 793 596 807 605 812 608 813 608 814 608 815 608 865 607 867 607 873 605 898 592 917 592 936 604 941 607 942 607 943 607 944 608 1024 608 1024 607 1026 607 1034 602 1054 593 1074 602 1085 607 1086 607 1088 607 1089 607 1098 602 1104 599 1109 602 1116 607 1117 607 1119 607 1120 607 1177 601 1178 556 1176 539 1129 539 1126 539 1097 530 1096 530 1095 530 1094 530 1073 539 1072 539 1063 539 978 533 977 533 892 539 891 539 889 539 816 530 815 530 769 540 766 540 763 540 725 531 723 531 640 540 636 540 635 540 616 532 615 532 613 532 564 539 553 531 551 531 550 531 521 531 520 531 519 531 488 540 415 532 414 532 413 532 412 532 398 542 388 542 360 542 359 542 347 534 346 534 345 534 279 532 278 532 236 542 235 542 232 542 130 533 128 533 127 533 96 542 97 559"/></Shape>
	    <String CONTENT="כה נאדר בקדש. נורא תהלת עשה פלא: נטית י"
                    HPOS="96.0"
                    VPOS="530.0"
                    WIDTH="1082.0"
                    HEIGHT="81.0"
                    WC="0.9704300682795676"></String>
          </TextLine>

          
          
          <TextLine ID="eSc_line_75fa65a7"
                    TAGREFS="LT15288"
                    BASELINE="100 637 1181 633" 
                    HPOS="99.0"
                    VPOS="607.0"
                    WIDTH="1082.0"
                    HEIGHT="84.0">
            <Shape><Polygon POINTS="100 637 100 691 205 690 206 690 207 690 234 674 311 674 343 684 345 684 346 684 381 676 397 686 404 690 406 690 407 690 470 688 471 688 472 688 478 685 489 678 511 684 529 688 530 688 531 688 532 688 533 688 541 684 556 673 594 682 622 688 623 688 624 688 625 688 635 682 667 686 668 686 670 686 671 686 678 680 691 673 721 673 732 680 745 688 746 688 747 688 748 688 750 688 765 682 809 688 811 688 812 688 813 688 827 678 837 672 873 672 883 676 904 687 905 687 906 688 974 688 974 687 975 687 1018 674 1028 672 1049 672 1053 673 1073 687 1074 687 1076 687 1077 688 1129 688 1129 687 1131 687 1132 687 1155 672 1156 672 1180 672 1181 633 1180 618 1108 618 1097 611 1096 611 1095 611 1094 611 1028 618 1023 618 1021 618 974 607 914 607 913 607 912 607 894 614 861 607 859 607 858 607 857 607 840 618 738 608 736 608 735 608 711 619 710 620 677 620 676 619 661 610 660 610 659 610 612 608 611 608 610 608 609 608 593 619 566 619 488 613 487 613 373 620 369 620 367 620 332 611 330 611 329 611 328 611 296 619 260 614 259 614 205 620 175 610 174 610 120 610 119 610 118 610 117 610 99 619 100 637"/></Shape>
	    <String CONTENT=""
                    HPOS="99.0"
                    VPOS="607.0"
                    WIDTH="1082.0"
                    HEIGHT="84.0"
                    WC="0.9780998810743674"></String>
          </TextLine>

          
          
          <TextLine ID="eSc_line_c6b76ef3"
                    TAGREFS="LT15288"
                    BASELINE="100 715 1180 712" 
                    HPOS="99.0"
                    VPOS="685.0"
                    WIDTH="1081.0"
                    HEIGHT="81.0">
            <Shape><Polygon POINTS="100 715 100 766 175 759 199 764 200 764 201 764 203 764 224 749 287 750 308 765 309 765 310 765 311 765 312 765 316 764 349 755 371 759 372 759 373 759 375 759 390 749 451 749 481 762 487 765 488 765 489 765 490 765 498 762 533 749 570 749 587 761 592 765 593 765 594 765 596 766 628 766 628 765 629 765 630 765 635 761 642 756 668 760 692 764 693 764 695 764 696 764 701 760 720 748 746 748 769 759 777 764 778 764 779 765 819 765 819 764 820 764 831 759 854 748 912 748 928 758 936 764 937 764 938 764 940 765 992 765 992 764 993 764 1009 756 1028 748 1048 748 1061 756 1073 764 1074 764 1076 764 1077 764 1178 754 1180 712 1178 694 1076 685 1074 685 1073 685 1054 694 1053 694 1047 694 986 686 985 686 926 694 922 694 917 694 886 688 885 688 883 688 873 694 871 694 854 685 852 685 815 685 814 685 714 694 709 694 698 687 697 687 696 687 639 685 637 685 597 694 591 697 531 697 529 694 517 686 515 686 514 686 513 686 415 694 402 696 391 694 323 687 322 687 321 687 320 687 308 694 281 687 280 687 279 687 234 694 205 687 204 687 203 687 152 693 124 687 123 687 121 687 99 694 100 715"/></Shape>
	    <String CONTENT="נהלת בעזך אל נוה קדשך: שמעו עמים ירגזון."
                    HPOS="99.0"
                    VPOS="685.0"
                    WIDTH="1081.0"
                    HEIGHT="81.0"
                    WC="0.9827335079511007"></String>
          </TextLine>

          
          
          <TextLine ID="eSc_line_99b966e5"
                    TAGREFS="LT15288"
                    BASELINE="100 789 1180 791" 
                    HPOS="99.0"
                    VPOS="760.0"
                    WIDTH="1081.0"
                    HEIGHT="82.0">
            <Shape><Polygon POINTS="100 789 99 832 134 840 136 840 137 840 157 832 160 830 163 832 181 840 182 840 183 840 185 840 203 832 211 827 253 824 275 824 285 830 298 840 299 840 300 840 302 841 377 841 377 840 378 840 379 840 394 830 396 829 407 830 457 835 458 835 459 835 461 835 468 829 472 827 481 829 508 839 510 839 584 840 585 840 586 840 611 829 618 826 625 829 656 841 658 841 659 841 660 841 689 828 695 826 705 828 728 834 729 834 730 834 754 832 769 841 770 841 771 841 772 842 846 842 846 841 848 841 849 841 869 828 899 841 900 841 901 841 902 841 904 841 926 827 959 827 1009 826 1012 826 1060 841 1061 841 1063 841 1064 841 1065 841 1088 826 1089 826 1177 826 1180 791 1178 770 1089 761 1088 761 1058 768 1041 772 1017 768 1003 766 1002 766 1000 766 993 767 975 773 961 767 951 764 950 764 949 764 911 767 851 773 816 767 788 761 787 761 785 761 769 766 753 771 732 766 729 766 728 766 723 766 656 773 644 766 644 765 643 765 642 765 641 765 640 765 639 766 624 773 563 773 541 765 525 760 524 760 463 760 462 760 461 760 446 764 431 768 413 764 397 760 396 760 395 760 375 764 333 772 323 766 322 766 321 766 320 766 272 772 230 765 229 765 228 765 226 765 216 773 173 773 144 762 137 760 136 760 134 760 100 761 100 789"/></Shape>
	    <String CONTENT="חיל אחז ישבי פלשת: אז נבהלו אלופי אדום. אילי"
                    HPOS="99.0"
                    VPOS="760.0"
                    WIDTH="1081.0"
                    HEIGHT="82.0"
                    WC="0.9936649979547013"></String>
          </TextLine>

          
          
          <TextLine ID="eSc_line_98410d67"
                    TAGREFS="LT15288"
                    BASELINE="101 871 1182 871" 
                    HPOS="101.0"
                    VPOS="841.0"
                    WIDTH="1081.0"
                    HEIGHT="78.0">
            <Shape><Polygon POINTS="101 871 101 902 146 918 148 918 149 919 254 919 254 918 317 903 346 903 359 903 382 918 383 918 384 918 385 919 531 919 531 918 532 918 578 903 622 912 623 912 624 912 654 903 655 903 732 903 763 918 764 918 765 918 766 918 794 903 806 903 826 903 848 918 849 918 850 918 851 919 893 919 893 918 894 918 918 906 941 918 942 918 943 918 944 918 973 909 1000 918 1002 918 1003 918 1004 918 1005 918 1028 903 1029 903 1061 903 1064 903 1113 918 1114 918 1115 918 1116 918 1117 918 1131 909 1162 912 1163 912 1164 912 1182 903 1182 871 1182 851 1131 842 1129 842 1128 842 1112 850 1023 844 1022 844 953 850 929 841 928 841 926 841 843 848 831 841 830 841 828 841 827 841 789 851 732 851 714 841 713 841 711 841 710 841 679 851 648 851 631 841 630 841 629 841 484 848 438 841 437 841 435 841 418 848 392 844 391 844 390 844 375 851 291 851 278 841 277 841 275 841 173 841 171 841 170 841 169 841 157 850 136 844 134 844 133 844 101 850 101 871"/></Shape>
	    <String CONTENT="מואב יאחזמו רעד. נמגו כל ישבי כנען: תפל עליהם"
                    HPOS="101.0"
                    VPOS="841.0"
                    WIDTH="1081.0"
                    HEIGHT="78.0"
                    WC="0.986008526219262"></String>
          </TextLine>

          
          
          <TextLine ID="eSc_line_2bbc123f"
                    TAGREFS="LT15288"
                    BASELINE="102 947 1182 947" 
                    HPOS="102.0"
                    VPOS="922.0"
                    WIDTH="1080.0"
                    HEIGHT="79.0">
            <Shape><Polygon POINTS="102 947 102 987 128 1001 130 1001 131 1001 210 987 247 987 263 998 265 998 266 998 267 998 268 998 283 992 300 1001 302 1001 303 1001 304 1001 358 987 406 1001 407 1001 408 1001 480 993 499 998 500 998 501 998 502 998 504 998 521 987 556 1001 557 1001 558 1001 623 995 745 1001 746 1001 747 1001 775 987 777 987 781 987 840 1001 842 1001 843 1001 882 988 886 987 929 988 985 989 998 999 999 999 1000 999 1002 999 1048 988 1054 987 1061 988 1103 1000 1104 1000 1106 1000 1107 1000 1108 1000 1127 988 1129 987 1132 988 1150 996 1151 996 1152 996 1153 996 1182 988 1182 947 1182 930 923 922 922 922 889 928 865 922 864 922 863 922 833 928 789 922 788 922 756 928 690 922 689 922 633 928 579 922 578 922 576 922 563 928 544 922 543 922 542 922 541 922 539 922 530 930 397 930 384 922 383 922 382 922 345 928 289 922 287 922 286 922 285 922 274 930 214 930 201 922 200 922 199 922 198 922 181 928 158 922 157 922 156 922 102 928 102 947"/></Shape>
	    <String CONTENT="אימתה ופחד. בגדל זרועך ידמו כאבן. עד יעבר עמך"
                    HPOS="102.0"
                    VPOS="922.0"
                    WIDTH="1080.0"
                    HEIGHT="79.0"
                    WC="0.9936870114747868"></String>
          </TextLine>

          
          
          <TextLine ID="eSc_line_9d99f944"
                    TAGREFS="LT15288"
                    BASELINE="102 1025 1182 1023" 
                    HPOS="102.0"
                    VPOS="995.0"
                    WIDTH="1080.0"
                    HEIGHT="79.0">
            <Shape><Polygon POINTS="102 1058 130 1073 131 1073 132 1074 203 1074 203 1073 204 1073 205 1073 228 1058 330 1072 332 1072 333 1072 373 1057 416 1057 441 1068 443 1068 444 1068 445 1068 455 1063 490 1072 492 1072 493 1072 504 1066 512 1072 513 1072 514 1072 515 1072 517 1072 518 1072 543 1057 575 1057 634 1073 635 1073 636 1073 717 1072 719 1072 756 1056 757 1056 760 1056 837 1069 838 1069 839 1069 869 1056 870 1056 881 1056 922 1057 942 1072 943 1072 944 1072 945 1073 980 1073 980 1072 981 1072 983 1072 1003 1057 1028 1063 1029 1063 1030 1063 1079 1056 1132 1072 1133 1072 1134 1072 1135 1072 1137 1072 1163 1056 1181 1056 1182 1023 1181 1004 1102 995 1101 995 1100 995 1098 995 1089 1002 1080 1007 1035 1002 988 998 987 998 962 1002 936 1007 919 1002 907 998 906 998 905 998 882 1001 854 1007 839 1001 830 998 828 998 827 998 781 1001 709 1007 684 1001 667 996 666 996 665 996 636 1001 588 1008 551 1001 550 1001 461 1007 432 1000 427 999 426 999 425 999 424 999 422 999 422 1000 408 1010 385 1010 358 999 348 996 347 996 346 996 345 996 334 999 314 1006 274 1006 263 999 260 996 259 996 257 996 205 996 204 996 203 996 197 999 180 1006 102 999 102 1025 102 1058"/></Shape>
	    <String CONTENT="ה&apos;. עד יעבר עם זו קנית: תבאמו ותטעמו בהר"
                    HPOS="102.0"
                    VPOS="995.0"
                    WIDTH="1080.0"
                    HEIGHT="79.0"
                    WC="0.9962712075652146"></String>
          </TextLine>

          
          
          <TextLine ID="eSc_line_65d82987"
                    TAGREFS="LT15288"
                    BASELINE="102 1100 1181 1103" 
                    HPOS="101.0"
                    VPOS="1073.0"
                    WIDTH="1080.0"
                    HEIGHT="83.0">
            <Shape><Polygon POINTS="102 1100 101 1147 113 1154 114 1154 115 1154 117 1155 133 1155 133 1154 134 1154 136 1154 149 1144 160 1138 262 1138 283 1144 310 1154 311 1154 312 1155 355 1155 355 1154 357 1154 373 1146 386 1138 432 1138 441 1146 455 1154 456 1154 457 1154 458 1154 459 1154 484 1146 505 1138 570 1146 658 1155 659 1155 660 1155 684 1146 698 1140 711 1146 729 1155 730 1155 732 1156 796 1156 796 1155 797 1155 822 1146 834 1142 840 1147 854 1155 855 1155 856 1155 857 1155 858 1155 877 1147 887 1142 894 1147 907 1155 908 1155 910 1155 911 1155 947 1154 948 1154 962 1147 967 1143 972 1147 979 1152 980 1152 981 1152 983 1152 984 1152 985 1152 992 1147 1005 1140 1021 1140 1033 1147 1045 1155 1046 1155 1047 1155 1048 1156 1156 1156 1156 1155 1157 1155 1180 1147 1181 1103 1181 1081 1163 1076 1162 1076 1160 1076 1159 1076 1158 1076 1152 1081 1146 1085 1137 1081 1120 1074 1119 1074 1076 1074 1074 1074 1073 1074 1072 1074 1063 1081 1055 1085 1041 1080 1034 1079 1033 1079 1031 1079 1022 1080 1004 1085 997 1080 992 1078 991 1078 990 1078 929 1074 928 1074 926 1074 905 1080 889 1085 881 1080 871 1074 870 1074 869 1074 834 1074 833 1074 768 1080 720 1085 672 1080 655 1079 654 1079 653 1079 650 1080 641 1085 630 1080 613 1073 612 1073 611 1073 569 1080 547 1084 514 1080 482 1076 481 1076 452 1080 422 1085 308 1085 300 1080 295 1075 293 1075 292 1075 291 1075 267 1080 246 1084 197 1080 143 1075 142 1075 102 1079 102 1100"/></Shape>
	    <String CONTENT="נחלתך. מכון לשבתך פעלת ה&apos;. מקדש. אדני"
                    HPOS="101.0"
                    VPOS="1073.0"
                    WIDTH="1080.0"
                    HEIGHT="83.0"
                    WC="0.985490717821651"></String>
          </TextLine>

          
          
          <TextLine ID="eSc_line_f31521b9"
                    TAGREFS="LT15288"
                    BASELINE="102 1180 1182 1180" 
                    HPOS="102.0"
                    VPOS="1154.0"
                    WIDTH="1080.0"
                    HEIGHT="81.0">
            <Shape><Polygon POINTS="102 1180 102 1217 240 1217 241 1217 263 1229 265 1229 266 1229 267 1229 268 1229 284 1220 306 1234 308 1234 309 1234 310 1235 327 1235 327 1234 328 1234 329 1234 352 1218 354 1217 406 1217 409 1218 439 1234 440 1234 441 1235 465 1235 465 1234 467 1234 468 1234 492 1220 568 1234 569 1234 570 1234 572 1234 590 1222 612 1234 613 1234 615 1234 616 1234 617 1234 640 1220 643 1217 646 1220 673 1234 674 1234 676 1235 751 1235 751 1234 752 1234 778 1220 785 1217 805 1217 811 1220 839 1234 840 1234 842 1234 843 1234 876 1221 885 1217 932 1217 941 1221 968 1234 969 1234 971 1234 1045 1233 1046 1233 1047 1233 1058 1226 1091 1234 1092 1234 1094 1234 1095 1234 1096 1234 1109 1224 1162 1234 1163 1234 1164 1234 1165 1234 1182 1223 1182 1180 1182 1165 1157 1165 1143 1154 1141 1154 1140 1154 1139 1154 1072 1165 1040 1165 1023 1154 1022 1154 1021 1154 1020 1154 1018 1154 980 1164 870 1162 854 1154 852 1154 851 1154 809 1164 757 1154 756 1154 754 1154 735 1164 716 1154 715 1154 714 1154 636 1159 539 1154 538 1154 537 1154 513 1164 383 1158 382 1158 381 1158 359 1164 263 1154 262 1154 261 1154 234 1164 134 1156 133 1156 132 1156 102 1164 102 1180"/></Shape>
	    <String CONTENT=""
                    HPOS="102.0"
                    VPOS="1154.0"
                    WIDTH="1080.0"
                    HEIGHT="81.0"
                    WC="0.9922265821979159"></String>
          </TextLine>

          
          
          <TextLine ID="eSc_line_7ef7a16d"
                    TAGREFS="LT15288"
                    BASELINE="101 1257 1182 1259" 
                    HPOS="100.0"
                    VPOS="1230.0"
                    WIDTH="1082.0"
                    HEIGHT="79.0">
            <Shape><Polygon POINTS="101 1257 100 1290 144 1294 175 1307 176 1307 177 1307 179 1307 210 1296 235 1296 253 1307 254 1307 255 1307 256 1308 352 1308 352 1307 353 1307 373 1298 404 1307 406 1307 407 1307 408 1307 409 1307 433 1292 481 1292 512 1307 513 1307 514 1308 556 1308 556 1307 557 1307 591 1294 640 1308 641 1308 642 1308 643 1308 684 1294 739 1308 740 1308 741 1308 742 1308 771 1301 782 1308 783 1308 784 1308 785 1309 849 1309 849 1308 850 1308 851 1308 873 1294 900 1294 924 1308 925 1308 926 1308 928 1309 969 1309 969 1308 971 1308 972 1308 985 1298 1012 1308 1014 1308 1015 1308 1016 1308 1017 1308 1039 1294 1094 1294 1140 1308 1141 1308 1143 1308 1144 1308 1181 1292 1182 1259 1181 1239 1144 1232 1143 1232 1110 1239 1101 1240 1095 1239 1078 1232 1077 1232 1076 1232 1035 1239 1023 1240 1011 1239 974 1232 973 1232 944 1239 935 1240 926 1239 897 1232 895 1232 894 1232 870 1239 864 1240 859 1239 848 1233 846 1233 845 1233 795 1238 727 1232 726 1232 725 1232 710 1239 707 1241 642 1241 619 1239 539 1230 538 1230 537 1230 536 1230 524 1239 521 1240 444 1240 439 1239 401 1230 400 1230 334 1239 327 1239 320 1239 269 1230 268 1230 170 1239 158 1239 156 1239 138 1230 137 1230 136 1230 101 1238 101 1257"/></Shape>
	    <String CONTENT="פרעה ברכבו ובפרשיו בים. וישב ה&apos; עליהם את"
                    HPOS="100.0"
                    VPOS="1230.0"
                    WIDTH="1082.0"
                    HEIGHT="79.0"
                    WC="0.9855160175300226"></String>
          </TextLine>

          
          
          <TextLine ID="eSc_line_4900aa37"
                    TAGREFS="LT15288"
                    BASELINE="222 1337 1182 1337" 
                    HPOS="222.0"
                    VPOS="1308.0"
                    WIDTH="960.0"
                    HEIGHT="80.0">
            <Shape><Polygon POINTS="222 1337 222 1374 249 1374 279 1387 280 1387 281 1387 326 1383 327 1383 328 1383 341 1374 358 1374 376 1387 377 1387 378 1387 379 1387 381 1387 406 1374 407 1374 493 1374 494 1374 513 1387 514 1387 515 1387 517 1387 553 1380 570 1387 572 1387 573 1387 574 1387 600 1376 639 1376 653 1387 654 1387 655 1387 656 1388 733 1388 733 1387 734 1387 735 1387 754 1374 756 1374 772 1374 773 1374 790 1387 791 1387 793 1387 794 1387 832 1381 876 1387 877 1387 879 1387 911 1378 984 1387 985 1387 986 1387 987 1387 1005 1374 1006 1374 1027 1374 1028 1374 1048 1387 1049 1387 1051 1387 1052 1387 1113 1378 1145 1387 1146 1387 1147 1387 1149 1387 1182 1374 1182 1337 1182 1318 1163 1309 1162 1309 1160 1309 1159 1309 1140 1316 1051 1309 1049 1309 1004 1316 967 1309 966 1309 905 1316 892 1310 891 1310 889 1310 888 1310 871 1315 848 1308 846 1308 759 1308 758 1308 722 1316 710 1308 709 1308 708 1308 677 1308 676 1308 674 1308 673 1308 662 1318 636 1318 605 1308 604 1308 603 1308 601 1308 572 1316 530 1309 529 1309 527 1309 526 1309 517 1318 432 1318 382 1308 381 1308 311 1316 295 1308 293 1308 292 1308 222 1316 222 1337"/></Shape>
	    <String CONTENT="מי הים. ובני ישראל הלכו ביבשה בתוך הים:"
                    HPOS="222.0"
                    VPOS="1308.0"
                    WIDTH="960.0"
                    HEIGHT="80.0"
                    WC="0.9856356932566717"></String>
          </TextLine>

          
          
          <TextLine ID="eSc_line_5830c93c"
                    TAGREFS="LT15288"
                    BASELINE="102 1411 1178 1413" 
                    HPOS="101.0"
                    VPOS="1386.0"
                    WIDTH="1077.0"
                    HEIGHT="78.0">
            <Shape><Polygon POINTS="102 1411 101 1445 143 1462 144 1462 145 1463 212 1463 212 1462 213 1462 214 1462 234 1449 252 1462 253 1462 254 1462 255 1462 342 1460 343 1460 370 1449 391 1462 392 1462 394 1462 395 1462 433 1455 443 1462 444 1462 445 1462 446 1463 542 1463 542 1462 543 1462 566 1449 573 1446 659 1446 665 1450 672 1455 673 1455 674 1455 676 1455 713 1450 736 1448 741 1451 759 1463 760 1463 762 1463 763 1463 812 1451 827 1448 840 1451 855 1456 856 1456 857 1456 879 1451 899 1448 914 1452 948 1463 949 1463 950 1464 988 1464 988 1463 990 1463 991 1463 1005 1452 1015 1448 1037 1448 1048 1454 1064 1463 1065 1463 1066 1463 1067 1464 1089 1464 1089 1463 1090 1463 1091 1463 1106 1454 1115 1448 1175 1454 1178 1413 1178 1396 1152 1387 1151 1387 1150 1387 1043 1395 1004 1387 1003 1387 902 1395 899 1395 897 1395 833 1387 832 1387 831 1387 807 1394 785 1388 784 1388 783 1388 711 1395 704 1395 701 1395 670 1388 668 1388 641 1394 629 1387 628 1387 627 1387 625 1387 554 1394 514 1386 513 1386 407 1394 404 1394 403 1394 379 1386 378 1386 322 1386 321 1386 320 1386 295 1394 293 1394 273 1386 272 1386 271 1386 210 1394 205 1394 203 1394 170 1386 169 1386 168 1386 167 1386 151 1394 150 1394 133 1386 132 1386 131 1386 130 1386 102 1393 102 1411"/></Shape>
	    <String CONTENT=""
                    HPOS="101.0"
                    VPOS="1386.0"
                    WIDTH="1077.0"
                    HEIGHT="78.0"
                    WC="0.9958917514273995"></String>
          </TextLine>

          
          
          <TextLine ID="eSc_line_bf22f664"
                    TAGREFS="LT15288"
                    BASELINE="102 1492 1181 1489" 
                    HPOS="101.0"
                    VPOS="1463.0"
                    WIDTH="1080.0"
                    HEIGHT="78.0">
            <Shape><Polygon POINTS="102 1492 102 1540 271 1526 303 1540 306 1541 308 1541 309 1541 310 1541 311 1541 312 1540 334 1526 369 1540 372 1541 373 1541 375 1541 376 1541 379 1540 416 1526 472 1526 510 1540 514 1541 515 1541 517 1541 518 1541 519 1541 521 1540 542 1526 579 1531 580 1531 642 1525 678 1525 698 1538 698 1540 699 1540 701 1540 702 1541 759 1541 759 1540 760 1540 763 1538 788 1525 815 1531 816 1531 846 1525 885 1538 888 1540 889 1540 891 1541 932 1541 932 1540 934 1540 935 1540 936 1538 955 1525 988 1538 992 1540 993 1540 994 1540 996 1540 1000 1538 1017 1532 1027 1538 1029 1540 1030 1540 1031 1540 1033 1540 1180 1537 1181 1489 1180 1472 1147 1463 1146 1463 1145 1463 1091 1473 1086 1473 1083 1473 1066 1467 1065 1467 1064 1467 1016 1472 1008 1473 1005 1472 981 1463 980 1463 869 1463 868 1463 867 1463 865 1463 851 1472 849 1474 778 1474 775 1472 753 1463 752 1463 751 1463 697 1472 696 1472 695 1472 672 1463 671 1463 670 1463 668 1463 644 1472 637 1474 619 1472 575 1466 574 1466 542 1472 526 1474 511 1472 476 1466 475 1466 443 1472 428 1474 422 1472 408 1464 407 1464 406 1464 375 1472 371 1472 367 1472 327 1464 326 1464 257 1472 228 1474 204 1472 155 1464 154 1464 101 1470 102 1492"/></Shape>
	    <String CONTENT=""
                    HPOS="101.0"
                    VPOS="1463.0"
                    WIDTH="1080.0"
                    HEIGHT="78.0"
                    WC="0.9928589524366916"></String>
          </TextLine>

          
          
          <TextLine ID="eSc_line_08a8323c"
                    TAGREFS="LT15288"
                    BASELINE="103 1567 1183 1569" 
                    HPOS="102.0"
                    VPOS="1541.0"
                    WIDTH="1081.0"
                    HEIGHT="80.0">
            <Shape><Polygon POINTS="103 1567 102 1602 136 1618 137 1618 138 1620 229 1620 229 1618 230 1618 231 1618 255 1603 256 1603 293 1603 316 1618 317 1618 318 1618 320 1618 321 1618 349 1604 353 1603 389 1603 394 1605 415 1618 416 1618 418 1618 419 1618 462 1614 463 1614 464 1614 475 1606 481 1603 502 1603 507 1606 525 1618 526 1618 527 1618 529 1620 564 1620 564 1618 566 1618 567 1618 584 1608 587 1605 593 1608 619 1618 621 1618 622 1618 623 1618 624 1618 640 1609 647 1604 683 1606 686 1609 701 1618 702 1618 703 1618 704 1618 705 1618 730 1611 742 1620 744 1620 745 1620 746 1620 747 1620 770 1610 787 1604 851 1604 864 1612 874 1618 875 1618 876 1618 877 1618 879 1618 894 1612 917 1604 936 1604 951 1614 960 1620 961 1620 962 1620 963 1621 1023 1621 1023 1620 1024 1620 1026 1620 1034 1615 1053 1604 1082 1604 1101 1616 1104 1618 1106 1618 1107 1618 1108 1618 1181 1616 1183 1569 1182 1547 1134 1542 1133 1542 1132 1542 1131 1542 1125 1547 1120 1549 1097 1547 1089 1546 1088 1546 1082 1547 1049 1553 1012 1547 986 1542 985 1542 956 1547 943 1548 929 1547 900 1542 899 1542 898 1542 888 1547 875 1552 836 1547 819 1544 818 1544 816 1544 813 1547 801 1553 789 1547 783 1542 782 1542 781 1542 745 1542 744 1542 742 1542 733 1547 727 1549 721 1547 714 1543 713 1543 711 1543 710 1543 709 1543 704 1547 696 1552 644 1553 634 1547 630 1543 629 1543 628 1543 627 1543 611 1547 593 1550 581 1547 572 1543 570 1543 569 1543 551 1547 541 1548 537 1547 529 1541 527 1541 526 1541 525 1541 524 1541 504 1547 482 1552 445 1547 437 1546 435 1546 434 1546 432 1547 419 1552 406 1547 400 1544 398 1544 397 1544 379 1547 338 1552 304 1550 298 1547 291 1541 290 1541 289 1541 287 1541 286 1541 272 1547 259 1552 234 1547 206 1541 175 1541 174 1541 173 1541 171 1541 163 1547 158 1549 144 1547 123 1542 121 1542 103 1546 103 1567"/></Shape>
	    <String CONTENT=""
                    HPOS="102.0"
                    VPOS="1541.0"
                    WIDTH="1081.0"
                    HEIGHT="80.0"
                    WC="0.9963545456528664"></String>
          </TextLine>

          
          
          <TextLine ID="eSc_line_15c05c04"
                    TAGREFS="LT15288"
                    BASELINE="102 1645 1184 1649" 
                    HPOS="101.0"
                    VPOS="1611.0"
                    WIDTH="1083.0"
                    HEIGHT="86.0">
            <Shape><Polygon POINTS="102 1645 101 1676 138 1694 139 1694 140 1695 203 1695 203 1694 204 1694 240 1677 265 1694 266 1694 267 1694 268 1694 269 1694 330 1678 333 1678 335 1678 392 1692 394 1692 395 1692 422 1679 427 1678 452 1678 462 1680 514 1695 515 1695 517 1695 590 1694 591 1694 619 1683 633 1678 705 1678 716 1684 740 1696 741 1696 742 1697 778 1697 778 1696 779 1696 811 1685 821 1683 854 1686 868 1688 869 1688 870 1688 873 1686 891 1679 957 1685 959 1685 960 1685 971 1680 983 1689 994 1697 996 1697 997 1697 998 1697 999 1697 1030 1689 1064 1680 1089 1690 1108 1697 1109 1697 1110 1697 1112 1697 1133 1691 1140 1689 1146 1691 1162 1697 1163 1697 1164 1697 1165 1697 1183 1691 1184 1649 1184 1630 1149 1620 1147 1620 1146 1620 1145 1620 1122 1626 1089 1620 1088 1620 1086 1620 1059 1628 1053 1629 1045 1628 998 1617 997 1617 996 1617 966 1626 954 1630 931 1630 925 1626 918 1620 917 1620 916 1620 914 1620 881 1624 857 1628 844 1624 834 1621 833 1621 832 1621 831 1621 830 1621 826 1623 818 1628 801 1623 773 1615 772 1615 771 1615 770 1615 753 1622 740 1628 707 1622 705 1622 704 1622 687 1627 648 1621 640 1620 639 1620 627 1620 578 1623 567 1618 555 1614 554 1614 553 1614 551 1614 537 1618 519 1624 463 1617 433 1614 432 1614 431 1614 420 1616 384 1626 324 1618 323 1618 322 1618 299 1626 271 1618 269 1618 268 1618 171 1626 148 1612 146 1612 102 1611 102 1645"/></Shape>
	    <String CONTENT=""
                    HPOS="101.0"
                    VPOS="1611.0"
                    WIDTH="1083.0"
                    HEIGHT="86.0"
                    WC="0.9944232106208801"></String>
          </TextLine>

          
          
          <TextLine ID="eSc_line_33379e53"
                    TAGREFS="LT15288"
                    BASELINE="103 1722 1184 1726" 
                    HPOS="102.0"
                    VPOS="1694.0"
                    WIDTH="1082.0"
                    HEIGHT="81.0">
            <Shape><Polygon POINTS="103 1722 102 1753 140 1757 161 1771 162 1771 163 1771 164 1772 210 1772 210 1771 211 1771 238 1756 244 1756 289 1756 326 1756 329 1757 351 1771 352 1771 353 1771 354 1771 464 1768 465 1768 483 1759 489 1757 495 1760 507 1768 508 1768 510 1768 511 1768 512 1768 531 1760 536 1759 543 1760 566 1765 567 1765 568 1765 569 1765 575 1762 582 1757 606 1757 619 1762 647 1772 648 1772 649 1774 738 1774 738 1772 739 1772 740 1772 753 1764 760 1759 773 1764 796 1772 797 1772 799 1772 800 1772 819 1765 837 1758 902 1758 922 1766 937 1774 938 1774 940 1775 961 1775 961 1774 962 1774 963 1774 972 1768 986 1758 1006 1768 1020 1774 1021 1774 1022 1775 1069 1775 1069 1774 1070 1774 1083 1769 1115 1758 1141 1770 1150 1774 1151 1774 1152 1774 1182 1770 1184 1726 1183 1704 1101 1696 1100 1696 1098 1696 1084 1703 1079 1706 1076 1703 1060 1696 1059 1696 1058 1696 1010 1703 994 1706 986 1703 960 1696 959 1696 957 1696 956 1696 955 1696 944 1703 942 1706 849 1706 843 1703 825 1695 824 1695 822 1695 771 1696 770 1696 769 1696 759 1703 750 1696 748 1696 747 1696 746 1696 745 1696 721 1702 709 1695 708 1695 707 1695 662 1695 661 1695 660 1695 659 1695 646 1703 643 1704 633 1703 597 1697 596 1697 570 1703 561 1704 314 1704 310 1702 286 1694 285 1694 284 1694 231 1702 222 1703 212 1702 169 1696 168 1696 167 1696 166 1696 157 1702 156 1703 148 1702 115 1696 114 1696 113 1696 103 1701 103 1722"/></Shape>
	    <String CONTENT=""
                    HPOS="102.0"
                    VPOS="1694.0"
                    WIDTH="1082.0"
                    HEIGHT="81.0"
                    WC="0.9798255293142228"></String>
          </TextLine>

          
          
          <TextLine ID="eSc_line_5ea5ef66"
                    TAGREFS="LT15288"
                    BASELINE="103 1801 1184 1805" 
                    HPOS="102.0"
                    VPOS="1775.0"
                    WIDTH="1082.0"
                    HEIGHT="80.0">
            <Shape><Polygon POINTS="103 1801 102 1835 146 1839 163 1851 164 1851 166 1851 167 1851 249 1837 316 1848 317 1848 318 1848 348 1837 398 1837 400 1837 420 1851 421 1851 422 1851 463 1852 464 1852 465 1852 519 1838 525 1838 557 1838 582 1852 584 1852 585 1854 633 1854 633 1852 634 1852 635 1852 653 1840 682 1852 683 1852 684 1854 727 1854 727 1852 728 1852 729 1852 748 1839 750 1838 758 1839 840 1854 842 1855 867 1855 867 1854 868 1854 869 1854 889 1840 892 1839 931 1839 934 1840 955 1854 956 1854 957 1854 959 1855 1006 1855 1006 1854 1008 1854 1043 1840 1049 1839 1065 1840 1158 1854 1159 1854 1160 1854 1183 1842 1184 1805 1184 1787 1155 1776 1153 1776 1152 1776 1151 1776 1150 1776 1138 1784 1095 1780 1094 1780 1058 1786 1057 1786 1055 1786 960 1776 959 1776 916 1786 912 1787 886 1787 885 1786 873 1777 871 1777 870 1777 869 1777 816 1784 757 1776 756 1776 754 1776 728 1784 704 1775 703 1775 702 1775 643 1783 600 1775 549 1775 548 1775 547 1775 545 1775 532 1784 513 1775 512 1775 511 1775 452 1783 388 1776 386 1776 385 1776 384 1776 373 1783 372 1783 306 1776 305 1776 304 1776 275 1783 273 1783 271 1783 229 1777 228 1777 103 1782 103 1801"/></Shape>
	    <String CONTENT=""
                    HPOS="102.0"
                    VPOS="1775.0"
                    WIDTH="1082.0"
                    HEIGHT="80.0"
                    WC="0.9899456751974005"></String>
          </TextLine>

          
          
          <TextLine ID="eSc_line_7ce81ad5"
                    TAGREFS="LT15288"
                    BASELINE="102 1876 1183 1879" 
                    HPOS="101.0"
                    VPOS="1852.0"
                    WIDTH="1082.0"
                    HEIGHT="80.0">
            <Shape><Polygon POINTS="102 1876 101 1913 146 1930 148 1930 149 1930 191 1928 192 1928 217 1916 260 1930 261 1930 262 1930 351 1916 390 1916 410 1930 412 1930 413 1930 414 1931 450 1931 450 1930 451 1930 478 1916 511 1917 529 1930 530 1930 531 1930 532 1931 598 1931 598 1930 599 1930 600 1930 622 1916 640 1916 682 1931 683 1931 684 1932 778 1932 778 1931 779 1931 807 1917 854 1926 855 1926 856 1926 882 1917 922 1931 923 1931 924 1931 925 1931 963 1917 1022 1917 1045 1931 1046 1931 1047 1931 1048 1932 1082 1932 1082 1931 1083 1931 1084 1931 1107 1917 1123 1917 1144 1930 1145 1930 1146 1930 1147 1930 1149 1930 1182 1916 1183 1879 1181 1858 1101 1864 1089 1857 1085 1855 1084 1855 1083 1855 1040 1854 1039 1854 1014 1857 968 1864 940 1857 935 1856 934 1856 932 1856 922 1857 863 1864 818 1857 799 1854 797 1854 796 1854 789 1856 776 1862 762 1856 760 1856 759 1856 758 1856 754 1856 720 1864 708 1856 707 1856 705 1856 704 1856 696 1856 629 1862 600 1856 582 1852 581 1852 580 1852 567 1856 543 1862 531 1856 530 1856 529 1856 527 1856 471 1863 398 1855 390 1855 389 1855 382 1855 317 1863 303 1855 302 1854 300 1854 299 1854 252 1852 250 1852 238 1855 203 1863 102 1855 102 1876"/></Shape>
	    <String CONTENT=""
                    HPOS="101.0"
                    VPOS="1852.0"
                    WIDTH="1082.0"
                    HEIGHT="80.0"
                    WC="0.996312528084486"></String>
          </TextLine>

          
          
          <TextLine ID="eSc_line_6056749f"
                    TAGREFS="LT15288"
                    BASELINE="102 1953 1184 1955" 
                    HPOS="101.0"
                    VPOS="1925.0"
                    WIDTH="1083.0"
                    HEIGHT="93.0">
            <Shape><Polygon POINTS="102 1953 101 1999 134 2000 156 2016 157 2016 158 2016 160 2016 285 2008 309 2016 310 2016 311 2016 371 2009 416 2016 418 2016 419 2016 441 2005 462 2016 463 2016 464 2017 548 2017 548 2016 549 2016 575 2002 576 2002 635 2002 636 2002 673 2017 674 2017 676 2018 747 2018 747 2017 748 2017 775 2004 808 2009 809 2009 855 2003 885 2017 886 2017 887 2018 913 2018 913 2017 914 2017 951 2003 1006 2003 1008 2003 1045 2017 1046 2017 1047 2017 1048 2017 1088 2003 1090 2003 1096 2003 1158 2009 1159 2009 1160 2009 1183 2003 1184 1955 1183 1931 1054 1926 1053 1926 1052 1926 1051 1926 1043 1931 1039 1935 981 1937 972 1931 965 1926 963 1926 962 1926 929 1926 928 1926 926 1926 925 1926 918 1931 911 1936 735 1937 726 1932 725 1931 723 1931 722 1931 721 1931 702 1932 649 1936 630 1932 610 1929 609 1929 585 1932 562 1936 536 1932 504 1929 502 1929 452 1934 415 1936 408 1934 391 1925 390 1925 348 1925 347 1925 346 1925 345 1925 332 1934 329 1935 321 1934 280 1925 279 1925 236 1934 224 1936 218 1934 197 1925 195 1925 194 1925 193 1925 176 1934 173 1936 168 1934 157 1930 156 1930 155 1930 154 1930 145 1934 142 1936 102 1935 102 1953"/></Shape>
	    <String CONTENT=""
                    HPOS="101.0"
                    VPOS="1925.0"
                    WIDTH="1083.0"
                    HEIGHT="93.0"
                    WC="0.9803573765405794"></String>
          </TextLine>

          
        </TextBlock>
        

        
      </PrintSpace>
    </Page>
  </Layout>
</alto>
