<?xml version="1.0" encoding="UTF-8"?>
<alto xmlns:xsi="http://www.w3.org/2001/XMLSchema-instance"
      xmlns="http://www.loc.gov/standards/alto/ns-v4#"
      xsi:schemaLocation="http://www.loc.gov/standards/alto/ns-v4# http://www.loc.gov/standards/alto/v4/alto-4-2.xsd">
  <Description>
    <MeasurementUnit>pixel</MeasurementUnit>
    <sourceImageInformation>
      <fileName>IE87752740_00038.jpg</fileName>
      <fileIdentifier>mets//export_doc4366_1col_14_copy_alto_202404261215.zip/IE87752740_00038.jpg</fileIdentifier>
    </sourceImageInformation>
  </Description>
  
  <Tags>
    <OtherTag ID="BT8356" LABEL="MainLeft" DESCRIPTION="block type MainLeft"/><OtherTag ID="BT8355" LABEL="MainRight" DESCRIPTION="block type MainRight"/><OtherTag ID="BT6914" LABEL="Handwritten" DESCRIPTION="block type Handwritten"/><OtherTag ID="BT6913" LABEL="RunningHeader" DESCRIPTION="block type RunningHeader"/><OtherTag ID="BT6912" LABEL="Catchword" DESCRIPTION="block type Catchword"/><OtherTag ID="BT6911" LABEL="Margin" DESCRIPTION="block type Margin"/><OtherTag ID="BT6910" LABEL="FooterCentral" DESCRIPTION="block type FooterCentral"/><OtherTag ID="BT6909" LABEL="MainCentral" DESCRIPTION="block type MainCentral"/><OtherTag ID="BT6908" LABEL="Header" DESCRIPTION="block type Header"/><OtherTag ID="BT4" LABEL="Illustration" DESCRIPTION="block type Illustration"/><OtherTag ID="BT3" LABEL="Commentary" DESCRIPTION="block type Commentary"/><OtherTag ID="BT2" LABEL="Main" DESCRIPTION="block type Main"/><OtherTag ID="BT1" LABEL="Title" DESCRIPTION="block type Title"/>
    <OtherTag ID="LT15938" LABEL="MainLeft" DESCRIPTION="line type MainLeft"/><OtherTag ID="LT15937" LABEL="MainRight" DESCRIPTION="line type MainRight"/><OtherTag ID="LT15289" LABEL="Handwritten" DESCRIPTION="line type Handwritten"/><OtherTag ID="LT15288" LABEL="MainCentral" DESCRIPTION="line type MainCentral"/><OtherTag ID="LT15287" LABEL="NotMain" DESCRIPTION="line type NotMain"/>
  </Tags>
  
  <Layout>
    <Page WIDTH="1394"
          HEIGHT="2255"
          PHYSICAL_IMG_NR="62"
          ID="eSc_dummypage_">
      <PrintSpace HPOS="0"
                  VPOS="0"
                  WIDTH="1394"
                  HEIGHT="2255">
        
        <TextBlock HPOS="65.0"
                   VPOS="205.0"
                   WIDTH="1172.0"
                   HEIGHT="986.0"
                   ID="eSc_textblock_68b68455"
                   TAGREFS="BT6909">
          <Shape><Polygon POINTS="95 205 1227 205 1237 1191 95 1191 75 1166 65 314 70 220 95 205"/></Shape>
          
          
          <TextLine ID="eSc_line_db92deaa"
                    TAGREFS="LT15288"
                    BASELINE="68 228 1169 230" 
                    HPOS="67.0"
                    VPOS="205.0"
                    WIDTH="1102.0"
                    HEIGHT="76.0">
            <Shape><Polygon POINTS="656 205 644 205 631 205 619 205 606 205 594 205 581 205 569 205 556 205 544 205 531 205 518 205 506 205 493 205 481 205 468 205 456 205 443 205 431 205 418 205 406 205 393 205 381 205 368 205 356 205 343 205 330 205 318 205 305 205 293 205 280 205 268 205 255 205 243 205 230 205 218 205 205 205 193 205 184 205 90 205 80 212 72 214 68 228 67 264 90 273 91 273 92 273 94 273 120 265 178 279 179 280 206 280 206 279 208 279 209 279 230 265 233 265 305 265 307 265 325 279 327 279 328 279 329 279 352 278 353 278 354 278 371 266 373 265 392 266 455 270 466 279 467 279 468 279 470 280 541 280 541 279 542 279 564 268 570 265 609 265 614 268 630 280 631 280 633 280 634 280 668 274 691 280 693 280 694 280 695 280 697 280 714 269 719 266 783 266 792 270 818 280 819 280 821 281 906 281 906 280 907 280 908 280 918 274 991 280 992 280 994 280 995 280 1007 271 1016 266 1063 273 1105 278 1106 278 1167 273 1169 230 1168 207 684 207 679 206 666 205 656 205"/></Shape>
	    <String CONTENT="המאיר לארץ ולדרים עליה ברחמים. ובטובו מחדש"
                    HPOS="67.0"
                    VPOS="205.0"
                    WIDTH="1102.0"
                    HEIGHT="76.0"
                    WC="0.9943613584448652"></String>
          </TextLine>

          
          
          <TextLine ID="eSc_line_5afd12ab"
                    TAGREFS="LT15288"
                    BASELINE="70 304 1215 306" 
                    HPOS="68.0"
                    VPOS="278.0"
                    WIDTH="1147.0"
                    HEIGHT="80.0">
            <Shape><Polygon POINTS="70 304 68 340 90 342 114 357 115 357 116 357 117 358 174 358 174 357 175 357 176 357 186 349 198 357 199 357 200 357 201 358 349 358 349 357 351 357 373 345 378 343 432 343 441 347 463 355 465 355 466 355 467 355 490 347 497 344 505 347 527 357 529 357 530 357 531 357 547 348 557 343 606 343 619 349 623 350 624 350 625 350 638 349 671 344 691 350 719 358 720 358 722 358 723 358 742 350 757 344 773 352 789 358 791 358 792 358 822 352 824 352 828 352 871 358 872 358 873 358 875 358 882 353 897 344 936 344 970 354 985 358 986 358 987 358 1005 354 1051 344 1118 344 1142 357 1145 358 1147 358 1148 358 1213 357 1215 306 1214 285 503 285 501 284 490 278 488 278 487 278 486 278 467 284 466 284 465 284 448 278 447 278 446 278 396 284 389 284 384 284 348 278 347 278 70 283 70 304"/></Shape>
	    <String CONTENT="בכל יום תמיד מעשה בראשית. מה רבו מעשיך ה&apos;. כלם"
                    HPOS="68.0"
                    VPOS="278.0"
                    WIDTH="1147.0"
                    HEIGHT="80.0"
                    WC="0.9993785487280952"></String>
          </TextLine>

          
          
          <TextLine ID="eSc_line_8cfb6ab6"
                    TAGREFS="LT15288"
                    BASELINE="71 379 1217 382" 
                    HPOS="70.0"
                    VPOS="357.0"
                    WIDTH="1147.0"
                    HEIGHT="81.0">
            <Shape><Polygon POINTS="71 379 70 419 119 420 140 435 141 435 142 435 144 435 145 435 176 422 196 422 219 435 220 435 221 435 223 435 224 435 268 422 270 422 293 422 294 422 314 435 315 435 317 435 318 437 379 437 379 435 381 435 416 423 422 422 457 422 462 424 480 435 481 435 482 435 483 437 539 437 539 435 540 435 566 424 574 422 581 425 606 435 607 435 643 437 644 437 645 437 683 427 699 433 700 433 702 433 703 433 704 433 714 427 722 423 783 423 791 427 804 437 806 437 807 437 808 438 881 438 881 437 882 437 898 428 900 428 927 435 928 435 930 435 931 435 932 435 942 428 951 423 960 429 969 433 970 433 971 433 972 433 984 429 987 428 990 429 1009 435 1010 435 1011 435 1012 435 1027 429 1044 423 1068 429 1094 437 1095 437 1096 437 1214 430 1217 382 1215 363 71 357 71 379"/></Shape>
	    <String CONTENT="בחכמה עשית. מלאה הארץ קנינך: המלך המרומם"
                    HPOS="70.0"
                    VPOS="357.0"
                    WIDTH="1147.0"
                    HEIGHT="81.0"
                    WC="0.9995351754702054"></String>
          </TextLine>

          
          
          <TextLine ID="eSc_line_0f480454"
                    TAGREFS="LT15288"
                    BASELINE="72 458 1219 458" 
                    HPOS="72.0"
                    VPOS="432.0"
                    WIDTH="1147.0"
                    HEIGHT="79.0">
            <Shape><Polygon POINTS="72 458 72 496 119 496 147 509 149 509 150 509 186 507 188 507 189 507 208 496 216 496 361 503 362 503 432 497 445 496 447 497 465 506 466 506 520 509 521 509 566 502 618 509 619 509 620 509 621 509 639 497 641 496 645 497 679 509 680 509 681 509 683 509 710 501 733 509 734 509 735 511 806 511 806 509 807 509 838 498 844 496 848 498 869 509 871 509 872 511 961 511 961 509 962 509 995 498 1000 497 1002 498 1017 509 1019 509 1020 509 1021 509 1055 503 1073 509 1074 509 1075 509 1076 509 1078 509 1093 499 1099 496 1135 496 1144 499 1167 509 1168 509 1169 511 1203 511 1203 509 1204 509 1205 509 1219 501 1219 458 1219 439 1167 432 1165 432 1164 432 1147 438 1120 432 1119 432 1118 432 1116 432 1100 438 684 432 683 432 681 432 664 438 646 432 645 432 644 432 643 432 641 432 631 439 522 439 446 432 445 432 443 432 419 438 406 432 404 432 403 432 402 432 401 432 391 439 328 439 289 432 288 432 211 438 131 432 130 432 72 438 72 458"/></Shape>
	    <String CONTENT="לבדו מאז. המשבח והמפאר והמתנשא מימות עולם:"
                    HPOS="72.0"
                    VPOS="432.0"
                    WIDTH="1147.0"
                    HEIGHT="79.0"
                    WC="0.9808128054549055"></String>
          </TextLine>

          
          
          <TextLine ID="eSc_line_5cd4980f"
                    TAGREFS="LT15288"
                    BASELINE="73 529 1219 537" 
                    HPOS="72.0"
                    VPOS="503.0"
                    WIDTH="1147.0"
                    HEIGHT="87.0">
            <Shape><Polygon POINTS="73 529 72 565 104 576 105 576 106 576 189 567 196 567 199 567 231 582 233 582 263 583 264 583 323 576 363 583 364 583 366 583 401 572 408 570 417 572 455 585 456 585 457 585 587 576 663 571 675 577 679 581 680 581 681 581 683 581 709 578 724 577 728 578 742 586 743 586 744 586 745 586 759 580 773 572 786 580 791 583 792 583 793 583 928 587 930 587 931 587 932 587 937 583 955 572 1025 572 1055 581 1056 581 1058 581 1093 573 1115 587 1116 588 1118 588 1119 588 1120 588 1121 588 1125 587 1154 575 1184 588 1185 588 1187 588 1188 590 1217 590 1219 537 1219 518 1185 509 1184 509 1108 509 1106 509 1105 509 1084 517 1081 517 1079 517 1042 509 1041 509 1040 509 1029 516 1019 508 1017 508 1016 508 1015 508 700 514 663 514 584 514 584 513 562 506 561 506 560 506 497 513 491 513 490 513 480 506 478 506 477 506 476 506 475 506 457 513 456 513 455 513 442 504 441 504 440 504 438 504 396 512 394 513 265 513 219 512 218 511 206 503 205 503 204 503 203 503 201 503 181 511 180 511 179 511 140 504 139 504 73 509 73 529"/></Shape>
	    <String CONTENT="אלהי עולם. ברחמיך הרבים רחם עלינו. אדון עזנו. צור"
                    HPOS="72.0"
                    VPOS="503.0"
                    WIDTH="1147.0"
                    HEIGHT="87.0"
                    WC="0.9993290136689725"></String>
          </TextLine>

          
          
          <TextLine ID="eSc_line_a7978725"
                    TAGREFS="LT15288"
                    BASELINE="76 608 1222 612" 
                    HPOS="75.0"
                    VPOS="582.0"
                    WIDTH="1147.0"
                    HEIGHT="81.0">
            <Shape><Polygon POINTS="76 608 75 645 136 646 157 660 159 660 160 660 161 660 204 658 205 658 206 658 224 647 279 647 299 660 300 660 302 660 303 660 338 652 366 660 367 660 368 660 369 660 393 647 423 660 424 660 426 660 427 660 456 647 493 660 495 660 496 660 497 660 520 648 561 648 595 648 615 661 616 661 618 661 619 662 670 662 670 661 671 661 673 661 691 648 708 648 729 661 730 661 732 661 733 662 779 662 779 661 780 661 782 661 792 653 811 660 812 660 813 660 814 660 838 648 876 662 877 662 878 662 947 655 967 662 969 662 970 663 1031 663 1031 662 1032 662 1034 662 1055 650 1165 662 1167 662 1168 662 1221 648 1222 612 1222 595 1164 585 1163 585 1123 591 1071 585 1070 585 1069 585 1046 592 1035 585 1034 585 1032 585 1031 585 961 591 891 585 890 585 888 585 866 592 818 592 806 583 804 583 803 583 802 583 678 591 584 583 582 583 581 583 565 592 518 592 482 583 481 583 399 588 389 582 388 582 387 582 386 582 337 590 263 582 262 582 260 582 244 591 186 591 154 582 152 582 151 582 76 590 76 608"/></Shape>
	    <String CONTENT="משגבנו. מגן ישענו. משגב בעדנו: אל ברוך גדול דעה."
                    HPOS="75.0"
                    VPOS="582.0"
                    WIDTH="1147.0"
                    HEIGHT="81.0"
                    WC="0.9773258314184521"></String>
          </TextLine>

          
          
          <TextLine ID="eSc_line_fd3da6a9"
                    TAGREFS="LT15288"
                    BASELINE="76 686 1223 689" 
                    HPOS="75.0"
                    VPOS="658.0"
                    WIDTH="1148.0"
                    HEIGHT="82.0">
            <Shape><Polygon POINTS="76 686 75 720 195 726 228 737 229 737 230 739 250 739 250 737 251 737 253 737 274 722 275 722 308 722 310 722 358 737 359 737 361 737 407 732 408 732 409 732 422 724 426 722 463 724 481 725 501 737 502 737 503 737 505 739 534 739 534 737 535 737 536 737 555 725 559 722 570 725 615 737 616 737 618 737 619 737 655 726 661 725 670 726 710 734 712 734 713 734 714 734 725 727 732 724 768 724 778 727 804 739 806 739 807 740 853 740 853 739 854 739 875 729 882 725 890 729 912 739 913 739 915 740 981 740 981 739 982 739 984 739 997 730 1001 727 1010 730 1042 739 1044 739 1045 740 1086 740 1086 739 1088 739 1089 739 1100 731 1123 739 1124 739 1125 739 1175 731 1178 731 1179 731 1194 739 1195 739 1197 739 1198 739 1222 731 1223 689 1223 667 1207 661 1205 661 1019 660 1017 660 1016 660 995 668 992 668 991 668 966 661 965 661 964 661 916 667 891 662 890 662 888 662 887 662 878 668 877 668 869 668 797 661 796 661 794 661 779 668 778 668 767 668 675 661 674 661 630 667 577 660 576 660 540 667 373 658 372 658 260 667 191 658 190 658 189 658 188 658 178 666 76 667 76 686"/></Shape>
	    <String CONTENT="הכין ופעל זהרי חמה. טוב יצר כבוד לשמו. מאורות"
                    HPOS="75.0"
                    VPOS="658.0"
                    WIDTH="1148.0"
                    HEIGHT="82.0"
                    WC="0.9811284745281393"></String>
          </TextLine>

          
          
          <TextLine ID="eSc_line_27ae1b86"
                    TAGREFS="LT15288"
                    BASELINE="77 761 1224 764" 
                    HPOS="76.0"
                    VPOS="735.0"
                    WIDTH="1148.0"
                    HEIGHT="80.0">
            <Shape><Polygon POINTS="77 761 76 794 120 796 144 808 145 808 146 808 147 808 172 796 179 796 241 796 244 796 297 810 298 810 299 810 300 810 342 798 343 798 344 798 373 811 374 811 376 811 377 811 396 804 408 813 409 813 411 813 412 813 413 813 457 799 467 796 480 799 497 804 498 804 500 804 525 800 526 800 540 810 541 810 542 810 544 810 545 810 572 800 581 798 586 800 605 813 606 813 607 813 609 813 668 804 689 814 690 814 691 815 772 815 772 814 773 814 807 804 814 801 831 804 875 810 876 810 877 810 888 804 898 799 920 805 932 808 933 808 935 808 936 808 942 805 959 798 991 805 1002 808 1004 808 1031 806 1064 804 1071 806 1090 814 1091 814 1093 814 1222 808 1224 764 1224 745 1208 736 1207 736 1205 736 1204 736 1174 745 1066 745 1035 736 1034 736 1032 736 966 744 917 736 916 736 915 736 896 744 872 736 871 736 869 736 777 744 762 736 760 736 759 736 708 744 693 736 691 736 690 736 689 736 688 736 675 744 619 735 492 735 491 735 490 735 463 742 436 735 434 735 433 735 371 742 310 735 309 735 308 735 307 735 293 744 201 744 120 735 119 735 77 742 77 761"/></Shape>
	    <String CONTENT="נתן סביבות עזו. פנות צבאיו קדושים. רוממי שדי. תמיד"
                    HPOS="76.0"
                    VPOS="735.0"
                    WIDTH="1148.0"
                    HEIGHT="80.0"
                    WC="0.9853369655708472"></String>
          </TextLine>

          
          
          <TextLine ID="eSc_line_00f77b02"
                    TAGREFS="LT15288"
                    BASELINE="80 840 1224 840" 
                    HPOS="80.0"
                    VPOS="813.0"
                    WIDTH="1144.0"
                    HEIGHT="80.0">
            <Shape><Polygon POINTS="80 840 80 878 114 878 141 891 142 891 144 893 169 893 169 891 170 891 171 891 191 878 193 878 236 878 238 878 260 889 262 889 263 889 264 889 265 889 280 879 299 879 320 878 323 879 344 891 345 891 347 891 348 891 349 891 381 879 383 878 387 879 412 891 413 891 414 891 488 885 498 891 500 891 501 891 502 891 541 885 596 891 597 891 599 891 634 880 644 878 700 878 707 881 722 891 723 891 724 891 725 893 801 893 801 891 802 891 803 891 817 881 823 878 854 881 883 885 885 885 908 881 940 878 960 883 996 891 997 891 999 891 1000 891 1031 883 1046 879 1084 880 1088 883 1100 891 1101 891 1103 891 1104 893 1210 893 1210 891 1212 891 1224 884 1224 840 1224 820 1188 813 1187 813 1185 813 1159 820 1137 820 1010 820 1009 819 999 813 997 813 996 813 995 813 952 819 951 820 876 820 875 819 866 813 864 813 863 813 862 813 833 819 832 819 829 819 772 813 770 813 663 819 655 819 651 819 610 813 609 813 537 819 531 819 530 819 518 813 517 813 516 813 515 813 502 819 501 820 427 820 424 819 416 813 414 813 413 813 412 813 80 818 80 840"/></Shape>
	    <String CONTENT=""
                    HPOS="80.0"
                    VPOS="813.0"
                    WIDTH="1144.0"
                    HEIGHT="80.0"
                    WC="0.9782010065184699"></String>
          </TextLine>

          
          
          <TextLine ID="eSc_line_88131d65"
                    TAGREFS="LT15288"
                    BASELINE="176 917 1227 917" 
                    HPOS="176.0"
                    VPOS="890.0"
                    WIDTH="1051.0"
                    HEIGHT="79.0">
            <Shape><Polygon POINTS="176 917 176 954 215 954 233 967 234 967 235 967 262 968 263 969 284 969 284 968 285 968 287 968 305 954 338 968 339 968 340 968 342 968 371 957 401 968 402 968 403 969 455 969 455 968 456 968 480 955 496 968 497 968 498 968 500 968 501 968 524 957 618 968 619 968 620 968 621 968 641 954 767 954 787 965 788 965 789 965 791 965 792 965 822 954 844 968 846 968 847 968 848 969 866 969 866 968 867 968 868 968 887 954 952 968 953 969 1074 969 1074 968 1075 968 1109 954 1142 968 1143 968 1144 969 1144 968 1145 968 1162 962 1199 968 1200 968 1202 968 1227 953 1227 917 1227 898 1165 890 1164 890 1135 896 1111 890 1110 890 1109 890 1108 890 1085 896 796 890 794 890 753 896 727 890 725 890 724 890 723 890 722 890 713 896 660 890 659 890 658 890 641 896 589 890 587 890 466 896 450 890 448 890 447 890 402 896 393 890 392 890 391 890 324 890 323 890 288 896 218 890 216 890 176 896 176 917"/></Shape>
	    <String CONTENT=""
                    HPOS="176.0"
                    VPOS="890.0"
                    WIDTH="1051.0"
                    HEIGHT="79.0"
                    WC="0.991681332995252"></String>
          </TextLine>

          
          
          <TextLine ID="eSc_line_cf39256c"
                    TAGREFS="LT15288"
                    BASELINE="81 990 1184 993" 
                    HPOS="80.0"
                    VPOS="964.0"
                    WIDTH="1104.0"
                    HEIGHT="80.0">
            <Shape><Polygon POINTS="81 990 80 1024 160 1041 161 1041 162 1041 193 1027 313 1028 338 1041 339 1041 340 1041 342 1041 343 1041 362 1027 394 1042 396 1042 397 1043 440 1043 440 1042 441 1042 485 1027 527 1042 529 1042 530 1042 531 1042 561 1028 610 1028 634 1043 635 1043 636 1043 638 1043 639 1043 658 1037 722 1043 723 1043 724 1043 725 1043 744 1031 852 1043 853 1043 854 1043 856 1043 878 1028 916 1028 952 1043 953 1043 955 1043 956 1043 985 1028 1012 1028 1035 1043 1036 1043 1037 1043 1039 1044 1160 1044 1160 1043 1162 1043 1163 1043 1183 1028 1184 993 1183 974 1148 965 1147 965 1106 973 1088 965 1086 965 1085 965 1032 973 1031 973 1029 973 910 965 908 965 907 965 906 965 895 973 893 974 834 974 831 973 783 965 782 965 623 972 591 964 590 964 589 964 587 964 571 972 525 965 524 965 437 972 433 972 431 972 383 964 382 964 318 972 314 972 312 972 283 965 282 965 254 972 251 972 250 972 233 964 231 964 230 964 229 964 209 970 183 964 181 964 180 964 179 964 155 972 152 972 149 972 117 965 116 965 81 970 81 990"/></Shape>
	    <String CONTENT=""
                    HPOS="80.0"
                    VPOS="964.0"
                    WIDTH="1104.0"
                    HEIGHT="80.0"
                    WC="0.9878680408000946"></String>
          </TextLine>

          
          
          <TextLine ID="eSc_line_460dd9bf"
                    TAGREFS="LT15288"
                    BASELINE="83 1068 1227 1066" 
                    HPOS="82.0"
                    VPOS="1041.0"
                    WIDTH="1145.0"
                    HEIGHT="82.0">
            <Shape><Polygon POINTS="83 1068 83 1107 114 1107 116 1108 149 1122 150 1122 151 1123 198 1123 198 1122 199 1122 200 1122 220 1108 221 1107 224 1108 258 1122 259 1122 260 1123 320 1123 320 1122 322 1122 338 1113 364 1122 366 1122 367 1122 368 1122 369 1122 391 1108 394 1107 423 1107 427 1108 447 1122 448 1122 450 1122 451 1122 452 1122 473 1114 503 1122 505 1122 506 1122 507 1122 508 1122 529 1108 532 1107 581 1107 587 1108 629 1122 630 1122 631 1122 714 1121 715 1121 740 1109 748 1106 755 1109 768 1114 769 1114 770 1114 772 1114 786 1109 796 1106 857 1106 877 1109 935 1121 936 1122 965 1122 965 1121 966 1121 989 1109 997 1106 1019 1109 1076 1121 1078 1121 1079 1121 1103 1109 1104 1109 1124 1121 1125 1121 1126 1121 1226 1109 1227 1066 1226 1041 1167 1041 1165 1041 1164 1041 1148 1049 1100 1049 1088 1041 1086 1041 1085 1041 1084 1041 1078 1042 1040 1048 962 1042 935 1041 933 1041 916 1043 876 1048 709 1044 580 1042 579 1042 560 1046 544 1049 518 1046 485 1042 483 1042 442 1047 418 1051 200 1051 194 1049 139 1042 137 1042 82 1049 83 1068"/></Shape>
	    <String CONTENT="שמך לעד מלכנו יוצר משרתים ואשר משרתיו כלם"
                    HPOS="82.0"
                    VPOS="1041.0"
                    WIDTH="1145.0"
                    HEIGHT="82.0"
                    WC="0.9996256743158612"></String>
          </TextLine>

          
          
          <TextLine ID="eSc_line_8cef4063"
                    TAGREFS="LT15288"
                    BASELINE="81 1143 1229 1143" 
                    HPOS="81.0"
                    VPOS="1119.0"
                    WIDTH="1148.0"
                    HEIGHT="79.0">
            <Shape><Polygon POINTS="81 1143 81 1183 140 1197 141 1198 181 1198 181 1197 183 1197 184 1197 205 1185 259 1197 260 1198 318 1198 318 1197 319 1197 320 1197 339 1185 384 1197 386 1197 387 1197 443 1185 482 1197 483 1197 485 1197 486 1197 508 1191 576 1197 577 1197 579 1197 580 1197 599 1185 678 1197 679 1197 680 1197 704 1191 757 1197 758 1197 759 1197 787 1185 822 1185 851 1197 852 1197 853 1197 928 1185 975 1193 976 1193 977 1193 996 1185 1015 1197 1016 1197 1017 1197 1019 1198 1046 1198 1046 1197 1048 1197 1049 1197 1065 1186 1126 1185 1147 1197 1148 1197 1149 1197 1150 1198 1175 1198 1175 1197 1229 1183 1229 1143 1229 1127 1190 1119 1189 1119 1125 1126 1111 1119 1110 1119 1109 1119 1066 1126 725 1119 724 1119 723 1119 710 1126 670 1119 669 1119 638 1126 610 1119 609 1119 607 1119 541 1126 511 1119 510 1119 428 1126 376 1119 374 1119 275 1126 245 1119 244 1119 184 1126 96 1119 95 1119 94 1119 81 1126 81 1143"/></Shape>
	    <String CONTENT="עומדים ברום עולם. ומשמיעים ביראה יחד בקול. דברי"
                    HPOS="81.0"
                    VPOS="1119.0"
                    WIDTH="1148.0"
                    HEIGHT="79.0"
                    WC="0.9839980138672723"></String>
          </TextLine>

          
        </TextBlock>
        

        
      </PrintSpace>
    </Page>
  </Layout>
</alto>
