<?xml version="1.0" encoding="UTF-8"?>
<alto xmlns:xsi="http://www.w3.org/2001/XMLSchema-instance"
      xmlns="http://www.loc.gov/standards/alto/ns-v4#"
      xsi:schemaLocation="http://www.loc.gov/standards/alto/ns-v4# http://www.loc.gov/standards/alto/v4/alto-4-2.xsd">
  <Description>
    <MeasurementUnit>pixel</MeasurementUnit>
    <sourceImageInformation>
      <fileName>IE87474895_00014.jpg</fileName>
      <fileIdentifier>mets//export_doc4366_1col_14_copy_alto_202404261215.zip/IE87474895_00014.jpg</fileIdentifier>
    </sourceImageInformation>
  </Description>
  
  <Tags>
    <OtherTag ID="BT8356" LABEL="MainLeft" DESCRIPTION="block type MainLeft"/><OtherTag ID="BT8355" LABEL="MainRight" DESCRIPTION="block type MainRight"/><OtherTag ID="BT6914" LABEL="Handwritten" DESCRIPTION="block type Handwritten"/><OtherTag ID="BT6913" LABEL="RunningHeader" DESCRIPTION="block type RunningHeader"/><OtherTag ID="BT6912" LABEL="Catchword" DESCRIPTION="block type Catchword"/><OtherTag ID="BT6911" LABEL="Margin" DESCRIPTION="block type Margin"/><OtherTag ID="BT6910" LABEL="FooterCentral" DESCRIPTION="block type FooterCentral"/><OtherTag ID="BT6909" LABEL="MainCentral" DESCRIPTION="block type MainCentral"/><OtherTag ID="BT6908" LABEL="Header" DESCRIPTION="block type Header"/><OtherTag ID="BT4" LABEL="Illustration" DESCRIPTION="block type Illustration"/><OtherTag ID="BT3" LABEL="Commentary" DESCRIPTION="block type Commentary"/><OtherTag ID="BT2" LABEL="Main" DESCRIPTION="block type Main"/><OtherTag ID="BT1" LABEL="Title" DESCRIPTION="block type Title"/>
    <OtherTag ID="LT15938" LABEL="MainLeft" DESCRIPTION="line type MainLeft"/><OtherTag ID="LT15937" LABEL="MainRight" DESCRIPTION="line type MainRight"/><OtherTag ID="LT15289" LABEL="Handwritten" DESCRIPTION="line type Handwritten"/><OtherTag ID="LT15288" LABEL="MainCentral" DESCRIPTION="line type MainCentral"/><OtherTag ID="LT15287" LABEL="NotMain" DESCRIPTION="line type NotMain"/>
  </Tags>
  
  <Layout>
    <Page WIDTH="1315"
          HEIGHT="2224"
          PHYSICAL_IMG_NR="23"
          ID="eSc_dummypage_">
      <PrintSpace HPOS="0"
                  VPOS="0"
                  WIDTH="1315"
                  HEIGHT="2224">
        
        <TextBlock HPOS="103.0"
                   VPOS="168.0"
                   WIDTH="1106.0"
                   HEIGHT="1525.0"
                   ID="eSc_textblock_720e0342"
                   TAGREFS="BT6909">
          <Shape><Polygon POINTS="1209 172 1209 1693 103 1689 103 168"/></Shape>
          
          
          <TextLine ID="eSc_line_56141368"
                    TAGREFS="LT15288"
                    BASELINE="96 186 1195 189" 
                    HPOS="95.0"
                    VPOS="168.0"
                    WIDTH="1100.0"
                    HEIGHT="66.0">
            <Shape><Polygon POINTS="1182 171 1170 171 1158 171 1145 171 1133 171 1120 171 1108 171 1096 171 1083 171 1071 171 1059 171 1046 171 1034 171 1022 171 1009 171 997 171 985 171 972 171 960 171 947 171 935 171 923 170 910 170 898 170 886 170 873 170 861 170 849 170 836 170 824 170 811 170 799 170 787 170 774 170 762 170 750 170 737 170 725 170 713 170 700 170 688 170 676 170 663 170 651 169 638 169 626 169 614 169 601 169 589 169 577 169 564 169 552 169 540 169 527 169 515 169 503 169 490 169 478 169 465 169 453 169 441 169 428 169 416 169 404 169 391 169 379 169 375 168 96 168 96 186 95 218 135 221 158 232 159 232 160 232 161 232 186 224 210 232 211 232 212 232 243 226 295 231 296 231 297 231 326 222 342 232 343 232 344 232 346 233 414 233 414 232 415 232 454 222 456 222 482 232 483 232 484 233 524 233 524 232 525 232 526 232 541 222 545 221 562 222 643 233 645 233 646 233 669 223 673 222 711 222 716 223 736 233 737 233 739 233 773 232 774 232 776 232 788 224 793 222 860 222 867 224 882 233 883 233 884 234 919 234 919 233 920 233 939 226 945 223 954 226 981 233 982 233 983 233 985 233 986 233 996 226 1003 222 1091 222 1112 227 1132 232 1133 232 1134 232 1192 227 1195 189 1192 171 1182 171"/></Shape>
	    <String CONTENT="ישראל מתוכם לחרות עולם: המעביר בניו בין גזרי ים סוף. את"
                    HPOS="95.0"
                    VPOS="168.0"
                    WIDTH="1100.0"
                    HEIGHT="66.0"
                    WC="0.9895037596875971"></String>
          </TextLine>

          
          
          <TextLine ID="eSc_line_b9626278"
                    TAGREFS="LT15288"
                    BASELINE="98 244 1197 244" 
                    HPOS="98.0"
                    VPOS="224.0"
                    WIDTH="1099.0"
                    HEIGHT="65.0">
            <Shape><Polygon POINTS="98 244 98 276 127 276 144 287 145 287 147 287 148 287 149 287 194 276 242 276 265 287 266 287 268 287 269 287 297 279 315 287 316 287 317 287 318 287 344 279 355 287 357 287 358 287 359 289 400 289 400 287 401 287 402 287 420 276 448 276 470 287 472 287 473 289 515 289 515 287 516 287 532 279 585 286 587 286 588 286 589 286 599 280 619 285 620 285 621 285 622 285 651 278 699 282 700 282 748 276 782 286 783 286 784 286 786 286 804 278 834 287 835 287 836 289 917 289 917 287 918 287 919 287 934 276 962 276 998 287 999 287 1001 289 1046 289 1046 287 1048 287 1067 276 1083 287 1085 287 1086 287 1087 287 1132 281 1151 287 1153 287 1154 287 1155 287 1156 287 1174 276 1197 276 1197 244 1196 224 98 226 98 244"/></Shape>
	    <String CONTENT="רודפיהם ואת שונאיהם בתהומות טבע. וראו בניו גבורתו. שבחו"
                    HPOS="98.0"
                    VPOS="224.0"
                    WIDTH="1099.0"
                    HEIGHT="65.0"
                    WC="0.9874231208454479"></String>
          </TextLine>

          
          
          <TextLine ID="eSc_line_7840ce7d"
                    TAGREFS="LT15288"
                    BASELINE="100 300 1196 300" 
                    HPOS="100.0"
                    VPOS="276.0"
                    WIDTH="1096.0"
                    HEIGHT="74.0">
            <Shape><Polygon POINTS="100 300 100 336 145 349 147 349 148 350 200 350 200 349 201 349 226 337 259 349 260 349 262 350 316 350 316 349 317 349 352 337 373 349 374 349 375 349 376 349 378 349 411 337 458 349 459 349 460 349 521 338 552 349 553 349 554 350 643 350 643 349 645 349 668 337 692 349 693 349 694 349 739 343 752 349 753 349 755 349 756 349 777 343 837 349 839 349 840 349 841 349 858 337 860 337 876 337 909 338 925 349 926 349 928 349 929 349 930 349 970 337 972 337 1022 337 1024 337 1044 349 1045 349 1046 349 1048 349 1049 349 1081 337 1083 337 1195 337 1196 300 1196 284 1083 276 1082 276 1038 282 1036 282 1035 282 942 276 941 276 907 282 905 282 900 282 782 276 781 276 779 276 762 282 761 282 757 282 685 276 684 276 652 282 650 282 647 282 609 276 608 276 579 282 577 284 317 284 316 282 308 276 307 276 306 276 305 276 304 276 290 282 287 282 283 282 249 276 248 276 100 281 100 300"/></Shape>
	    <String CONTENT="והודו לשמו: ומלכותו ברצון קבלו עליהם. משה ובני ישראל לך ענו"
                    HPOS="100.0"
                    VPOS="276.0"
                    WIDTH="1096.0"
                    HEIGHT="74.0"
                    WC="0.9974477458418461"></String>
          </TextLine>

          
          
          <TextLine ID="eSc_line_1fb7fed5"
                    TAGREFS="LT15288"
                    BASELINE="1066 353 1193 355" 
                    HPOS="1065.0"
                    VPOS="336.0"
                    WIDTH="128.0"
                    HEIGHT="59.0">
            <Shape><Polygon POINTS="1066 353 1065 385 1077 392 1078 392 1080 392 1081 392 1082 392 1083 392 1092 385 1137 395 1138 395 1191 391 1193 355 1192 336 1066 336 1066 353"/></Shape>
	    <String CONTENT="שירה"
                    HPOS="1065.0"
                    VPOS="336.0"
                    WIDTH="128.0"
                    HEIGHT="59.0"
                    WC="0.9983612179756165"></String>
          </TextLine>

          
          
          <TextLine ID="eSc_line_5911404f"
                    TAGREFS="LT15288"
                    BASELINE="100 416 1169 413" 
                    HPOS="98.0"
                    VPOS="386.0"
                    WIDTH="1071.0"
                    HEIGHT="78.0">
            <Shape><Polygon POINTS="100 416 100 452 189 452 190 452 207 464 208 464 210 464 211 464 262 462 263 462 264 462 274 454 304 462 305 462 306 462 307 462 308 462 322 452 323 452 352 452 447 453 469 464 470 464 472 464 545 463 546 463 562 455 583 463 584 463 585 463 587 463 631 450 635 450 673 450 682 450 708 462 709 462 710 462 711 462 713 462 730 450 731 450 736 450 802 459 803 459 855 450 857 450 877 463 878 463 879 463 881 464 980 464 980 463 981 463 997 457 1035 462 1036 462 1038 462 1039 462 1048 454 1059 463 1060 463 1061 463 1062 464 1127 464 1127 463 1128 463 1169 449 1169 413 1166 394 931 394 915 392 844 386 842 386 804 392 795 394 779 392 713 386 711 386 600 392 569 394 549 392 498 387 417 387 416 387 415 387 404 392 396 395 372 392 333 387 332 387 291 392 264 395 239 392 205 387 203 387 98 391 100 416"/></Shape>
	    <String CONTENT=""
                    HPOS="98.0"
                    VPOS="386.0"
                    WIDTH="1071.0"
                    HEIGHT="78.0"
                    WC="0.9974384917454286"></String>
          </TextLine>

          
          
          <TextLine ID="eSc_line_d6daf8e3"
                    TAGREFS="LT15288"
                    BASELINE="100 488 1201 483" 
                    HPOS="98.0"
                    VPOS="459.0"
                    WIDTH="1103.0"
                    HEIGHT="82.0">
            <Shape><Polygon POINTS="100 488 100 523 196 523 200 525 211 532 212 532 213 532 290 541 291 541 338 532 372 541 373 541 374 541 375 541 376 541 399 526 406 522 448 522 456 526 473 538 474 538 475 538 477 538 478 538 489 533 498 539 499 539 500 539 501 539 540 531 572 539 573 539 574 539 575 539 613 527 630 522 682 525 688 528 709 538 710 538 711 538 713 538 736 531 748 538 750 538 751 538 752 539 850 539 850 538 851 538 872 530 888 522 899 530 912 538 913 538 914 538 915 538 946 537 947 537 965 530 991 520 1024 520 1046 531 1060 537 1061 537 1062 537 1091 531 1122 523 1141 531 1151 534 1153 534 1154 534 1200 531 1201 483 1200 467 941 460 940 460 939 460 925 467 921 469 852 469 849 467 836 460 835 460 772 459 771 459 730 467 724 468 718 467 678 459 677 459 641 468 631 469 606 468 524 460 522 460 521 460 520 460 510 467 456 462 454 462 453 462 452 462 444 468 441 470 388 470 384 468 369 462 368 462 304 462 302 462 301 462 300 462 291 468 289 470 285 468 276 462 275 462 274 462 273 462 98 468 100 488"/></Shape>
	    <String CONTENT=""
                    HPOS="98.0"
                    VPOS="459.0"
                    WIDTH="1103.0"
                    HEIGHT="82.0"
                    WC="0.9862766681715499"></String>
          </TextLine>

          
          
          <TextLine ID="eSc_line_a1d626f7"
                    TAGREFS="LT15288"
                    BASELINE="100 558 1201 554" 
                    HPOS="98.0"
                    VPOS="526.0"
                    WIDTH="1103.0"
                    HEIGHT="85.0">
            <Shape><Polygon POINTS="100 558 100 598 186 598 190 599 215 610 216 610 217 611 255 611 255 610 257 610 291 599 297 598 301 599 318 607 320 607 369 610 370 610 423 600 438 598 459 600 505 606 506 606 507 606 522 600 533 596 617 596 635 601 658 609 659 609 661 610 709 610 709 609 710 609 711 609 721 601 725 599 730 601 741 607 742 607 797 609 798 609 826 602 857 595 877 602 889 607 891 607 892 609 929 609 929 607 930 607 931 607 938 602 949 596 970 602 985 607 986 607 987 609 1036 609 1036 607 1038 607 1051 604 1072 598 1099 604 1117 607 1118 607 1119 607 1132 604 1149 599 1161 604 1170 607 1171 607 1172 607 1201 604 1201 554 1200 534 1180 527 1179 527 1177 527 1090 536 1085 536 1080 536 967 526 966 526 965 526 964 526 949 536 882 526 881 526 834 537 830 538 642 538 641 537 599 528 598 528 596 528 595 528 582 537 580 538 542 538 541 537 465 527 464 527 463 527 422 538 420 538 417 538 389 530 388 530 386 530 326 537 237 528 236 528 234 528 218 537 164 528 163 528 98 538 100 558"/></Shape>
	    <String CONTENT=""
                    HPOS="98.0"
                    VPOS="526.0"
                    WIDTH="1103.0"
                    HEIGHT="85.0"
                    WC="0.9779363605711195"></String>
          </TextLine>

          
          
          <TextLine ID="eSc_line_294f2690"
                    TAGREFS="LT15288"
                    BASELINE="102 628 1202 625" 
                    HPOS="101.0"
                    VPOS="600.0"
                    WIDTH="1101.0"
                    HEIGHT="79.0">
            <Shape><Polygon POINTS="102 628 102 665 164 661 186 667 222 678 223 678 224 679 260 679 260 678 262 678 283 668 290 664 311 668 364 678 365 678 367 678 368 678 381 669 396 661 463 661 501 669 526 675 527 675 528 675 540 670 561 659 579 670 585 674 587 674 588 674 589 674 590 674 604 670 624 665 651 670 679 677 680 677 682 677 683 677 690 672 709 659 731 659 771 672 781 675 782 675 830 677 831 677 832 677 834 677 840 673 855 664 940 674 960 675 961 675 962 675 966 674 1006 658 1097 658 1140 675 1141 675 1143 677 1201 677 1202 625 1201 607 1144 600 1143 600 1103 607 1093 609 1085 607 1044 600 1043 600 866 609 820 610 816 609 800 601 799 601 798 601 710 609 693 610 684 609 636 601 635 601 634 601 611 609 609 610 605 609 572 600 570 600 569 600 530 606 469 600 468 600 467 600 432 610 426 611 411 610 325 601 323 601 322 601 294 611 290 611 281 611 194 601 192 601 133 607 118 601 117 601 116 601 114 601 113 601 101 609 102 628"/></Shape>
	    <String CONTENT=""
                    HPOS="101.0"
                    VPOS="600.0"
                    WIDTH="1101.0"
                    HEIGHT="79.0"
                    WC="0.9665364852318397"></String>
          </TextLine>

          
          
          <TextLine ID="eSc_line_0c47d1a4"
                    TAGREFS="LT15288"
                    BASELINE="102 699 1205 694" 
                    HPOS="101.0"
                    VPOS="668.0"
                    WIDTH="1104.0"
                    HEIGHT="81.0">
            <Shape><Polygon POINTS="102 699 103 748 137 740 149 748 150 749 152 749 153 749 154 749 155 749 159 748 173 742 191 748 197 749 198 749 200 749 201 749 206 747 229 737 327 737 344 746 346 746 347 746 348 746 364 740 386 746 397 748 399 748 400 749 428 749 428 748 430 748 438 745 459 736 479 742 480 742 482 742 483 742 499 737 509 743 512 747 514 747 515 747 516 747 517 747 525 743 542 736 588 736 599 743 606 748 608 748 609 748 610 748 682 747 683 747 684 747 693 742 701 736 735 735 773 735 783 741 792 747 793 747 794 747 795 748 886 748 886 747 887 747 912 740 929 733 939 738 950 746 951 746 952 746 954 747 1048 747 1048 746 1049 746 1065 737 1073 733 1107 737 1187 746 1188 746 1190 746 1191 746 1205 736 1205 694 1203 678 1124 677 1102 668 1101 668 1064 668 1062 668 1061 668 1039 677 1035 678 1030 677 991 668 989 668 942 677 926 679 908 677 860 669 858 669 857 669 839 677 831 679 821 677 797 669 795 669 794 669 757 677 741 680 683 680 677 677 666 669 664 669 663 669 662 669 609 675 582 679 568 675 548 670 547 670 546 670 505 675 468 680 447 675 423 670 422 670 393 675 375 678 350 675 317 672 316 672 315 672 304 675 283 683 231 683 205 675 191 672 190 672 189 672 101 674 102 699"/></Shape>
	    <String CONTENT=""
                    HPOS="101.0"
                    VPOS="668.0"
                    WIDTH="1104.0"
                    HEIGHT="81.0"
                    WC="0.975491763651371"></String>
          </TextLine>

          
          
          <TextLine ID="eSc_line_4651755e"
                    TAGREFS="LT15288"
                    BASELINE="105 769 1205 763" 
                    HPOS="103.0"
                    VPOS="740.0"
                    WIDTH="1102.0"
                    HEIGHT="81.0">
            <Shape><Polygon POINTS="105 769 105 806 165 812 166 812 168 812 179 808 180 806 181 808 200 820 201 820 202 820 203 821 243 821 243 820 244 820 266 808 269 806 285 808 378 819 379 819 380 819 381 819 396 809 401 805 409 809 433 819 435 819 436 820 490 820 490 819 491 819 520 809 532 805 557 809 574 811 575 811 577 811 583 809 599 804 694 804 710 810 730 817 731 817 732 817 769 816 771 816 772 816 781 810 794 803 839 803 854 810 862 816 863 816 865 816 866 817 902 817 902 816 903 816 914 810 921 806 940 811 950 812 951 812 952 812 957 811 977 803 993 811 1002 815 1003 815 1004 816 1036 816 1036 815 1038 815 1046 811 1069 801 1134 811 1159 815 1160 815 1203 811 1205 763 1203 746 1081 740 1080 740 1078 740 1054 746 1052 746 1048 746 945 741 944 741 773 748 747 748 740 748 690 742 689 742 688 742 687 742 678 748 677 749 615 749 614 748 583 742 582 742 541 749 537 749 532 749 503 743 325 743 323 743 322 743 321 743 311 749 123 745 122 745 121 745 103 751 105 769"/></Shape>
	    <String CONTENT=""
                    HPOS="103.0"
                    VPOS="740.0"
                    WIDTH="1102.0"
                    HEIGHT="81.0"
                    WC="0.9938533279028806"></String>
          </TextLine>

          
          
          <TextLine ID="eSc_line_267e2494"
                    TAGREFS="LT15288"
                    BASELINE="103 840 1205 834" 
                    HPOS="103.0"
                    VPOS="808.0"
                    WIDTH="1102.0"
                    HEIGHT="81.0">
            <Shape><Polygon POINTS="103 840 103 885 158 889 159 889 160 889 161 889 166 885 176 878 211 876 296 884 316 885 317 885 318 885 320 885 322 884 337 874 372 874 386 883 393 888 394 888 395 888 396 888 397 888 411 883 422 878 430 883 438 888 439 888 441 888 442 889 503 889 503 888 504 888 521 882 538 876 567 882 595 887 596 887 598 887 599 887 606 880 617 873 664 880 703 885 704 885 705 885 718 879 730 873 763 873 781 879 799 885 800 885 802 885 803 885 825 878 847 872 894 872 909 878 917 880 918 880 919 880 955 877 1006 872 1030 877 1054 880 1055 880 1056 880 1070 876 1082 872 1096 876 1128 884 1129 884 1130 885 1185 885 1185 884 1186 884 1205 874 1205 834 1203 819 1111 819 1082 808 1081 808 1080 808 1017 817 987 808 986 808 985 808 983 808 940 819 787 812 786 812 751 820 680 810 679 810 678 810 677 810 662 821 635 821 616 811 615 811 545 810 543 810 468 820 407 811 406 811 405 811 404 811 390 821 325 811 323 811 269 822 117 812 116 812 114 812 113 812 106 817 103 840"/></Shape>
	    <String CONTENT=""
                    HPOS="103.0"
                    VPOS="808.0"
                    WIDTH="1102.0"
                    HEIGHT="81.0"
                    WC="0.9802258893847465"></String>
          </TextLine>

          
          
          <TextLine ID="eSc_line_ea1fe27b"
                    TAGREFS="LT15288"
                    BASELINE="102 910 1207 905" 
                    HPOS="100.0"
                    VPOS="876.0"
                    WIDTH="1105.0"
                    HEIGHT="89.0">
            <Shape><Polygon POINTS="100 909 100 945 165 945 168 945 196 963 198 963 200 963 202 963 204 963 231 954 259 963 261 963 263 963 265 963 304 945 346 945 348 945 378 963 380 963 382 963 383 965 432 965 432 963 434 963 435 963 435 961 452 945 493 961 495 961 497 961 606 943 643 958 645 958 753 961 754 961 756 961 795 943 855 960 856 960 858 960 914 948 932 960 934 960 936 960 938 961 1007 961 1007 960 1008 960 1081 941 1175 960 1177 960 1179 960 1181 960 1205 939 1205 904 1200 882 1192 876 1190 876 1188 876 1033 876 1031 876 1029 876 1027 876 1012 885 882 876 880 876 812 887 799 878 797 878 795 878 793 878 602 887 482 878 480 878 478 878 476 878 461 889 204 880 202 880 103 891 100 909"/></Shape>
	    <String CONTENT=""
                    HPOS="100.0"
                    VPOS="876.0"
                    WIDTH="1105.0"
                    HEIGHT="89.0"
                    WC="0.990393537850607"></String>
          </TextLine>

          
          
          <TextLine ID="eSc_line_e2fcfce5"
                    TAGREFS="LT15288"
                    BASELINE="103 979 1208 976" 
                    HPOS="103.0"
                    VPOS="952.0"
                    WIDTH="1105.0"
                    HEIGHT="80.0">
            <Shape><Polygon POINTS="103 979 103 1018 154 1032 155 1032 156 1032 244 1030 245 1030 247 1030 263 1020 268 1018 334 1018 341 1021 346 1024 347 1024 348 1024 349 1024 350 1024 352 1024 355 1021 358 1019 362 1021 379 1032 380 1032 381 1032 383 1032 454 1030 456 1030 474 1023 477 1021 478 1023 488 1029 489 1029 490 1029 546 1031 547 1031 548 1031 578 1024 605 1016 643 1016 658 1024 668 1031 669 1031 671 1031 672 1032 694 1032 694 1031 695 1031 697 1031 705 1025 714 1019 739 1025 757 1030 758 1030 760 1030 761 1030 762 1030 768 1025 781 1018 815 1026 837 1031 839 1031 840 1031 855 1026 889 1015 986 1015 1009 1029 1012 1030 1013 1030 1014 1030 1015 1030 1017 1030 1022 1029 1051 1018 1077 1029 1080 1030 1081 1030 1082 1031 1141 1031 1141 1030 1143 1030 1144 1030 1158 1021 1206 1030 1208 976 1207 958 1191 952 1190 952 1188 952 879 958 858 952 857 952 856 952 783 960 495 953 494 953 493 953 469 961 286 955 285 955 105 962 103 979"/></Shape>
	    <String CONTENT=""
                    HPOS="103.0"
                    VPOS="952.0"
                    WIDTH="1105.0"
                    HEIGHT="80.0"
                    WC="0.9836029807726542"></String>
          </TextLine>

          
          
          <TextLine ID="eSc_line_ece404a1"
                    TAGREFS="LT15288"
                    BASELINE="103 1048 1208 1048" 
                    HPOS="103.0"
                    VPOS="1025.0"
                    WIDTH="1105.0"
                    HEIGHT="82.0">
            <Shape><Polygon POINTS="103 1048 103 1089 122 1089 149 1105 150 1105 152 1105 153 1105 202 1104 203 1104 233 1089 290 1105 291 1105 292 1105 294 1105 327 1089 372 1105 373 1105 374 1107 480 1107 480 1105 482 1105 483 1105 506 1089 507 1089 549 1089 551 1089 583 1104 584 1104 585 1104 587 1104 608 1095 635 1105 636 1105 637 1107 727 1107 727 1105 729 1105 742 1099 765 1105 766 1105 767 1105 768 1105 769 1105 794 1089 795 1089 824 1089 826 1089 851 1100 852 1100 854 1100 855 1100 889 1090 893 1089 945 1089 947 1090 971 1103 972 1103 997 1104 998 1104 999 1104 1017 1098 1034 1104 1035 1104 1036 1104 1038 1104 1064 1090 1067 1089 1144 1089 1148 1090 1181 1105 1182 1105 1183 1105 1185 1105 1186 1105 1208 1092 1208 1048 1208 1031 1191 1025 1190 1025 1096 1025 1095 1025 1093 1025 1092 1025 1082 1031 854 1025 852 1025 777 1031 761 1025 760 1025 758 1025 698 1031 645 1025 643 1025 642 1025 629 1032 477 1032 442 1025 441 1025 375 1031 350 1025 349 1025 348 1025 308 1031 300 1025 299 1025 297 1025 233 1025 232 1025 168 1031 154 1025 153 1025 152 1025 106 1031 103 1048"/></Shape>
	    <String CONTENT=""
                    HPOS="103.0"
                    VPOS="1025.0"
                    WIDTH="1105.0"
                    HEIGHT="82.0"
                    WC="0.9837642755619315"></String>
          </TextLine>

          
          
          <TextLine ID="eSc_line_114bc535"
                    TAGREFS="LT15288"
                    BASELINE="203 1116 1209 1119" 
                    HPOS="202.0"
                    VPOS="1093.0"
                    WIDTH="1007.0"
                    HEIGHT="78.0">
            <Shape><Polygon POINTS="203 1116 202 1154 297 1168 299 1168 300 1168 327 1156 368 1167 369 1167 370 1168 416 1168 416 1167 417 1167 436 1157 438 1156 441 1157 462 1167 463 1167 464 1167 465 1167 467 1167 480 1158 483 1156 489 1158 501 1162 503 1162 504 1162 521 1158 532 1156 538 1158 554 1166 556 1166 557 1166 558 1166 569 1160 580 1168 582 1168 583 1168 584 1168 585 1168 603 1160 641 1168 642 1168 643 1168 664 1161 673 1157 678 1161 689 1168 690 1168 692 1168 730 1170 731 1170 732 1170 734 1170 747 1161 756 1157 786 1157 797 1162 809 1168 810 1168 811 1168 813 1168 835 1162 842 1161 846 1163 855 1167 856 1167 857 1167 858 1167 860 1167 865 1163 875 1157 920 1157 930 1163 938 1170 939 1170 940 1170 941 1171 1106 1171 1106 1170 1107 1170 1108 1170 1112 1166 1124 1158 1145 1167 1153 1170 1154 1170 1155 1170 1207 1167 1209 1119 1207 1100 1188 1094 1187 1094 959 1094 957 1094 956 1094 942 1102 940 1103 863 1103 846 1102 784 1094 783 1094 782 1094 767 1102 763 1104 727 1104 724 1102 715 1094 714 1094 713 1094 711 1094 710 1094 709 1094 698 1102 683 1102 624 1102 621 1102 593 1093 591 1093 590 1093 548 1102 543 1103 394 1103 390 1102 354 1093 353 1093 352 1093 350 1093 339 1102 338 1102 323 1095 322 1095 321 1095 265 1102 258 1102 255 1102 231 1093 229 1093 228 1093 227 1093 203 1100 203 1116"/></Shape>
	    <String CONTENT=""
                    HPOS="202.0"
                    VPOS="1093.0"
                    WIDTH="1007.0"
                    HEIGHT="78.0"
                    WC="0.9914086953453396"></String>
          </TextLine>

          
          
          <TextLine ID="eSc_line_79977e67"
                    TAGREFS="LT15288"
                    BASELINE="106 1189 1166 1187" 
                    HPOS="105.0"
                    VPOS="1162.0"
                    WIDTH="1061.0"
                    HEIGHT="72.0">
            <Shape><Polygon POINTS="106 1189 106 1223 137 1233 138 1233 139 1233 186 1223 190 1223 266 1223 269 1223 316 1233 317 1233 318 1233 342 1223 360 1233 362 1233 363 1234 391 1234 391 1233 393 1233 394 1233 409 1223 410 1223 441 1223 442 1223 475 1233 477 1233 478 1233 535 1223 548 1233 549 1233 551 1233 552 1234 619 1234 619 1233 620 1233 646 1223 658 1231 659 1231 661 1231 662 1231 663 1231 695 1223 739 1231 740 1231 741 1231 742 1231 756 1221 758 1221 802 1231 803 1231 804 1231 824 1225 845 1231 846 1231 847 1231 849 1231 867 1221 868 1221 925 1231 926 1233 991 1233 991 1231 992 1231 993 1231 1008 1221 1035 1231 1036 1231 1038 1231 1039 1231 1060 1225 1097 1231 1098 1231 1099 1231 1101 1231 1114 1221 1138 1228 1139 1228 1140 1228 1141 1228 1166 1220 1166 1187 1165 1168 1049 1162 1048 1162 1046 1162 1045 1162 1036 1168 1035 1170 888 1170 886 1168 854 1162 852 1162 851 1162 835 1168 834 1168 818 1162 816 1162 815 1162 777 1168 776 1168 755 1162 753 1162 752 1162 716 1168 698 1162 697 1162 695 1162 641 1170 632 1170 604 1170 433 1163 432 1163 431 1163 430 1163 421 1170 420 1171 306 1171 299 1170 132 1163 131 1163 129 1163 105 1170 106 1189"/></Shape>
	    <String CONTENT=""
                    HPOS="105.0"
                    VPOS="1162.0"
                    WIDTH="1061.0"
                    HEIGHT="72.0"
                    WC="0.9895548677444458"></String>
          </TextLine>

          
          
          <TextLine ID="eSc_line_105909ee"
                    TAGREFS="LT15288"
                    BASELINE="433 1242 1211 1247" 
                    HPOS="432.0"
                    VPOS="1220.0"
                    WIDTH="779.0"
                    HEIGHT="71.0">
            <Shape><Polygon POINTS="433 1242 432 1272 486 1275 501 1287 503 1287 504 1287 505 1288 528 1288 528 1287 530 1287 553 1275 582 1287 583 1287 627 1288 629 1288 630 1288 631 1288 645 1278 671 1288 672 1288 673 1289 741 1289 741 1288 742 1288 763 1278 768 1276 784 1276 788 1278 799 1288 800 1288 802 1288 803 1288 826 1283 840 1289 841 1289 842 1289 892 1280 908 1277 914 1281 931 1289 933 1289 934 1289 935 1289 936 1289 950 1281 956 1277 960 1281 970 1289 971 1289 972 1289 973 1291 1007 1291 1007 1289 1008 1289 1009 1289 1019 1282 1027 1278 1040 1278 1046 1282 1054 1289 1055 1289 1056 1289 1057 1289 1059 1289 1078 1283 1093 1278 1146 1278 1156 1284 1166 1291 1167 1291 1169 1291 1170 1291 1208 1284 1211 1247 1211 1233 1185 1223 1183 1223 1182 1223 1101 1231 1098 1231 1077 1223 1076 1223 1075 1223 1041 1228 1004 1221 1003 1221 944 1230 942 1230 910 1221 909 1221 908 1221 867 1230 865 1230 862 1230 826 1220 825 1220 824 1220 783 1228 760 1220 758 1220 757 1220 697 1229 692 1229 677 1229 527 1221 526 1221 433 1226 433 1242"/></Shape>
	    <String CONTENT=""
                    HPOS="432.0"
                    VPOS="1220.0"
                    WIDTH="779.0"
                    HEIGHT="71.0"
                    WC="0.9774064540863037"></String>
          </TextLine>

          
          
          <TextLine ID="eSc_line_8212009b"
                    TAGREFS="LT15288"
                    BASELINE="107 1319 1186 1312" 
                    HPOS="106.0"
                    VPOS="1278.0"
                    WIDTH="1080.0"
                    HEIGHT="98.0">
            <Shape><Polygon POINTS="107 1319 107 1362 171 1370 173 1370 174 1370 190 1362 191 1362 192 1362 211 1376 212 1376 213 1376 215 1376 216 1376 236 1370 285 1376 286 1376 287 1376 329 1362 336 1361 343 1362 373 1368 374 1368 404 1362 405 1362 425 1375 426 1375 427 1375 428 1376 460 1376 460 1375 462 1375 463 1375 480 1362 484 1360 495 1362 546 1373 547 1375 600 1375 600 1373 601 1373 603 1373 619 1362 622 1360 625 1362 631 1365 632 1365 634 1365 635 1365 642 1362 650 1359 658 1362 687 1372 688 1372 689 1372 786 1361 826 1357 836 1361 858 1371 860 1371 861 1371 915 1361 940 1357 967 1357 975 1361 986 1370 987 1370 988 1370 989 1370 991 1370 1014 1361 1029 1356 1101 1356 1113 1361 1133 1370 1134 1370 1135 1371 1172 1371 1172 1370 1174 1370 1175 1370 1186 1361 1186 1312 1185 1287 1072 1278 1071 1278 1009 1287 1002 1289 896 1289 892 1288 825 1280 824 1280 763 1288 698 1283 697 1283 506 1291 504 1291 503 1291 491 1283 490 1283 489 1283 488 1283 486 1283 470 1292 469 1292 420 1292 418 1292 397 1283 396 1283 395 1283 285 1293 274 1293 269 1293 231 1284 229 1284 228 1284 205 1293 203 1293 200 1293 138 1287 137 1287 106 1293 107 1319"/></Shape>
	    <String CONTENT=""
                    HPOS="106.0"
                    VPOS="1278.0"
                    WIDTH="1080.0"
                    HEIGHT="98.0"
                    WC="0.98892889524761"></String>
          </TextLine>

          
          
          <TextLine ID="eSc_line_b3bc4c47"
                    TAGREFS="LT15288"
                    BASELINE="107 1404 1208 1402" 
                    HPOS="106.0"
                    VPOS="1368.0"
                    WIDTH="1102.0"
                    HEIGHT="92.0">
            <Shape><Polygon POINTS="107 1404 107 1448 142 1445 149 1449 171 1459 173 1459 174 1460 219 1460 219 1459 221 1459 222 1459 237 1449 242 1445 252 1449 263 1453 264 1453 265 1453 266 1453 279 1449 290 1445 295 1449 310 1459 311 1459 312 1459 313 1460 378 1460 378 1459 379 1459 407 1449 417 1445 427 1449 451 1459 452 1459 453 1460 559 1460 559 1459 561 1459 595 1449 608 1446 620 1449 655 1459 656 1459 657 1459 658 1459 685 1450 701 1444 714 1450 724 1454 725 1454 726 1454 727 1454 740 1450 756 1444 810 1450 850 1454 851 1454 852 1454 861 1450 871 1445 879 1450 892 1457 893 1457 894 1457 896 1457 931 1450 961 1444 1057 1444 1070 1450 1083 1457 1085 1457 1086 1457 1135 1450 1166 1446 1172 1450 1176 1454 1177 1454 1179 1454 1180 1454 1207 1450 1208 1402 1207 1377 1180 1368 1179 1368 1177 1368 1086 1377 1039 1383 960 1383 944 1377 919 1370 918 1370 917 1370 856 1377 844 1378 841 1377 828 1368 826 1368 825 1368 824 1368 789 1376 719 1368 718 1368 676 1377 655 1381 647 1377 642 1373 641 1373 640 1373 638 1373 637 1373 629 1377 611 1383 563 1376 522 1371 521 1371 493 1376 479 1378 467 1376 432 1370 431 1370 389 1376 379 1377 369 1376 331 1370 329 1370 328 1370 304 1376 273 1385 210 1385 189 1376 173 1370 171 1370 170 1370 106 1375 107 1404"/></Shape>
	    <String CONTENT=""
                    HPOS="106.0"
                    VPOS="1368.0"
                    WIDTH="1102.0"
                    HEIGHT="92.0"
                    WC="0.9963021224195306"></String>
          </TextLine>

          
          
          <TextLine ID="eSc_line_a2c89e2f"
                    TAGREFS="LT15288"
                    BASELINE="149 1485 1207 1483" 
                    HPOS="149.0"
                    VPOS="1455.0"
                    WIDTH="1058.0"
                    HEIGHT="85.0">
            <Shape><Polygon POINTS="149 1516 208 1516 212 1517 253 1533 254 1533 255 1533 291 1527 306 1534 307 1534 308 1534 310 1534 311 1534 333 1518 354 1532 355 1532 357 1532 358 1532 359 1532 388 1518 391 1517 400 1518 438 1525 439 1525 441 1525 459 1518 468 1516 494 1519 507 1520 528 1534 530 1534 531 1534 532 1534 533 1534 566 1519 575 1516 632 1516 647 1520 680 1532 682 1532 683 1533 755 1533 766 1539 767 1539 768 1539 769 1540 903 1540 903 1539 904 1539 945 1529 1041 1539 1043 1539 1044 1539 1072 1523 1087 1516 1128 1516 1143 1524 1166 1539 1167 1539 1169 1539 1170 1539 1171 1539 1207 1524 1207 1483 1203 1460 1138 1464 1130 1460 1125 1456 1124 1456 1123 1456 1122 1456 1120 1456 1113 1460 1106 1464 1093 1460 1078 1455 1077 1455 1076 1455 1075 1455 1060 1460 1051 1462 1043 1460 1025 1455 1024 1455 1023 1455 961 1460 949 1461 940 1461 900 1455 899 1455 898 1455 897 1455 889 1461 884 1465 682 1465 678 1462 671 1456 669 1456 668 1456 667 1456 641 1462 632 1464 626 1462 608 1455 606 1455 605 1455 563 1462 561 1462 559 1462 537 1455 536 1455 535 1455 533 1455 516 1462 515 1462 512 1462 467 1456 465 1456 464 1456 447 1462 430 1455 428 1455 427 1455 380 1462 358 1455 357 1455 355 1455 354 1455 321 1464 320 1464 318 1464 302 1455 301 1455 300 1455 255 1462 233 1455 232 1455 231 1455 229 1455 206 1464 206 1465 149 1465 149 1485 149 1516"/></Shape>
	    <String CONTENT=""
                    HPOS="149.0"
                    VPOS="1455.0"
                    WIDTH="1058.0"
                    HEIGHT="85.0"
                    WC="0.990291526582506"></String>
          </TextLine>

          
          
          <TextLine ID="eSc_line_14ad997f"
                    TAGREFS="LT15288"
                    BASELINE="106 1567 1211 1567" 
                    HPOS="106.0"
                    VPOS="1539.0"
                    WIDTH="1105.0"
                    HEIGHT="77.0">
            <Shape><Polygon POINTS="106 1567 106 1602 139 1602 175 1614 176 1614 177 1614 179 1614 194 1607 268 1614 269 1614 270 1614 271 1614 294 1602 391 1602 409 1614 410 1614 411 1614 412 1614 465 1604 488 1613 489 1613 490 1614 490 1613 491 1613 514 1604 557 1614 558 1614 559 1614 561 1614 577 1604 605 1614 606 1614 608 1614 609 1614 610 1614 621 1607 632 1614 634 1614 635 1614 636 1614 669 1607 679 1614 680 1614 682 1614 683 1616 716 1616 716 1614 718 1614 761 1602 793 1602 830 1614 831 1614 832 1616 886 1616 886 1614 887 1614 888 1614 907 1602 940 1614 941 1614 942 1614 971 1613 972 1613 973 1613 987 1603 1007 1614 1008 1614 1009 1614 1010 1614 1041 1606 1059 1614 1060 1614 1061 1614 1062 1614 1083 1608 1107 1614 1108 1614 1109 1614 1111 1614 1112 1614 1123 1606 1141 1614 1143 1614 1144 1614 1145 1614 1146 1614 1169 1602 1211 1602 1211 1567 1211 1548 1135 1548 1119 1539 1118 1539 1033 1539 1031 1539 1030 1539 1010 1548 603 1548 477 1539 475 1539 474 1539 447 1546 362 1539 360 1539 264 1546 241 1539 239 1539 238 1539 237 1539 208 1546 156 1540 155 1540 106 1546 106 1567"/></Shape>
	    <String CONTENT=""
                    HPOS="106.0"
                    VPOS="1539.0"
                    WIDTH="1105.0"
                    HEIGHT="77.0"
                    WC="0.9687960704167684"></String>
          </TextLine>

          
          
          <TextLine ID="eSc_line_ea95933d"
                    TAGREFS="LT15288"
                    BASELINE="105 1635 1161 1635" 
                    HPOS="105.0"
                    VPOS="1607.0"
                    WIDTH="1056.0"
                    HEIGHT="90.0">
            <Shape><Polygon POINTS="105 1635 105 1677 152 1677 181 1692 182 1692 184 1692 185 1692 186 1692 211 1677 273 1680 294 1693 295 1693 296 1693 297 1693 299 1693 321 1681 343 1696 344 1696 346 1696 347 1697 367 1697 367 1696 368 1696 402 1677 483 1677 526 1696 527 1696 528 1697 653 1697 653 1696 655 1696 692 1677 734 1696 735 1696 736 1696 784 1692 786 1692 820 1677 870 1680 893 1696 894 1696 896 1696 897 1697 934 1697 934 1696 935 1696 936 1696 964 1679 1099 1696 1101 1696 1102 1696 1103 1696 1119 1684 1161 1676 1161 1635 1160 1611 1044 1614 1029 1611 1015 1607 1014 1607 1013 1607 1012 1607 1010 1607 1006 1611 998 1616 928 1616 907 1611 879 1607 878 1607 850 1612 831 1614 828 1612 821 1607 820 1607 819 1607 745 1607 744 1607 710 1612 695 1614 688 1612 672 1607 671 1607 669 1607 668 1607 667 1607 659 1612 656 1616 538 1616 535 1613 522 1607 521 1607 458 1607 457 1607 420 1613 414 1614 407 1613 376 1607 375 1607 271 1613 147 1607 145 1607 105 1614 105 1635"/></Shape>
	    <String CONTENT=""
                    HPOS="105.0"
                    VPOS="1607.0"
                    WIDTH="1056.0"
                    HEIGHT="90.0"
                    WC="0.9800439766475133"></String>
          </TextLine>

          
        </TextBlock>
        

        
      </PrintSpace>
    </Page>
  </Layout>
</alto>
