<?xml version="1.0" encoding="UTF-8"?>
<alto xmlns:xsi="http://www.w3.org/2001/XMLSchema-instance"
      xmlns="http://www.loc.gov/standards/alto/ns-v4#"
      xsi:schemaLocation="http://www.loc.gov/standards/alto/ns-v4# http://www.loc.gov/standards/alto/v4/alto-4-2.xsd">
  <Description>
    <MeasurementUnit>pixel</MeasurementUnit>
    <sourceImageInformation>
      <fileName>IE87555665_00021.jpg</fileName>
      <fileIdentifier>mets//export_doc4366_1col_14_copy_alto_202404261215.zip/IE87555665_00021.jpg</fileIdentifier>
    </sourceImageInformation>
  </Description>
  
  <Tags>
    <OtherTag ID="BT8356" LABEL="MainLeft" DESCRIPTION="block type MainLeft"/><OtherTag ID="BT8355" LABEL="MainRight" DESCRIPTION="block type MainRight"/><OtherTag ID="BT6914" LABEL="Handwritten" DESCRIPTION="block type Handwritten"/><OtherTag ID="BT6913" LABEL="RunningHeader" DESCRIPTION="block type RunningHeader"/><OtherTag ID="BT6912" LABEL="Catchword" DESCRIPTION="block type Catchword"/><OtherTag ID="BT6911" LABEL="Margin" DESCRIPTION="block type Margin"/><OtherTag ID="BT6910" LABEL="FooterCentral" DESCRIPTION="block type FooterCentral"/><OtherTag ID="BT6909" LABEL="MainCentral" DESCRIPTION="block type MainCentral"/><OtherTag ID="BT6908" LABEL="Header" DESCRIPTION="block type Header"/><OtherTag ID="BT4" LABEL="Illustration" DESCRIPTION="block type Illustration"/><OtherTag ID="BT3" LABEL="Commentary" DESCRIPTION="block type Commentary"/><OtherTag ID="BT2" LABEL="Main" DESCRIPTION="block type Main"/><OtherTag ID="BT1" LABEL="Title" DESCRIPTION="block type Title"/>
    <OtherTag ID="LT15938" LABEL="MainLeft" DESCRIPTION="line type MainLeft"/><OtherTag ID="LT15937" LABEL="MainRight" DESCRIPTION="line type MainRight"/><OtherTag ID="LT15289" LABEL="Handwritten" DESCRIPTION="line type Handwritten"/><OtherTag ID="LT15288" LABEL="MainCentral" DESCRIPTION="line type MainCentral"/><OtherTag ID="LT15287" LABEL="NotMain" DESCRIPTION="line type NotMain"/>
  </Tags>
  
  <Layout>
    <Page WIDTH="1236"
          HEIGHT="2198"
          PHYSICAL_IMG_NR="31"
          ID="eSc_dummypage_">
      <PrintSpace HPOS="0"
                  VPOS="0"
                  WIDTH="1236"
                  HEIGHT="2198">
        
        <TextBlock HPOS="146.0"
                   VPOS="180.0"
                   WIDTH="1074.0"
                   HEIGHT="1005.0"
                   ID="eSc_textblock_cbe357d8"
                   TAGREFS="BT6909">
          <Shape><Polygon POINTS="1205 180 1220 195 1210 1185 146 1180 146 200 602 180"/></Shape>
          
          
          <TextLine ID="eSc_line_2f0d64d7"
                    TAGREFS="LT15288"
                    BASELINE="158 224 1221 218" 
                    HPOS="157.0"
                    VPOS="181.0"
                    WIDTH="1062.0"
                    HEIGHT="106.0">
            <Shape><Polygon POINTS="1036 181 1017 181 999 181 981 181 962 181 944 181 926 181 907 181 889 181 878 181 858 190 852 192 806 192 805 190 795 181 781 181 770 190 768 190 766 190 742 181 742 181 724 181 706 181 698 181 680 184 629 181 614 181 595 181 577 181 559 181 540 183 522 183 515 183 504 186 489 184 485 184 467 186 449 186 430 188 418 188 416 188 412 188 408 188 394 188 375 190 357 190 339 192 320 192 302 194 284 194 265 195 247 195 229 195 210 197 192 197 174 199 157 199 157 223 157 274 199 287 201 287 203 287 205 287 247 276 254 274 335 274 339 276 357 287 359 287 361 287 363 287 364 287 366 287 379 276 383 274 436 274 440 276 452 287 454 287 456 287 458 287 557 276 581 274 606 276 682 285 684 285 685 285 715 276 733 272 759 278 801 285 803 285 838 278 869 271 931 271 940 278 946 282 946 283 948 283 949 283 951 283 1219 278 1219 217 1215 192 1072 192 1069 190 1050 181 1036 181"/></Shape>
	    <String CONTENT="אל! מלך יושב על כסא רחמים, מתנהג"
                    HPOS="157.0"
                    VPOS="181.0"
                    WIDTH="1062.0"
                    HEIGHT="106.0"
                    WC="0.9687261850603165"></String>
          </TextLine>

          
          
          <TextLine ID="eSc_line_ae598045"
                    TAGREFS="LT15288"
                    BASELINE="152 310 1209 313" 
                    HPOS="151.0"
                    VPOS="273.0"
                    WIDTH="1058.0"
                    HEIGHT="98.0">
            <Shape><Polygon POINTS="152 310 151 366 206 367 207 367 211 367 277 351 356 355 373 367 374 367 376 367 377 367 378 367 400 361 478 367 479 367 481 367 512 352 591 352 628 368 630 368 631 368 632 368 648 368 660 367 661 367 663 367 687 352 758 360 759 360 760 360 774 354 808 368 809 368 810 368 814 368 851 367 852 367 853 367 875 354 1008 354 1039 363 1040 363 1041 363 1091 354 1118 369 1119 369 1121 369 1122 371 1206 371 1209 313 1207 284 1139 275 1138 275 1082 283 1079 283 1078 283 1045 274 1044 274 1043 274 1041 274 1012 283 1010 284 950 284 947 283 933 274 931 274 930 274 887 280 857 273 856 273 704 273 703 273 654 282 652 282 649 282 619 273 618 273 616 273 523 282 512 282 510 282 489 273 488 273 487 273 447 280 445 280 444 280 378 274 377 274 337 280 333 280 327 280 246 274 245 274 244 274 229 280 228 280 152 280 152 310"/></Shape>
	    <String CONTENT="בחסידות. מוחל עוונות עמו, מעביר ראשון"
                    HPOS="151.0"
                    VPOS="273.0"
                    WIDTH="1058.0"
                    HEIGHT="98.0"
                    WC="0.9700605988502502"></String>
          </TextLine>

          
          
          <TextLine ID="eSc_line_03d7c20e"
                    TAGREFS="LT15288"
                    BASELINE="151 396 1211 401" 
                    HPOS="150.0"
                    VPOS="360.0"
                    WIDTH="1061.0"
                    HEIGHT="99.0">
            <Shape><Polygon POINTS="151 396 150 439 279 439 284 440 302 453 304 453 305 453 306 453 307 453 309 453 316 446 326 454 327 454 328 454 329 454 376 443 382 442 404 443 458 448 459 448 460 448 467 444 472 442 478 444 504 455 505 455 506 456 602 456 602 455 603 455 604 455 615 446 626 440 641 440 659 448 679 456 680 456 681 457 776 457 776 456 777 456 792 450 813 442 869 451 897 456 898 456 900 456 901 456 906 453 924 442 942 442 967 451 968 451 969 451 1017 443 1044 455 1050 457 1051 457 1052 459 1101 459 1101 457 1111 456 1172 444 1206 457 1211 401 1211 380 1111 371 1110 371 1108 371 1099 376 1088 369 1086 369 1085 369 1084 369 1051 378 1050 378 1022 378 912 377 894 365 892 365 891 365 890 365 817 377 809 377 799 376 680 361 577 361 576 361 575 361 545 368 517 363 516 363 473 373 461 376 393 376 385 372 352 360 351 360 266 360 265 360 263 360 227 371 221 372 151 371 151 396"/></Shape>
	    <String CONTENT="ראשון. מרבה מחילה לחטאים, וסליחה"
                    HPOS="150.0"
                    VPOS="360.0"
                    WIDTH="1061.0"
                    HEIGHT="99.0"
                    WC="0.9955661989027454"></String>
          </TextLine>

          
          
          <TextLine ID="eSc_line_f8b72d54"
                    TAGREFS="LT15288"
                    BASELINE="161 488 1214 488" 
                    HPOS="161.0"
                    VPOS="451.0"
                    WIDTH="1053.0"
                    HEIGHT="93.0">
            <Shape><Polygon POINTS="161 488 161 526 233 533 234 533 235 533 245 528 249 527 332 527 337 529 360 543 361 543 362 543 363 544 516 544 516 543 517 543 534 534 563 539 564 539 565 539 566 539 576 533 589 540 591 540 592 540 593 540 619 534 646 527 677 527 688 536 696 540 697 540 698 540 699 540 701 540 710 536 727 527 767 527 786 537 791 539 792 539 793 539 795 539 803 537 812 534 821 537 839 543 840 543 841 543 934 539 942 538 944 538 985 527 1030 540 1032 540 1133 543 1134 543 1135 543 1138 543 1165 529 1179 540 1181 540 1182 540 1211 543 1214 488 1212 457 1170 451 1168 451 1167 451 1155 457 1149 461 999 461 984 457 961 454 959 454 958 454 944 457 936 460 928 457 914 454 913 454 912 454 911 454 894 457 889 459 859 459 672 451 671 451 638 459 632 460 625 459 583 451 582 451 525 457 515 451 514 451 512 451 410 451 409 451 407 451 406 451 394 459 359 454 357 454 356 454 344 460 343 461 227 461 225 460 212 451 211 451 210 451 208 451 207 451 206 451 192 460 191 461 161 461 161 488"/></Shape>
	    <String CONTENT="לפושעים. עושה צדקות עם כל בשר ורוח,"
                    HPOS="161.0"
                    VPOS="451.0"
                    WIDTH="1053.0"
                    HEIGHT="93.0"
                    WC="0.9771659033639091"></String>
          </TextLine>

          
          
          <TextLine ID="eSc_line_675738e6"
                    TAGREFS="LT15288"
                    BASELINE="150 571 1212 577" 
                    HPOS="149.0"
                    VPOS="531.0"
                    WIDTH="1063.0"
                    HEIGHT="99.0">
            <Shape><Polygon POINTS="150 571 149 622 243 623 244 623 245 623 247 622 273 610 344 610 363 621 365 621 366 621 367 621 368 621 389 611 467 611 477 617 478 617 479 617 481 617 482 617 492 612 505 621 510 625 511 625 512 625 514 626 543 626 543 625 544 625 552 621 567 612 582 621 586 622 587 622 588 622 589 622 594 621 611 614 688 612 708 620 709 620 710 620 712 620 742 612 752 620 760 626 762 626 763 626 764 626 765 626 784 620 791 617 798 620 808 623 809 623 810 623 812 623 813 623 819 620 825 615 897 614 935 619 999 628 1000 630 1100 630 1100 628 1101 628 1122 620 1183 628 1184 628 1185 628 1211 617 1212 577 1212 540 1172 536 1171 536 1170 536 1168 536 1163 539 1145 551 1099 548 1097 548 1096 548 1069 554 1041 548 1040 548 1001 553 994 547 992 547 991 547 990 547 989 547 969 554 842 554 832 547 831 547 830 547 829 547 693 551 671 538 663 534 661 534 574 532 572 532 517 538 505 539 493 538 448 533 447 533 445 533 433 538 420 544 409 538 399 532 398 532 396 532 395 532 394 532 393 532 384 538 377 543 354 539 352 539 351 539 350 539 335 550 309 550 291 538 282 531 280 531 279 531 278 531 150 537 150 571"/></Shape>
	    <String CONTENT="לא כרעתם תגמול. אל! הורית לנו לומר"
                    HPOS="149.0"
                    VPOS="531.0"
                    WIDTH="1063.0"
                    HEIGHT="99.0"
                    WC="0.9904164292595603"></String>
          </TextLine>

          
          
          <TextLine ID="eSc_line_eaaf2a07"
                    TAGREFS="LT15288"
                    BASELINE="149 659 1214 661" 
                    HPOS="147.0"
                    VPOS="619.0"
                    WIDTH="1067.0"
                    HEIGHT="100.0">
            <Shape><Polygon POINTS="149 659 147 702 251 700 256 703 276 716 277 716 278 716 279 718 426 718 426 716 427 716 450 707 576 703 644 700 650 702 696 718 697 718 698 718 699 718 727 705 798 710 799 710 853 702 857 702 881 718 883 718 884 718 885 719 1065 719 1065 718 1116 708 1166 714 1167 714 1168 714 1212 700 1214 661 1211 625 1168 628 1150 623 1134 620 1133 620 1132 620 1130 620 1121 623 1090 638 1030 632 1029 632 1028 632 1002 639 847 639 777 623 758 620 757 620 756 620 745 623 736 626 729 623 716 620 715 620 549 619 548 619 547 619 534 623 503 636 483 628 482 628 481 628 479 628 462 638 351 638 324 626 323 626 322 626 271 630 241 623 222 619 221 619 149 622 149 659"/></Shape>
	    <String CONTENT="– שלוש־עשרה, וזכור לנו היום ברית של"
                    HPOS="147.0"
                    VPOS="619.0"
                    WIDTH="1067.0"
                    HEIGHT="100.0"
                    WC="0.9811083357781172"></String>
          </TextLine>

          
          
          <TextLine ID="eSc_line_8973b34c"
                    TAGREFS="LT15288"
                    BASELINE="149 785 1212 787" 
                    HPOS="147.0"
                    VPOS="753.0"
                    WIDTH="1065.0"
                    HEIGHT="73.0">
            <Shape><Polygon POINTS="149 785 147 823 186 825 188 825 197 824 234 815 251 823 252 823 254 823 255 823 256 823 266 815 283 824 287 825 288 825 289 825 302 824 372 814 605 814 615 820 616 820 618 820 619 820 647 814 671 823 672 823 674 823 724 816 734 823 735 823 736 823 737 823 738 823 754 815 790 825 797 826 798 826 799 826 801 826 806 825 835 815 853 821 854 821 856 821 909 815 929 825 933 826 934 826 935 826 946 825 1007 815 1028 825 1030 826 1032 826 1033 826 1210 825 1212 787 1211 758 1144 753 1143 753 1141 753 1130 758 1116 764 1100 758 1090 753 1089 753 963 753 962 753 961 753 959 753 953 758 942 764 929 758 924 755 923 755 922 755 920 755 913 758 887 765 870 758 859 753 858 753 857 753 856 753 840 758 815 765 792 758 780 754 779 754 777 754 776 754 775 754 770 758 760 764 716 765 677 758 669 757 668 757 658 758 621 764 613 758 608 754 607 754 605 754 604 754 603 754 602 754 596 758 585 765 503 765 488 758 484 757 483 757 482 757 481 757 475 758 453 764 149 759 149 785"/></Shape>
	    <String CONTENT=""
                    HPOS="147.0"
                    VPOS="753.0"
                    WIDTH="1065.0"
                    HEIGHT="73.0"
                    WC="0.9615064187483354"></String>
          </TextLine>

          
          
          <TextLine ID="eSc_line_46dba508"
                    TAGREFS="LT15288"
                    BASELINE="149 841 1049 838" 
                    HPOS="147.0"
                    VPOS="814.0"
                    WIDTH="902.0"
                    HEIGHT="63.0">
            <Shape><Polygon POINTS="149 841 149 865 214 865 217 866 233 876 234 876 235 876 236 876 238 876 239 876 251 866 254 865 362 866 447 868 478 876 479 876 481 876 537 868 544 866 547 868 556 876 558 876 559 876 560 877 598 877 598 876 599 876 631 868 647 864 669 868 688 871 690 871 691 871 704 868 715 865 723 868 735 874 736 874 737 874 738 874 740 874 748 868 753 866 825 866 826 869 834 875 835 875 836 875 837 875 919 874 920 874 922 874 929 869 937 864 945 869 955 875 956 875 957 875 958 876 992 876 992 875 994 875 1007 869 1019 864 1046 869 1049 838 1046 820 843 823 834 820 817 816 815 816 814 816 765 821 746 823 743 821 735 815 734 815 732 815 731 815 730 815 716 821 713 824 666 824 664 821 648 814 647 814 600 814 599 814 598 814 581 823 578 823 572 823 533 816 532 816 487 823 483 823 482 823 467 815 466 815 400 815 399 815 398 815 396 815 388 823 388 824 350 824 349 824 333 815 332 815 289 815 288 815 287 815 285 815 274 823 244 818 243 818 147 824 149 841"/></Shape>
	    <String CONTENT=""
                    HPOS="147.0"
                    VPOS="814.0"
                    WIDTH="902.0"
                    HEIGHT="63.0"
                    WC="0.9827413453775293"></String>
          </TextLine>

          
          
          <TextLine ID="eSc_line_c09619e8"
                    TAGREFS="LT15288"
                    BASELINE="147 892 1211 895" 
                    HPOS="146.0"
                    VPOS="869.0"
                    WIDTH="1065.0"
                    HEIGHT="61.0">
            <Shape><Polygon POINTS="147 892 146 925 218 920 232 926 233 926 234 926 235 926 272 918 290 924 291 924 293 924 339 920 352 926 356 928 357 928 359 929 433 929 433 928 434 928 438 926 454 918 482 925 483 925 484 925 486 925 509 918 581 925 583 925 585 925 586 925 610 918 680 924 681 924 731 919 741 925 746 929 747 929 748 929 749 930 842 930 842 929 843 929 858 924 878 919 925 919 934 924 936 926 937 926 939 926 940 926 941 926 947 924 963 919 992 924 1001 925 1002 925 1003 925 1006 924 1018 919 1050 924 1069 926 1071 926 1091 924 1101 923 1102 924 1110 929 1111 929 1112 929 1113 929 1209 923 1211 895 1211 879 1190 870 1189 870 1188 870 1187 870 1166 877 1084 870 1083 870 999 877 997 877 996 877 968 870 967 870 966 870 898 877 896 877 895 877 876 870 875 870 746 870 745 870 743 870 721 876 679 869 677 869 620 876 610 869 609 869 608 869 607 869 605 869 587 876 487 870 486 870 484 870 468 876 440 869 439 869 438 869 437 869 436 869 426 876 410 869 409 869 366 869 365 869 363 869 362 869 352 876 351 877 279 877 278 876 269 870 268 870 267 870 266 870 265 870 249 876 246 876 147 876 147 892"/></Shape>
	    <String CONTENT=""
                    HPOS="146.0"
                    VPOS="869.0"
                    WIDTH="1065.0"
                    HEIGHT="61.0"
                    WC="0.9788462987312904"></String>
          </TextLine>

          
          
          <TextLine ID="eSc_line_7283fba0"
                    TAGREFS="LT15288"
                    BASELINE="147 942 1211 947" 
                    HPOS="146.0"
                    VPOS="920.0"
                    WIDTH="1065.0"
                    HEIGHT="66.0">
            <Shape><Polygon POINTS="147 942 146 973 168 982 169 982 170 984 255 984 255 982 256 982 257 982 268 975 278 982 279 982 280 982 451 984 453 984 454 984 487 972 494 969 503 972 526 978 527 978 528 978 530 978 550 972 560 969 648 969 670 972 748 981 749 981 751 981 775 972 775 970 820 970 828 972 880 982 881 982 883 982 923 972 927 970 930 972 946 976 947 976 948 976 995 972 1029 985 1030 985 1032 985 1033 985 1078 973 1115 986 1116 986 1117 986 1118 986 1119 986 1145 972 1209 972 1211 947 1211 934 1193 926 1192 926 1190 926 1058 932 1040 924 1039 924 1038 924 994 929 928 923 779 923 777 923 776 923 746 931 683 923 682 923 628 930 614 923 613 923 611 923 543 930 321 924 319 924 206 929 179 920 178 920 177 920 175 920 147 929 147 942"/></Shape>
	    <String CONTENT=""
                    HPOS="146.0"
                    VPOS="920.0"
                    WIDTH="1065.0"
                    HEIGHT="66.0"
                    WC="0.9857189133763313"></String>
          </TextLine>

          
          
          <TextLine ID="eSc_line_19e041af"
                    TAGREFS="LT15288"
                    BASELINE="147 1000 1211 997" 
                    HPOS="146.0"
                    VPOS="973.0"
                    WIDTH="1065.0"
                    HEIGHT="62.0">
            <Shape><Polygon POINTS="147 1000 147 1035 216 1028 224 1034 225 1034 227 1034 228 1035 245 1035 299 1035 299 1034 300 1034 301 1034 317 1025 593 1030 741 1033 742 1033 765 1028 785 1024 796 1028 802 1030 803 1030 804 1030 830 1028 858 1024 870 1026 891 1033 892 1033 894 1033 928 1026 940 1024 948 1026 967 1031 968 1031 1014 1033 1016 1033 1017 1033 1036 1025 1086 1033 1088 1033 1132 1024 1133 1024 1193 1033 1194 1033 1195 1033 1196 1033 1211 1023 1211 997 1209 980 1159 980 1157 980 1144 973 1143 973 1141 973 1068 980 1061 980 1057 980 1024 973 1023 973 1022 973 1006 980 1005 980 1000 980 942 973 941 973 813 980 810 980 809 980 799 973 798 973 797 973 746 973 745 973 743 973 723 980 677 973 676 973 632 981 627 981 615 981 523 974 522 974 521 974 500 981 499 982 356 982 355 981 332 974 330 974 329 974 328 974 313 981 283 974 282 974 280 974 279 974 257 981 256 981 181 975 180 975 146 981 147 1000"/></Shape>
	    <String CONTENT=""
                    HPOS="146.0"
                    VPOS="973.0"
                    WIDTH="1065.0"
                    HEIGHT="62.0"
                    WC="0.9683113565047582"></String>
          </TextLine>

          
          
          <TextLine ID="eSc_line_1fa3319d"
                    TAGREFS="LT15288"
                    BASELINE="149 1051 1211 1051" 
                    HPOS="149.0"
                    VPOS="1028.0"
                    WIDTH="1062.0"
                    HEIGHT="58.0">
            <Shape><Polygon POINTS="149 1051 150 1085 178 1078 233 1078 244 1085 245 1085 246 1085 247 1085 250 1085 367 1078 501 1085 503 1085 504 1085 547 1078 567 1085 569 1085 570 1085 571 1085 587 1078 672 1078 698 1085 699 1085 701 1086 773 1086 773 1085 774 1085 795 1078 1025 1085 1027 1085 1028 1085 1060 1078 1110 1085 1111 1085 1112 1085 1139 1078 1149 1085 1150 1085 1151 1085 1152 1086 1211 1086 1211 1051 1211 1033 1040 1028 1039 1028 1001 1033 989 1034 980 1033 956 1028 955 1028 953 1028 952 1028 946 1033 942 1035 859 1035 848 1033 808 1028 807 1028 777 1033 770 1034 757 1033 696 1028 694 1028 666 1034 660 1034 652 1034 603 1028 602 1028 576 1034 572 1035 370 1035 367 1034 330 1028 329 1028 328 1028 327 1028 317 1034 312 1034 206 1028 205 1028 149 1034 149 1051"/></Shape>
	    <String CONTENT=""
                    HPOS="149.0"
                    VPOS="1028.0"
                    WIDTH="1062.0"
                    HEIGHT="58.0"
                    WC="0.9806455408533414"></String>
          </TextLine>

          
          
          <TextLine ID="eSc_line_ac1285cc"
                    TAGREFS="LT15288"
                    BASELINE="145 1101 1211 1103" 
                    HPOS="144.0"
                    VPOS="1078.0"
                    WIDTH="1067.0"
                    HEIGHT="61.0">
            <Shape><Polygon POINTS="145 1101 144 1127 236 1128 246 1135 247 1135 249 1135 250 1135 299 1129 300 1129 318 1136 319 1136 321 1136 351 1130 422 1136 423 1136 453 1130 461 1129 520 1131 652 1136 653 1136 654 1136 663 1133 671 1129 690 1133 714 1138 715 1138 737 1134 754 1130 809 1130 817 1134 821 1138 823 1138 824 1138 825 1138 846 1134 870 1130 884 1135 889 1136 890 1136 891 1136 892 1136 898 1135 918 1130 933 1135 940 1138 941 1138 942 1139 1027 1139 1027 1138 1035 1136 1068 1130 1104 1138 1108 1138 1110 1138 1111 1138 1113 1138 1137 1130 1207 1138 1211 1103 1211 1089 1172 1079 1171 1079 1170 1079 1168 1079 1156 1088 1155 1089 1085 1089 1084 1088 1061 1079 1060 1079 879 1079 878 1079 876 1079 875 1079 864 1086 862 1088 856 1086 824 1079 756 1079 754 1079 753 1079 737 1085 732 1088 714 1085 657 1078 655 1078 602 1085 586 1088 494 1088 489 1084 479 1078 478 1078 477 1078 476 1078 429 1084 417 1085 412 1084 401 1079 400 1079 399 1079 354 1084 345 1084 343 1083 335 1078 334 1078 333 1078 332 1078 309 1083 294 1086 288 1083 284 1080 283 1080 282 1080 280 1080 279 1080 278 1080 274 1083 269 1086 236 1083 192 1078 191 1078 190 1078 177 1083 168 1085 145 1083 145 1101"/></Shape>
	    <String CONTENT=""
                    HPOS="144.0"
                    VPOS="1078.0"
                    WIDTH="1067.0"
                    HEIGHT="61.0"
                    WC="0.986493396971907"></String>
          </TextLine>

          
          
          <TextLine ID="eSc_line_f26addd6"
                    TAGREFS="LT15288"
                    BASELINE="146 1153 1212 1156" 
                    HPOS="145.0"
                    VPOS="1134.0"
                    WIDTH="1067.0"
                    HEIGHT="54.0">
            <Shape><Polygon POINTS="146 1153 145 1184 633 1180 653 1184 677 1188 679 1188 707 1183 720 1182 825 1183 1167 1188 1168 1188 1210 1180 1212 1156 1211 1136 150 1134 146 1153"/></Shape>
	    <String CONTENT=""
                    HPOS="145.0"
                    VPOS="1134.0"
                    WIDTH="1067.0"
                    HEIGHT="54.0"
                    WC="0.9874958406060429"></String>
          </TextLine>

          
        </TextBlock>
        

        
      </PrintSpace>
    </Page>
  </Layout>
</alto>
