<?xml version="1.0" encoding="UTF-8"?>
<alto xmlns:xsi="http://www.w3.org/2001/XMLSchema-instance"
      xmlns="http://www.loc.gov/standards/alto/ns-v4#"
      xsi:schemaLocation="http://www.loc.gov/standards/alto/ns-v4# http://www.loc.gov/standards/alto/v4/alto-4-2.xsd">
  <Description>
    <MeasurementUnit>pixel</MeasurementUnit>
    <sourceImageInformation>
      <fileName>IE87733114_00007.jpg</fileName>
      <fileIdentifier>mets//export_doc4366_1col_14_copy_alto_202404261215.zip/IE87733114_00007.jpg</fileIdentifier>
    </sourceImageInformation>
  </Description>
  
  <Tags>
    <OtherTag ID="BT8356" LABEL="MainLeft" DESCRIPTION="block type MainLeft"/><OtherTag ID="BT8355" LABEL="MainRight" DESCRIPTION="block type MainRight"/><OtherTag ID="BT6914" LABEL="Handwritten" DESCRIPTION="block type Handwritten"/><OtherTag ID="BT6913" LABEL="RunningHeader" DESCRIPTION="block type RunningHeader"/><OtherTag ID="BT6912" LABEL="Catchword" DESCRIPTION="block type Catchword"/><OtherTag ID="BT6911" LABEL="Margin" DESCRIPTION="block type Margin"/><OtherTag ID="BT6910" LABEL="FooterCentral" DESCRIPTION="block type FooterCentral"/><OtherTag ID="BT6909" LABEL="MainCentral" DESCRIPTION="block type MainCentral"/><OtherTag ID="BT6908" LABEL="Header" DESCRIPTION="block type Header"/><OtherTag ID="BT4" LABEL="Illustration" DESCRIPTION="block type Illustration"/><OtherTag ID="BT3" LABEL="Commentary" DESCRIPTION="block type Commentary"/><OtherTag ID="BT2" LABEL="Main" DESCRIPTION="block type Main"/><OtherTag ID="BT1" LABEL="Title" DESCRIPTION="block type Title"/>
    <OtherTag ID="LT15938" LABEL="MainLeft" DESCRIPTION="line type MainLeft"/><OtherTag ID="LT15937" LABEL="MainRight" DESCRIPTION="line type MainRight"/><OtherTag ID="LT15289" LABEL="Handwritten" DESCRIPTION="line type Handwritten"/><OtherTag ID="LT15288" LABEL="MainCentral" DESCRIPTION="line type MainCentral"/><OtherTag ID="LT15287" LABEL="NotMain" DESCRIPTION="line type NotMain"/>
  </Tags>
  
  <Layout>
    <Page WIDTH="1063"
          HEIGHT="2039"
          PHYSICAL_IMG_NR="55"
          ID="eSc_dummypage_">
      <PrintSpace HPOS="0"
                  VPOS="0"
                  WIDTH="1063"
                  HEIGHT="2039">
        
        <TextBlock HPOS="0.0"
                   VPOS="135.0"
                   WIDTH="1035.0"
                   HEIGHT="1671.0"
                   ID="eSc_textblock_02953ded"
                   TAGREFS="BT6909">
          <Shape><Polygon POINTS="9 135 1035 144 1013 1725 1008 1788 990 1806 0 1802 0 135"/></Shape>
          
          
          <TextLine ID="eSc_line_e5fb2c25"
                    TAGREFS="LT15288"
                    BASELINE="6 157 1034 157" 
                    HPOS="6.0"
                    VPOS="138.0"
                    WIDTH="1028.0"
                    HEIGHT="70.0">
            <Shape><Polygon POINTS="1026 143 1015 143 1004 143 992 143 981 143 970 143 958 143 947 143 936 143 924 143 913 143 902 142 890 142 879 142 868 142 856 142 845 142 834 142 822 142 811 142 800 142 788 142 777 141 766 141 754 141 743 141 732 141 720 141 709 141 698 141 686 141 675 141 664 141 652 141 641 140 630 140 618 140 607 140 596 140 584 140 573 140 562 140 550 140 538 140 526 140 516 139 505 139 494 139 482 139 471 139 460 139 448 139 437 139 426 139 414 139 403 139 392 138 380 138 369 138 358 138 346 138 335 138 324 138 312 138 301 138 290 138 278 138 267 138 15 138 6 157 6 208 94 208 94 207 95 207 112 198 135 207 137 207 138 207 139 208 179 208 179 207 180 207 183 206 224 195 256 206 259 207 260 207 261 208 362 208 362 207 363 207 369 205 395 195 457 205 478 207 479 208 526 208 526 207 541 203 572 197 597 202 598 202 599 202 600 202 601 202 614 195 639 195 651 203 657 207 658 207 659 207 660 207 661 207 675 203 700 195 734 202 755 207 757 207 780 202 814 195 846 202 856 203 857 203 859 203 860 203 862 202 873 195 1033 200 1034 157 1033 141 1026 143"/></Shape>
	    <String CONTENT=""
                    HPOS="6.0"
                    VPOS="138.0"
                    WIDTH="1028.0"
                    HEIGHT="70.0"
                    WC="0.9758553873924982"></String>
          </TextLine>

          
          
          <TextLine ID="eSc_line_01b7172c"
                    TAGREFS="LT15288"
                    BASELINE="54 228 908 225" 
                    HPOS="54.0"
                    VPOS="201.0"
                    WIDTH="854.0"
                    HEIGHT="79.0">
            <Shape><Polygon POINTS="54 263 180 263 183 265 211 279 213 279 214 279 215 279 252 266 258 263 261 266 283 279 284 279 285 279 286 280 320 280 320 279 321 279 358 267 367 263 375 267 403 278 404 278 405 278 406 278 434 267 440 265 453 267 489 275 490 275 491 275 519 268 534 263 540 268 547 274 548 274 549 274 550 274 584 269 615 278 616 278 617 278 701 277 702 277 703 277 712 271 801 277 802 277 803 277 821 270 822 270 823 270 869 277 870 277 907 270 908 225 906 208 845 208 843 207 835 202 834 202 832 202 831 202 707 207 659 208 656 207 649 201 648 201 647 201 645 201 644 201 630 207 621 209 529 206 427 202 426 202 424 202 412 206 402 208 354 206 337 205 336 205 329 205 293 210 275 205 273 205 271 205 270 205 266 205 232 210 214 205 209 203 208 203 207 203 189 205 131 209 54 205 54 228 54 263"/></Shape>
	    <String CONTENT=""
                    HPOS="54.0"
                    VPOS="201.0"
                    WIDTH="854.0"
                    HEIGHT="79.0"
                    WC="0.9874672204256058"></String>
          </TextLine>

          
          
          <TextLine ID="eSc_line_df87a8a5"
                    TAGREFS="LT15288"
                    BASELINE="211 301 830 297" 
                    HPOS="210.0"
                    VPOS="267.0"
                    WIDTH="620.0"
                    HEIGHT="94.0">
            <Shape><Polygon POINTS="211 301 211 345 236 340 248 346 275 360 276 360 277 361 350 361 350 360 351 360 381 348 402 340 418 348 436 359 437 359 438 359 439 359 456 352 473 359 474 359 475 359 477 359 478 359 489 350 497 344 520 351 540 356 541 356 542 356 543 356 545 356 550 351 571 335 667 335 687 352 689 352 690 352 691 352 720 346 735 354 740 356 741 356 742 356 829 355 830 297 827 267 810 275 741 269 740 269 738 269 716 275 699 269 695 268 694 268 693 268 692 268 691 268 690 269 682 274 674 269 669 268 668 268 667 268 666 268 665 268 665 269 664 270 658 276 622 276 550 271 497 269 496 269 495 269 480 274 470 276 466 274 463 270 462 270 461 270 460 270 434 274 421 276 413 275 394 270 393 270 392 270 390 270 386 275 383 277 346 276 223 270 222 270 220 270 219 270 210 275 211 301"/></Shape>
	    <String CONTENT=""
                    HPOS="210.0"
                    VPOS="267.0"
                    WIDTH="620.0"
                    HEIGHT="94.0"
                    WC="0.9817462382109269"></String>
          </TextLine>

          
          
          <TextLine ID="eSc_line_9147b20f"
                    TAGREFS="LT15288"
                    BASELINE="4 379 1027 379" 
                    HPOS="4.0"
                    VPOS="352.0"
                    WIDTH="1023.0"
                    HEIGHT="76.0">
            <Shape><Polygon POINTS="4 379 4 412 67 427 69 428 224 428 224 427 225 427 251 413 298 427 299 427 300 427 336 420 371 427 372 427 373 427 375 427 387 419 538 427 539 427 643 415 673 419 674 419 675 419 676 419 687 412 715 423 716 423 717 423 718 423 745 412 784 412 813 423 814 423 815 424 840 424 840 423 842 423 843 423 862 412 863 412 1026 412 1027 379 1025 357 834 362 823 356 818 352 817 352 815 352 789 352 788 352 787 352 780 355 768 362 687 356 686 356 563 362 548 354 547 354 546 354 545 354 540 354 508 359 494 354 490 353 489 353 488 353 487 353 483 354 460 362 296 362 275 353 273 352 271 352 270 352 262 353 234 357 224 353 222 352 220 352 70 352 69 352 67 352 47 359 4 352 4 379"/></Shape>
	    <String CONTENT=""
                    HPOS="4.0"
                    VPOS="352.0"
                    WIDTH="1023.0"
                    HEIGHT="76.0"
                    WC="0.998392078765603"></String>
          </TextLine>

          
          
          <TextLine ID="eSc_line_bd636b66"
                    TAGREFS="LT15288"
                    BASELINE="5 449 868 449" 
                    HPOS="5.0"
                    VPOS="421.0"
                    WIDTH="863.0"
                    HEIGHT="76.0">
            <Shape><Polygon POINTS="5 449 5 490 13 496 14 496 15 496 16 497 91 497 91 496 92 496 116 487 124 484 131 487 157 496 158 496 159 497 209 497 209 496 210 496 227 487 228 485 304 483 309 485 320 496 321 496 322 496 324 497 404 497 404 496 405 496 427 485 431 483 499 483 503 484 520 493 521 493 522 493 585 484 594 483 598 484 631 496 632 496 633 496 700 489 710 496 711 496 712 496 713 497 755 497 755 496 757 496 758 496 770 485 804 492 805 492 806 492 831 483 868 483 868 449 868 431 657 421 656 421 655 421 653 421 643 428 614 422 613 422 611 422 584 431 580 432 573 431 512 421 511 421 509 421 508 421 495 431 492 433 351 433 350 432 341 425 339 425 338 425 337 425 336 425 318 431 305 421 304 421 303 421 281 421 279 421 278 421 252 432 199 432 156 432 154 432 109 425 108 425 107 425 94 432 92 433 5 433 5 449"/></Shape>
	    <String CONTENT=""
                    HPOS="5.0"
                    VPOS="421.0"
                    WIDTH="863.0"
                    HEIGHT="76.0"
                    WC="0.985077576977866"></String>
          </TextLine>

          
          
          <TextLine ID="eSc_line_75d8cc5f"
                    TAGREFS="LT15288"
                    BASELINE="5 519 1022 517" 
                    HPOS="4.0"
                    VPOS="488.0"
                    WIDTH="1018.0"
                    HEIGHT="76.0">
            <Shape><Polygon POINTS="5 519 5 551 22 549 28 552 47 564 48 564 49 564 50 564 107 557 158 564 159 564 160 564 162 564 176 553 184 549 206 553 233 560 234 560 235 560 253 555 273 549 377 549 423 557 436 558 437 558 447 557 486 550 517 557 519 557 565 548 604 558 618 562 619 562 621 562 622 562 623 562 628 559 635 555 648 559 652 560 653 560 655 560 662 559 718 548 767 560 776 562 777 562 778 564 853 564 853 562 854 562 855 562 856 561 879 548 923 548 946 561 947 561 948 561 1019 562 1022 517 1019 497 982 499 974 497 953 488 951 488 921 488 920 488 919 488 891 497 882 499 868 497 818 488 817 488 815 488 798 497 793 500 694 500 689 497 669 490 668 490 667 490 634 497 628 498 619 497 565 491 564 491 465 498 424 500 414 498 383 489 381 489 380 489 379 489 378 489 366 497 312 492 311 492 310 492 299 498 294 501 258 501 253 498 232 489 231 489 230 489 183 497 163 489 162 489 117 489 116 489 115 489 83 499 78 500 75 499 62 489 61 489 60 489 26 489 24 489 23 489 4 498 5 519"/></Shape>
	    <String CONTENT=""
                    HPOS="4.0"
                    VPOS="488.0"
                    WIDTH="1018.0"
                    HEIGHT="76.0"
                    WC="0.9810707802357881"></String>
          </TextLine>

          
          
          <TextLine ID="eSc_line_26ef7f4f"
                    TAGREFS="LT15288"
                    BASELINE="6 587 1021 587" 
                    HPOS="6.0"
                    VPOS="560.0"
                    WIDTH="1015.0"
                    HEIGHT="76.0">
            <Shape><Polygon POINTS="6 587 6 627 33 635 35 635 36 635 70 627 88 624 99 628 112 633 113 633 114 633 115 633 116 633 124 628 132 624 205 624 213 628 222 635 223 635 224 635 225 635 267 628 269 628 276 628 337 632 338 632 339 632 346 628 351 626 358 628 367 632 368 632 369 632 370 632 377 628 386 624 394 628 407 635 409 635 410 636 481 636 481 635 482 635 499 628 514 624 530 628 536 630 537 630 538 630 555 629 597 624 613 629 631 635 632 635 633 635 692 629 704 628 715 629 755 635 757 635 758 635 759 635 767 629 770 627 780 629 804 635 805 635 806 635 822 629 839 624 924 624 934 629 942 635 944 635 945 635 946 635 1021 629 1021 587 1021 570 811 570 792 560 791 560 719 560 718 560 717 560 716 560 701 569 670 564 669 564 668 564 653 569 639 560 638 560 636 560 635 560 634 560 598 569 539 569 524 561 523 561 522 561 481 569 458 564 457 564 456 564 276 569 239 560 237 560 162 560 160 560 159 560 132 568 116 560 115 560 114 560 52 566 32 560 31 560 30 560 29 560 9 568 6 587"/></Shape>
	    <String CONTENT=""
                    HPOS="6.0"
                    VPOS="560.0"
                    WIDTH="1015.0"
                    HEIGHT="76.0"
                    WC="0.9872688796785143"></String>
          </TextLine>

          
          
          <TextLine ID="eSc_line_4e2c2a3f"
                    TAGREFS="LT15288"
                    BASELINE="240 660 725 657" 
                    HPOS="239.0"
                    VPOS="632.0"
                    WIDTH="486.0"
                    HEIGHT="68.0">
            <Shape><Polygon POINTS="240 660 240 683 286 683 291 685 315 700 316 700 317 700 318 700 319 700 344 689 370 696 371 696 372 696 373 696 375 696 375 695 384 687 387 683 395 687 415 698 417 698 418 700 439 700 439 698 440 698 441 698 452 689 454 688 460 689 507 698 508 698 509 698 511 698 520 690 532 681 560 681 573 693 574 693 574 694 575 694 576 694 604 696 605 696 618 694 639 689 655 695 662 697 664 697 665 697 724 696 725 657 721 632 692 640 567 635 566 635 565 635 543 641 533 632 532 632 531 632 530 632 524 632 492 637 458 633 451 632 449 632 448 632 447 632 447 633 439 641 385 643 291 643 274 633 273 633 271 633 270 633 239 633 240 660"/></Shape>
	    <String CONTENT=""
                    HPOS="239.0"
                    VPOS="632.0"
                    WIDTH="486.0"
                    HEIGHT="68.0"
                    WC="0.9971492946147918"></String>
          </TextLine>

          
          
          <TextLine ID="eSc_line_9d782e44"
                    TAGREFS="LT15288"
                    BASELINE="5 727 1019 729" 
                    HPOS="4.0"
                    VPOS="700.0"
                    WIDTH="1015.0"
                    HEIGHT="78.0">
            <Shape><Polygon POINTS="5 727 4 773 52 775 53 775 54 775 58 774 77 766 124 774 135 775 137 777 249 777 249 775 258 774 320 765 335 774 335 775 336 775 337 775 338 777 370 777 370 775 371 775 373 775 400 764 419 775 420 775 421 775 422 775 426 775 480 764 538 771 539 771 540 771 572 762 599 774 600 774 601 774 602 774 622 768 649 775 650 775 651 775 749 760 808 760 818 766 819 766 820 766 821 766 933 760 962 777 963 777 964 777 965 778 1017 778 1019 729 1018 709 978 704 976 704 975 704 968 707 965 710 962 707 950 702 949 702 948 702 947 702 946 702 938 707 934 710 911 707 877 704 876 704 852 707 831 710 821 707 802 701 801 701 749 701 747 701 746 701 733 706 724 711 682 711 674 706 661 701 660 701 659 701 626 706 600 710 479 707 475 705 465 701 464 701 463 701 462 701 461 701 455 705 448 709 370 709 363 704 356 700 355 700 354 700 353 700 313 704 274 709 216 704 168 700 167 700 92 701 91 701 84 703 72 707 64 703 60 700 58 700 57 700 56 700 5 702 5 727"/></Shape>
	    <String CONTENT=""
                    HPOS="4.0"
                    VPOS="700.0"
                    WIDTH="1015.0"
                    HEIGHT="78.0"
                    WC="0.9959507992393092"></String>
          </TextLine>

          
          
          <TextLine ID="eSc_line_886061ae"
                    TAGREFS="LT15288"
                    BASELINE="4 796 898 798" 
                    HPOS="3.0"
                    VPOS="774.0"
                    WIDTH="895.0"
                    HEIGHT="68.0">
            <Shape><Polygon POINTS="4 796 3 839 101 840 103 840 104 840 108 839 137 826 189 826 205 838 208 840 209 840 210 840 211 841 248 841 248 840 249 840 256 837 277 826 291 833 292 833 293 833 294 833 321 826 335 837 341 840 342 840 343 840 344 841 421 841 421 840 422 840 441 835 458 831 487 831 496 834 513 841 514 841 515 842 546 842 546 841 547 841 548 841 557 834 559 832 566 833 589 840 590 840 591 840 592 840 593 840 604 833 614 828 634 833 640 834 641 834 642 834 643 834 649 833 666 828 732 828 738 832 743 835 744 835 745 835 746 835 747 835 749 835 753 832 759 828 780 828 792 831 808 838 809 838 810 838 811 838 831 831 843 828 895 830 898 798 897 779 4 774 4 796"/></Shape>
	    <String CONTENT=""
                    HPOS="3.0"
                    VPOS="774.0"
                    WIDTH="895.0"
                    HEIGHT="68.0"
                    WC="0.9826954273801101"></String>
          </TextLine>

          
          
          <TextLine ID="eSc_line_eb9a6dda"
                    TAGREFS="LT15288"
                    BASELINE="5 865 907 865" 
                    HPOS="5.0"
                    VPOS="847.0"
                    WIDTH="902.0"
                    HEIGHT="67.0">
            <Shape><Polygon POINTS="5 865 5 910 92 913 94 913 95 913 103 909 113 906 135 908 137 908 138 908 139 908 156 898 193 898 202 905 203 905 205 905 226 908 268 911 269 911 270 911 283 907 307 898 333 906 354 913 355 913 356 914 440 914 440 913 441 913 457 903 470 898 490 898 505 903 530 913 531 913 532 913 590 903 653 913 655 913 656 913 669 905 676 910 677 910 678 910 679 910 681 910 682 910 698 900 703 898 762 898 766 899 795 913 796 913 797 913 851 902 877 907 878 907 879 907 907 897 907 865 907 847 5 847 5 865"/></Shape>
	    <String CONTENT=""
                    HPOS="5.0"
                    VPOS="847.0"
                    WIDTH="902.0"
                    HEIGHT="67.0"
                    WC="0.9821676598038784"></String>
          </TextLine>

          
          
          <TextLine ID="eSc_line_ac9dcea3"
                    TAGREFS="LT15288"
                    BASELINE="5 939 1014 941" 
                    HPOS="4.0"
                    VPOS="909.0"
                    WIDTH="1010.0"
                    HEIGHT="64.0">
            <Shape><Polygon POINTS="5 939 4 967 282 966 291 970 294 971 295 971 296 971 316 970 363 966 390 970 400 971 401 971 402 971 405 970 417 966 428 970 431 971 432 971 616 973 617 973 633 971 678 967 724 971 735 973 736 973 737 973 740 971 753 967 775 973 779 973 780 973 797 973 898 967 915 973 916 973 917 973 920 973 946 967 954 973 955 973 956 973 957 973 958 973 959 973 968 967 1010 973 1014 941 1012 922 829 922 820 918 801 911 800 911 742 911 741 911 740 911 738 911 729 917 723 923 626 923 604 916 593 914 592 914 591 914 590 914 584 916 570 923 512 923 491 916 490 916 489 916 434 918 427 914 422 910 421 910 420 910 419 910 418 910 407 914 396 917 385 914 375 910 373 910 267 910 266 910 265 910 261 911 242 922 139 922 113 910 112 910 111 910 109 910 73 920 53 910 52 910 5 909 5 939"/></Shape>
	    <String CONTENT=""
                    HPOS="4.0"
                    VPOS="909.0"
                    WIDTH="1010.0"
                    HEIGHT="64.0"
                    WC="0.9920602738857269"></String>
          </TextLine>

          
          
          <TextLine ID="eSc_line_21caa7fd"
                    TAGREFS="LT15288"
                    BASELINE="6 985 881 984" 
                    HPOS="6.0"
                    VPOS="961.0"
                    WIDTH="875.0"
                    HEIGHT="59.0">
            <Shape><Polygon POINTS="6 985 6 1020 74 1019 75 1019 94 1012 291 1019 292 1019 333 1012 414 1012 437 1019 438 1019 439 1019 475 1012 500 1019 502 1019 503 1019 504 1019 519 1012 546 1019 547 1019 548 1019 606 1013 621 1019 622 1019 623 1019 624 1019 643 1012 662 1019 664 1019 665 1019 666 1019 667 1019 676 1013 692 1019 693 1019 694 1020 826 1020 826 1019 827 1019 828 1019 837 1013 879 1019 881 984 879 963 350 967 346 966 339 961 338 961 337 961 336 961 335 961 319 966 313 967 292 966 213 961 211 961 210 961 193 967 191 967 188 967 162 961 160 961 117 967 114 967 111 967 75 961 74 961 10 967 6 985"/></Shape>
	    <String CONTENT="ברכתך סלה: ה&apos; צבאות עמנו. משגב לנו אלהי יעקב סלה:"
                    HPOS="6.0"
                    VPOS="961.0"
                    WIDTH="875.0"
                    HEIGHT="59.0"
                    WC="0.9819777113635365"></String>
          </TextLine>

          
          
          <TextLine ID="eSc_line_fc4f8097"
                    TAGREFS="LT15288"
                    BASELINE="5 1031 1014 1033" 
                    HPOS="4.0"
                    VPOS="1011.0"
                    WIDTH="1010.0"
                    HEIGHT="53.0">
            <Shape><Polygon POINTS="5 1031 4 1059 115 1063 116 1063 117 1063 130 1060 142 1056 147 1060 151 1063 152 1063 154 1063 155 1064 199 1064 199 1063 200 1063 213 1060 228 1056 288 1061 330 1063 332 1063 333 1063 334 1063 337 1061 344 1056 440 1056 451 1061 455 1063 456 1063 457 1064 521 1064 521 1063 522 1063 526 1062 538 1056 555 1062 557 1062 558 1062 559 1062 570 1062 641 1056 668 1062 675 1063 676 1063 691 1062 759 1056 771 1063 772 1063 774 1063 775 1063 780 1063 814 1056 842 1063 844 1063 845 1063 846 1063 849 1063 885 1056 1010 1063 1014 1033 1012 1011 5 1013 5 1031"/></Shape>
	    <String CONTENT="ה&apos; צבאות. אשרי אדם בטח בך: ה&apos;. הושיעה. המלך יעננו ביום"
                    HPOS="4.0"
                    VPOS="1011.0"
                    WIDTH="1010.0"
                    HEIGHT="53.0"
                    WC="0.979177788812287"></String>
          </TextLine>

          
          
          <TextLine ID="eSc_line_41a1bded"
                    TAGREFS="LT15288"
                    BASELINE="5 1078 1014 1076" 
                    HPOS="5.0"
                    VPOS="1054.0"
                    WIDTH="1009.0"
                    HEIGHT="59.0">
            <Shape><Polygon POINTS="5 1104 75 1110 77 1110 105 1105 114 1104 122 1105 149 1112 150 1112 186 1106 198 1104 202 1106 214 1112 215 1112 216 1113 286 1113 286 1112 338 1106 368 1104 395 1107 434 1112 435 1112 436 1112 448 1107 458 1104 481 1107 507 1112 508 1112 526 1108 549 1103 563 1108 568 1111 570 1111 571 1111 583 1108 607 1103 624 1108 631 1111 632 1111 633 1112 727 1112 727 1111 728 1111 729 1111 730 1110 742 1103 810 1110 822 1111 823 1111 825 1111 827 1110 848 1103 920 1103 1012 1111 1014 1076 1013 1060 742 1054 741 1054 721 1058 712 1060 704 1058 691 1054 690 1054 689 1054 633 1058 596 1060 576 1058 554 1054 553 1054 551 1054 543 1058 536 1060 402 1056 335 1055 334 1055 333 1055 328 1056 312 1061 274 1056 265 1055 264 1055 247 1056 169 1061 156 1055 155 1055 154 1055 152 1055 148 1055 108 1061 43 1055 39 1055 38 1055 37 1055 36 1055 28 1061 6 1055 5 1078 5 1104"/></Shape>
	    <String CONTENT=""
                    HPOS="5.0"
                    VPOS="1054.0"
                    WIDTH="1009.0"
                    HEIGHT="59.0"
                    WC="0.9890653831618172"></String>
          </TextLine>

          
          
          <TextLine ID="eSc_line_0bd65ca9"
                    TAGREFS="LT15288"
                    BASELINE="4 1123 1012 1123" 
                    HPOS="4.0"
                    VPOS="1101.0"
                    WIDTH="1008.0"
                    HEIGHT="56.0">
            <Shape><Polygon POINTS="4 1123 4 1152 77 1150 83 1153 94 1156 95 1156 96 1156 97 1156 108 1153 123 1148 146 1153 164 1156 165 1156 181 1153 203 1148 217 1153 219 1154 220 1154 222 1154 223 1154 224 1154 224 1153 234 1148 318 1148 369 1154 392 1156 393 1156 394 1156 401 1154 420 1148 441 1154 449 1156 451 1156 452 1156 453 1156 461 1154 477 1150 533 1155 559 1156 560 1156 568 1155 598 1148 617 1155 621 1156 622 1156 623 1157 672 1157 672 1156 682 1155 732 1148 759 1156 762 1156 763 1156 764 1157 1012 1157 1012 1123 1010 1103 791 1108 694 1102 675 1101 674 1101 673 1101 668 1102 642 1110 583 1110 524 1102 515 1101 514 1101 513 1101 512 1102 499 1107 415 1102 414 1102 358 1108 341 1102 339 1102 338 1102 337 1102 310 1110 236 1110 226 1102 225 1102 224 1102 223 1102 222 1102 207 1108 107 1108 75 1101 74 1101 73 1101 72 1101 54 1106 4 1101 4 1123"/></Shape>
	    <String CONTENT=""
                    HPOS="4.0"
                    VPOS="1101.0"
                    WIDTH="1008.0"
                    HEIGHT="56.0"
                    WC="0.9884368978116823"></String>
          </TextLine>

          
          
          <TextLine ID="eSc_line_983d36d7"
                    TAGREFS="LT15288"
                    BASELINE="5 1167 1010 1171" 
                    HPOS="4.0"
                    VPOS="1145.0"
                    WIDTH="1006.0"
                    HEIGHT="60.0">
            <Shape><Polygon POINTS="5 1167 4 1195 35 1203 36 1203 196 1197 274 1195 300 1198 339 1204 341 1204 378 1199 403 1196 411 1199 420 1204 421 1204 422 1204 452 1199 481 1196 585 1196 597 1201 602 1204 604 1204 605 1204 633 1201 686 1197 702 1203 710 1205 711 1205 712 1205 734 1203 783 1197 820 1204 830 1205 831 1205 832 1205 837 1204 860 1197 873 1204 876 1205 877 1205 878 1205 885 1204 919 1198 1007 1205 1010 1171 1009 1154 890 1147 889 1147 791 1152 771 1153 769 1152 762 1147 761 1147 760 1147 759 1147 727 1152 717 1153 703 1152 650 1146 649 1146 648 1146 636 1152 635 1152 634 1152 622 1146 621 1146 619 1146 529 1150 502 1152 473 1150 400 1146 398 1146 397 1146 385 1149 377 1152 283 1152 279 1149 269 1145 268 1145 267 1145 245 1149 236 1150 5 1148 5 1167"/></Shape>
	    <String CONTENT=""
                    HPOS="4.0"
                    VPOS="1145.0"
                    WIDTH="1006.0"
                    HEIGHT="60.0"
                    WC="0.997422132641077"></String>
          </TextLine>

          
          
          <TextLine ID="eSc_line_01c10380"
                    TAGREFS="LT15288"
                    BASELINE="5 1216 1009 1216" 
                    HPOS="5.0"
                    VPOS="1195.0"
                    WIDTH="1004.0"
                    HEIGHT="55.0">
            <Shape><Polygon POINTS="5 1216 6 1249 30 1241 135 1241 156 1249 158 1249 159 1249 160 1250 190 1250 190 1249 191 1249 192 1249 207 1241 268 1241 285 1248 287 1249 288 1249 290 1249 315 1248 434 1241 460 1248 469 1249 470 1249 471 1249 475 1247 490 1241 520 1241 530 1247 532 1249 533 1249 534 1249 536 1250 648 1250 648 1249 665 1247 696 1241 717 1247 728 1249 729 1249 730 1249 750 1246 781 1241 812 1246 834 1249 835 1249 836 1249 847 1246 863 1241 897 1246 925 1249 927 1249 1009 1244 1009 1216 1009 1200 929 1195 928 1195 927 1195 908 1200 905 1201 621 1201 616 1200 575 1195 574 1195 393 1200 381 1200 379 1200 350 1195 349 1195 313 1200 312 1200 300 1195 299 1195 298 1195 296 1195 295 1195 286 1200 285 1201 228 1201 228 1200 210 1195 209 1195 80 1195 79 1195 5 1200 5 1216"/></Shape>
	    <String CONTENT=""
                    HPOS="5.0"
                    VPOS="1195.0"
                    WIDTH="1004.0"
                    HEIGHT="55.0"
                    WC="0.9845447364178571"></String>
          </TextLine>

          
          
          <TextLine ID="eSc_line_045ad2b0"
                    TAGREFS="LT15288"
                    BASELINE="5 1259 1008 1261" 
                    HPOS="4.0"
                    VPOS="1238.0"
                    WIDTH="1004.0"
                    HEIGHT="59.0">
            <Shape><Polygon POINTS="5 1259 4 1293 71 1289 90 1294 95 1295 96 1295 97 1295 145 1294 264 1290 352 1293 427 1295 428 1295 429 1295 430 1295 435 1292 441 1289 451 1292 456 1294 457 1294 458 1294 477 1292 504 1289 517 1292 536 1297 537 1297 538 1297 539 1297 554 1292 560 1290 602 1290 607 1291 615 1297 616 1297 617 1297 618 1297 891 1290 912 1290 915 1290 965 1297 966 1297 1006 1289 1008 1261 1007 1247 932 1247 931 1246 921 1239 920 1239 919 1239 917 1239 885 1246 882 1246 880 1246 832 1239 831 1239 830 1239 808 1246 804 1246 793 1246 707 1239 706 1239 630 1244 609 1246 588 1244 506 1238 505 1238 466 1243 465 1243 464 1243 386 1238 385 1238 384 1238 383 1238 375 1243 371 1246 245 1246 237 1242 218 1238 217 1238 216 1238 194 1242 184 1244 5 1242 5 1259"/></Shape>
	    <String CONTENT=""
                    HPOS="4.0"
                    VPOS="1238.0"
                    WIDTH="1004.0"
                    HEIGHT="59.0"
                    WC="0.9720795224694645"></String>
          </TextLine>

          
          
          <TextLine ID="eSc_line_b33220d8"
                    TAGREFS="LT15288"
                    BASELINE="5 1308 1007 1306" 
                    HPOS="4.0"
                    VPOS="1286.0"
                    WIDTH="1003.0"
                    HEIGHT="66.0">
            <Shape><Polygon POINTS="5 1308 5 1352 160 1352 160 1351 162 1351 201 1336 311 1336 339 1349 341 1349 342 1349 384 1340 418 1350 419 1350 420 1350 421 1350 469 1336 498 1344 499 1344 500 1344 502 1344 503 1344 512 1338 558 1342 559 1342 560 1342 562 1342 571 1335 608 1343 609 1343 610 1343 633 1335 673 1335 743 1342 744 1342 745 1342 746 1342 753 1337 803 1349 805 1349 806 1349 808 1349 826 1340 886 1349 898 1350 899 1350 908 1349 940 1342 1006 1348 1007 1306 1005 1286 4 1286 5 1308"/></Shape>
	    <String CONTENT=""
                    HPOS="4.0"
                    VPOS="1286.0"
                    WIDTH="1003.0"
                    HEIGHT="66.0"
                    WC="0.9934822502343551"></String>
          </TextLine>

          
          
          <TextLine ID="eSc_line_c2b4e9b5"
                    TAGREFS="LT15288"
                    BASELINE="311 1353 664 1350" 
                    HPOS="310.0"
                    VPOS="1331.0"
                    WIDTH="354.0"
                    HEIGHT="65.0">
            <Shape><Polygon POINTS="311 1353 311 1384 368 1384 370 1385 386 1396 387 1396 388 1396 389 1396 445 1393 446 1393 447 1393 455 1387 462 1383 478 1387 503 1395 504 1395 505 1395 532 1393 533 1393 534 1393 534 1392 538 1389 547 1381 559 1381 572 1389 576 1394 577 1394 579 1394 580 1394 581 1394 590 1391 598 1387 607 1391 614 1394 615 1394 616 1394 664 1392 664 1350 660 1331 645 1336 550 1332 548 1332 547 1332 543 1332 421 1340 310 1334 311 1353"/></Shape>
	    <String CONTENT=""
                    HPOS="310.0"
                    VPOS="1331.0"
                    WIDTH="354.0"
                    HEIGHT="65.0"
                    WC="0.9793685766366812"></String>
          </TextLine>

          
          
          <TextLine ID="eSc_line_1f27e9be"
                    TAGREFS="LT15288"
                    BASELINE="260 1425 700 1425" 
                    HPOS="260.0"
                    VPOS="1392.0"
                    WIDTH="440.0"
                    HEIGHT="68.0">
            <Shape><Polygon POINTS="260 1425 261 1459 288 1452 350 1452 361 1457 364 1459 366 1459 367 1460 465 1460 465 1459 466 1459 475 1455 483 1452 490 1454 500 1459 502 1459 503 1460 530 1460 530 1459 531 1459 532 1459 532 1457 537 1454 539 1452 562 1453 638 1459 639 1459 640 1459 641 1459 641 1457 648 1452 660 1452 670 1452 686 1459 687 1459 689 1459 690 1459 691 1459 700 1452 700 1425 700 1405 678 1405 678 1404 662 1392 661 1392 660 1392 645 1392 644 1392 643 1392 642 1392 642 1393 630 1404 602 1397 601 1397 600 1397 554 1404 547 1404 546 1404 521 1392 520 1392 480 1392 479 1392 478 1392 477 1392 461 1403 457 1405 413 1405 411 1403 404 1396 404 1395 403 1395 402 1395 371 1393 370 1393 369 1393 353 1401 334 1392 333 1392 332 1392 330 1392 302 1402 296 1404 292 1402 282 1395 281 1395 279 1395 278 1395 277 1395 260 1401 260 1425"/></Shape>
	    <String CONTENT="אלהינו ואלהי אבותינו:"
                    HPOS="260.0"
                    VPOS="1392.0"
                    WIDTH="440.0"
                    HEIGHT="68.0"
                    WC="0.9817292034626007"></String>
          </TextLine>

          
          
          <TextLine ID="eSc_line_0ed82be5"
                    TAGREFS="LT15288"
                    BASELINE="5 1489 1002 1491" 
                    HPOS="4.0"
                    VPOS="1456.0"
                    WIDTH="998.0"
                    HEIGHT="85.0">
            <Shape><Polygon POINTS="5 1489 4 1530 36 1539 37 1539 38 1539 39 1539 62 1531 71 1528 77 1531 88 1539 89 1539 90 1539 91 1540 131 1540 131 1539 164 1532 205 1523 260 1523 285 1533 299 1539 300 1539 301 1539 329 1533 381 1523 426 1534 441 1539 443 1539 444 1539 445 1539 446 1539 452 1534 455 1533 509 1533 511 1533 512 1533 530 1524 642 1524 687 1538 698 1540 699 1540 700 1540 712 1538 768 1525 842 1536 843 1536 844 1536 865 1529 885 1539 885 1540 886 1540 887 1540 888 1541 1000 1541 1002 1491 1000 1460 733 1466 707 1459 706 1459 704 1459 703 1459 682 1466 649 1460 648 1460 574 1466 542 1461 541 1461 468 1465 443 1457 441 1457 440 1457 436 1457 337 1464 316 1457 315 1457 313 1457 312 1457 294 1464 282 1460 281 1460 279 1460 278 1460 262 1466 143 1466 114 1457 113 1457 5 1456 5 1489"/></Shape>
	    <String CONTENT="חזן משאת כפי מנחת ערב רצה נא בכשר, תכון תפלתי"
                    HPOS="4.0"
                    VPOS="1456.0"
                    WIDTH="998.0"
                    HEIGHT="85.0"
                    WC="0.9813417077064515"></String>
          </TextLine>

          
          
          <TextLine ID="eSc_line_b1ffcf3c"
                    TAGREFS="LT15288"
                    BASELINE="5 1557 818 1559" 
                    HPOS="5.0"
                    VPOS="1529.0"
                    WIDTH="813.0"
                    HEIGHT="77.0">
            <Shape><Polygon POINTS="5 1557 5 1602 32 1590 82 1602 87 1604 88 1604 89 1604 90 1604 91 1604 92 1602 115 1590 150 1590 179 1604 180 1604 181 1604 182 1605 264 1605 264 1604 265 1604 266 1604 282 1590 307 1590 347 1604 349 1604 350 1604 351 1604 352 1604 369 1590 393 1590 422 1590 439 1602 440 1602 441 1602 443 1602 444 1602 445 1602 461 1591 488 1591 523 1605 525 1605 526 1605 528 1606 587 1606 587 1605 588 1605 589 1605 598 1598 636 1605 640 1605 641 1605 642 1605 643 1605 656 1593 685 1591 694 1598 694 1599 695 1599 696 1599 698 1599 776 1594 813 1605 818 1559 814 1530 792 1536 776 1530 775 1530 774 1530 772 1530 744 1540 684 1540 673 1531 673 1530 672 1530 670 1530 635 1530 634 1530 633 1530 632 1530 631 1531 617 1540 579 1540 567 1531 565 1530 564 1530 563 1530 562 1530 546 1532 499 1538 474 1532 462 1530 461 1530 445 1532 413 1539 406 1533 402 1530 402 1529 401 1529 400 1529 398 1529 377 1533 364 1536 361 1533 355 1529 354 1529 353 1529 303 1529 302 1529 301 1529 286 1533 274 1538 259 1534 239 1529 237 1529 236 1529 235 1529 223 1534 217 1537 209 1534 197 1531 196 1531 194 1531 193 1531 186 1534 179 1539 107 1539 101 1536 95 1532 94 1532 92 1532 5 1536 5 1557"/></Shape>
	    <String CONTENT="קטורת לפניך בתם ובישר, בקראי ענני צורי"
                    HPOS="5.0"
                    VPOS="1529.0"
                    WIDTH="813.0"
                    HEIGHT="77.0"
                    WC="0.9590546127996946"></String>
          </TextLine>

          
          
          <TextLine ID="eSc_line_f10b8f76"
                    TAGREFS="LT15288"
                    BASELINE="4 1630 1000 1627" 
                    HPOS="4.0"
                    VPOS="1599.0"
                    WIDTH="996.0"
                    HEIGHT="78.0">
            <Shape><Polygon POINTS="4 1669 103 1665 111 1669 120 1676 121 1676 122 1676 123 1677 239 1677 239 1676 240 1676 257 1668 264 1665 310 1665 317 1668 322 1671 324 1671 325 1671 326 1671 359 1668 377 1676 378 1676 379 1677 426 1677 426 1676 427 1676 452 1667 458 1665 465 1667 485 1673 486 1673 487 1673 488 1673 508 1666 519 1664 594 1664 599 1666 617 1675 618 1675 619 1675 649 1669 741 1675 742 1675 743 1675 776 1665 780 1664 822 1664 823 1664 845 1675 846 1675 847 1676 879 1676 879 1675 929 1664 930 1664 963 1674 964 1674 965 1674 966 1674 1000 1662 1000 1627 998 1606 970 1609 953 1605 942 1602 941 1602 940 1602 939 1602 932 1605 925 1608 915 1605 896 1599 895 1599 848 1599 847 1599 846 1599 826 1605 809 1610 718 1610 707 1605 702 1602 701 1602 700 1602 673 1605 609 1609 599 1604 596 1602 594 1602 593 1602 581 1604 545 1609 520 1604 503 1600 502 1600 500 1600 499 1600 496 1604 489 1609 461 1609 452 1604 445 1600 444 1600 443 1600 441 1600 432 1604 419 1609 411 1604 410 1602 409 1602 407 1602 406 1602 396 1604 363 1607 313 1604 276 1600 275 1600 257 1602 223 1608 183 1602 164 1600 163 1600 138 1602 73 1609 62 1602 60 1600 58 1600 57 1600 56 1600 55 1600 47 1602 29 1607 4 1602 4 1630 4 1669"/></Shape>
	    <String CONTENT="היום יפנה: קהל - כאשר יביאו בני ישראל את המנחה: חזן - ריח"
                    HPOS="4.0"
                    VPOS="1599.0"
                    WIDTH="996.0"
                    HEIGHT="78.0"
                    WC="0.9785614840008996"></String>
          </TextLine>

          
          
          <TextLine ID="eSc_line_73632264"
                    TAGREFS="LT15288"
                    BASELINE="4 1696 1000 1694" 
                    HPOS="3.0"
                    VPOS="1668.0"
                    WIDTH="997.0"
                    HEIGHT="78.0">
            <Shape><Polygon POINTS="4 1696 4 1746 112 1734 149 1745 150 1745 151 1745 230 1744 231 1744 269 1734 299 1745 300 1745 301 1745 302 1745 334 1734 460 1744 472 1745 473 1745 474 1745 477 1744 503 1733 580 1733 601 1744 602 1744 604 1744 605 1745 695 1745 695 1744 696 1744 699 1743 723 1733 789 1743 800 1744 801 1745 863 1745 863 1744 872 1743 904 1735 923 1739 924 1739 925 1739 927 1739 928 1739 938 1733 976 1733 997 1742 1000 1694 998 1677 815 1677 810 1677 770 1670 769 1670 768 1670 746 1677 745 1677 744 1677 726 1668 725 1668 724 1668 594 1674 566 1668 565 1668 498 1675 424 1669 423 1669 422 1669 403 1677 400 1678 381 1677 313 1673 312 1673 286 1677 259 1669 258 1669 257 1669 165 1676 115 1669 114 1669 113 1669 112 1669 100 1677 83 1670 82 1670 81 1670 80 1670 57 1677 27 1671 26 1671 24 1671 3 1677 4 1696"/></Shape>
	    <String CONTENT="ניחוח אמרי פי לפניך צור עולמים, חלבי ודמי הנמעט"
                    HPOS="3.0"
                    VPOS="1668.0"
                    WIDTH="997.0"
                    HEIGHT="78.0"
                    WC="0.9888607022610116"></String>
          </TextLine>

          
          
          <TextLine ID="eSc_line_6bbdf185"
                    TAGREFS="LT15288"
                    BASELINE="4 1766 1000 1766" 
                    HPOS="4.0"
                    VPOS="1735.0"
                    WIDTH="996.0"
                    HEIGHT="91.0">
            <Shape><Polygon POINTS="4 1766 5 1820 15 1815 23 1820 30 1824 31 1824 32 1824 33 1826 231 1826 231 1824 232 1824 245 1819 258 1814 285 1819 319 1824 320 1826 409 1826 409 1824 410 1824 428 1818 447 1812 468 1818 471 1819 472 1819 473 1819 474 1819 477 1818 494 1812 582 1812 596 1818 610 1823 611 1823 650 1824 651 1824 690 1816 716 1812 725 1816 740 1824 741 1824 742 1826 792 1826 792 1824 793 1824 794 1824 806 1816 814 1812 946 1812 955 1815 971 1824 972 1824 973 1824 974 1824 975 1824 988 1815 991 1813 997 1815 1000 1766 1000 1744 966 1735 965 1735 915 1735 914 1735 913 1735 888 1744 886 1744 883 1744 844 1735 843 1735 801 1742 780 1735 779 1735 706 1735 704 1735 703 1735 686 1744 685 1744 649 1736 648 1736 473 1744 465 1744 464 1744 441 1735 440 1735 405 1735 404 1735 403 1735 384 1744 383 1744 342 1738 341 1738 312 1744 300 1735 299 1735 298 1735 254 1735 253 1735 252 1735 230 1744 230 1745 74 1745 70 1745 54 1736 53 1736 52 1736 4 1744 4 1766"/></Shape>
	    <String CONTENT="בצומי תמור חלבים ודמים, קבל הגיון לבי אשר ערכתי"
                    HPOS="4.0"
                    VPOS="1735.0"
                    WIDTH="996.0"
                    HEIGHT="91.0"
                    WC="0.9852745157221089"></String>
          </TextLine>

          
        </TextBlock>
        

        
      </PrintSpace>
    </Page>
  </Layout>
</alto>
