<?xml version="1.0" encoding="UTF-8"?>
<alto xmlns:xsi="http://www.w3.org/2001/XMLSchema-instance"
      xmlns="http://www.loc.gov/standards/alto/ns-v4#"
      xsi:schemaLocation="http://www.loc.gov/standards/alto/ns-v4# http://www.loc.gov/standards/alto/v4/alto-4-2.xsd">
  <Description>
    <MeasurementUnit>pixel</MeasurementUnit>
    <sourceImageInformation>
      <fileName>IE87297122_00014.jpg</fileName>
      <fileIdentifier>mets//export_doc4366_1col_14_copy_alto_202404261215.zip/IE87297122_00014.jpg</fileIdentifier>
    </sourceImageInformation>
  </Description>
  
  <Tags>
    <OtherTag ID="BT8356" LABEL="MainLeft" DESCRIPTION="block type MainLeft"/><OtherTag ID="BT8355" LABEL="MainRight" DESCRIPTION="block type MainRight"/><OtherTag ID="BT6914" LABEL="Handwritten" DESCRIPTION="block type Handwritten"/><OtherTag ID="BT6913" LABEL="RunningHeader" DESCRIPTION="block type RunningHeader"/><OtherTag ID="BT6912" LABEL="Catchword" DESCRIPTION="block type Catchword"/><OtherTag ID="BT6911" LABEL="Margin" DESCRIPTION="block type Margin"/><OtherTag ID="BT6910" LABEL="FooterCentral" DESCRIPTION="block type FooterCentral"/><OtherTag ID="BT6909" LABEL="MainCentral" DESCRIPTION="block type MainCentral"/><OtherTag ID="BT6908" LABEL="Header" DESCRIPTION="block type Header"/><OtherTag ID="BT4" LABEL="Illustration" DESCRIPTION="block type Illustration"/><OtherTag ID="BT3" LABEL="Commentary" DESCRIPTION="block type Commentary"/><OtherTag ID="BT2" LABEL="Main" DESCRIPTION="block type Main"/><OtherTag ID="BT1" LABEL="Title" DESCRIPTION="block type Title"/>
    <OtherTag ID="LT15938" LABEL="MainLeft" DESCRIPTION="line type MainLeft"/><OtherTag ID="LT15937" LABEL="MainRight" DESCRIPTION="line type MainRight"/><OtherTag ID="LT15289" LABEL="Handwritten" DESCRIPTION="line type Handwritten"/><OtherTag ID="LT15288" LABEL="MainCentral" DESCRIPTION="line type MainCentral"/><OtherTag ID="LT15287" LABEL="NotMain" DESCRIPTION="line type NotMain"/>
  </Tags>
  
  <Layout>
    <Page WIDTH="1474"
          HEIGHT="2251"
          PHYSICAL_IMG_NR="18"
          ID="eSc_dummypage_">
      <PrintSpace HPOS="0"
                  VPOS="0"
                  WIDTH="1474"
                  HEIGHT="2251">
        
        <TextBlock HPOS="110.0"
                   VPOS="115.0"
                   WIDTH="1308.0"
                   HEIGHT="2064.0"
                   ID="eSc_textblock_caa94adf"
                   TAGREFS="BT6909">
          <Shape><Polygon POINTS="140 115 1413 130 1418 2049 1393 2169 889 2179 120 2159 110 315 115 130 140 115"/></Shape>
          
          
          <TextLine ID="eSc_line_f3dc1151"
                    TAGREFS="LT15288"
                    BASELINE="115 141 1398 153" 
                    HPOS="112.0"
                    VPOS="116.0"
                    WIDTH="1285.0"
                    HEIGHT="94.0">
            <Shape><Polygon POINTS="1389 129 1370 129 1351 129 1333 129 1314 129 1295 129 1276 129 1258 129 1239 127 1220 127 1201 127 1182 127 1164 127 1145 127 1126 127 1107 127 1089 125 1070 125 1051 125 1032 125 1013 125 995 125 976 125 957 125 938 125 920 123 901 123 882 123 863 123 844 123 826 123 807 123 788 123 769 121 751 121 732 121 713 121 694 121 675 121 657 121 638 121 619 121 600 120 582 120 563 120 544 120 525 120 506 120 488 120 469 120 450 118 431 118 413 118 394 118 375 118 356 118 337 118 319 118 300 118 281 116 262 116 244 116 225 116 206 116 187 116 168 116 150 116 131 120 114 125 114 140 112 181 148 198 150 198 152 200 294 200 294 198 296 198 321 185 324 183 368 183 369 185 388 200 390 200 392 200 394 200 396 200 429 187 435 185 506 185 514 189 535 202 537 202 538 202 540 202 672 193 751 187 767 195 788 204 790 204 792 206 865 206 865 204 867 204 884 196 899 191 933 198 961 204 963 204 965 204 967 204 974 198 987 191 1023 200 1044 206 1045 206 1047 206 1049 206 1051 206 1057 200 1072 191 1104 191 1122 202 1126 206 1128 206 1130 206 1132 206 1134 206 1143 204 1166 196 1175 204 1179 208 1181 208 1182 208 1184 208 1237 206 1239 206 1241 206 1273 193 1288 206 1288 208 1289 208 1291 208 1293 210 1393 210 1397 151 1395 129 1389 129"/></Shape>
	    <String CONTENT=""
                    HPOS="112.0"
                    VPOS="116.0"
                    WIDTH="1285.0"
                    HEIGHT="94.0"
                    WC="0.9753642082214355"></String>
          </TextLine>

          
          
          <TextLine ID="eSc_line_9cb337bc"
                    TAGREFS="LT15288"
                    BASELINE="115 225 1397 233" 
                    HPOS="112.0"
                    VPOS="196.0"
                    WIDTH="1283.0"
                    HEIGHT="92.0">
            <Shape><Polygon POINTS="114 223 112 271 170 281 172 281 174 281 187 273 199 268 229 273 262 281 264 281 266 281 268 281 277 275 289 268 326 268 349 275 368 283 369 283 371 283 373 283 375 283 384 275 396 270 433 277 460 281 461 281 463 281 465 281 469 277 480 270 553 270 595 279 623 285 625 285 627 285 644 279 662 273 674 279 679 285 681 285 683 285 685 285 711 281 749 273 775 281 786 285 788 285 790 285 841 283 974 273 989 285 991 287 993 287 995 287 997 288 1062 288 1062 287 1064 287 1066 287 1068 285 1085 275 1128 287 1141 288 1143 288 1145 288 1154 287 1196 275 1389 288 1395 232 1393 206 114 196 114 223"/></Shape>
	    <String CONTENT=""
                    HPOS="112.0"
                    VPOS="196.0"
                    WIDTH="1283.0"
                    HEIGHT="92.0"
                    WC="0.9793634998555086"></String>
          </TextLine>

          
          
          <TextLine ID="eSc_line_86dfd3d2"
                    TAGREFS="LT15288"
                    BASELINE="117 307 1400 315" 
                    HPOS="114.0"
                    VPOS="273.0"
                    WIDTH="1284.0"
                    HEIGHT="98.0">
            <Shape><Polygon POINTS="116 305 114 345 197 365 199 365 311 350 324 348 328 350 364 365 366 365 443 367 445 369 475 369 475 367 476 367 478 367 495 354 501 350 610 350 617 356 630 367 632 367 634 367 636 367 702 358 707 358 715 358 833 369 835 369 837 369 839 369 848 360 861 352 888 352 905 362 914 369 916 369 918 369 920 369 968 363 987 362 1051 365 1162 371 1164 371 1166 371 1177 367 1203 360 1235 369 1244 371 1246 371 1248 371 1250 371 1256 369 1280 358 1393 371 1398 313 1397 287 758 273 756 273 116 277 116 305"/></Shape>
	    <String CONTENT=""
                    HPOS="114.0"
                    VPOS="273.0"
                    WIDTH="1284.0"
                    HEIGHT="98.0"
                    WC="0.969617063584535"></String>
          </TextLine>

          
          
          <TextLine ID="eSc_line_eb457cf3"
                    TAGREFS="LT15288"
                    BASELINE="118 388 1400 395" 
                    HPOS="114.0"
                    VPOS="356.0"
                    WIDTH="1284.0"
                    HEIGHT="101.0">
            <Shape><Polygon POINTS="116 386 114 431 189 433 225 452 227 452 229 453 390 453 390 452 392 452 394 452 414 437 416 435 428 437 503 453 505 455 659 455 659 453 660 453 689 440 700 437 784 437 796 442 818 455 820 455 822 455 871 453 873 453 875 453 886 444 895 438 942 446 1004 453 1006 453 1008 453 1025 446 1044 438 1053 448 1057 450 1057 452 1059 452 1060 452 1111 457 1113 457 1115 457 1136 448 1154 440 1173 450 1186 455 1188 455 1190 455 1218 450 1259 440 1288 452 1306 457 1308 457 1310 457 1312 457 1336 452 1361 446 1393 452 1398 393 1397 367 116 356 116 386"/></Shape>
	    <String CONTENT=""
                    HPOS="114.0"
                    VPOS="356.0"
                    WIDTH="1284.0"
                    HEIGHT="101.0"
                    WC="0.9906861186027527"></String>
          </TextLine>

          
          
          <TextLine ID="eSc_line_2e65adeb"
                    TAGREFS="LT15288"
                    BASELINE="115 468 1398 478" 
                    HPOS="112.0"
                    VPOS="442.0"
                    WIDTH="1285.0"
                    HEIGHT="96.0">
            <Shape><Polygon POINTS="114 467 112 510 170 528 172 528 174 528 176 528 221 513 253 528 255 528 257 530 347 530 347 528 349 528 351 528 369 513 407 513 544 513 563 528 565 528 567 528 651 532 653 532 783 523 807 530 809 530 811 530 813 530 858 519 895 534 897 534 899 536 953 536 953 534 955 534 957 534 957 532 974 519 1000 519 1013 519 1075 534 1077 534 1199 536 1201 536 1203 536 1231 525 1243 536 1244 536 1246 536 1248 538 1340 538 1340 536 1342 536 1395 521 1397 476 1395 452 114 442 114 467"/></Shape>
	    <String CONTENT=""
                    HPOS="112.0"
                    VPOS="442.0"
                    WIDTH="1285.0"
                    HEIGHT="96.0"
                    WC="0.9869838699381402"></String>
          </TextLine>

          
          
          <TextLine ID="eSc_line_063d77b0"
                    TAGREFS="LT15288"
                    BASELINE="115 553 1396 557" 
                    HPOS="112.0"
                    VPOS="517.0"
                    WIDTH="1283.0"
                    HEIGHT="100.0">
            <Shape><Polygon POINTS="114 551 112 605 155 613 157 613 159 613 161 613 168 605 180 598 240 598 262 605 283 613 285 613 287 613 289 613 291 613 300 605 313 598 409 598 433 605 460 613 461 613 463 613 465 613 495 605 522 598 544 605 572 613 574 613 576 615 666 615 666 613 668 613 702 604 724 598 743 604 775 615 777 615 779 615 781 615 809 604 818 600 878 600 884 604 899 615 901 615 903 615 905 615 906 615 950 604 955 602 957 604 974 615 976 615 978 615 980 617 1038 617 1038 615 1040 615 1074 602 1079 600 1087 602 1117 615 1119 615 1120 617 1212 617 1212 615 1214 615 1239 602 1241 600 1243 602 1256 613 1256 615 1258 615 1259 615 1261 615 1321 602 1323 602 1370 615 1372 615 1374 615 1376 615 1378 615 1393 602 1395 555 1393 528 114 517 114 551"/></Shape>
	    <String CONTENT=""
                    HPOS="112.0"
                    VPOS="517.0"
                    WIDTH="1283.0"
                    HEIGHT="100.0"
                    WC="0.9764547688620431"></String>
          </TextLine>

          
          
          <TextLine ID="eSc_line_087f2f40"
                    TAGREFS="LT15288"
                    BASELINE="115 632 1397 644" 
                    HPOS="112.0"
                    VPOS="604.0"
                    WIDTH="1283.0"
                    HEIGHT="99.0">
            <Shape><Polygon POINTS="114 630 112 686 538 686 542 688 550 695 552 695 553 695 555 695 617 688 623 688 627 688 660 697 662 697 664 697 769 690 790 688 801 690 859 699 861 699 1070 692 1081 701 1083 701 1085 701 1087 701 1197 692 1203 692 1205 692 1239 703 1241 703 1243 703 1391 692 1395 643 1393 619 1286 607 1284 607 1282 607 1254 617 1252 617 1248 617 1214 605 1212 605 1211 605 1119 615 1111 615 1104 615 1028 604 1027 604 114 604 114 630"/></Shape>
	    <String CONTENT=""
                    HPOS="112.0"
                    VPOS="604.0"
                    WIDTH="1283.0"
                    HEIGHT="99.0"
                    WC="0.9741417546661533"></String>
          </TextLine>

          
          
          <TextLine ID="eSc_line_4cf838f1"
                    TAGREFS="LT15288"
                    BASELINE="117 717 1398 722" 
                    HPOS="114.0"
                    VPOS="688.0"
                    WIDTH="1283.0"
                    HEIGHT="88.0">
            <Shape><Polygon POINTS="116 716 114 757 167 774 168 774 170 776 217 776 217 774 219 774 221 774 221 772 234 763 251 774 253 774 255 774 257 774 259 774 283 761 368 774 369 774 371 774 373 774 388 761 390 761 424 774 426 774 428 774 486 763 499 761 568 761 574 765 585 774 587 774 589 774 591 774 715 772 717 772 719 772 724 767 730 761 736 767 751 776 752 776 754 776 756 776 837 769 886 763 929 763 936 769 942 774 944 774 946 774 948 774 950 774 967 769 989 763 1008 770 1013 772 1015 772 1017 772 1036 770 1087 763 1098 770 1104 776 1105 776 1107 776 1109 776 1136 772 1182 763 1207 772 1216 776 1218 776 1220 776 1222 776 1231 772 1256 765 1269 774 1271 776 1273 776 1274 776 1276 776 1393 774 1397 720 1395 694 116 688 116 716"/></Shape>
	    <String CONTENT=""
                    HPOS="114.0"
                    VPOS="688.0"
                    WIDTH="1283.0"
                    HEIGHT="88.0"
                    WC="0.9911362504472538"></String>
          </TextLine>

          
          
          <TextLine ID="eSc_line_f561a1ba"
                    TAGREFS="LT15288"
                    BASELINE="116 799 1395 805" 
                    HPOS="112.0"
                    VPOS="759.0"
                    WIDTH="1281.0"
                    HEIGHT="102.0">
            <Shape><Polygon POINTS="114 797 112 844 227 855 229 855 230 855 259 846 262 844 264 846 276 855 277 855 279 855 281 855 283 855 306 846 307 844 307 846 317 853 319 853 321 853 322 853 405 846 431 844 482 844 484 846 495 857 497 857 499 857 501 857 690 846 713 846 717 846 749 859 751 859 752 859 754 859 781 847 807 859 809 859 811 861 912 861 912 859 914 859 916 859 931 849 1070 861 1072 861 1128 851 1173 861 1175 861 1177 861 1179 861 1196 849 1357 861 1359 861 1361 861 1391 847 1393 804 1391 778 1224 765 1222 765 1220 765 1218 765 1207 776 1179 776 1122 776 1117 776 1074 763 1072 763 1070 763 1012 774 998 763 997 763 995 763 993 763 914 774 908 774 683 774 683 772 666 761 664 761 662 761 660 761 659 761 627 772 625 772 621 772 518 761 516 761 514 761 488 772 484 772 482 772 454 763 452 763 450 763 366 770 354 761 353 761 351 761 349 761 189 769 170 759 168 759 167 759 114 769 114 797"/></Shape>
	    <String CONTENT=""
                    HPOS="112.0"
                    VPOS="759.0"
                    WIDTH="1281.0"
                    HEIGHT="102.0"
                    WC="0.9742738541136396"></String>
          </TextLine>

          
          
          <TextLine ID="eSc_line_b5fd73ff"
                    TAGREFS="LT15288"
                    BASELINE="115 876 1400 886" 
                    HPOS="112.0"
                    VPOS="849.0"
                    WIDTH="1286.0"
                    HEIGHT="100.0">
            <Shape><Polygon POINTS="114 874 112 924 122 934 122 936 123 936 125 936 127 936 129 936 155 928 197 939 199 939 200 939 277 932 339 941 341 941 343 941 345 941 369 924 576 928 591 941 591 943 593 943 595 943 597 943 741 932 781 945 783 945 784 945 871 934 935 945 936 945 938 945 961 932 967 930 970 932 1000 947 1002 947 1004 949 1049 949 1049 947 1051 947 1075 934 1085 930 1094 934 1107 941 1109 941 1111 941 1186 936 1203 936 1205 937 1218 947 1220 947 1222 947 1224 947 1226 947 1259 937 1284 932 1314 939 1359 949 1361 949 1363 949 1397 939 1398 885 1397 862 1186 851 1184 851 1027 859 1000 859 997 859 976 849 974 849 972 849 114 849 114 874"/></Shape>
	    <String CONTENT=""
                    HPOS="112.0"
                    VPOS="849.0"
                    WIDTH="1286.0"
                    HEIGHT="100.0"
                    WC="0.9868420841901199"></String>
          </TextLine>

          
          
          <TextLine ID="eSc_line_2f1d52e9"
                    TAGREFS="LT15288"
                    BASELINE="414 961 1102 967" 
                    HPOS="411.0"
                    VPOS="924.0"
                    WIDTH="689.0"
                    HEIGHT="102.0">
            <Shape><Polygon POINTS="413 960 411 1007 433 1016 435 1016 437 1016 527 1009 529 1009 544 1020 544 1022 546 1022 548 1022 550 1022 617 1011 630 1009 638 1011 668 1024 670 1024 672 1024 717 1012 732 1011 775 1014 880 1026 882 1026 1096 1022 1100 966 1098 936 942 928 940 928 938 928 916 936 899 939 895 936 888 928 886 928 884 928 882 928 824 936 796 937 788 936 767 926 766 926 764 926 762 926 760 926 760 928 752 936 749 939 647 939 621 936 544 924 542 924 540 924 538 924 538 926 529 936 527 936 413 936 413 960"/></Shape>
	    <String CONTENT=""
                    HPOS="411.0"
                    VPOS="924.0"
                    WIDTH="689.0"
                    HEIGHT="102.0"
                    WC="0.9692377150058746"></String>
          </TextLine>

          
          
          <TextLine ID="eSc_line_3d543814"
                    TAGREFS="LT15288"
                    BASELINE="116 1045 1400 1054" 
                    HPOS="112.0"
                    VPOS="1014.0"
                    WIDTH="1286.0"
                    HEIGHT="96.0">
            <Shape><Polygon POINTS="114 1044 112 1095 276 1104 277 1104 334 1097 377 1091 390 1097 405 1104 407 1104 409 1104 411 1104 413 1104 422 1097 431 1091 454 1097 486 1106 488 1106 490 1106 491 1106 493 1106 503 1097 510 1093 576 1093 593 1099 617 1106 619 1106 621 1106 694 1099 745 1093 751 1099 760 1106 760 1108 762 1108 764 1108 766 1108 905 1099 953 1097 963 1099 985 1108 987 1108 989 1108 991 1108 1010 1101 1021 1095 1025 1101 1034 1106 1034 1108 1036 1108 1038 1108 1040 1108 1042 1108 1064 1101 1074 1097 1083 1101 1111 1110 1113 1110 1115 1110 1188 1101 1194 1101 1197 1101 1235 1110 1237 1110 1239 1110 1241 1110 1243 1110 1243 1108 1252 1101 1256 1097 1269 1101 1299 1110 1301 1110 1303 1110 1395 1101 1398 1052 1397 1022 114 1014 114 1044"/></Shape>
	    <String CONTENT=""
                    HPOS="112.0"
                    VPOS="1014.0"
                    WIDTH="1286.0"
                    HEIGHT="96.0"
                    WC="0.9877353920493015"></String>
          </TextLine>

          
          
          <TextLine ID="eSc_line_12d81a18"
                    TAGREFS="LT15288"
                    BASELINE="115 1125 1257 1131" 
                    HPOS="112.0"
                    VPOS="1097.0"
                    WIDTH="1144.0"
                    HEIGHT="94.0">
            <Shape><Polygon POINTS="114 1123 112 1166 168 1168 184 1183 184 1185 185 1185 187 1185 189 1187 219 1187 219 1185 221 1185 223 1185 240 1170 242 1170 244 1170 347 1185 349 1185 443 1174 476 1170 491 1174 523 1187 525 1187 527 1187 529 1187 550 1176 557 1172 572 1176 608 1187 610 1187 612 1187 719 1179 818 1172 856 1181 880 1189 882 1189 884 1189 912 1183 955 1174 1017 1174 1030 1185 1034 1187 1034 1189 1036 1189 1038 1189 1040 1191 1113 1191 1113 1189 1115 1189 1117 1189 1119 1187 1137 1176 1250 1189 1256 1129 1254 1097 114 1097 114 1123"/></Shape>
	    <String CONTENT=""
                    HPOS="112.0"
                    VPOS="1097.0"
                    WIDTH="1144.0"
                    HEIGHT="94.0"
                    WC="0.984328820155217"></String>
          </TextLine>

          
          
          <TextLine ID="eSc_line_efd19ee0"
                    TAGREFS="LT15288"
                    BASELINE="116 1206 1402 1215" 
                    HPOS="112.0"
                    VPOS="1178.0"
                    WIDTH="1288.0"
                    HEIGHT="97.0">
            <Shape><Polygon POINTS="114 1204 112 1247 219 1266 221 1268 255 1268 255 1266 257 1266 259 1266 277 1251 304 1266 306 1266 369 1268 371 1269 450 1269 450 1268 452 1268 454 1268 473 1253 527 1253 563 1268 565 1268 567 1268 568 1268 604 1256 651 1269 653 1269 655 1269 657 1269 659 1269 677 1254 749 1254 767 1269 769 1269 771 1269 773 1271 829 1271 829 1269 831 1269 884 1254 957 1254 982 1271 983 1271 985 1271 1141 1273 1143 1275 1201 1275 1201 1273 1203 1273 1205 1273 1222 1260 1293 1273 1295 1273 1297 1273 1335 1258 1397 1258 1400 1213 1400 1189 1145 1178 1143 1178 114 1178 114 1204"/></Shape>
	    <String CONTENT=""
                    HPOS="112.0"
                    VPOS="1178.0"
                    WIDTH="1288.0"
                    HEIGHT="97.0"
                    WC="0.972078856001509"></String>
          </TextLine>

          
          
          <TextLine ID="eSc_line_e1b380db"
                    TAGREFS="LT15288"
                    BASELINE="117 1290 1403 1296" 
                    HPOS="114.0"
                    VPOS="1258.0"
                    WIDTH="1288.0"
                    HEIGHT="94.0">
            <Shape><Polygon POINTS="116 1288 114 1339 122 1346 122 1348 123 1348 125 1348 127 1350 232 1350 232 1348 234 1348 236 1348 249 1337 306 1348 307 1350 413 1350 413 1348 414 1348 416 1348 428 1339 439 1348 441 1348 443 1348 445 1348 490 1339 503 1337 506 1339 516 1348 518 1348 520 1348 522 1348 593 1341 617 1339 647 1343 721 1350 722 1350 724 1350 726 1350 734 1343 739 1339 779 1339 784 1344 788 1346 788 1348 790 1348 792 1348 875 1350 876 1350 878 1350 890 1344 903 1339 923 1346 936 1350 938 1350 940 1350 942 1350 951 1346 967 1339 983 1346 991 1350 993 1350 995 1350 997 1350 998 1350 1002 1346 1012 1341 1055 1348 1087 1352 1089 1352 1162 1350 1351 1341 1395 1352 1402 1294 1400 1258 116 1258 116 1288"/></Shape>
	    <String CONTENT=""
                    HPOS="114.0"
                    VPOS="1258.0"
                    WIDTH="1288.0"
                    HEIGHT="94.0"
                    WC="0.9854164990511808"></String>
          </TextLine>

          
          
          <TextLine ID="eSc_line_2b3187e1"
                    TAGREFS="LT15288"
                    BASELINE="117 1370 1405 1379" 
                    HPOS="114.0"
                    VPOS="1335.0"
                    WIDTH="1290.0"
                    HEIGHT="103.0">
            <Shape><Polygon POINTS="116 1369 114 1418 138 1427 140 1427 142 1427 144 1427 159 1420 167 1416 185 1420 206 1423 208 1423 232 1420 283 1412 322 1421 356 1429 358 1429 360 1429 381 1421 405 1414 531 1414 583 1425 612 1431 614 1431 615 1431 636 1425 675 1416 719 1427 739 1433 741 1433 743 1433 745 1433 758 1427 790 1416 811 1429 816 1433 818 1433 820 1433 822 1433 850 1429 905 1421 936 1431 938 1431 940 1431 942 1431 948 1431 997 1423 1008 1431 1012 1435 1013 1435 1015 1435 1017 1435 1019 1435 1030 1433 1075 1420 1139 1433 1156 1436 1158 1438 1243 1438 1243 1436 1244 1436 1248 1435 1271 1425 1297 1436 1299 1436 1301 1436 1303 1438 1400 1438 1404 1378 1404 1350 711 1337 709 1337 674 1344 668 1344 662 1344 634 1335 632 1335 630 1335 116 1339 116 1369"/></Shape>
	    <String CONTENT=""
                    HPOS="114.0"
                    VPOS="1335.0"
                    WIDTH="1290.0"
                    HEIGHT="103.0"
                    WC="0.9618133817400251"></String>
          </TextLine>

          
          
          <TextLine ID="eSc_line_41b249aa"
                    TAGREFS="LT15288"
                    BASELINE="115 1450 1405 1461" 
                    HPOS="112.0"
                    VPOS="1423.0"
                    WIDTH="1292.0"
                    HEIGHT="96.0">
            <Shape><Polygon POINTS="114 1448 112 1493 161 1510 163 1510 165 1510 311 1496 354 1511 356 1511 358 1511 405 1502 456 1511 458 1511 460 1511 490 1498 538 1513 540 1513 542 1513 544 1513 580 1500 668 1513 670 1515 732 1515 732 1513 734 1513 736 1513 756 1500 828 1515 829 1515 831 1515 861 1502 968 1502 1021 1517 1023 1517 1025 1517 1027 1517 1064 1508 1074 1517 1075 1517 1077 1517 1207 1519 1209 1519 1400 1504 1404 1459 1404 1431 114 1423 114 1448"/></Shape>
	    <String CONTENT=""
                    HPOS="112.0"
                    VPOS="1423.0"
                    WIDTH="1292.0"
                    HEIGHT="96.0"
                    WC="0.9833198988437652"></String>
          </TextLine>

          
          
          <TextLine ID="eSc_line_33bf4cf1"
                    TAGREFS="LT15288"
                    BASELINE="116 1536 1405 1541" 
                    HPOS="112.0"
                    VPOS="1506.0"
                    WIDTH="1292.0"
                    HEIGHT="97.0">
            <Shape><Polygon POINTS="114 1534 112 1583 245 1583 247 1583 266 1598 268 1598 270 1598 272 1598 274 1598 309 1585 379 1598 381 1598 383 1598 426 1586 441 1596 443 1596 445 1596 446 1596 505 1586 565 1594 567 1594 568 1594 570 1594 580 1585 582 1585 589 1585 687 1600 689 1600 754 1590 820 1600 822 1600 824 1600 858 1586 867 1585 957 1585 965 1588 983 1601 985 1601 987 1601 989 1601 991 1601 1032 1590 1047 1601 1049 1601 1051 1601 1053 1603 1207 1603 1207 1601 1209 1601 1241 1590 1250 1586 1254 1590 1267 1601 1269 1601 1271 1601 1273 1601 1400 1590 1404 1540 1404 1513 114 1506 114 1534"/></Shape>
	    <String CONTENT=""
                    HPOS="112.0"
                    VPOS="1506.0"
                    WIDTH="1292.0"
                    HEIGHT="97.0"
                    WC="0.9934047922796133"></String>
          </TextLine>

          
          
          <TextLine ID="eSc_line_b444b2b2"
                    TAGREFS="LT15288"
                    BASELINE="115 1616 1402 1621" 
                    HPOS="112.0"
                    VPOS="1583.0"
                    WIDTH="1288.0"
                    HEIGHT="101.0">
            <Shape><Polygon POINTS="114 1615 112 1658 155 1671 157 1671 159 1671 161 1671 189 1661 206 1676 206 1678 208 1678 210 1678 212 1678 214 1678 215 1678 229 1669 253 1680 255 1680 257 1680 259 1680 261 1680 289 1661 291 1661 446 1661 456 1663 490 1676 491 1676 493 1676 570 1665 593 1663 598 1667 629 1682 630 1682 632 1684 751 1684 751 1682 752 1682 779 1669 790 1663 816 1669 865 1682 867 1682 869 1682 940 1676 942 1676 944 1676 944 1675 948 1673 957 1663 982 1673 1013 1684 1015 1684 1017 1684 1105 1675 1162 1669 1175 1676 1190 1684 1192 1684 1194 1684 1397 1678 1400 1620 1400 1596 114 1583 114 1615"/></Shape>
	    <String CONTENT=""
                    HPOS="112.0"
                    VPOS="1583.0"
                    WIDTH="1288.0"
                    HEIGHT="101.0"
                    WC="0.9898494904239973"></String>
          </TextLine>

          
          
          <TextLine ID="eSc_line_3e241d5c"
                    TAGREFS="LT15288"
                    BASELINE="117 1699 1407 1709" 
                    HPOS="114.0"
                    VPOS="1665.0"
                    WIDTH="1292.0"
                    HEIGHT="102.0">
            <Shape><Polygon POINTS="116 1697 114 1738 210 1740 227 1755 227 1757 229 1757 230 1757 232 1757 234 1757 272 1746 322 1757 324 1757 326 1757 358 1744 373 1757 373 1759 375 1759 377 1759 379 1761 429 1761 429 1759 431 1759 433 1759 445 1748 458 1755 460 1755 461 1755 463 1755 465 1755 480 1744 582 1761 583 1761 585 1761 614 1750 858 1763 859 1763 861 1763 888 1748 903 1761 903 1763 905 1763 906 1763 972 1765 974 1765 1124 1752 1147 1750 1156 1752 1211 1767 1212 1767 1214 1767 1273 1753 1306 1767 1308 1767 1310 1767 1402 1753 1406 1708 1406 1682 1021 1680 1015 1678 980 1669 978 1669 976 1669 647 1675 598 1675 593 1675 550 1665 548 1665 116 1669 116 1697"/></Shape>
	    <String CONTENT="אותם אמר יהוה. רוחי אשר עליך ודברי אשר שמתי בפיך. לא"
                    HPOS="114.0"
                    VPOS="1665.0"
                    WIDTH="1292.0"
                    HEIGHT="102.0"
                    WC="0.9773452505469322"></String>
          </TextLine>

          
          
          <TextLine ID="eSc_line_54aeb016"
                    TAGREFS="LT15288"
                    BASELINE="118 1783 1408 1790" 
                    HPOS="114.0"
                    VPOS="1753.0"
                    WIDTH="1292.0"
                    HEIGHT="98.0">
            <Shape><Polygon POINTS="116 1782 114 1821 197 1843 199 1843 200 1843 202 1843 236 1828 272 1840 274 1840 276 1840 277 1840 294 1830 315 1843 317 1843 319 1843 321 1843 411 1828 435 1825 488 1830 514 1832 527 1845 529 1845 531 1845 533 1845 702 1834 747 1832 752 1836 771 1847 773 1847 775 1847 777 1847 820 1838 835 1834 852 1838 893 1847 895 1849 1002 1849 1002 1847 1004 1847 1006 1847 1013 1842 1025 1834 1068 1842 1096 1847 1098 1847 1100 1847 1109 1843 1130 1834 1145 1843 1151 1849 1152 1849 1154 1849 1156 1851 1229 1851 1229 1849 1248 1847 1333 1830 1398 1849 1406 1789 1404 1761 116 1753 116 1782"/></Shape>
	    <String CONTENT="ימושו מפיך ומפי זרעך ומפי זרע זרעך. אמר יהוה. מעתה ועד"
                    HPOS="114.0"
                    VPOS="1753.0"
                    WIDTH="1292.0"
                    HEIGHT="98.0"
                    WC="0.9833419422308604"></String>
          </TextLine>

          
          
          <TextLine ID="eSc_line_5d7cb634"
                    TAGREFS="LT15288"
                    BASELINE="117 1862 1017 1873 1407 1870" 
                    HPOS="114.0"
                    VPOS="1834.0"
                    WIDTH="1292.0"
                    HEIGHT="99.0">
            <Shape><Polygon POINTS="116 1860 114 1905 210 1922 212 1922 454 1911 465 1920 467 1920 469 1920 471 1920 473 1920 488 1913 621 1926 623 1926 625 1926 627 1926 645 1915 681 1926 683 1926 685 1926 687 1926 730 1913 779 1928 781 1928 783 1928 916 1915 931 1926 931 1928 933 1928 935 1928 936 1928 1070 1917 1197 1932 1199 1933 1267 1933 1267 1932 1269 1932 1271 1932 1291 1918 1336 1932 1338 1932 1340 1932 1404 1917 1406 1868 1406 1845 116 1834 116 1860"/></Shape>
	    <String CONTENT=""
                    HPOS="114.0"
                    VPOS="1834.0"
                    WIDTH="1292.0"
                    HEIGHT="99.0"
                    WC="0.9828722837070624"></String>
          </TextLine>

          
          
          <TextLine ID="eSc_line_a25e20b8"
                    TAGREFS="LT15288"
                    BASELINE="118 1944 1406 1957" 
                    HPOS="114.0"
                    VPOS="1911.0"
                    WIDTH="1290.0"
                    HEIGHT="105.0">
            <Shape><Polygon POINTS="116 1943 114 1986 167 2005 168 2005 170 2007 240 2007 240 2005 242 2005 244 2005 244 2003 261 1990 349 1990 375 2007 377 2007 379 2007 381 2007 460 1992 478 2007 478 2009 480 2009 482 2009 484 2009 561 2007 563 2007 565 2007 578 1995 630 2005 632 2005 634 2005 636 2005 647 1994 690 2010 692 2010 694 2010 696 2010 726 1995 754 2010 756 2010 758 2010 991 2001 1098 2014 1100 2014 1102 2014 1128 2001 1132 1999 1188 1999 1194 2001 1214 2016 1216 2016 1218 2016 1220 2016 1222 2016 1246 2007 1301 2016 1303 2016 1305 2016 1306 2016 1321 2003 1325 2001 1398 2003 1404 1956 1404 1930 1314 1918 1312 1918 1151 1926 1124 1926 1111 1924 1034 1915 1032 1915 961 1922 946 1924 921 1922 831 1915 829 1915 743 1920 704 1922 690 1920 657 1911 655 1911 653 1911 570 1918 533 1920 116 1913 116 1943"/></Shape>
	    <String CONTENT=""
                    HPOS="114.0"
                    VPOS="1911.0"
                    WIDTH="1290.0"
                    HEIGHT="105.0"
                    WC="0.9731821444299485"></String>
          </TextLine>

          
          
          <TextLine ID="eSc_line_1c03701b"
                    TAGREFS="LT15288"
                    BASELINE="118 2027 1006 2039 1410 2037" 
                    HPOS="114.0"
                    VPOS="1990.0"
                    WIDTH="1294.0"
                    HEIGHT="112.0">
            <Shape><Polygon POINTS="116 2025 114 2076 182 2076 187 2078 223 2089 225 2089 227 2089 229 2089 274 2078 276 2078 279 2078 321 2091 322 2091 324 2091 396 2078 405 2078 409 2080 445 2093 446 2093 448 2093 537 2080 542 2080 679 2080 685 2080 734 2095 736 2095 737 2095 809 2084 833 2097 835 2097 837 2099 938 2099 938 2097 940 2097 993 2084 1034 2099 1036 2099 1038 2099 1124 2091 1214 2100 1216 2100 1293 2087 1314 2100 1316 2100 1318 2100 1320 2102 1380 2102 1380 2100 1381 2100 1406 2085 1408 2035 1408 2010 1374 1999 1372 1999 1370 1999 1368 1999 1366 1999 1353 2009 1351 2010 1218 2010 116 1990 116 2025"/></Shape>
	    <String CONTENT=""
                    HPOS="114.0"
                    VPOS="1990.0"
                    WIDTH="1294.0"
                    HEIGHT="112.0"
                    WC="0.9894914354967035"></String>
          </TextLine>

          
          
          <TextLine ID="eSc_line_2f15704f"
                    TAGREFS="LT15288"
                    BASELINE="116 2109 965 2122 1405 2119" 
                    HPOS="112.0"
                    VPOS="2084.0"
                    WIDTH="1292.0"
                    HEIGHT="108.0">
            <Shape><Polygon POINTS="1398 2089 114 2084 114 2108 112 2160 135 2160 142 2164 178 2181 180 2181 182 2181 184 2181 185 2181 208 2166 236 2175 238 2175 240 2175 242 2175 244 2175 244 2174 255 2164 261 2160 356 2160 362 2166 384 2183 386 2183 388 2183 390 2183 486 2166 503 2164 675 2164 685 2168 706 2181 707 2181 709 2181 751 2183 752 2183 754 2183 756 2183 767 2172 811 2187 813 2187 814 2187 816 2187 818 2187 841 2170 844 2166 861 2170 938 2189 940 2189 1083 2181 1096 2190 1098 2190 1100 2190 1102 2190 1171 2183 1222 2192 1224 2192 1402 2174 1404 2117 1402 2114 1398 2089"/></Shape>
	    <String CONTENT=""
                    HPOS="112.0"
                    VPOS="2084.0"
                    WIDTH="1292.0"
                    HEIGHT="108.0"
                    WC="0.9930898474483956"></String>
          </TextLine>

          
        </TextBlock>
        

        
      </PrintSpace>
    </Page>
  </Layout>
</alto>
