<?xml version="1.0" encoding="UTF-8"?>
<alto xmlns:xsi="http://www.w3.org/2001/XMLSchema-instance"
      xmlns="http://www.loc.gov/standards/alto/ns-v4#"
      xsi:schemaLocation="http://www.loc.gov/standards/alto/ns-v4# http://www.loc.gov/standards/alto/v4/alto-4-2.xsd">
  <Description>
    <MeasurementUnit>pixel</MeasurementUnit>
    <sourceImageInformation>
      <fileName>IE87502633_00044.jpg</fileName>
      <fileIdentifier>mets//export_doc4366_1col_14_copy_alto_202404261215.zip/IE87502633_00044.jpg</fileIdentifier>
    </sourceImageInformation>
  </Description>
  
  <Tags>
    <OtherTag ID="BT8356" LABEL="MainLeft" DESCRIPTION="block type MainLeft"/><OtherTag ID="BT8355" LABEL="MainRight" DESCRIPTION="block type MainRight"/><OtherTag ID="BT6914" LABEL="Handwritten" DESCRIPTION="block type Handwritten"/><OtherTag ID="BT6913" LABEL="RunningHeader" DESCRIPTION="block type RunningHeader"/><OtherTag ID="BT6912" LABEL="Catchword" DESCRIPTION="block type Catchword"/><OtherTag ID="BT6911" LABEL="Margin" DESCRIPTION="block type Margin"/><OtherTag ID="BT6910" LABEL="FooterCentral" DESCRIPTION="block type FooterCentral"/><OtherTag ID="BT6909" LABEL="MainCentral" DESCRIPTION="block type MainCentral"/><OtherTag ID="BT6908" LABEL="Header" DESCRIPTION="block type Header"/><OtherTag ID="BT4" LABEL="Illustration" DESCRIPTION="block type Illustration"/><OtherTag ID="BT3" LABEL="Commentary" DESCRIPTION="block type Commentary"/><OtherTag ID="BT2" LABEL="Main" DESCRIPTION="block type Main"/><OtherTag ID="BT1" LABEL="Title" DESCRIPTION="block type Title"/>
    <OtherTag ID="LT15938" LABEL="MainLeft" DESCRIPTION="line type MainLeft"/><OtherTag ID="LT15937" LABEL="MainRight" DESCRIPTION="line type MainRight"/><OtherTag ID="LT15289" LABEL="Handwritten" DESCRIPTION="line type Handwritten"/><OtherTag ID="LT15288" LABEL="MainCentral" DESCRIPTION="line type MainCentral"/><OtherTag ID="LT15287" LABEL="NotMain" DESCRIPTION="line type NotMain"/>
  </Tags>
  
  <Layout>
    <Page WIDTH="1300"
          HEIGHT="1953"
          PHYSICAL_IMG_NR="27"
          ID="eSc_dummypage_">
      <PrintSpace HPOS="0"
                  VPOS="0"
                  WIDTH="1300"
                  HEIGHT="1953">
        
        <TextBlock HPOS="99.0"
                   VPOS="112.0"
                   WIDTH="1109.0"
                   HEIGHT="1696.0"
                   ID="eSc_textblock_ec9d0e4c"
                   TAGREFS="BT6909">
          <Shape><Polygon POINTS="473 112 1191 117 1208 1626 1200 1734 1169 1762 1182 1770 1169 1786 1048 1804 696 1808 143 1808 112 1786 125 1744 108 1691 99 125 473 112"/></Shape>
          
          
          <TextLine ID="eSc_line_83ffb3e7"
                    TAGREFS="LT15288"
                    BASELINE="105 138 1168 148" 
                    HPOS="104.0"
                    VPOS="112.0"
                    WIDTH="1064.0"
                    HEIGHT="86.0">
            <Shape><Polygon POINTS="1016 116 1005 115 995 115 984 115 973 115 962 115 951 115 940 115 929 115 919 115 908 115 897 115 886 115 875 115 864 115 854 115 843 115 832 115 821 113 775 119 761 113 756 113 752 113 728 120 709 113 708 113 707 113 631 120 620 121 616 120 585 112 582 112 571 112 561 112 550 112 539 112 528 112 517 112 506 112 495 112 485 112 478 112 461 119 399 115 398 115 387 115 376 116 365 116 354 116 343 117 333 117 322 117 311 118 300 118 292 118 289 118 278 119 268 119 257 119 246 120 235 120 224 120 213 121 202 121 192 121 181 122 170 122 159 123 148 123 137 123 126 124 116 124 105 124 105 138 104 181 122 189 123 189 124 189 222 182 241 181 250 183 282 190 283 190 284 190 285 190 286 190 297 183 308 177 338 177 355 184 374 192 375 192 463 193 464 193 465 193 486 186 510 180 529 187 542 193 543 193 544 193 545 193 556 188 576 180 614 188 635 194 636 194 666 189 720 182 894 182 923 195 931 197 932 197 933 197 959 195 1021 189 1165 198 1168 148 1166 124 1051 125 1042 123 1020 116 1016 116"/></Shape>
	    <String CONTENT="והמתנשא לכל לראש: והעשר והכבוד מלפניך."
                    HPOS="104.0"
                    VPOS="112.0"
                    WIDTH="1064.0"
                    HEIGHT="86.0"
                    WC="0.9676710602484251"></String>
          </TextLine>

          
          
          <TextLine ID="eSc_line_143c5651"
                    TAGREFS="LT15288"
                    BASELINE="104 212 1170 215" 
                    HPOS="103.0"
                    VPOS="184.0"
                    WIDTH="1067.0"
                    HEIGHT="80.0">
            <Shape><Polygon POINTS="104 212 103 246 130 252 131 252 225 248 245 248 247 249 266 260 268 260 269 260 270 260 271 260 287 249 291 248 367 248 389 251 459 263 460 264 499 264 499 263 500 263 513 257 537 263 538 263 539 263 540 263 558 254 561 253 563 254 583 261 584 261 585 261 626 256 640 253 645 256 661 263 663 263 664 264 728 264 728 263 729 263 730 263 738 258 747 252 763 258 773 261 774 261 775 261 776 261 783 258 789 254 799 259 809 262 810 262 811 262 812 262 822 259 830 256 837 259 848 264 849 264 850 264 878 263 880 263 886 260 906 250 954 257 956 257 993 251 1024 262 1025 262 1026 262 1028 262 1069 258 1081 263 1085 264 1086 264 1087 264 1088 264 1092 263 1127 254 1166 264 1170 215 1169 189 1090 187 1089 187 1072 189 1022 196 987 189 969 186 967 186 966 186 956 189 936 196 916 189 906 186 905 186 903 186 902 186 901 186 896 189 886 196 860 189 843 186 765 185 763 185 762 185 761 185 754 190 747 194 732 190 727 189 725 189 724 189 721 190 703 196 540 196 510 190 459 184 457 184 456 184 440 192 438 193 314 194 307 192 292 186 291 186 290 186 251 192 248 192 245 192 177 184 176 184 175 184 174 184 163 192 104 192 104 212"/></Shape>
	    <String CONTENT="ואתה מושל בכל. ובידך כח וגבורה. ובידך לגדל"
                    HPOS="103.0"
                    VPOS="184.0"
                    WIDTH="1067.0"
                    HEIGHT="80.0"
                    WC="0.9868792429566383"></String>
          </TextLine>

          
          
          <TextLine ID="eSc_line_c3222657"
                    TAGREFS="LT15288"
                    BASELINE="104 288 1174 286" 
                    HPOS="104.0"
                    VPOS="256.0"
                    WIDTH="1070.0"
                    HEIGHT="86.0">
            <Shape><Polygon POINTS="104 327 236 327 239 328 274 341 275 341 276 341 308 335 326 341 327 341 328 342 400 342 400 341 401 341 432 333 454 341 455 341 456 342 583 342 583 341 584 341 605 332 614 327 635 332 658 336 659 336 660 336 661 336 668 332 678 326 735 332 736 333 736 332 794 326 813 333 833 340 834 340 835 340 911 334 944 332 950 335 963 340 964 340 965 341 1036 341 1036 340 1058 336 1085 329 1119 336 1139 339 1140 339 1174 336 1174 286 1173 265 1119 259 1118 259 1117 259 1116 259 1107 264 1103 266 1066 266 1060 264 1023 256 926 256 925 256 924 256 907 263 899 267 791 267 767 262 729 256 728 256 727 256 714 262 707 265 635 267 571 261 524 257 523 257 496 261 456 267 411 262 410 262 409 262 398 267 379 261 378 261 377 261 376 261 375 261 365 267 350 260 342 257 341 257 340 257 339 257 327 260 307 265 273 265 264 260 260 257 259 257 258 257 257 257 243 259 218 264 200 259 193 257 192 257 142 257 141 257 139 257 135 259 125 264 105 259 104 288 104 327"/></Shape>
	    <String CONTENT="ולחזק לכל: ועתה אלהינו מודים אנחנו לך. ומהללים"
                    HPOS="104.0"
                    VPOS="256.0"
                    WIDTH="1070.0"
                    HEIGHT="86.0"
                    WC="0.9890037112765842"></String>
          </TextLine>

          
          
          <TextLine ID="eSc_line_42162675"
                    TAGREFS="LT15288"
                    BASELINE="107 360 1178 362" 
                    HPOS="106.0"
                    VPOS="330.0"
                    WIDTH="1072.0"
                    HEIGHT="87.0">
            <Shape><Polygon POINTS="107 360 106 411 164 415 166 415 167 415 182 411 204 405 228 411 247 415 248 415 249 415 261 411 275 405 289 411 299 415 300 415 301 416 348 416 348 415 349 415 359 411 372 405 389 411 403 415 404 415 405 416 502 416 502 415 503 415 515 411 527 405 631 405 644 410 650 412 651 412 652 412 669 410 699 406 706 410 716 415 717 415 773 416 774 416 775 416 776 416 786 410 793 406 860 406 868 410 883 416 884 416 885 416 886 416 887 416 897 410 903 406 936 406 949 410 974 416 975 416 976 416 1031 410 1039 409 1043 410 1073 416 1074 417 1156 417 1156 416 1157 416 1177 409 1178 362 1176 333 1099 338 1080 334 1079 334 1078 334 1077 334 1054 342 914 333 913 333 867 342 682 337 681 337 680 337 667 342 655 337 654 337 653 337 592 341 572 335 571 335 570 335 424 341 405 332 404 332 403 332 231 340 215 332 214 332 213 332 212 332 156 338 107 330 107 360"/></Shape>
	    <String CONTENT=""
                    HPOS="106.0"
                    VPOS="330.0"
                    WIDTH="1072.0"
                    HEIGHT="87.0"
                    WC="0.9938473790884018"></String>
          </TextLine>

          
          
          <TextLine ID="eSc_line_f9df1cb7"
                    TAGREFS="LT15288"
                    BASELINE="108 437 1178 434" 
                    HPOS="108.0"
                    VPOS="407.0"
                    WIDTH="1070.0"
                    HEIGHT="83.0">
            <Shape><Polygon POINTS="1176 415 1126 415 1122 414 1103 409 1102 409 1101 409 1018 414 991 415 986 414 970 409 969 409 899 407 898 407 897 407 884 413 878 415 842 413 775 409 774 409 750 413 728 416 709 412 692 409 691 409 668 412 642 416 625 412 613 409 612 409 610 409 609 409 602 412 595 415 589 412 582 409 581 409 580 409 579 409 570 412 557 417 515 417 494 411 485 409 483 409 482 409 481 409 476 411 467 415 408 412 406 412 405 412 391 417 328 411 327 411 326 411 325 411 197 417 172 410 171 410 170 410 169 410 145 417 108 410 108 437 109 487 143 475 210 475 228 482 230 482 231 482 232 482 252 475 276 487 279 489 281 489 308 490 309 490 310 490 317 487 350 475 411 475 470 488 479 489 480 490 555 490 555 489 556 489 559 488 581 476 614 484 615 484 616 484 617 484 639 474 719 474 759 487 760 487 761 487 762 487 783 479 805 488 808 489 809 489 810 489 874 488 875 488 876 488 896 476 937 484 938 484 998 479 1048 487 1049 487 1050 487 1065 479 1084 488 1085 488 1086 488 1113 482 1176 488 1178 434 1176 415"/></Shape>
	    <String CONTENT=""
                    HPOS="108.0"
                    VPOS="407.0"
                    WIDTH="1070.0"
                    HEIGHT="83.0"
                    WC="0.9695490792393684"></String>
          </TextLine>

          
          
          <TextLine ID="eSc_line_81028636"
                    TAGREFS="LT15288"
                    BASELINE="110 511 1181 508" 
                    HPOS="109.0"
                    VPOS="481.0"
                    WIDTH="1072.0"
                    HEIGHT="85.0">
            <Shape><Polygon POINTS="110 511 110 550 194 550 197 551 220 560 221 560 222 560 269 551 276 550 282 551 322 565 323 565 324 566 465 566 465 565 466 565 467 565 487 552 489 552 511 552 513 552 541 564 542 564 612 565 613 565 614 565 641 553 651 549 721 549 731 553 752 564 753 564 754 565 795 565 795 564 796 564 817 554 829 549 872 554 932 562 933 562 969 555 1000 549 1035 555 1085 564 1086 564 1180 555 1181 508 1180 488 1167 482 1166 482 1165 482 1101 488 995 481 993 481 992 481 977 490 974 491 969 490 957 486 956 486 954 486 953 486 952 486 946 490 942 492 793 492 784 490 734 482 733 482 691 489 644 481 643 481 642 481 606 491 557 491 411 492 408 492 392 487 391 487 390 487 341 491 284 482 199 482 198 482 109 492 110 511"/></Shape>
	    <String CONTENT="השמים. שמי השמים וכל צבאם. הארץ וכל אשר"
                    HPOS="109.0"
                    VPOS="481.0"
                    WIDTH="1072.0"
                    HEIGHT="85.0"
                    WC="0.9812055713421589"></String>
          </TextLine>

          
          
          <TextLine ID="eSc_line_a59a5cdb"
                    TAGREFS="LT15288"
                    BASELINE="108 583 1181 581" 
                    HPOS="108.0"
                    VPOS="555.0"
                    WIDTH="1073.0"
                    HEIGHT="85.0">
            <Shape><Polygon POINTS="108 634 161 628 192 635 202 639 204 639 205 639 235 635 264 633 282 635 294 637 295 637 296 637 300 635 316 628 340 628 408 635 432 639 434 639 435 639 444 635 473 628 486 635 490 639 491 639 492 639 493 640 555 640 555 639 556 639 567 635 595 628 616 635 623 639 625 639 626 639 718 637 719 637 723 635 745 627 768 635 769 635 770 635 809 627 932 627 973 635 982 637 983 639 1035 639 1035 637 1036 637 1039 635 1055 628 1071 635 1074 637 1075 637 1076 637 1077 637 1081 635 1092 632 1180 635 1181 581 1180 563 1156 556 1155 556 1154 556 1125 562 1115 555 1114 555 1113 555 1112 555 1111 555 1081 563 1076 564 1056 563 991 557 990 557 989 557 976 562 970 564 961 562 932 555 931 555 929 555 912 562 906 565 844 565 795 560 717 555 716 555 694 559 680 563 666 559 643 555 642 555 622 559 597 565 570 559 569 559 568 559 567 559 557 566 455 566 439 558 438 558 437 558 436 558 398 564 365 557 357 556 355 556 354 556 351 557 333 566 282 566 108 556 108 583 108 634"/></Shape>
	    <String CONTENT="עליה. הימים וכל אשר בהם. ואתה מחיה את כלם."
                    HPOS="108.0"
                    VPOS="555.0"
                    WIDTH="1073.0"
                    HEIGHT="85.0"
                    WC="0.9868967369198799"></String>
          </TextLine>

          
          
          <TextLine ID="eSc_line_c7e348cc"
                    TAGREFS="LT15288"
                    BASELINE="112 658 1182 658" 
                    HPOS="112.0"
                    VPOS="632.0"
                    WIDTH="1070.0"
                    HEIGHT="78.0">
            <Shape><Polygon POINTS="112 658 113 707 158 692 323 692 350 701 351 701 352 701 353 701 384 693 415 708 418 709 419 709 421 709 428 708 492 695 504 699 505 699 506 699 557 692 666 692 716 708 717 708 718 708 719 708 741 701 758 709 759 709 760 709 761 710 942 710 942 709 944 709 945 709 953 704 991 709 993 709 995 709 996 709 1017 698 1052 697 1112 709 1113 709 1114 710 1182 710 1182 658 1181 632 1081 640 1038 633 1031 632 1030 632 1018 633 953 640 903 634 895 633 894 633 893 633 890 634 874 640 812 634 804 634 803 634 801 634 799 634 781 640 738 635 707 632 706 632 705 632 698 635 691 640 661 635 632 632 631 632 606 636 591 640 512 640 503 637 494 634 493 634 492 634 491 634 490 634 486 637 480 641 426 641 414 637 385 632 384 632 383 632 366 639 361 640 352 639 329 634 328 634 308 639 301 640 290 639 227 632 226 632 192 640 190 640 188 640 164 632 163 632 162 632 112 640 112 658"/></Shape>
	    <String CONTENT="וצבא השמים לך משתחוים: אתה הוא ה&apos;"
                    HPOS="112.0"
                    VPOS="632.0"
                    WIDTH="1070.0"
                    HEIGHT="78.0"
                    WC="0.9861546620726586"></String>
          </TextLine>

          
          
          <TextLine ID="eSc_line_b503646d"
                    TAGREFS="LT15288"
                    BASELINE="112 731 1182 729" 
                    HPOS="111.0"
                    VPOS="705.0"
                    WIDTH="1071.0"
                    HEIGHT="77.0">
            <Shape><Polygon POINTS="112 731 112 768 204 766 212 768 248 779 249 779 250 779 251 779 252 779 271 768 274 766 278 768 309 781 310 781 311 782 360 782 360 781 361 781 410 767 416 766 469 766 473 767 499 781 500 781 501 781 567 770 596 780 597 780 598 780 600 780 646 766 653 764 655 766 668 774 669 774 670 774 671 774 672 774 685 770 730 780 731 780 831 774 858 780 859 781 1014 781 1014 780 1015 780 1016 780 1031 770 1050 773 1051 773 1052 773 1072 764 1073 764 1181 764 1182 729 1180 705 111 706 112 731"/></Shape>
	    <String CONTENT="האלהים. אשר בחרת באברם. והוצאתו מאור כשדים."
                    HPOS="111.0"
                    VPOS="705.0"
                    WIDTH="1071.0"
                    HEIGHT="77.0"
                    WC="0.9960123638849001"></String>
          </TextLine>

          
          
          <TextLine ID="eSc_line_69563750"
                    TAGREFS="LT15288"
                    BASELINE="115 805 1184 805" 
                    HPOS="115.0"
                    VPOS="777.0"
                    WIDTH="1069.0"
                    HEIGHT="83.0">
            <Shape><Polygon POINTS="115 805 115 851 132 859 133 859 134 860 264 860 264 859 265 859 266 859 277 852 286 847 393 847 401 852 412 859 413 859 414 859 415 860 504 860 504 859 505 859 524 852 532 849 540 852 554 859 555 859 556 859 557 859 576 852 583 850 597 852 625 858 626 858 627 858 639 852 653 847 697 852 705 853 706 853 707 853 708 853 708 852 719 847 740 853 742 853 743 853 744 853 756 853 799 850 810 853 822 857 823 857 824 857 825 857 834 853 844 849 851 853 862 859 863 859 864 860 902 860 902 859 903 859 924 853 950 847 975 848 984 853 991 859 992 859 993 859 995 859 996 859 1010 853 1014 852 1030 853 1063 857 1064 857 1065 857 1076 853 1093 849 1183 853 1184 805 1184 777 1125 777 1124 777 1123 777 1110 784 1039 777 1034 777 933 777 932 777 931 777 928 777 912 784 886 779 881 777 880 777 878 777 875 779 852 785 725 785 711 779 710 779 709 779 708 779 703 779 667 784 648 780 646 779 645 779 644 779 643 779 640 780 621 785 481 785 470 780 465 777 464 777 463 777 430 780 394 783 372 781 349 777 348 777 347 777 339 781 328 784 292 781 260 777 259 777 115 781 115 805"/></Shape>
	    <String CONTENT="ושמת שמו אברהם: ומצאת את לבבו נאמן לפניך:"
                    HPOS="115.0"
                    VPOS="777.0"
                    WIDTH="1069.0"
                    HEIGHT="83.0"
                    WC="0.9661954932096528"></String>
          </TextLine>

          
          
          <TextLine ID="eSc_line_edc8a3cf"
                    TAGREFS="LT15288"
                    BASELINE="112 879 1184 877" 
                    HPOS="112.0"
                    VPOS="857.0"
                    WIDTH="1072.0"
                    HEIGHT="70.0">
            <Shape><Polygon POINTS="112 912 268 912 276 914 311 926 312 926 313 927 353 927 353 926 354 926 355 926 368 917 390 925 391 925 463 926 464 926 465 926 485 917 495 912 537 917 561 921 562 921 582 918 629 912 674 920 709 925 710 925 737 921 785 911 851 911 865 920 867 920 868 920 869 920 870 920 898 911 935 911 956 923 957 923 958 923 983 925 984 926 1011 926 1011 925 1012 925 1015 924 1030 916 1046 924 1048 925 1049 925 1050 926 1183 926 1184 877 1183 858 112 857 112 879 112 912"/></Shape>
	    <String CONTENT="וכרות עמו הברית לתת את ארץ הכנעני. החתי"
                    HPOS="112.0"
                    VPOS="857.0"
                    WIDTH="1072.0"
                    HEIGHT="70.0"
                    WC="0.9733442428864931"></String>
          </TextLine>

          
          
          <TextLine ID="eSc_line_3f9fcd85"
                    TAGREFS="LT15288"
                    BASELINE="115 953 1189 951" 
                    HPOS="113.0"
                    VPOS="924.0"
                    WIDTH="1076.0"
                    HEIGHT="82.0">
            <Shape><Polygon POINTS="115 953 116 1005 135 998 154 1005 155 1005 156 1005 157 1006 215 1006 215 1005 217 1005 222 1003 264 988 288 1002 292 1005 294 1005 295 1005 296 1005 311 1002 326 999 347 1001 376 1005 377 1005 399 1001 403 1000 408 1000 437 1005 438 1006 647 1006 647 1005 648 1005 671 996 692 987 826 988 840 992 877 1003 878 1003 880 1003 881 1003 914 991 915 991 916 991 966 1002 967 1002 969 1002 999 990 1007 987 1188 987 1189 951 1188 928 921 924 920 924 859 929 840 930 830 929 792 924 791 924 789 924 770 929 766 932 606 932 595 930 563 925 562 925 531 930 524 932 516 930 478 925 477 925 476 925 475 925 466 930 464 933 329 933 325 932 274 925 273 925 235 932 234 932 207 925 206 925 205 925 149 932 135 925 134 925 133 925 132 925 113 932 115 953"/></Shape>
	    <String CONTENT="האמרי והפרזי והיבוסי והגרגשי לתת לזרעו. ותקם"
                    HPOS="113.0"
                    VPOS="924.0"
                    WIDTH="1076.0"
                    HEIGHT="82.0"
                    WC="0.9769408255815506"></String>
          </TextLine>

          
          
          <TextLine ID="eSc_line_3486f3d3"
                    TAGREFS="LT15288"
                    BASELINE="116 1025 1187 1028" 
                    HPOS="115.0"
                    VPOS="1004.0"
                    WIDTH="1072.0"
                    HEIGHT="74.0">
            <Shape><Polygon POINTS="116 1025 115 1058 258 1062 287 1075 288 1075 289 1075 290 1075 317 1065 343 1075 345 1075 346 1076 403 1076 403 1075 404 1075 405 1075 422 1064 425 1063 429 1065 437 1067 438 1067 439 1067 451 1065 472 1061 636 1061 665 1068 694 1076 695 1076 696 1077 781 1077 781 1076 782 1076 800 1070 822 1065 851 1071 852 1071 854 1071 856 1071 901 1068 915 1073 928 1077 929 1077 931 1077 932 1077 940 1074 946 1071 952 1074 963 1077 964 1077 965 1078 1113 1078 1113 1077 1114 1077 1116 1076 1129 1070 1183 1077 1187 1028 1186 1005 116 1004 116 1025"/></Shape>
	    <String CONTENT="את דבריך כי צדיק אתה: ותרא את עני אבותינו"
                    HPOS="115.0"
                    VPOS="1004.0"
                    WIDTH="1072.0"
                    HEIGHT="74.0"
                    WC="0.9815419060843331"></String>
          </TextLine>

          
          
          <TextLine ID="eSc_line_81dbfc02"
                    TAGREFS="LT15288"
                    BASELINE="120 1102 1177 1099" 
                    HPOS="120.0"
                    VPOS="1071.0"
                    WIDTH="1057.0"
                    HEIGHT="82.0">
            <Shape><Polygon POINTS="120 1142 224 1139 241 1143 263 1150 264 1150 265 1150 266 1150 284 1144 301 1139 402 1144 403 1144 404 1144 415 1139 490 1143 491 1143 520 1138 543 1146 551 1149 552 1149 553 1149 568 1146 594 1142 603 1146 613 1152 614 1152 615 1153 646 1153 646 1152 647 1152 666 1147 694 1140 712 1147 716 1149 717 1149 718 1149 719 1149 722 1147 741 1141 763 1141 774 1147 780 1152 781 1152 782 1152 783 1153 824 1153 824 1152 839 1149 861 1143 872 1149 876 1151 877 1151 878 1152 1005 1152 1005 1151 1012 1150 1049 1142 1082 1151 1085 1151 1086 1151 1087 1152 1176 1152 1177 1099 1175 1074 1046 1078 1012 1074 998 1071 997 1071 996 1071 991 1074 982 1079 926 1079 895 1074 880 1071 878 1071 877 1071 876 1071 874 1074 865 1079 730 1079 717 1074 716 1074 715 1074 714 1074 702 1080 640 1080 618 1074 613 1073 612 1073 610 1073 609 1073 607 1074 595 1080 551 1080 514 1074 503 1073 502 1073 494 1074 468 1079 386 1074 374 1074 373 1074 372 1074 371 1074 361 1080 329 1074 325 1074 324 1074 309 1074 210 1079 120 1075 120 1102 120 1142"/></Shape>
	    <String CONTENT="במצרים. ואת זעקתם שמעת על ים סוף: ותתן אתת"
                    HPOS="120.0"
                    VPOS="1071.0"
                    WIDTH="1057.0"
                    HEIGHT="82.0"
                    WC="0.9649768399029244"></String>
          </TextLine>

          
          
          <TextLine ID="eSc_line_8ac7259a"
                    TAGREFS="LT15288"
                    BASELINE="119 1173 1188 1171" 
                    HPOS="118.0"
                    VPOS="1150.0"
                    WIDTH="1070.0"
                    HEIGHT="74.0">
            <Shape><Polygon POINTS="119 1173 119 1210 134 1209 138 1210 159 1220 160 1220 161 1220 162 1220 196 1210 202 1209 333 1209 336 1210 367 1223 368 1223 370 1223 371 1223 393 1217 412 1223 413 1223 507 1224 508 1224 510 1224 549 1210 552 1209 554 1210 592 1223 593 1223 651 1224 652 1224 705 1219 784 1223 785 1223 786 1223 787 1223 806 1211 824 1216 825 1216 826 1216 827 1216 838 1210 869 1218 870 1218 871 1218 872 1218 890 1209 894 1208 897 1209 936 1223 937 1223 938 1223 939 1223 986 1209 990 1208 1089 1208 1092 1209 1117 1222 1118 1222 1119 1222 1188 1208 1188 1171 1186 1150 118 1152 119 1173"/></Shape>
	    <String CONTENT="ומפתים בפרעה ובכל עבדיו ובכל עם ארצו. כי"
                    HPOS="118.0"
                    VPOS="1150.0"
                    WIDTH="1070.0"
                    HEIGHT="74.0"
                    WC="0.9893420687535914"></String>
          </TextLine>

          
          
          <TextLine ID="eSc_line_2eda3e92"
                    TAGREFS="LT15288"
                    BASELINE="122 1251 1192 1244" 
                    HPOS="121.0"
                    VPOS="1217.0"
                    WIDTH="1071.0"
                    HEIGHT="83.0">
            <Shape><Polygon POINTS="122 1251 122 1283 233 1283 262 1296 263 1296 264 1296 265 1296 276 1291 296 1298 297 1298 430 1300 431 1300 432 1300 486 1282 514 1299 515 1299 516 1299 517 1300 654 1300 654 1299 655 1299 656 1299 667 1292 681 1297 682 1297 683 1297 684 1297 719 1282 725 1286 727 1286 728 1286 729 1286 730 1286 745 1281 873 1297 874 1297 875 1297 914 1284 974 1294 975 1294 976 1294 1012 1279 1014 1278 1098 1278 1099 1278 1110 1284 1111 1284 1112 1284 1113 1284 1114 1284 1128 1278 1191 1278 1192 1244 1191 1226 1160 1219 1158 1219 1157 1219 1144 1224 1040 1220 1039 1220 1009 1227 856 1227 832 1217 831 1217 783 1217 782 1217 781 1217 757 1227 667 1222 666 1222 595 1228 561 1218 559 1218 507 1218 506 1218 460 1227 432 1219 431 1219 430 1219 429 1219 390 1229 374 1219 373 1219 372 1219 315 1219 314 1219 313 1219 278 1228 161 1223 160 1223 121 1231 122 1251"/></Shape>
	    <String CONTENT="ידעת כי הזידו עליהם ותעש לך שם כהיום הזה:"
                    HPOS="121.0"
                    VPOS="1217.0"
                    WIDTH="1071.0"
                    HEIGHT="83.0"
                    WC="0.9856040775775909"></String>
          </TextLine>

          
          
          <TextLine ID="eSc_line_0e9e46fd"
                    TAGREFS="LT15288"
                    BASELINE="128 1325 1193 1321" 
                    HPOS="126.0"
                    VPOS="1292.0"
                    WIDTH="1067.0"
                    HEIGHT="84.0">
            <Shape><Polygon POINTS="128 1325 128 1360 239 1360 243 1360 309 1375 310 1375 376 1374 377 1374 396 1366 427 1376 428 1376 429 1376 473 1368 506 1376 507 1376 508 1376 510 1376 511 1376 538 1359 540 1358 669 1358 671 1359 696 1371 697 1371 698 1371 699 1371 711 1366 760 1375 761 1376 850 1376 850 1375 851 1375 888 1361 1005 1374 1007 1374 1046 1369 1054 1374 1055 1374 1056 1374 1058 1375 1128 1375 1128 1374 1129 1374 1193 1357 1193 1321 1192 1299 1162 1292 1161 1292 1160 1292 1158 1292 1129 1300 1127 1302 1080 1302 1078 1300 1068 1294 1067 1294 1066 1294 1065 1294 1064 1294 1044 1300 1042 1300 1040 1300 1002 1292 926 1292 925 1292 871 1293 870 1293 869 1293 857 1300 855 1303 615 1303 594 1302 515 1294 514 1294 513 1294 498 1302 494 1303 491 1302 470 1294 469 1294 468 1294 467 1294 466 1294 455 1300 430 1296 429 1296 354 1302 336 1303 327 1302 283 1295 282 1295 252 1302 244 1304 239 1302 226 1296 225 1296 224 1296 126 1302 128 1325"/></Shape>
	    <String CONTENT="והים בקעת לפניהם ויעברו בתוך הים ביבשה. ואת"
                    HPOS="126.0"
                    VPOS="1292.0"
                    WIDTH="1067.0"
                    HEIGHT="84.0"
                    WC="0.9975316226482391"></String>
          </TextLine>

          
          
          <TextLine ID="eSc_line_233b397c"
                    TAGREFS="LT15288"
                    BASELINE="128 1398 1195 1394" 
                    HPOS="128.0"
                    VPOS="1367.0"
                    WIDTH="1067.0"
                    HEIGHT="82.0">
            <Shape><Polygon POINTS="128 1433 168 1443 169 1443 170 1443 185 1436 233 1448 234 1448 235 1449 342 1449 342 1448 343 1448 345 1448 352 1443 392 1448 393 1448 463 1447 527 1433 568 1438 569 1438 570 1438 571 1438 582 1432 583 1432 617 1432 641 1438 642 1438 643 1438 644 1438 661 1432 691 1446 692 1446 693 1446 730 1439 885 1446 886 1446 887 1446 931 1430 933 1430 935 1430 984 1445 985 1445 986 1445 987 1445 1005 1437 1017 1441 1018 1441 1020 1441 1021 1441 1043 1430 1044 1430 1194 1430 1195 1394 1194 1377 1119 1377 1118 1376 1098 1368 1097 1368 1095 1368 1094 1368 1074 1375 1005 1368 1004 1368 977 1373 962 1367 961 1367 929 1367 928 1367 927 1367 901 1375 893 1377 825 1374 760 1372 759 1372 744 1374 722 1377 709 1374 689 1368 687 1368 686 1368 641 1369 640 1369 639 1369 632 1373 622 1379 558 1379 549 1373 540 1369 539 1369 538 1369 537 1369 523 1373 503 1379 489 1373 479 1369 478 1369 427 1369 426 1369 425 1369 415 1372 393 1380 128 1371 128 1398 128 1433"/></Shape>
	    <String CONTENT="רדפיהם השלכת במצולת כמו אבן. במים עזים:"
                    HPOS="128.0"
                    VPOS="1367.0"
                    WIDTH="1067.0"
                    HEIGHT="82.0"
                    WC="0.9901526723152552"></String>
          </TextLine>

          
          
          <TextLine ID="eSc_line_ecdd116a"
                    TAGREFS="LT15288"
                    BASELINE="124 1472 1194 1468" 
                    HPOS="124.0"
                    VPOS="1443.0"
                    WIDTH="1070.0"
                    HEIGHT="84.0">
            <Shape><Polygon POINTS="124 1510 181 1527 182 1527 183 1527 184 1527 224 1512 283 1522 284 1522 312 1519 334 1526 335 1526 336 1526 383 1523 384 1523 409 1513 459 1526 460 1526 461 1526 462 1526 500 1510 544 1526 545 1526 546 1527 607 1527 607 1526 608 1526 632 1519 701 1525 702 1525 703 1525 721 1515 742 1525 743 1525 744 1526 824 1526 824 1525 825 1525 838 1519 863 1525 864 1525 865 1525 867 1525 884 1517 925 1525 926 1525 959 1522 960 1522 986 1507 988 1507 1193 1507 1194 1468 1193 1449 1162 1443 1161 1443 1120 1449 1114 1450 1048 1450 1046 1448 1033 1443 1031 1443 1030 1443 919 1448 915 1448 914 1448 897 1444 896 1444 895 1444 869 1448 856 1450 124 1448 124 1472 124 1510"/></Shape>
	    <String CONTENT="ויושע ה&apos; ביום ההוא את ישראל מיד מצרים. וירא"
                    HPOS="124.0"
                    VPOS="1443.0"
                    WIDTH="1070.0"
                    HEIGHT="84.0"
                    WC="0.9974224310029637"></String>
          </TextLine>

          
          
          <TextLine ID="eSc_line_c90384d7"
                    TAGREFS="LT15288"
                    BASELINE="134 1548 1196 1540" 
                    HPOS="134.0"
                    VPOS="1512.0"
                    WIDTH="1062.0"
                    HEIGHT="86.0">
            <Shape><Polygon POINTS="134 1589 189 1591 190 1591 192 1591 197 1589 214 1580 274 1580 290 1587 313 1597 314 1597 315 1598 349 1598 349 1597 350 1597 377 1586 386 1583 394 1586 422 1597 423 1597 424 1597 567 1596 568 1596 609 1583 622 1578 633 1581 668 1594 669 1594 670 1594 744 1589 745 1589 746 1589 757 1583 784 1593 785 1593 786 1593 787 1593 824 1584 847 1593 848 1593 849 1593 901 1585 950 1592 951 1592 952 1592 988 1576 992 1574 1136 1574 1137 1574 1156 1583 1157 1583 1158 1583 1160 1583 1196 1573 1196 1540 1195 1521 1141 1514 1140 1514 1115 1520 1111 1521 1106 1520 1076 1512 1075 1512 1074 1512 1012 1520 992 1522 969 1520 901 1513 900 1513 867 1520 847 1524 689 1524 653 1519 625 1515 623 1515 622 1515 609 1519 595 1524 436 1526 402 1520 401 1520 364 1526 342 1519 339 1517 338 1517 294 1517 292 1517 291 1517 288 1519 268 1525 134 1519 134 1548 134 1589"/></Shape>
	    <String CONTENT="ישראל את מצרים מת. על שפת הים: וירא ישראל"
                    HPOS="134.0"
                    VPOS="1512.0"
                    WIDTH="1062.0"
                    HEIGHT="86.0"
                    WC="0.9810442595909803"></String>
          </TextLine>

          
          
          <TextLine ID="eSc_line_7fa12d20"
                    TAGREFS="LT15288"
                    BASELINE="126 1616 773 1620 1197 1615" 
                    HPOS="125.0"
                    VPOS="1585.0"
                    WIDTH="1072.0"
                    HEIGHT="90.0">
            <Shape><Polygon POINTS="126 1616 125 1660 159 1660 205 1673 206 1673 207 1673 291 1667 368 1674 370 1675 402 1675 402 1674 403 1674 431 1660 432 1660 608 1660 610 1661 632 1674 633 1674 634 1674 635 1675 691 1675 691 1674 692 1674 707 1667 832 1674 833 1674 834 1674 872 1664 913 1674 914 1674 915 1674 938 1667 957 1674 958 1674 959 1675 1080 1675 1080 1674 1081 1674 1105 1665 1178 1669 1179 1669 1180 1669 1196 1662 1197 1615 1195 1593 1118 1594 1117 1594 1104 1601 1060 1598 1049 1591 1037 1586 1036 1586 1035 1586 970 1591 950 1592 935 1591 887 1585 886 1585 885 1585 870 1590 838 1602 775 1593 774 1593 728 1599 681 1593 680 1593 679 1593 659 1600 641 1594 640 1594 639 1594 638 1594 620 1603 571 1603 550 1593 549 1593 547 1593 513 1601 489 1596 488 1596 487 1596 486 1596 473 1602 417 1602 405 1596 404 1596 403 1596 374 1602 357 1593 355 1593 302 1590 301 1590 300 1590 269 1602 251 1596 250 1596 249 1596 217 1598 195 1585 194 1585 193 1585 126 1585 126 1616"/></Shape>
	    <String CONTENT="את היד הגדלה אשר עשה ה&apos; במצרים. וייראו"
                    HPOS="125.0"
                    VPOS="1585.0"
                    WIDTH="1072.0"
                    HEIGHT="90.0"
                    WC="0.9890518769239768"></String>
          </TextLine>

          
          
          <TextLine ID="eSc_line_1d880db6"
                    TAGREFS="LT15288"
                    BASELINE="166 1696 1156 1689" 
                    HPOS="164.0"
                    VPOS="1663.0"
                    WIDTH="992.0"
                    HEIGHT="97.0">
            <Shape><Polygon POINTS="166 1696 166 1747 219 1747 223 1749 243 1757 244 1757 245 1757 326 1750 371 1746 386 1751 402 1756 403 1756 404 1756 405 1756 415 1752 426 1746 579 1751 580 1751 581 1751 602 1744 618 1754 619 1754 620 1754 621 1754 622 1754 638 1749 669 1755 699 1760 701 1760 702 1760 719 1755 750 1745 775 1756 781 1758 782 1758 1155 1760 1156 1689 1154 1665 1091 1671 1079 1666 1073 1663 1072 1663 1071 1663 1026 1664 1025 1664 1014 1666 990 1673 972 1667 971 1667 970 1667 966 1667 926 1673 899 1668 874 1664 873 1664 872 1664 871 1664 865 1668 858 1675 719 1675 703 1671 692 1668 691 1668 690 1668 689 1668 679 1671 673 1673 655 1671 590 1667 589 1667 588 1667 577 1673 575 1674 566 1673 529 1668 528 1668 503 1674 493 1676 483 1674 456 1669 455 1669 421 1675 400 1668 399 1668 398 1668 397 1668 380 1676 377 1677 371 1676 343 1670 342 1670 341 1670 319 1677 315 1677 312 1677 276 1669 198 1669 197 1669 196 1669 164 1678 166 1696"/></Shape>
	    <String CONTENT="העם את ה&apos;. ויאמינו בה&apos; ובמשה עבדו:"
                    HPOS="164.0"
                    VPOS="1663.0"
                    WIDTH="992.0"
                    HEIGHT="97.0"
                    WC="0.998527826489629"></String>
          </TextLine>

          
          
          <TextLine ID="eSc_line_be68a6f4"
                    TAGREFS="LT15288"
                    BASELINE="400 1773 931 1770" 
                    HPOS="399.0"
                    VPOS="1749.0"
                    WIDTH="532.0"
                    HEIGHT="80.0">
            <Shape><Polygon POINTS="400 1773 400 1811 427 1811 428 1811 449 1822 450 1822 451 1822 452 1822 453 1822 464 1813 466 1811 545 1811 555 1815 596 1828 597 1828 598 1829 656 1829 656 1828 657 1828 658 1828 674 1817 682 1811 722 1818 752 1822 753 1822 769 1819 779 1817 785 1819 803 1827 804 1827 805 1827 835 1820 837 1820 838 1820 851 1827 852 1827 854 1827 890 1821 908 1819 912 1822 920 1827 921 1827 922 1827 923 1827 924 1827 931 1822 931 1770 929 1756 850 1749 849 1749 848 1749 826 1755 823 1756 808 1755 735 1750 734 1750 733 1750 719 1755 712 1758 686 1758 683 1755 678 1751 678 1750 677 1750 676 1750 674 1750 614 1755 575 1758 562 1755 555 1753 554 1753 553 1753 552 1753 551 1753 549 1755 544 1758 503 1755 456 1751 455 1751 399 1754 400 1773"/></Shape>
	    <String CONTENT=""
                    HPOS="399.0"
                    VPOS="1749.0"
                    WIDTH="532.0"
                    HEIGHT="80.0"
                    WC="0.9894420777757963"></String>
          </TextLine>

          
        </TextBlock>
        

        
      </PrintSpace>
    </Page>
  </Layout>
</alto>
