<?xml version="1.0" encoding="UTF-8"?>
<alto xmlns:xsi="http://www.w3.org/2001/XMLSchema-instance"
      xmlns="http://www.loc.gov/standards/alto/ns-v4#"
      xsi:schemaLocation="http://www.loc.gov/standards/alto/ns-v4# http://www.loc.gov/standards/alto/v4/alto-4-2.xsd">
  <Description>
    <MeasurementUnit>pixel</MeasurementUnit>
    <sourceImageInformation>
      <fileName>IE87580382_00008.jpg</fileName>
      <fileIdentifier>mets//export_doc4366_1col_14_copy_alto_202404261215.zip/IE87580382_00008.jpg</fileIdentifier>
    </sourceImageInformation>
  </Description>
  
  <Tags>
    <OtherTag ID="BT8356" LABEL="MainLeft" DESCRIPTION="block type MainLeft"/><OtherTag ID="BT8355" LABEL="MainRight" DESCRIPTION="block type MainRight"/><OtherTag ID="BT6914" LABEL="Handwritten" DESCRIPTION="block type Handwritten"/><OtherTag ID="BT6913" LABEL="RunningHeader" DESCRIPTION="block type RunningHeader"/><OtherTag ID="BT6912" LABEL="Catchword" DESCRIPTION="block type Catchword"/><OtherTag ID="BT6911" LABEL="Margin" DESCRIPTION="block type Margin"/><OtherTag ID="BT6910" LABEL="FooterCentral" DESCRIPTION="block type FooterCentral"/><OtherTag ID="BT6909" LABEL="MainCentral" DESCRIPTION="block type MainCentral"/><OtherTag ID="BT6908" LABEL="Header" DESCRIPTION="block type Header"/><OtherTag ID="BT4" LABEL="Illustration" DESCRIPTION="block type Illustration"/><OtherTag ID="BT3" LABEL="Commentary" DESCRIPTION="block type Commentary"/><OtherTag ID="BT2" LABEL="Main" DESCRIPTION="block type Main"/><OtherTag ID="BT1" LABEL="Title" DESCRIPTION="block type Title"/>
    <OtherTag ID="LT15938" LABEL="MainLeft" DESCRIPTION="line type MainLeft"/><OtherTag ID="LT15937" LABEL="MainRight" DESCRIPTION="line type MainRight"/><OtherTag ID="LT15289" LABEL="Handwritten" DESCRIPTION="line type Handwritten"/><OtherTag ID="LT15288" LABEL="MainCentral" DESCRIPTION="line type MainCentral"/><OtherTag ID="LT15287" LABEL="NotMain" DESCRIPTION="line type NotMain"/>
  </Tags>
  
  <Layout>
    <Page WIDTH="1345"
          HEIGHT="2253"
          PHYSICAL_IMG_NR="32"
          ID="eSc_dummypage_">
      <PrintSpace HPOS="0"
                  VPOS="0"
                  WIDTH="1345"
                  HEIGHT="2253">
        
        <TextBlock HPOS="65.0"
                   VPOS="165.0"
                   WIDTH="1164.0"
                   HEIGHT="1252.0"
                   ID="eSc_textblock_6ec32441"
                   TAGREFS="BT6909">
          <Shape><Polygon POINTS="1229 175 1219 1417 75 1410 65 190 75 170 582 165"/></Shape>
          
          
          <TextLine ID="eSc_line_338321cf"
                    TAGREFS="LT15288"
                    BASELINE="73 199 1185 202" 
                    HPOS="72.0"
                    VPOS="167.0"
                    WIDTH="1113.0"
                    HEIGHT="87.0">
            <Shape><Polygon POINTS="1174 173 1162 173 1149 173 1137 172 1124 172 1112 172 1103 172 1095 177 1095 178 816 178 803 175 767 168 766 168 686 175 656 177 533 177 528 173 522 168 520 168 519 168 518 168 490 172 467 176 432 172 386 167 385 167 360 171 341 175 320 171 298 167 285 167 273 167 260 167 247 167 235 167 222 167 210 167 197 168 192 168 190 170 179 175 77 170 73 171 73 199 72 231 106 232 147 250 149 250 150 250 151 250 195 234 196 234 197 234 229 250 230 250 231 250 266 242 290 250 291 250 293 250 294 250 295 250 315 236 321 234 365 234 380 237 412 247 413 247 414 247 415 247 432 239 442 234 464 239 510 251 512 251 513 252 538 252 538 251 539 251 562 241 576 235 592 241 614 251 616 251 617 251 618 251 642 242 663 235 740 244 741 244 780 235 796 246 803 251 805 251 806 251 856 252 857 252 859 252 860 252 869 247 876 242 940 249 986 252 988 252 989 252 990 252 994 250 1006 241 1041 240 1068 251 1071 252 1073 252 1074 254 1113 254 1113 252 1114 252 1117 251 1132 244 1182 252 1185 202 1185 178 1175 173 1174 173"/></Shape>
	    <String CONTENT="ועל כלם יתברך ויתרומם שמך מלכנו תמיד לעולם ועד:"
                    HPOS="72.0"
                    VPOS="167.0"
                    WIDTH="1113.0"
                    HEIGHT="87.0"
                    WC="0.9782036060982562"></String>
          </TextLine>

          
          
          <TextLine ID="eSc_line_02d452f6"
                    TAGREFS="LT15288"
                    BASELINE="314 267 980 271" 
                    HPOS="313.0"
                    VPOS="244.0"
                    WIDTH="667.0"
                    HEIGHT="67.0">
            <Shape><Polygon POINTS="314 267 313 294 335 307 336 307 338 307 339 309 368 309 368 307 369 307 370 307 381 299 391 307 393 307 394 307 395 309 423 309 423 307 424 307 425 307 440 296 454 307 455 307 457 307 458 309 479 309 479 307 480 307 482 307 502 294 533 309 534 309 535 309 537 309 538 309 554 296 571 309 572 309 573 309 574 309 672 297 751 309 752 309 800 297 824 310 825 310 826 311 852 311 852 310 854 310 855 310 855 309 869 296 978 296 980 271 979 255 816 254 801 246 800 246 798 246 766 252 751 245 750 245 748 245 747 245 730 252 712 245 711 245 710 245 672 252 671 252 653 245 652 245 651 245 561 252 548 252 542 252 494 244 493 244 314 250 314 267"/></Shape>
	    <String CONTENT="בעשי&quot;ת - וכתב לחיים טובים כל בני בריתך:"
                    HPOS="313.0"
                    VPOS="244.0"
                    WIDTH="667.0"
                    HEIGHT="67.0"
                    WC="0.9711269446109471"></String>
          </TextLine>

          
          
          <TextLine ID="eSc_line_d4a1b265"
                    TAGREFS="LT15288"
                    BASELINE="73 326 1187 326" 
                    HPOS="73.0"
                    VPOS="299.0"
                    WIDTH="1114.0"
                    HEIGHT="79.0">
            <Shape><Polygon POINTS="73 326 73 361 106 361 107 361 120 370 121 370 122 370 123 370 125 370 144 365 156 374 157 374 159 374 160 374 161 374 187 362 191 361 267 361 273 364 290 376 291 376 293 376 294 378 333 378 333 376 334 376 335 376 348 367 373 376 374 376 375 378 460 378 460 376 462 376 463 376 478 366 484 362 498 366 527 376 528 376 529 376 530 376 553 367 571 361 596 361 608 369 621 376 622 376 623 376 624 376 626 376 642 369 658 361 676 369 690 376 691 376 692 378 733 378 733 376 735 376 756 370 790 361 815 371 826 376 827 376 829 378 867 378 867 376 869 376 870 376 875 372 887 364 900 372 901 372 902 372 904 372 905 372 930 361 988 361 1066 374 1068 374 1132 366 1185 376 1187 326 1187 306 1133 299 1132 299 1061 305 1059 306 801 306 800 305 791 299 790 299 788 299 787 299 752 305 748 305 743 305 713 299 712 299 648 305 636 305 73 304 73 326"/></Shape>
	    <String CONTENT="וכל החיים יודוך סלה. ויהללו את שמך באמת. האל ישועתנו"
                    HPOS="73.0"
                    VPOS="299.0"
                    WIDTH="1114.0"
                    HEIGHT="79.0"
                    WC="0.9863486218452454"></String>
          </TextLine>

          
          
          <TextLine ID="eSc_line_c2cf3f73"
                    TAGREFS="LT15288"
                    BASELINE="72 393 1222 399" 
                    HPOS="71.0"
                    VPOS="367.0"
                    WIDTH="1151.0"
                    HEIGHT="81.0">
            <Shape><Polygon POINTS="72 393 71 425 192 430 212 441 214 441 215 441 216 441 256 431 336 443 338 443 339 443 340 443 356 431 360 429 363 431 381 443 383 443 384 443 385 444 417 444 417 443 418 443 419 443 434 433 435 431 438 433 462 443 463 443 464 444 508 444 508 443 509 443 525 434 533 430 582 435 639 441 641 441 642 441 643 441 651 436 662 430 726 430 746 439 763 445 765 445 766 445 797 444 798 444 800 444 806 439 819 431 834 440 835 440 836 440 837 440 841 440 886 431 904 441 911 445 912 445 914 445 915 445 922 441 945 431 975 431 993 443 996 446 998 446 999 446 1000 448 1045 448 1045 446 1046 446 1048 446 1050 444 1068 433 1140 445 1148 446 1149 448 1219 448 1222 399 1221 375 814 378 803 375 793 371 792 371 791 371 790 371 783 375 776 378 767 375 753 370 752 370 751 370 707 375 685 376 652 375 586 370 584 370 558 375 546 376 541 375 529 369 528 369 473 369 472 369 470 369 469 369 462 375 459 376 303 376 300 375 286 367 285 367 284 367 235 374 194 367 192 367 72 374 72 393"/></Shape>
	    <String CONTENT="ועזרתנו סלה. ברוך אתה ה&apos;, הטוב שמך ולך נאה להודות: שלום"
                    HPOS="71.0"
                    VPOS="367.0"
                    WIDTH="1151.0"
                    HEIGHT="81.0"
                    WC="0.9922390580177307"></String>
          </TextLine>

          
          
          <TextLine ID="eSc_line_93c2ad3c"
                    TAGREFS="LT15288"
                    BASELINE="73 470 1172 468" 
                    HPOS="72.0"
                    VPOS="445.0"
                    WIDTH="1100.0"
                    HEIGHT="78.0">
            <Shape><Polygon POINTS="73 470 73 510 96 521 97 521 98 523 166 523 166 521 167 521 187 511 190 510 298 510 300 511 310 519 311 519 313 519 314 519 370 514 390 520 391 520 393 520 432 513 442 510 445 513 459 521 460 521 462 521 463 521 464 521 484 513 490 510 497 513 520 521 522 521 523 523 547 523 547 521 548 521 549 521 562 513 566 510 579 513 617 520 618 520 672 514 681 513 688 514 731 520 732 520 766 514 791 509 803 514 819 520 820 520 821 521 889 521 889 520 915 514 939 509 963 515 975 518 976 518 978 518 979 518 986 515 1003 509 1019 515 1031 520 1033 520 1034 520 1055 515 1082 509 1105 515 1123 520 1124 520 1125 520 1170 515 1172 468 1169 445 72 448 73 470"/></Shape>
	    <String CONTENT="רב שלום רב על ישראל עמך תשים לעולם כי אתה הוא מלך"
                    HPOS="72.0"
                    VPOS="445.0"
                    WIDTH="1100.0"
                    HEIGHT="78.0"
                    WC="0.9847315770128499"></String>
          </TextLine>

          
          
          <TextLine ID="eSc_line_aec841c5"
                    TAGREFS="LT15288"
                    BASELINE="73 546 1221 549" 
                    HPOS="72.0"
                    VPOS="524.0"
                    WIDTH="1149.0"
                    HEIGHT="79.0">
            <Shape><Polygon POINTS="73 546 72 583 140 589 156 600 157 600 159 600 160 602 194 602 194 600 195 600 229 585 230 585 262 600 264 600 265 600 334 598 335 598 373 588 381 585 386 588 409 600 410 600 412 600 413 600 440 589 445 587 449 589 468 600 469 600 470 600 472 602 519 602 519 600 520 600 522 600 534 593 553 600 554 600 556 600 557 600 558 600 572 590 579 585 587 590 601 600 602 600 603 600 604 600 606 600 623 593 644 602 646 602 647 603 712 603 712 602 713 602 731 593 745 587 899 587 915 595 920 599 921 599 922 599 924 599 948 595 1009 587 1036 597 1048 602 1049 602 1050 603 1083 603 1083 602 1084 602 1092 598 1100 593 1119 598 1130 602 1132 602 1133 602 1134 602 1140 599 1162 587 1180 599 1182 599 1183 599 1184 600 1218 600 1221 549 1219 526 73 524 73 546"/></Shape>
	    <String CONTENT=""
                    HPOS="72.0"
                    VPOS="524.0"
                    WIDTH="1149.0"
                    HEIGHT="79.0"
                    WC="0.9877641539682042"></String>
          </TextLine>

          
          
          <TextLine ID="eSc_line_a13e1d37"
                    TAGREFS="LT15288"
                    BASELINE="75 624 1221 624" 
                    HPOS="75.0"
                    VPOS="598.0"
                    WIDTH="1146.0"
                    HEIGHT="77.0">
            <Shape><Polygon POINTS="75 624 75 655 216 657 219 658 240 669 241 669 242 669 244 669 265 659 271 657 394 657 408 662 419 665 420 665 422 665 423 665 430 662 443 657 490 657 522 663 544 668 546 668 582 664 599 663 602 664 617 674 618 674 619 674 621 675 677 675 677 674 678 674 698 667 751 674 752 674 788 668 810 664 824 668 841 674 842 674 844 675 887 675 887 674 889 674 890 674 896 669 912 659 941 670 953 674 954 674 955 675 1003 675 1003 674 1004 674 1010 672 1033 660 1085 673 1089 673 1090 673 1092 673 1093 673 1119 657 1152 674 1153 674 1154 674 1155 675 1221 675 1221 624 1221 607 1174 598 1173 598 1105 605 1071 599 1070 599 1033 605 1013 598 1011 598 1010 598 973 604 846 598 845 598 793 605 778 598 777 598 702 598 701 598 632 607 176 607 165 598 164 598 162 598 110 598 108 598 75 605 75 624"/></Shape>
	    <String CONTENT=""
                    HPOS="75.0"
                    VPOS="598.0"
                    WIDTH="1146.0"
                    HEIGHT="77.0"
                    WC="0.990307766199112"></String>
          </TextLine>

          
          
          <TextLine ID="eSc_line_0d448c49"
                    TAGREFS="LT15288"
                    BASELINE="150 703 1143 703" 
                    HPOS="150.0"
                    VPOS="673.0"
                    WIDTH="993.0"
                    HEIGHT="80.0">
            <Shape><Polygon POINTS="150 703 150 734 212 743 214 743 215 743 232 735 234 735 262 752 264 752 265 752 266 752 300 743 324 745 325 745 326 745 328 745 340 737 344 735 375 735 383 738 425 752 427 752 428 753 465 753 465 752 467 752 495 739 498 738 512 739 579 745 581 745 582 745 583 745 591 739 598 735 608 740 637 752 638 752 639 752 687 740 691 740 705 752 706 752 707 752 708 753 820 753 820 752 821 752 822 752 834 743 844 735 912 735 925 743 935 752 936 752 937 752 939 752 940 752 964 744 965 744 986 749 988 749 989 749 990 749 991 749 996 744 1008 735 1028 744 1044 752 1045 752 1046 752 1048 752 1066 745 1080 740 1088 745 1097 752 1098 752 1099 752 1100 752 1142 745 1143 703 1142 683 955 683 906 673 905 673 846 682 834 673 832 673 831 673 798 673 797 673 796 673 773 682 750 673 748 673 747 673 746 673 710 683 587 683 576 673 574 673 573 673 527 673 525 673 524 673 490 682 450 673 449 673 448 673 429 682 378 673 376 673 333 682 306 673 305 673 207 673 206 673 150 682 150 703"/></Shape>
	    <String CONTENT=""
                    HPOS="150.0"
                    VPOS="673.0"
                    WIDTH="993.0"
                    HEIGHT="80.0"
                    WC="0.991916527619233"></String>
          </TextLine>

          
          
          <TextLine ID="eSc_line_1aae757a"
                    TAGREFS="LT15288"
                    BASELINE="72 769 1183 774" 
                    HPOS="71.0"
                    VPOS="744.0"
                    WIDTH="1112.0"
                    HEIGHT="79.0">
            <Shape><Polygon POINTS="72 769 71 801 113 818 115 818 116 819 154 819 154 818 155 818 187 802 234 802 276 818 278 818 279 819 301 819 301 818 303 818 333 803 365 819 366 819 368 821 394 821 394 819 395 819 429 803 454 804 478 819 479 819 480 819 482 821 561 821 561 819 562 819 563 819 587 803 626 812 627 812 628 812 652 804 677 821 678 821 680 821 681 822 733 822 733 821 735 821 736 821 753 808 772 821 773 821 775 821 776 822 842 822 842 821 844 821 845 821 862 809 949 817 950 817 951 817 981 806 1005 822 1006 822 1008 822 1009 823 1071 823 1071 822 1073 822 1074 822 1099 806 1180 806 1183 774 1183 757 1129 747 1128 747 1127 747 1104 754 1033 747 1031 747 1030 747 1029 747 1020 754 950 754 904 745 902 745 866 753 839 745 837 745 836 745 723 753 712 745 711 745 710 745 708 745 586 752 548 744 547 744 505 752 480 744 479 744 478 744 443 752 376 744 375 744 165 751 86 744 85 744 83 744 72 749 72 769"/></Shape>
	    <String CONTENT="בעש”ת: בספר חיים. ברכה ושלום. ופרנסה טובה. נזכר ונכתב"
                    HPOS="71.0"
                    VPOS="744.0"
                    WIDTH="1112.0"
                    HEIGHT="79.0"
                    WC="0.9826414962204135"></String>
          </TextLine>

          
          
          <TextLine ID="eSc_line_38ddb394"
                    TAGREFS="LT15288"
                    BASELINE="72 842 1218 839" 
                    HPOS="71.0"
                    VPOS="813.0"
                    WIDTH="1147.0"
                    HEIGHT="81.0">
            <Shape><Polygon POINTS="72 842 72 879 151 879 152 879 175 893 176 893 177 893 179 893 232 889 234 889 235 889 249 881 251 879 378 879 394 882 460 893 462 894 500 894 500 893 502 893 527 883 546 893 547 893 548 894 614 894 614 893 616 893 638 883 653 878 705 878 723 884 731 887 732 887 733 887 746 884 776 878 786 884 796 892 797 892 798 892 800 892 839 889 840 889 849 886 864 878 894 878 910 886 921 892 922 892 924 893 951 893 951 892 953 892 954 892 963 887 973 881 988 887 1000 892 1001 892 1003 893 1085 893 1085 892 1087 892 1095 888 1104 883 1113 888 1120 892 1122 892 1123 892 1217 888 1218 839 1216 818 940 821 929 819 902 813 901 813 900 813 884 819 877 822 795 822 790 819 770 813 768 813 767 813 766 813 750 819 746 821 717 819 602 814 601 814 515 821 493 822 489 821 473 814 472 814 470 814 469 814 455 821 453 822 447 821 417 814 415 814 373 821 366 822 365 822 354 814 353 814 351 814 135 814 133 814 71 822 72 842"/></Shape>
	    <String CONTENT="לפניך. אנחנו וכל עמך בית ישראל. לחיים טובים ולשלום:"
                    HPOS="71.0"
                    VPOS="813.0"
                    WIDTH="1147.0"
                    HEIGHT="81.0"
                    WC="0.9756400816294611"></String>
          </TextLine>

          
          
          <TextLine ID="eSc_line_3aaf121e"
                    TAGREFS="LT15288"
                    BASELINE="609 909 1203 909" 
                    HPOS="609.0"
                    VPOS="883.0"
                    WIDTH="594.0"
                    HEIGHT="75.0">
            <Shape><Polygon POINTS="609 909 609 941 631 950 632 950 633 950 682 945 693 955 693 956 695 956 696 956 697 956 740 948 748 956 748 957 750 957 751 957 752 957 753 957 777 951 797 956 798 956 800 956 801 956 802 956 814 946 816 943 819 946 821 947 821 948 822 948 824 948 825 948 826 948 835 946 840 945 842 946 852 956 852 957 854 957 855 957 856 958 906 958 906 957 907 957 909 957 920 948 927 942 1001 942 1014 950 1024 957 1025 957 1026 957 1028 957 1078 952 1079 952 1080 952 1080 951 1088 945 1099 952 1108 957 1109 957 1110 957 1112 957 1113 957 1114 957 1119 952 1129 945 1135 950 1137 950 1138 950 1139 950 1163 946 1172 953 1175 956 1175 957 1177 957 1178 957 1179 957 1203 953 1203 909 1203 893 712 883 711 883 710 883 692 893 609 893 609 909"/></Shape>
	    <String CONTENT=""
                    HPOS="609.0"
                    VPOS="883.0"
                    WIDTH="594.0"
                    HEIGHT="75.0"
                    WC="0.990817462404569"></String>
          </TextLine>

          
          
          <TextLine ID="eSc_line_7e189475"
                    TAGREFS="LT15288"
                    BASELINE="234 983 1044 983" 
                    HPOS="234.0"
                    VPOS="958.0"
                    WIDTH="810.0"
                    HEIGHT="57.0">
            <Shape><Polygon POINTS="234 983 234 1005 261 1015 262 1015 264 1015 313 1008 321 1015 323 1015 324 1015 325 1015 326 1015 345 1006 359 1015 360 1015 361 1015 363 1015 415 1006 465 1015 467 1015 468 1015 497 1006 525 1015 527 1015 528 1015 579 1013 581 1013 582 1013 589 1006 614 1015 616 1015 617 1015 654 1006 677 1015 678 1015 680 1015 741 1008 806 1015 807 1015 809 1015 825 1006 847 1015 849 1015 850 1015 900 1006 919 1013 920 1013 921 1013 971 1006 1029 1015 1030 1015 1031 1015 1033 1015 1044 1006 1044 983 1044 968 961 968 951 960 951 958 950 958 949 958 948 958 946 958 912 967 891 958 890 958 889 958 829 966 811 958 810 958 809 958 807 958 786 968 659 968 651 960 651 958 649 958 648 958 647 958 568 967 528 958 527 958 487 967 468 958 467 958 404 958 403 958 358 967 273 958 271 958 234 967 234 983"/></Shape>
	    <String CONTENT=""
                    HPOS="234.0"
                    VPOS="958.0"
                    WIDTH="810.0"
                    HEIGHT="57.0"
                    WC="0.9829084836706823"></String>
          </TextLine>

          
          
          <TextLine ID="eSc_line_7403c4e6"
                    TAGREFS="LT15288"
                    BASELINE="237 1026 1043 1028" 
                    HPOS="236.0"
                    VPOS="1005.0"
                    WIDTH="807.0"
                    HEIGHT="56.0">
            <Shape><Polygon POINTS="237 1026 236 1046 267 1058 269 1058 270 1058 321 1048 349 1058 350 1058 351 1060 438 1060 438 1058 439 1058 458 1048 480 1058 482 1058 483 1058 624 1048 636 1048 637 1048 652 1060 653 1060 654 1060 656 1061 763 1061 763 1060 765 1060 766 1060 766 1058 772 1053 826 1060 827 1060 829 1060 857 1051 860 1050 862 1051 887 1060 889 1060 890 1061 935 1061 935 1060 936 1060 937 1060 937 1058 943 1053 954 1058 955 1058 956 1058 958 1058 959 1058 969 1051 970 1050 976 1051 996 1056 998 1056 999 1056 1040 1051 1043 1028 1041 1017 892 1006 891 1006 890 1006 889 1006 875 1016 874 1017 854 1017 852 1016 836 1006 835 1006 834 1006 798 1006 797 1006 796 1006 771 1016 770 1017 641 1017 638 1016 609 1005 608 1005 607 1005 606 1005 581 1015 556 1005 554 1005 553 1005 505 1012 487 1005 485 1005 484 1005 483 1005 455 1015 425 1005 424 1005 423 1005 422 1005 385 1015 384 1015 356 1005 355 1005 354 1005 353 1005 351 1005 340 1015 339 1016 320 1016 319 1015 306 1005 305 1005 304 1005 264 1005 262 1005 261 1005 237 1013 237 1026"/></Shape>
	    <String CONTENT=""
                    HPOS="236.0"
                    VPOS="1005.0"
                    WIDTH="807.0"
                    HEIGHT="56.0"
                    WC="0.9883434057235718"></String>
          </TextLine>

          
          
          <TextLine ID="eSc_line_6c947929"
                    TAGREFS="LT15288"
                    BASELINE="70 1083 1180 1083" 
                    HPOS="70.0"
                    VPOS="1055.0"
                    WIDTH="1110.0"
                    HEIGHT="70.0">
            <Shape><Polygon POINTS="70 1083 70 1112 120 1123 121 1125 164 1125 164 1123 165 1123 185 1113 186 1113 191 1113 249 1120 250 1120 281 1115 286 1113 290 1115 320 1123 321 1123 323 1125 495 1125 495 1123 497 1123 510 1116 515 1113 522 1116 541 1123 542 1123 543 1125 593 1125 593 1123 594 1123 609 1116 617 1113 638 1117 682 1123 683 1123 685 1123 697 1117 705 1113 717 1117 738 1123 740 1123 741 1125 793 1125 793 1123 795 1123 811 1117 821 1115 849 1118 891 1123 892 1123 894 1123 904 1118 915 1113 943 1118 969 1123 970 1123 971 1123 986 1118 1006 1113 1055 1113 1065 1120 1070 1123 1071 1123 1073 1123 1074 1123 1092 1120 1105 1117 1179 1120 1180 1083 1180 1063 1123 1055 1122 1055 1120 1055 1089 1062 1068 1056 1066 1056 1065 1056 1064 1056 1063 1056 1053 1063 869 1063 837 1056 836 1056 796 1062 777 1055 776 1055 775 1055 773 1055 772 1055 758 1063 657 1063 643 1055 642 1055 641 1055 639 1055 638 1055 637 1055 626 1063 583 1063 567 1055 566 1055 564 1055 493 1062 467 1055 465 1055 464 1055 463 1055 440 1063 350 1063 311 1055 310 1055 309 1055 288 1062 93 1055 92 1055 91 1055 70 1062 70 1083"/></Shape>
	    <String CONTENT=""
                    HPOS="70.0"
                    VPOS="1055.0"
                    WIDTH="1110.0"
                    HEIGHT="70.0"
                    WC="0.9771825176174358"></String>
          </TextLine>

          
          
          <TextLine ID="eSc_line_8a540da0"
                    TAGREFS="LT15288"
                    BASELINE="71 1144 1214 1141" 
                    HPOS="70.0"
                    VPOS="1116.0"
                    WIDTH="1144.0"
                    HEIGHT="69.0">
            <Shape><Polygon POINTS="71 1144 71 1175 145 1184 146 1184 147 1184 164 1175 165 1175 274 1175 275 1175 288 1184 289 1184 290 1184 291 1184 293 1184 314 1176 366 1184 368 1184 369 1184 388 1175 410 1182 412 1182 413 1182 414 1182 432 1175 462 1184 463 1184 464 1184 465 1184 488 1175 500 1184 502 1184 503 1184 504 1185 569 1185 569 1184 571 1184 572 1184 581 1177 634 1184 636 1184 637 1184 638 1184 648 1177 711 1182 712 1182 713 1182 715 1182 727 1174 748 1182 750 1182 751 1182 786 1176 834 1180 835 1180 836 1180 837 1180 846 1174 880 1182 881 1182 882 1184 986 1184 986 1182 988 1182 1018 1174 1125 1174 1139 1182 1140 1182 1142 1182 1143 1184 1193 1184 1193 1182 1194 1182 1214 1172 1214 1141 1213 1122 1175 1116 1174 1116 1088 1122 1077 1122 1075 1122 1064 1116 1063 1116 1061 1116 876 1122 865 1122 861 1122 805 1116 803 1116 802 1116 788 1122 788 1123 706 1123 706 1122 691 1116 690 1116 688 1116 646 1123 639 1123 634 1123 607 1117 606 1117 604 1117 603 1117 596 1123 594 1123 591 1123 561 1117 559 1117 460 1123 450 1123 440 1123 345 1117 344 1117 284 1123 281 1123 271 1117 270 1117 269 1117 107 1117 106 1117 70 1123 71 1144"/></Shape>
	    <String CONTENT=""
                    HPOS="70.0"
                    VPOS="1116.0"
                    WIDTH="1144.0"
                    HEIGHT="69.0"
                    WC="0.9916899143639257"></String>
          </TextLine>

          
          
          <TextLine ID="eSc_line_055f4fac"
                    TAGREFS="LT15288"
                    BASELINE="68 1202 1212 1200" 
                    HPOS="67.0"
                    VPOS="1182.0"
                    WIDTH="1145.0"
                    HEIGHT="65.0">
            <Shape><Polygon POINTS="68 1202 68 1247 131 1241 145 1246 146 1246 147 1246 149 1246 150 1246 167 1235 199 1235 222 1245 224 1245 225 1245 226 1245 267 1235 318 1246 319 1246 320 1246 336 1237 349 1244 350 1244 351 1244 353 1244 378 1236 404 1246 405 1246 407 1246 408 1246 409 1246 427 1235 482 1235 494 1244 495 1244 497 1244 498 1244 549 1235 596 1245 597 1245 598 1245 626 1237 648 1244 649 1244 651 1244 652 1244 653 1244 669 1234 712 1245 713 1245 715 1245 753 1237 766 1245 767 1245 768 1245 770 1245 771 1245 797 1236 815 1245 816 1245 817 1246 867 1246 867 1245 869 1245 870 1245 889 1234 944 1245 945 1245 946 1245 948 1245 966 1234 985 1234 1003 1245 1004 1245 1005 1245 1006 1245 1008 1245 1028 1239 1044 1244 1045 1244 1046 1244 1048 1244 1049 1244 1065 1234 1102 1244 1103 1244 1104 1244 1165 1235 1209 1245 1212 1200 1209 1182 67 1184 68 1202"/></Shape>
	    <String CONTENT=""
                    HPOS="67.0"
                    VPOS="1182.0"
                    WIDTH="1145.0"
                    HEIGHT="65.0"
                    WC="0.9684839567233776"></String>
          </TextLine>

          
          
          <TextLine ID="eSc_line_dcdb96d0"
                    TAGREFS="LT15288"
                    BASELINE="71 1261 1217 1261" 
                    HPOS="71.0"
                    VPOS="1245.0"
                    WIDTH="1146.0"
                    HEIGHT="61.0">
            <Shape><Polygon POINTS="71 1261 71 1295 113 1305 115 1305 164 1296 166 1296 205 1296 206 1296 220 1305 221 1305 222 1305 224 1305 225 1305 241 1297 256 1305 257 1305 259 1306 324 1306 324 1305 325 1305 326 1305 338 1297 340 1296 343 1297 360 1305 361 1305 363 1306 483 1306 483 1305 484 1305 499 1299 504 1296 508 1299 520 1305 522 1305 523 1305 551 1299 552 1299 553 1299 574 1305 576 1305 577 1305 578 1305 591 1299 596 1296 644 1296 653 1299 667 1305 668 1305 669 1305 693 1300 708 1296 735 1300 770 1305 771 1306 865 1306 865 1305 866 1305 875 1301 879 1299 882 1301 887 1305 889 1305 890 1305 891 1305 1000 1304 1001 1304 1003 1304 1005 1301 1016 1296 1084 1296 1094 1302 1098 1305 1099 1305 1100 1305 1102 1306 1152 1306 1152 1305 1153 1305 1154 1305 1157 1302 1165 1297 1216 1302 1217 1261 1217 1245 71 1245 71 1261"/></Shape>
	    <String CONTENT=""
                    HPOS="71.0"
                    VPOS="1245.0"
                    WIDTH="1146.0"
                    HEIGHT="61.0"
                    WC="0.9591114493086934"></String>
          </TextLine>

          
          
          <TextLine ID="eSc_line_c051bf8b"
                    TAGREFS="LT15288"
                    BASELINE="71 1321 1217 1318" 
                    HPOS="70.0"
                    VPOS="1295.0"
                    WIDTH="1147.0"
                    HEIGHT="70.0">
            <Shape><Polygon POINTS="71 1321 71 1351 108 1365 110 1365 111 1365 112 1365 146 1351 147 1351 219 1351 252 1365 254 1365 255 1365 256 1365 288 1358 300 1365 301 1365 303 1365 304 1365 305 1365 306 1365 329 1351 353 1360 354 1360 355 1360 356 1360 379 1351 432 1351 453 1364 454 1364 455 1364 457 1365 522 1365 522 1364 523 1364 524 1364 543 1353 558 1360 559 1360 561 1360 562 1360 589 1353 604 1363 606 1363 607 1363 608 1363 609 1363 632 1356 642 1364 643 1364 644 1364 646 1365 690 1365 690 1364 753 1350 803 1364 805 1364 806 1364 807 1364 836 1354 850 1363 851 1363 852 1363 854 1363 855 1363 856 1363 877 1350 904 1363 905 1363 906 1363 907 1363 939 1354 983 1363 984 1363 985 1363 1020 1349 1078 1361 1079 1361 1128 1356 1167 1363 1168 1363 1169 1363 1217 1346 1217 1318 1216 1301 1130 1295 1129 1295 1128 1295 1127 1295 1119 1301 1117 1301 1098 1301 985 1296 984 1296 834 1301 792 1302 786 1301 761 1296 760 1296 758 1296 745 1301 741 1302 738 1301 722 1296 721 1296 720 1296 671 1301 662 1302 656 1301 623 1296 622 1296 621 1296 601 1302 597 1302 592 1302 557 1296 556 1296 522 1302 518 1302 514 1302 485 1296 484 1296 457 1302 448 1304 439 1302 413 1297 412 1297 410 1297 400 1302 396 1304 389 1302 365 1297 364 1297 333 1302 324 1304 318 1302 296 1297 295 1297 294 1297 70 1302 71 1321"/></Shape>
	    <String CONTENT=""
                    HPOS="70.0"
                    VPOS="1295.0"
                    WIDTH="1147.0"
                    HEIGHT="70.0"
                    WC="0.9758171549865178"></String>
          </TextLine>

          
          
          <TextLine ID="eSc_line_02d27692"
                    TAGREFS="LT15288"
                    BASELINE="73 1380 1216 1376" 
                    HPOS="72.0"
                    VPOS="1356.0"
                    WIDTH="1144.0"
                    HEIGHT="82.0">
            <Shape><Polygon POINTS="73 1380 73 1438 149 1436 150 1436 194 1414 239 1414 262 1429 264 1429 265 1429 306 1433 308 1433 309 1433 338 1421 361 1434 366 1436 368 1436 369 1436 370 1436 376 1434 400 1421 413 1429 414 1429 415 1429 417 1429 463 1420 508 1430 509 1430 510 1430 547 1419 563 1428 564 1428 566 1428 567 1428 568 1428 584 1416 597 1425 598 1425 599 1425 601 1425 675 1421 687 1429 688 1429 690 1429 691 1429 692 1429 693 1429 742 1413 773 1415 791 1428 793 1429 795 1429 796 1429 797 1429 798 1429 806 1426 840 1418 864 1424 865 1424 866 1424 867 1424 869 1424 875 1419 891 1425 909 1433 910 1433 911 1433 912 1433 936 1425 973 1414 1024 1424 1041 1426 1043 1426 1044 1426 1050 1423 1059 1419 1066 1423 1078 1429 1079 1429 1080 1429 1082 1429 1104 1423 1135 1414 1213 1420 1216 1376 1213 1356 72 1364 73 1380"/></Shape>
	    <String CONTENT=""
                    HPOS="72.0"
                    VPOS="1356.0"
                    WIDTH="1144.0"
                    HEIGHT="82.0"
                    WC="0.956576750330303"></String>
          </TextLine>

          
        </TextBlock>
        
        <TextBlock HPOS="68.0"
                   VPOS="1483.0"
                   WIDTH="1162.0"
                   HEIGHT="633.0"
                   ID="eSc_textblock_b2a68563"
                   TAGREFS="BT6909">
          <Shape><Polygon POINTS="1230 1483 1224 2111 75 2116 68 1486"/></Shape>
          
          
          <TextLine ID="eSc_line_ffe58fc4"
                    TAGREFS="LT15288"
                    BASELINE="386 1496 907 1493" 
                    HPOS="385.0"
                    VPOS="1468.0"
                    WIDTH="522.0"
                    HEIGHT="69.0">
            <Shape><Polygon POINTS="776 1469 775 1469 773 1469 772 1469 758 1476 751 1469 748 1469 743 1469 726 1478 725 1478 718 1478 667 1470 666 1470 664 1470 641 1478 629 1468 623 1468 613 1468 601 1471 583 1468 573 1468 561 1468 557 1468 515 1475 433 1468 423 1468 415 1468 404 1479 385 1479 386 1496 386 1522 404 1523 415 1534 415 1535 417 1535 418 1535 419 1537 443 1537 443 1535 444 1535 445 1535 463 1523 489 1535 490 1535 492 1535 493 1535 494 1535 494 1534 505 1524 508 1522 544 1522 551 1524 567 1533 568 1533 569 1533 571 1533 591 1524 592 1524 603 1534 604 1534 606 1534 607 1534 608 1534 639 1525 652 1534 653 1534 654 1534 656 1535 683 1535 683 1534 685 1534 686 1534 686 1533 693 1525 700 1520 723 1527 752 1533 753 1534 782 1534 782 1533 783 1533 785 1533 785 1532 791 1527 798 1519 811 1528 820 1533 821 1533 822 1533 824 1533 825 1533 826 1533 826 1532 831 1528 840 1519 855 1528 864 1533 865 1533 866 1533 906 1528 907 1493 906 1476 807 1470 806 1470 805 1470 788 1476 777 1469 776 1469"/></Shape>
	    <String CONTENT=""
                    HPOS="385.0"
                    VPOS="1468.0"
                    WIDTH="522.0"
                    HEIGHT="69.0"
                    WC="0.9751660610948291"></String>
          </TextLine>

          
          
          <TextLine ID="eSc_line_bca4085f"
                    TAGREFS="LT15288"
                    BASELINE="68 1558 1182 1555" 
                    HPOS="67.0"
                    VPOS="1528.0"
                    WIDTH="1115.0"
                    HEIGHT="77.0">
            <Shape><Polygon POINTS="68 1558 68 1592 165 1592 192 1603 194 1603 195 1603 196 1603 235 1592 270 1600 271 1600 273 1600 295 1597 305 1604 306 1604 308 1604 309 1605 393 1605 393 1604 394 1604 395 1604 415 1592 439 1604 440 1604 442 1605 474 1605 474 1604 475 1604 477 1604 497 1592 498 1592 579 1604 581 1604 623 1597 644 1603 646 1603 647 1603 648 1603 649 1603 662 1595 676 1603 677 1603 678 1604 785 1604 785 1603 786 1603 787 1603 803 1592 805 1590 812 1592 865 1603 866 1603 950 1602 951 1602 976 1592 981 1590 1003 1590 1006 1592 1024 1603 1025 1603 1026 1603 1028 1603 1029 1603 1059 1592 1064 1590 1073 1592 1110 1599 1112 1599 1113 1599 1132 1592 1137 1590 1140 1592 1162 1599 1163 1599 1164 1599 1165 1599 1182 1592 1182 1555 1180 1534 1064 1528 1063 1528 1061 1528 1060 1528 1051 1534 1050 1534 1049 1534 1030 1528 1029 1528 1028 1528 1026 1528 1025 1528 1018 1534 1016 1534 1011 1534 984 1529 983 1529 937 1534 919 1535 906 1534 869 1528 867 1528 866 1528 865 1528 857 1534 854 1535 783 1534 638 1530 637 1530 597 1534 569 1537 561 1534 546 1529 544 1529 543 1529 542 1529 528 1534 520 1537 509 1534 484 1529 483 1529 427 1534 399 1537 384 1534 354 1529 353 1529 67 1534 68 1558"/></Shape>
	    <String CONTENT=""
                    HPOS="67.0"
                    VPOS="1528.0"
                    WIDTH="1115.0"
                    HEIGHT="77.0"
                    WC="0.9853961382593427"></String>
          </TextLine>

          
          
          <TextLine ID="eSc_line_24252ab1"
                    TAGREFS="LT15288"
                    BASELINE="990 1615 1218 1617" 
                    HPOS="989.0"
                    VPOS="1595.0"
                    WIDTH="229.0"
                    HEIGHT="62.0">
            <Shape><Polygon POINTS="990 1615 989 1643 1015 1653 1016 1653 1018 1653 1068 1645 1095 1655 1097 1655 1098 1655 1099 1655 1119 1647 1153 1655 1154 1655 1155 1657 1205 1657 1205 1655 1207 1655 1208 1655 1217 1647 1218 1617 1217 1595 990 1598 990 1615"/></Shape>
	    <String CONTENT=""
                    HPOS="989.0"
                    VPOS="1595.0"
                    WIDTH="229.0"
                    HEIGHT="62.0"
                    WC="0.9955442428588868"></String>
          </TextLine>

          
          
          <TextLine ID="eSc_line_82001d01"
                    TAGREFS="LT15288"
                    BASELINE="72 1678 1218 1674" 
                    HPOS="71.0"
                    VPOS="1653.0"
                    WIDTH="1147.0"
                    HEIGHT="65.0">
            <Shape><Polygon POINTS="72 1678 72 1709 110 1709 112 1709 136 1718 137 1718 139 1718 204 1711 224 1718 225 1718 226 1718 227 1718 229 1718 241 1709 242 1709 247 1709 348 1718 349 1718 350 1718 351 1718 361 1711 399 1718 400 1718 440 1709 475 1717 477 1717 523 1709 561 1717 562 1717 563 1717 564 1717 578 1708 587 1708 706 1717 707 1717 761 1708 762 1708 814 1717 815 1717 816 1717 817 1717 827 1711 886 1716 887 1716 889 1716 890 1716 902 1707 904 1707 907 1707 955 1716 956 1716 1000 1708 1030 1716 1031 1716 1033 1716 1034 1716 1035 1716 1049 1707 1083 1716 1084 1716 1085 1716 1134 1707 1182 1716 1183 1716 1184 1716 1218 1706 1218 1674 1216 1653 71 1655 72 1678"/></Shape>
	    <String CONTENT=""
                    HPOS="71.0"
                    VPOS="1653.0"
                    WIDTH="1147.0"
                    HEIGHT="65.0"
                    WC="0.9964194389489981"></String>
          </TextLine>

          
          
          <TextLine ID="eSc_line_1e20fe18"
                    TAGREFS="LT15288"
                    BASELINE="71 1736 1219 1736" 
                    HPOS="71.0"
                    VPOS="1716.0"
                    WIDTH="1148.0"
                    HEIGHT="68.0">
            <Shape><Polygon POINTS="71 1736 71 1772 139 1772 165 1783 166 1783 167 1783 169 1783 206 1772 244 1772 260 1783 261 1783 262 1783 264 1783 265 1783 308 1772 353 1783 354 1783 355 1783 356 1783 386 1772 413 1772 430 1783 432 1783 433 1783 434 1784 510 1784 510 1783 512 1783 535 1772 566 1783 567 1783 568 1784 618 1784 618 1783 619 1783 641 1772 690 1783 691 1783 750 1772 796 1772 820 1783 821 1783 822 1784 895 1784 895 1783 896 1783 897 1783 914 1773 939 1783 940 1783 941 1783 943 1783 944 1783 963 1772 979 1781 980 1781 1060 1783 1061 1783 1135 1772 1148 1781 1149 1781 1150 1781 1193 1783 1194 1783 1195 1783 1219 1771 1219 1736 1218 1716 71 1718 71 1736"/></Shape>
	    <String CONTENT=""
                    HPOS="71.0"
                    VPOS="1716.0"
                    WIDTH="1148.0"
                    HEIGHT="68.0"
                    WC="0.9629553246731851"></String>
          </TextLine>

          
          
          <TextLine ID="eSc_line_397adb5b"
                    TAGREFS="LT15288"
                    BASELINE="994 1796 1221 1793" 
                    HPOS="993.0"
                    VPOS="1772.0"
                    WIDTH="228.0"
                    HEIGHT="70.0">
            <Shape><Polygon POINTS="994 1796 994 1826 1050 1833 1051 1833 1053 1833 1060 1831 1068 1828 1080 1832 1104 1839 1105 1839 1107 1839 1108 1839 1118 1834 1134 1826 1148 1837 1154 1842 1155 1842 1157 1842 1158 1842 1221 1841 1221 1793 1219 1777 1033 1772 1031 1772 993 1779 994 1796"/></Shape>
	    <String CONTENT=""
                    HPOS="993.0"
                    VPOS="1772.0"
                    WIDTH="228.0"
                    HEIGHT="70.0"
                    WC="0.9920984506607056"></String>
          </TextLine>

          
          
          <TextLine ID="eSc_line_c329a6ea"
                    TAGREFS="LT15288"
                    BASELINE="279 1861 1003 1857" 
                    HPOS="278.0"
                    VPOS="1831.0"
                    WIDTH="725.0"
                    HEIGHT="61.0">
            <Shape><Polygon POINTS="279 1861 279 1892 343 1885 356 1892 358 1892 359 1892 360 1892 365 1892 404 1885 430 1891 437 1892 438 1892 439 1892 463 1891 518 1886 554 1890 572 1891 573 1891 574 1891 578 1890 589 1883 602 1888 607 1891 608 1891 609 1891 611 1891 617 1888 632 1883 656 1888 671 1891 672 1891 1001 1883 1003 1857 1000 1838 919 1838 917 1838 897 1831 896 1831 895 1831 894 1831 872 1838 871 1838 870 1838 829 1831 827 1831 826 1831 825 1831 816 1838 770 1831 768 1831 767 1831 766 1831 766 1832 757 1839 748 1833 747 1833 746 1833 745 1833 743 1833 732 1839 730 1841 593 1841 592 1839 558 1832 557 1832 556 1832 554 1832 546 1838 422 1833 420 1833 419 1833 418 1833 418 1834 410 1841 407 1841 316 1833 315 1833 278 1841 279 1861"/></Shape>
	    <String CONTENT=""
                    HPOS="278.0"
                    VPOS="1831.0"
                    WIDTH="725.0"
                    HEIGHT="61.0"
                    WC="0.9771855274836222"></String>
          </TextLine>

          
          
          <TextLine ID="eSc_line_907afaa3"
                    TAGREFS="LT15288"
                    BASELINE="279 1905 1005 1900" 
                    HPOS="278.0"
                    VPOS="1885.0"
                    WIDTH="727.0"
                    HEIGHT="53.0">
            <Shape><Polygon POINTS="279 1905 279 1928 319 1937 320 1938 427 1938 427 1937 499 1931 539 1927 578 1927 583 1931 587 1935 588 1935 589 1935 591 1935 611 1931 641 1926 648 1932 652 1935 653 1935 654 1935 656 1936 757 1936 757 1935 758 1935 760 1935 762 1932 770 1927 795 1932 807 1935 809 1935 810 1935 815 1932 834 1925 854 1925 862 1932 862 1933 864 1933 865 1933 866 1933 872 1933 932 1925 941 1932 941 1933 943 1933 944 1933 945 1935 1004 1935 1005 1900 1003 1885 278 1888 279 1905"/></Shape>
	    <String CONTENT=""
                    HPOS="278.0"
                    VPOS="1885.0"
                    WIDTH="727.0"
                    HEIGHT="53.0"
                    WC="0.989022834356441"></String>
          </TextLine>

          
          
          <TextLine ID="eSc_line_7b080414"
                    TAGREFS="LT15288"
                    BASELINE="71 1953 1170 1957" 
                    HPOS="70.0"
                    VPOS="1925.0"
                    WIDTH="1100.0"
                    HEIGHT="75.0">
            <Shape><Polygon POINTS="71 1953 70 1983 100 1996 101 1996 102 1996 103 1996 137 1987 150 1996 151 1996 152 1996 154 1997 284 1997 284 1996 285 1996 308 1985 309 1985 334 1996 335 1996 336 1997 384 1997 384 1996 385 1996 386 1996 401 1986 404 1985 445 1985 447 1986 464 1997 465 1997 467 1997 468 1997 558 1996 559 1996 591 1987 597 1986 634 1987 648 1997 649 1997 651 1997 652 1997 653 1997 675 1988 680 1986 687 1988 705 1993 706 1993 707 1993 775 1988 805 1987 810 1990 824 1998 825 1998 826 1998 827 2000 894 2000 894 1998 895 1998 912 1990 919 1987 934 1991 968 1998 969 1998 970 1998 988 1991 996 1987 1089 1987 1113 1992 1142 1998 1143 1998 1168 1992 1170 1957 1169 1938 1068 1928 1066 1928 1006 1936 993 1937 981 1936 945 1928 944 1928 812 1933 738 1936 730 1932 718 1927 717 1927 716 1927 683 1932 671 1933 656 1931 628 1927 627 1927 626 1927 624 1927 619 1931 613 1935 566 1931 553 1930 552 1930 551 1930 549 1930 539 1936 328 1928 326 1928 325 1928 310 1935 296 1927 294 1926 293 1926 291 1926 278 1927 191 1935 174 1926 172 1926 171 1926 116 1933 71 1925 71 1953"/></Shape>
	    <String CONTENT=""
                    HPOS="70.0"
                    VPOS="1925.0"
                    WIDTH="1100.0"
                    HEIGHT="75.0"
                    WC="0.9917495207353072"></String>
          </TextLine>

          
          
          <TextLine ID="eSc_line_af9e86b9"
                    TAGREFS="LT15288"
                    BASELINE="71 2013 1207 2016" 
                    HPOS="70.0"
                    VPOS="1997.0"
                    WIDTH="1137.0"
                    HEIGHT="61.0">
            <Shape><Polygon POINTS="71 2013 70 2056 113 2057 115 2057 116 2057 120 2056 150 2047 191 2056 199 2057 200 2058 285 2058 285 2057 286 2057 288 2057 289 2056 300 2050 346 2056 363 2057 364 2057 365 2057 366 2057 369 2056 381 2047 444 2055 463 2057 464 2057 465 2057 474 2055 493 2051 528 2055 551 2057 552 2057 553 2057 554 2057 557 2055 571 2047 728 2050 736 2055 746 2058 747 2058 748 2058 788 2055 817 2051 822 2053 830 2058 831 2058 832 2058 834 2058 865 2053 879 2052 900 2053 955 2058 956 2058 958 2058 970 2053 984 2048 1019 2048 1028 2053 1034 2058 1035 2058 1036 2058 1038 2058 1066 2053 1093 2048 1167 2050 1170 2052 1178 2058 1179 2058 1180 2058 1182 2058 1183 2058 1205 2052 1207 2016 1205 1998 71 1997 71 2013"/></Shape>
	    <String CONTENT=""
                    HPOS="70.0"
                    VPOS="1997.0"
                    WIDTH="1137.0"
                    HEIGHT="61.0"
                    WC="0.9820087591807047"></String>
          </TextLine>

          
          
          <TextLine ID="eSc_line_730d0864"
                    TAGREFS="LT15288"
                    BASELINE="73 2074 1205 2076" 
                    HPOS="72.0"
                    VPOS="2055.0"
                    WIDTH="1133.0"
                    HEIGHT="76.0">
            <Shape><Polygon POINTS="73 2074 72 2119 91 2124 92 2124 117 2119 139 2115 150 2119 169 2126 170 2126 171 2126 172 2126 191 2119 204 2115 220 2119 252 2127 254 2127 255 2127 256 2127 273 2119 284 2114 356 2114 393 2119 445 2127 527 2129 528 2129 529 2129 567 2119 574 2117 582 2119 614 2129 616 2129 617 2129 682 2124 708 2130 710 2130 711 2131 788 2131 788 2130 790 2130 791 2130 807 2119 831 2130 832 2130 834 2131 916 2131 916 2130 917 2130 930 2124 956 2130 958 2130 959 2130 960 2130 991 2119 1004 2115 1149 2115 1162 2119 1180 2126 1182 2126 1183 2126 1184 2126 1204 2119 1205 2076 1205 2058 73 2055 73 2074"/></Shape>
	    <String CONTENT=""
                    HPOS="72.0"
                    VPOS="2055.0"
                    WIDTH="1133.0"
                    HEIGHT="76.0"
                    WC="0.9845571682370943"></String>
          </TextLine>

          
        </TextBlock>
        

        
      </PrintSpace>
    </Page>
  </Layout>
</alto>
