<?xml version="1.0" encoding="UTF-8"?>
<alto xmlns:xsi="http://www.w3.org/2001/XMLSchema-instance"
      xmlns="http://www.loc.gov/standards/alto/ns-v4#"
      xsi:schemaLocation="http://www.loc.gov/standards/alto/ns-v4# http://www.loc.gov/standards/alto/v4/alto-4-2.xsd">
  <Description>
    <MeasurementUnit>pixel</MeasurementUnit>
    <sourceImageInformation>
      <fileName>IE87700963_00014.jpg</fileName>
      <fileIdentifier>mets//export_doc4366_1col_14_copy_alto_202404261215.zip/IE87700963_00014.jpg</fileIdentifier>
    </sourceImageInformation>
  </Description>
  
  <Tags>
    <OtherTag ID="BT8356" LABEL="MainLeft" DESCRIPTION="block type MainLeft"/><OtherTag ID="BT8355" LABEL="MainRight" DESCRIPTION="block type MainRight"/><OtherTag ID="BT6914" LABEL="Handwritten" DESCRIPTION="block type Handwritten"/><OtherTag ID="BT6913" LABEL="RunningHeader" DESCRIPTION="block type RunningHeader"/><OtherTag ID="BT6912" LABEL="Catchword" DESCRIPTION="block type Catchword"/><OtherTag ID="BT6911" LABEL="Margin" DESCRIPTION="block type Margin"/><OtherTag ID="BT6910" LABEL="FooterCentral" DESCRIPTION="block type FooterCentral"/><OtherTag ID="BT6909" LABEL="MainCentral" DESCRIPTION="block type MainCentral"/><OtherTag ID="BT6908" LABEL="Header" DESCRIPTION="block type Header"/><OtherTag ID="BT4" LABEL="Illustration" DESCRIPTION="block type Illustration"/><OtherTag ID="BT3" LABEL="Commentary" DESCRIPTION="block type Commentary"/><OtherTag ID="BT2" LABEL="Main" DESCRIPTION="block type Main"/><OtherTag ID="BT1" LABEL="Title" DESCRIPTION="block type Title"/>
    <OtherTag ID="LT15938" LABEL="MainLeft" DESCRIPTION="line type MainLeft"/><OtherTag ID="LT15937" LABEL="MainRight" DESCRIPTION="line type MainRight"/><OtherTag ID="LT15289" LABEL="Handwritten" DESCRIPTION="line type Handwritten"/><OtherTag ID="LT15288" LABEL="MainCentral" DESCRIPTION="line type MainCentral"/><OtherTag ID="LT15287" LABEL="NotMain" DESCRIPTION="line type NotMain"/>
  </Tags>
  
  <Layout>
    <Page WIDTH="1348"
          HEIGHT="2261"
          PHYSICAL_IMG_NR="43"
          ID="eSc_dummypage_">
      <PrintSpace HPOS="0"
                  VPOS="0"
                  WIDTH="1348"
                  HEIGHT="2261">
        
        <TextBlock HPOS="40.0"
                   VPOS="231.0"
                   WIDTH="1142.0"
                   HEIGHT="1139.0"
                   ID="eSc_textblock_198ee4e8"
                   TAGREFS="BT6909">
          <Shape><Polygon POINTS="1182 236 1182 1370 185 1370 40 1355 40 246 55 231"/></Shape>
          
          
          <TextLine ID="eSc_line_c0f97e65"
                    TAGREFS="LT15288"
                    BASELINE="43 254 1173 254" 
                    HPOS="43.0"
                    VPOS="232.0"
                    WIDTH="1130.0"
                    HEIGHT="68.0">
            <Shape><Polygon POINTS="1162 234 1149 234 1136 234 1124 234 1111 234 1099 234 1086 234 1074 234 1061 234 1049 234 1036 234 1023 234 1011 234 998 234 986 234 973 234 961 234 948 234 935 234 923 234 910 234 898 233 885 233 873 233 860 233 847 233 835 233 822 233 810 233 797 233 785 233 772 233 760 233 747 233 734 233 722 233 709 233 697 233 684 233 672 233 659 233 646 233 633 233 621 233 620 232 50 234 43 241 43 254 43 286 97 286 99 286 130 297 131 297 133 297 173 288 194 298 195 298 197 298 251 288 277 295 278 295 280 295 312 290 325 298 326 298 327 298 329 300 430 300 430 298 432 298 463 290 478 286 626 287 639 292 659 297 660 297 662 297 708 292 768 286 802 293 825 298 826 298 918 297 919 297 927 295 952 286 992 293 993 293 994 293 1022 286 1035 295 1036 295 1037 295 1038 295 1090 287 1109 297 1110 297 1111 297 1113 297 1116 297 1150 290 1170 297 1173 254 1172 234 1162 234"/></Shape>
	    <String CONTENT="שבועה לאחרונים: אתה־הוא שירדת בענן כבודך על־הר־"
                    HPOS="43.0"
                    VPOS="232.0"
                    WIDTH="1130.0"
                    HEIGHT="68.0"
                    WC="0.992751384558885"></String>
          </TextLine>

          
          
          <TextLine ID="eSc_line_5e5ee15f"
                    TAGREFS="LT15288"
                    BASELINE="45 329 1174 331" 
                    HPOS="43.0"
                    VPOS="302.0"
                    WIDTH="1131.0"
                    HEIGHT="69.0">
            <Shape><Polygon POINTS="45 329 43 360 61 370 62 370 64 370 65 370 170 361 285 370 286 370 331 361 340 360 396 360 402 363 417 370 418 370 419 370 452 363 456 363 463 363 530 370 531 370 567 364 592 360 601 365 609 369 610 369 611 369 636 365 660 361 668 365 677 371 678 371 679 371 680 371 734 366 787 361 840 368 853 369 854 369 855 369 856 369 858 368 865 363 915 368 917 368 918 368 919 368 930 361 1079 361 1170 371 1174 331 1172 306 1149 310 1135 306 1129 303 1128 303 1126 303 1125 303 1120 306 1104 312 1031 306 997 303 996 303 994 303 986 306 967 312 951 306 943 303 942 303 888 303 886 303 885 303 879 307 869 312 820 307 806 306 805 306 804 306 800 307 783 312 767 307 758 305 757 305 756 305 733 307 695 312 682 307 670 303 669 303 609 302 608 302 554 309 526 311 506 309 472 303 471 303 442 309 427 311 371 309 270 305 268 305 241 310 229 311 45 311 45 329"/></Shape>
	    <String CONTENT="סיני והראית דרכי טובך למשה עבדך וארחות חסדיך"
                    HPOS="43.0"
                    VPOS="302.0"
                    WIDTH="1131.0"
                    HEIGHT="69.0"
                    WC="0.9878005994991823"></String>
          </TextLine>

          
          
          <TextLine ID="eSc_line_0c7d2488"
                    TAGREFS="LT15288"
                    BASELINE="45 406 1174 406" 
                    HPOS="45.0"
                    VPOS="379.0"
                    WIDTH="1129.0"
                    HEIGHT="71.0">
            <Shape><Polygon POINTS="45 406 45 447 339 450 340 450 341 450 356 445 386 435 429 435 452 444 453 444 454 445 502 445 502 444 503 444 530 435 564 444 577 447 579 447 580 447 587 444 604 435 652 435 664 443 670 448 672 448 673 448 674 448 675 448 687 443 701 435 752 435 815 442 868 448 869 448 870 448 871 448 881 442 893 435 920 442 939 445 940 445 942 445 943 445 949 442 958 435 996 435 1007 440 1022 448 1023 448 1025 448 1080 440 1118 435 1173 439 1174 406 1174 385 1126 379 1125 379 1124 379 1109 385 1103 386 1081 385 1031 380 1030 380 992 385 978 386 966 385 923 379 922 379 920 379 905 385 902 388 844 388 826 385 757 379 756 379 755 379 738 385 736 386 733 385 716 379 714 379 559 379 557 379 521 386 517 386 513 386 488 379 487 379 486 379 408 385 356 379 355 379 354 379 332 386 331 386 326 386 258 380 257 380 45 386 45 406"/></Shape>
	    <String CONTENT="גלית לו והודעתו כי אתה אל רחום וחנון ארך אפים"
                    HPOS="45.0"
                    VPOS="379.0"
                    WIDTH="1129.0"
                    HEIGHT="71.0"
                    WC="0.9932988628428033"></String>
          </TextLine>

          
          
          <TextLine ID="eSc_line_8ba3d819"
                    TAGREFS="LT15288"
                    BASELINE="43 478 1175 482" 
                    HPOS="42.0"
                    VPOS="445.0"
                    WIDTH="1133.0"
                    HEIGHT="75.0">
            <Shape><Polygon POINTS="43 478 42 511 52 517 54 517 55 517 56 517 301 511 316 517 317 517 319 517 373 512 419 518 420 518 456 512 477 518 478 518 479 518 795 512 811 520 812 520 814 520 879 513 1118 520 1119 520 1173 512 1175 482 1174 460 1130 453 1129 453 1080 457 1059 449 1057 449 1056 449 1055 449 1027 458 1015 462 954 457 915 454 914 454 895 457 859 460 845 455 841 454 840 454 839 454 837 454 836 454 835 455 826 460 800 455 767 448 766 448 765 448 763 448 755 454 746 459 687 453 653 450 652 450 630 453 565 460 537 452 526 448 525 448 523 448 522 448 513 452 489 460 449 454 448 454 447 454 422 460 398 449 394 448 393 448 391 448 390 448 386 449 368 458 317 448 305 447 304 447 302 447 301 447 300 448 283 459 234 459 188 447 187 447 185 447 184 447 182 447 126 459 101 447 100 447 43 445 43 478"/></Shape>
	    <String CONTENT="ורב־חסד ומרבה להטיב ומנהיג את־העולם כלו"
                    HPOS="42.0"
                    VPOS="445.0"
                    WIDTH="1133.0"
                    HEIGHT="75.0"
                    WC="0.9955798096435015"></String>
          </TextLine>

          
          
          <TextLine ID="eSc_line_22d72dad"
                    TAGREFS="LT15288"
                    BASELINE="40 553 1177 557" 
                    HPOS="38.0"
                    VPOS="530.0"
                    WIDTH="1139.0"
                    HEIGHT="74.0">
            <Shape><Polygon POINTS="40 553 38 587 72 600 74 600 75 601 131 601 131 600 198 590 232 585 261 591 282 595 283 595 306 591 331 587 376 592 403 595 404 595 405 595 413 592 433 586 483 586 497 594 498 594 500 594 501 594 503 594 595 586 639 595 640 595 641 595 662 590 680 596 693 601 694 601 812 602 814 602 815 602 824 599 844 589 888 597 889 597 890 597 891 597 909 587 1043 587 1076 601 1079 602 1080 602 1081 604 1174 604 1177 557 1177 541 1131 532 1130 532 804 538 782 531 781 531 780 531 430 537 413 531 412 531 410 531 195 536 133 530 131 530 130 530 129 530 119 537 42 537 40 553"/></Shape>
	    <String CONTENT=""
                    HPOS="38.0"
                    VPOS="530.0"
                    WIDTH="1139.0"
                    HEIGHT="74.0"
                    WC="0.9683807505213696"></String>
          </TextLine>

          
          
          <TextLine ID="eSc_line_f1e89818"
                    TAGREFS="LT15288"
                    BASELINE="42 630 1178 630" 
                    HPOS="42.0"
                    VPOS="604.0"
                    WIDTH="1136.0"
                    HEIGHT="80.0">
            <Shape><Polygon POINTS="42 630 42 684 80 684 80 683 81 683 82 683 113 661 146 661 211 669 212 669 244 665 261 675 262 675 263 675 265 675 266 675 302 664 340 668 341 668 342 668 368 661 445 683 447 683 448 683 477 683 525 682 526 682 527 682 552 664 618 661 694 661 706 669 707 669 708 669 709 669 807 661 832 670 834 670 835 670 836 670 855 661 903 683 904 683 905 683 907 683 918 683 1000 677 1085 683 1100 683 1101 683 1103 683 1104 683 1124 672 1146 683 1148 683 1149 683 1150 683 1178 682 1178 630 1177 604 1057 611 910 604 909 604 870 611 831 604 830 604 829 604 809 611 717 605 716 605 714 605 713 605 702 612 638 612 586 604 585 604 584 604 555 611 517 604 516 604 515 604 513 604 501 612 459 612 388 604 386 604 342 611 329 605 327 605 326 605 241 610 219 604 218 604 217 604 95 611 42 604 42 630"/></Shape>
	    <String CONTENT=""
                    HPOS="42.0"
                    VPOS="604.0"
                    WIDTH="1136.0"
                    HEIGHT="80.0"
                    WC="0.9803834747184407"></String>
          </TextLine>

          
          
          <TextLine ID="eSc_line_f1e527aa"
                    TAGREFS="LT15288"
                    BASELINE="633 707 1178 704" 
                    HPOS="631.0"
                    VPOS="678.0"
                    WIDTH="547.0"
                    HEIGHT="81.0">
            <Shape><Polygon POINTS="633 707 633 737 659 746 660 746 662 746 663 746 664 746 674 738 695 747 697 747 698 747 699 747 701 747 714 738 716 738 809 738 811 739 842 759 844 759 845 759 846 759 997 758 998 758 1000 758 1022 742 1032 749 1033 749 1035 749 1036 749 1037 749 1038 749 1038 748 1047 741 1051 738 1056 742 1067 749 1069 749 1070 749 1071 749 1072 749 1095 742 1110 737 1120 742 1128 746 1129 746 1130 746 1178 742 1178 704 1175 678 1099 687 989 682 943 679 942 679 924 683 899 688 888 683 880 680 879 680 878 680 858 684 835 688 831 684 827 682 826 682 825 682 824 682 802 685 791 687 776 685 723 680 722 680 721 680 702 687 677 680 675 680 674 680 631 688 633 707"/></Shape>
	    <String CONTENT=""
                    HPOS="631.0"
                    VPOS="678.0"
                    WIDTH="547.0"
                    HEIGHT="81.0"
                    WC="0.9958615660667419"></String>
          </TextLine>

          
          
          <TextLine ID="eSc_line_6a6c0860"
                    TAGREFS="LT15288"
                    BASELINE="45 812 1125 810" 
                    HPOS="43.0"
                    VPOS="775.0"
                    WIDTH="1082.0"
                    HEIGHT="82.0">
            <Shape><Polygon POINTS="45 812 45 846 64 854 65 854 66 854 67 854 69 854 79 846 82 846 113 852 114 852 115 852 116 852 125 846 126 846 152 856 153 856 154 857 213 857 213 856 214 856 216 856 229 847 295 855 296 855 433 846 449 846 453 846 488 856 489 856 491 857 555 857 555 856 556 856 585 846 587 846 597 846 682 855 683 855 684 855 713 846 721 845 736 846 792 855 793 856 865 856 865 855 866 855 885 847 967 855 968 855 969 855 994 846 998 846 1002 846 1037 855 1038 855 1040 855 1070 846 1074 846 1123 846 1125 810 1120 775 1105 785 1074 776 1072 776 1071 776 1013 786 907 786 880 777 879 777 878 777 876 777 875 777 874 777 855 786 739 786 731 780 731 778 729 778 728 778 727 778 719 780 697 783 685 780 673 775 672 775 670 775 634 780 626 781 621 780 596 775 595 775 594 775 592 775 585 781 577 786 552 781 526 776 451 776 449 776 448 776 447 776 438 782 433 785 381 783 241 777 239 777 182 785 173 786 167 785 129 777 128 777 43 786 45 812"/></Shape>
	    <String CONTENT="אל ארך־אפים אתה ובעל הרחמים נקראת"
                    HPOS="43.0"
                    VPOS="775.0"
                    WIDTH="1082.0"
                    HEIGHT="82.0"
                    WC="0.9977571087725022"></String>
          </TextLine>

          
          
          <TextLine ID="eSc_line_f27a8461"
                    TAGREFS="LT15288"
                    BASELINE="42 893 1175 893" 
                    HPOS="42.0"
                    VPOS="864.0"
                    WIDTH="1133.0"
                    HEIGHT="76.0">
            <Shape><Polygon POINTS="42 893 42 932 106 939 108 939 109 939 110 939 120 932 124 929 241 929 246 932 258 939 260 939 261 939 262 940 300 940 300 939 361 932 379 929 383 932 389 935 390 935 391 935 393 935 394 935 410 932 415 930 427 930 515 939 516 939 517 939 538 930 543 929 565 930 639 937 640 937 729 930 747 929 755 930 805 939 806 939 807 939 830 929 832 929 846 929 983 939 984 939 986 939 1007 930 1031 939 1032 939 1033 940 1086 940 1086 939 1087 939 1089 939 1104 929 1175 928 1175 893 1174 864 1135 872 922 872 909 865 908 864 907 864 905 864 904 864 891 865 835 871 809 865 802 864 801 864 800 864 799 864 797 864 795 865 785 871 758 865 753 865 752 865 731 866 625 871 604 866 592 864 591 864 590 864 533 866 452 871 383 867 331 865 330 865 329 865 317 867 304 871 293 867 281 864 280 864 278 864 251 869 237 871 148 871 134 869 106 864 105 864 104 864 91 869 86 871 42 870 42 893"/></Shape>
	    <String CONTENT="ודרך תשובה הורית. גדלת רחמיך וחסדיך"
                    HPOS="42.0"
                    VPOS="864.0"
                    WIDTH="1133.0"
                    HEIGHT="76.0"
                    WC="0.989049688407353"></String>
          </TextLine>

          
          
          <TextLine ID="eSc_line_d01962c6"
                    TAGREFS="LT15288"
                    BASELINE="40 975 1178 978" 
                    HPOS="38.0"
                    VPOS="944.0"
                    WIDTH="1140.0"
                    HEIGHT="83.0">
            <Shape><Polygon POINTS="40 975 38 1008 109 1026 110 1027 302 1027 302 1026 304 1026 325 1014 378 1026 379 1026 380 1026 381 1026 402 1012 403 1011 409 1012 443 1019 444 1019 479 1013 489 1011 494 1013 523 1026 525 1026 526 1026 559 1023 560 1023 561 1023 576 1013 581 1011 604 1013 672 1023 673 1024 726 1024 726 1023 727 1023 750 1014 758 1012 767 1016 782 1021 783 1021 785 1021 786 1021 787 1021 795 1016 797 1014 830 1016 961 1022 962 1022 963 1022 973 1017 983 1012 1052 1012 1062 1018 1070 1023 1071 1023 1072 1023 1074 1023 1105 1018 1140 1012 1174 1018 1178 978 1177 957 1038 948 1037 948 1036 948 1018 954 954 945 953 945 871 954 780 947 778 947 777 947 761 955 760 955 758 955 732 948 731 948 729 948 689 955 684 955 679 955 608 944 606 944 521 954 520 954 518 954 409 945 408 945 407 945 390 954 384 954 268 948 267 948 167 954 153 954 150 954 125 944 124 944 123 944 42 953 40 975"/></Shape>
	    <String CONTENT="תזכור היום ובכל יום לזרע ידידיך: תפן אלינו"
                    HPOS="38.0"
                    VPOS="944.0"
                    WIDTH="1140.0"
                    HEIGHT="83.0"
                    WC="0.9789414085992952"></String>
          </TextLine>

          
          
          <TextLine ID="eSc_line_1aec9a60"
                    TAGREFS="LT15288"
                    BASELINE="41 1058 1177 1062" 
                    HPOS="40.0"
                    VPOS="1028.0"
                    WIDTH="1137.0"
                    HEIGHT="79.0">
            <Shape><Polygon POINTS="40 1104 111 1105 113 1105 114 1105 115 1105 116 1104 130 1095 159 1102 160 1102 162 1102 163 1102 178 1094 188 1101 189 1101 190 1101 232 1102 340 1105 341 1105 359 1102 400 1094 493 1095 502 1101 511 1106 512 1106 513 1106 515 1107 683 1107 683 1106 684 1106 685 1106 697 1099 702 1096 731 1099 766 1102 767 1102 768 1102 782 1099 795 1095 799 1099 804 1102 805 1102 806 1102 807 1102 841 1099 858 1096 861 1097 880 1107 881 1107 883 1107 944 1097 947 1097 948 1097 977 1107 978 1107 979 1107 981 1107 1016 1096 1020 1096 1174 1096 1177 1062 1174 1032 1007 1040 964 1035 963 1035 962 1035 949 1041 888 1032 886 1032 832 1041 776 1032 775 1032 726 1038 713 1031 712 1031 711 1031 694 1031 655 1031 654 1031 653 1031 625 1041 576 1041 556 1031 555 1031 554 1031 453 1038 398 1031 396 1031 345 1038 304 1031 302 1031 231 1038 204 1031 203 1031 202 1031 201 1031 179 1040 60 1040 43 1028 41 1058 40 1104"/></Shape>
	    <String CONTENT="ברחמים כי אתה הוא בעל הרחמים. בתחנון"
                    HPOS="40.0"
                    VPOS="1028.0"
                    WIDTH="1137.0"
                    HEIGHT="79.0"
                    WC="0.9957356259629533"></String>
          </TextLine>

          
          
          <TextLine ID="eSc_line_0407e3fb"
                    TAGREFS="LT15288"
                    BASELINE="42 1148 1177 1144" 
                    HPOS="41.0"
                    VPOS="1110.0"
                    WIDTH="1136.0"
                    HEIGHT="88.0">
            <Shape><Polygon POINTS="42 1148 42 1180 120 1197 121 1198 223 1198 223 1197 224 1197 246 1187 265 1197 266 1197 267 1198 309 1198 309 1197 310 1197 356 1180 359 1179 442 1179 445 1180 469 1195 471 1195 472 1195 473 1195 474 1195 476 1195 497 1180 501 1179 572 1179 574 1180 587 1189 589 1189 590 1189 591 1189 663 1182 712 1195 713 1195 714 1197 785 1197 785 1195 786 1195 787 1195 805 1182 858 1194 859 1194 860 1194 893 1183 909 1188 910 1188 912 1188 977 1180 986 1179 992 1180 1060 1194 1061 1194 1062 1194 1064 1194 1086 1179 1089 1178 1092 1179 1119 1190 1120 1190 1121 1190 1175 1179 1177 1144 1174 1121 1091 1121 1089 1121 1062 1110 1061 1110 1006 1110 1005 1110 1003 1110 968 1121 967 1121 961 1121 875 1116 874 1116 793 1122 778 1122 773 1122 737 1114 736 1114 734 1114 713 1122 711 1124 625 1124 623 1122 582 1111 581 1111 532 1111 531 1111 530 1111 512 1120 458 1112 457 1112 405 1122 371 1112 370 1112 300 1112 298 1112 297 1112 257 1124 255 1124 246 1124 82 1115 81 1115 41 1124 42 1148"/></Shape>
	    <String CONTENT="ובתפלה פניך נקדם כהודעת לענו מקדם:"
                    HPOS="41.0"
                    VPOS="1110.0"
                    WIDTH="1136.0"
                    HEIGHT="88.0"
                    WC="0.9921189648764474"></String>
          </TextLine>

          
          
          <TextLine ID="eSc_line_88bfac83"
                    TAGREFS="LT15288"
                    BASELINE="41 1223 1178 1229" 
                    HPOS="40.0"
                    VPOS="1194.0"
                    WIDTH="1138.0"
                    HEIGHT="82.0">
            <Shape><Polygon POINTS="41 1223 40 1259 55 1267 56 1267 155 1271 157 1271 201 1261 216 1271 217 1271 218 1271 267 1272 268 1273 420 1273 420 1272 422 1272 423 1272 437 1262 438 1262 546 1271 547 1271 597 1263 599 1263 600 1263 643 1271 644 1271 751 1264 755 1264 756 1264 787 1274 788 1274 790 1274 846 1266 876 1274 878 1274 879 1274 972 1266 979 1266 982 1266 1011 1276 1012 1276 1013 1276 1066 1267 1075 1266 1174 1267 1178 1229 1178 1210 1158 1200 1157 1200 1027 1200 1026 1200 981 1208 967 1209 963 1207 951 1199 949 1199 948 1199 947 1199 810 1205 733 1208 726 1204 721 1199 719 1199 718 1199 717 1199 697 1203 692 1204 690 1203 683 1198 682 1198 680 1198 679 1198 609 1202 527 1207 473 1200 445 1197 444 1197 409 1199 325 1205 113 1205 41 1194 41 1223"/></Shape>
	    <String CONTENT="מחרון אפך שוב כמו בתורתך כתוב. ובצל"
                    HPOS="40.0"
                    VPOS="1194.0"
                    WIDTH="1138.0"
                    HEIGHT="82.0"
                    WC="0.9893240001466539"></String>
          </TextLine>

          
          
          <TextLine ID="eSc_line_b619bdaa"
                    TAGREFS="LT15288"
                    BASELINE="41 1310 1177 1312" 
                    HPOS="40.0"
                    VPOS="1278.0"
                    WIDTH="1137.0"
                    HEIGHT="89.0">
            <Shape><Polygon POINTS="41 1310 40 1344 106 1365 108 1365 109 1366 206 1366 206 1365 207 1365 227 1355 252 1365 253 1365 255 1366 361 1366 361 1365 363 1365 364 1365 391 1347 395 1346 409 1349 448 1355 449 1355 451 1355 464 1349 471 1346 525 1346 545 1350 597 1360 599 1360 600 1360 631 1351 634 1350 638 1351 684 1366 685 1366 687 1367 763 1367 763 1366 765 1366 802 1352 817 1347 1011 1347 1028 1355 1051 1364 1052 1364 1054 1364 1092 1356 1129 1349 1173 1356 1177 1312 1174 1285 1123 1290 1108 1285 1097 1281 1096 1281 1095 1281 1075 1285 1052 1288 1036 1285 1016 1279 1015 1279 1013 1279 977 1285 943 1290 932 1285 923 1281 922 1281 920 1281 898 1285 873 1290 850 1285 824 1279 726 1279 724 1279 723 1279 709 1286 699 1290 690 1286 675 1279 674 1279 673 1279 633 1285 600 1278 599 1278 597 1278 579 1286 571 1288 556 1286 516 1279 515 1279 513 1279 496 1286 489 1288 473 1286 423 1279 422 1279 420 1279 402 1287 395 1290 104 1290 101 1287 94 1282 92 1282 91 1282 90 1282 41 1287 41 1310"/></Shape>
	    <String CONTENT="כנפיך נחסה ונתלונן כיום וירד יי בענן: תעב"
                    HPOS="40.0"
                    VPOS="1278.0"
                    WIDTH="1137.0"
                    HEIGHT="89.0"
                    WC="0.9981101695881334"></String>
          </TextLine>

          
        </TextBlock>
        

        
      </PrintSpace>
    </Page>
  </Layout>
</alto>
