<?xml version="1.0" encoding="UTF-8"?>
<alto xmlns:xsi="http://www.w3.org/2001/XMLSchema-instance"
      xmlns="http://www.loc.gov/standards/alto/ns-v4#"
      xsi:schemaLocation="http://www.loc.gov/standards/alto/ns-v4# http://www.loc.gov/standards/alto/v4/alto-4-2.xsd">
  <Description>
    <MeasurementUnit>pixel</MeasurementUnit>
    <sourceImageInformation>
      <fileName>IE87733114_00006.jpg</fileName>
      <fileIdentifier>mets//export_doc4366_1col_14_copy_alto_202404261215.zip/IE87733114_00006.jpg</fileIdentifier>
    </sourceImageInformation>
  </Description>
  
  <Tags>
    <OtherTag ID="BT8356" LABEL="MainLeft" DESCRIPTION="block type MainLeft"/><OtherTag ID="BT8355" LABEL="MainRight" DESCRIPTION="block type MainRight"/><OtherTag ID="BT6914" LABEL="Handwritten" DESCRIPTION="block type Handwritten"/><OtherTag ID="BT6913" LABEL="RunningHeader" DESCRIPTION="block type RunningHeader"/><OtherTag ID="BT6912" LABEL="Catchword" DESCRIPTION="block type Catchword"/><OtherTag ID="BT6911" LABEL="Margin" DESCRIPTION="block type Margin"/><OtherTag ID="BT6910" LABEL="FooterCentral" DESCRIPTION="block type FooterCentral"/><OtherTag ID="BT6909" LABEL="MainCentral" DESCRIPTION="block type MainCentral"/><OtherTag ID="BT6908" LABEL="Header" DESCRIPTION="block type Header"/><OtherTag ID="BT4" LABEL="Illustration" DESCRIPTION="block type Illustration"/><OtherTag ID="BT3" LABEL="Commentary" DESCRIPTION="block type Commentary"/><OtherTag ID="BT2" LABEL="Main" DESCRIPTION="block type Main"/><OtherTag ID="BT1" LABEL="Title" DESCRIPTION="block type Title"/>
    <OtherTag ID="LT15938" LABEL="MainLeft" DESCRIPTION="line type MainLeft"/><OtherTag ID="LT15937" LABEL="MainRight" DESCRIPTION="line type MainRight"/><OtherTag ID="LT15289" LABEL="Handwritten" DESCRIPTION="line type Handwritten"/><OtherTag ID="LT15288" LABEL="MainCentral" DESCRIPTION="line type MainCentral"/><OtherTag ID="LT15287" LABEL="NotMain" DESCRIPTION="line type NotMain"/>
  </Tags>
  
  <Layout>
    <Page WIDTH="1138"
          HEIGHT="2048"
          PHYSICAL_IMG_NR="54"
          ID="eSc_dummypage_">
      <PrintSpace HPOS="0"
                  VPOS="0"
                  WIDTH="1138"
                  HEIGHT="2048">
        
        <TextBlock HPOS="22.0"
                   VPOS="54.0"
                   WIDTH="1114.0"
                   HEIGHT="1674.0"
                   ID="eSc_textblock_753b2f63"
                   TAGREFS="BT6909">
          <Shape><Polygon POINTS="50 54 1136 59 1136 1728 59 1705 22 262 27 68 50 54"/></Shape>
          
          
          <TextLine ID="eSc_line_202ee3c5"
                    TAGREFS="LT15288"
                    BASELINE="27 76 1133 94" 
                    HPOS="23.0"
                    VPOS="54.0"
                    WIDTH="1109.0"
                    HEIGHT="101.0">
            <Shape><Polygon POINTS="912 58 895 58 878 58 861 58 844 58 827 58 809 58 792 58 784 58 741 63 738 63 736 63 729 56 724 56 707 56 700 56 639 61 632 61 627 61 598 56 587 56 570 56 553 56 545 56 531 59 527 56 519 56 502 56 486 56 485 56 468 56 451 56 434 56 416 56 410 54 256 54 246 54 228 54 211 54 194 54 177 54 160 54 143 54 126 54 109 54 92 54 75 54 58 54 41 58 25 61 25 75 23 129 143 139 145 139 146 139 148 139 157 131 167 122 222 119 263 133 269 134 271 134 273 134 288 133 309 129 312 133 322 141 322 143 324 143 326 143 328 145 420 145 420 143 422 143 423 143 435 134 445 126 469 134 498 145 500 145 502 145 504 145 524 134 533 131 546 134 572 143 574 143 575 143 577 143 579 143 587 136 599 126 709 126 733 136 767 150 768 150 770 150 772 150 774 150 794 138 808 129 838 138 852 141 854 141 856 141 857 141 869 138 893 131 909 138 939 153 941 153 943 153 1014 145 1050 155 1052 155 1054 155 1055 155 1085 139 1090 138 1127 139 1132 93 1120 68 919 58 912 58"/></Shape>
	    <String CONTENT=""
                    HPOS="23.0"
                    VPOS="54.0"
                    WIDTH="1109.0"
                    HEIGHT="101.0"
                    WC="0.9911884394558993"></String>
          </TextLine>

          
          
          <TextLine ID="eSc_line_7a696d10"
                    TAGREFS="LT15288"
                    BASELINE="410 158 549 160 617 166 820 169" 
                    HPOS="406.0"
                    VPOS="131.0"
                    WIDTH="412.0"
                    HEIGHT="87.0">
            <Shape><Polygon POINTS="408 157 406 182 512 197 514 197 516 197 517 197 522 192 531 187 575 187 618 194 625 201 642 216 644 216 645 216 685 218 686 218 688 218 690 218 698 209 707 216 707 218 709 218 710 218 712 218 815 215 818 168 818 146 724 134 722 134 721 134 702 141 683 148 651 139 649 139 647 139 642 139 536 145 521 134 517 131 516 131 514 131 408 131 408 157"/></Shape>
	    <String CONTENT=""
                    HPOS="406.0"
                    VPOS="131.0"
                    WIDTH="412.0"
                    HEIGHT="87.0"
                    WC="0.9720750947793325"></String>
          </TextLine>

          
          
          <TextLine ID="eSc_line_7b54cbb0"
                    TAGREFS="LT15288"
                    BASELINE="21 237 399 242 1133 260" 
                    HPOS="18.0"
                    VPOS="204.0"
                    WIDTH="1114.0"
                    HEIGHT="110.0">
            <Shape><Polygon POINTS="20 235 18 266 51 276 52 276 54 276 56 276 83 269 85 269 88 269 128 285 129 285 131 285 133 285 134 285 153 273 157 271 160 273 206 291 208 291 210 291 211 291 213 291 213 290 230 276 234 273 280 273 290 278 316 291 317 291 319 291 321 291 360 281 362 281 387 298 389 298 391 298 393 298 394 298 439 285 464 278 504 288 560 302 562 302 563 302 565 302 589 291 611 281 664 283 674 295 685 303 685 305 686 305 688 305 690 305 692 305 707 296 726 286 768 298 784 303 786 303 787 303 789 303 796 300 820 286 830 296 830 298 832 298 833 298 835 298 837 298 873 290 938 307 953 310 955 310 1127 314 1132 259 1132 223 1088 221 1086 221 1085 221 1083 221 1069 233 1028 223 1026 223 1025 223 1023 223 1006 232 991 221 989 221 987 221 985 221 927 230 856 218 832 215 830 215 797 218 717 225 616 225 569 213 538 208 536 208 505 213 466 220 434 211 425 209 423 209 422 209 420 209 413 211 391 218 353 211 346 209 345 209 343 209 340 209 317 216 295 209 288 208 287 208 285 208 275 209 242 215 205 208 181 204 179 204 20 204 20 235"/></Shape>
	    <String CONTENT="למנצח על הגתית מזמור לדוד: יהוה אדנינו מה אדיר"
                    HPOS="18.0"
                    VPOS="204.0"
                    WIDTH="1114.0"
                    HEIGHT="110.0"
                    WC="0.9931532303492229"></String>
          </TextLine>

          
          
          <TextLine ID="eSc_line_ab21bf57"
                    TAGREFS="LT15288"
                    BASELINE="31 310 943 320" 
                    HPOS="30.0"
                    VPOS="283.0"
                    WIDTH="913.0"
                    HEIGHT="89.0">
            <Shape><Polygon POINTS="31 310 30 351 119 348 129 353 136 357 137 357 138 357 175 353 178 353 188 360 190 360 191 360 192 360 193 360 216 353 232 349 299 349 308 353 333 365 334 365 335 366 360 366 360 365 361 365 383 354 386 352 434 351 441 354 464 366 465 366 466 366 523 354 535 352 551 354 639 368 640 369 710 369 710 368 711 368 737 356 738 354 740 356 768 369 769 369 770 370 822 370 822 369 823 369 825 369 840 359 866 370 867 370 868 372 910 372 910 370 911 370 942 356 943 320 943 302 802 300 739 288 738 288 682 298 571 287 570 287 569 287 549 296 539 287 538 287 537 287 535 287 499 294 473 286 472 286 471 286 344 294 302 285 301 285 267 292 235 283 234 283 154 283 153 283 152 283 119 291 80 284 79 284 31 291 31 310"/></Shape>
	    <String CONTENT="שמך בכל הארץ אשר תנה הודך על השמים:"
                    HPOS="30.0"
                    VPOS="283.0"
                    WIDTH="913.0"
                    HEIGHT="89.0"
                    WC="0.9877540690558297"></String>
          </TextLine>

          
          
          <TextLine ID="eSc_line_032c4e9e"
                    TAGREFS="LT15288"
                    BASELINE="35 378 1133 394" 
                    HPOS="32.0"
                    VPOS="343.0"
                    WIDTH="1100.0"
                    HEIGHT="100.0">
            <Shape><Polygon POINTS="32 418 205 419 205 421 230 433 232 433 234 433 287 424 316 435 317 435 319 435 321 435 322 435 338 424 353 435 355 435 357 435 422 436 423 436 425 436 451 424 488 436 490 436 492 436 493 436 526 428 543 438 545 438 546 438 548 438 611 431 886 443 888 443 890 443 915 431 956 443 958 443 960 443 1008 433 1112 443 1114 443 1115 443 1117 443 1131 431 1132 392 1131 368 1006 356 1004 356 856 363 780 365 574 363 565 354 563 353 562 353 560 353 558 353 557 353 548 354 521 361 485 353 473 351 471 351 469 351 464 353 444 360 415 351 401 348 399 348 398 348 381 351 343 358 287 348 269 346 268 346 266 346 259 348 227 356 76 356 35 343 34 377 32 418"/></Shape>
	    <String CONTENT="מפי עוללים וינקים יסדת עז למען צורריך להשבית אויב"
                    HPOS="32.0"
                    VPOS="343.0"
                    WIDTH="1100.0"
                    HEIGHT="100.0"
                    WC="0.9908371976777619"></String>
          </TextLine>

          
          
          <TextLine ID="eSc_line_b9d3fc75"
                    TAGREFS="LT15288"
                    BASELINE="37 447 1133 464" 
                    HPOS="34.0"
                    VPOS="423.0"
                    WIDTH="1098.0"
                    HEIGHT="95.0">
            <Shape><Polygon POINTS="35 445 34 482 100 484 141 505 143 505 145 505 146 505 191 488 365 508 367 508 369 508 418 493 476 510 478 510 480 510 481 510 546 493 569 510 570 510 572 510 625 512 627 512 628 512 666 494 702 513 703 513 804 515 806 515 975 500 982 500 1020 518 1021 518 1023 518 1129 501 1132 462 1131 436 35 423 35 445"/></Shape>
	    <String CONTENT="ומתנקם: כי אראה שמיך מעשה אצבעתיך ירח וכוכבים"
                    HPOS="34.0"
                    VPOS="423.0"
                    WIDTH="1098.0"
                    HEIGHT="95.0"
                    WC="0.9917655282832206"></String>
          </TextLine>

          
          
          <TextLine ID="eSc_line_72e65045"
                    TAGREFS="LT15288"
                    BASELINE="39 517 1133 533" 
                    HPOS="35.0"
                    VPOS="489.0"
                    WIDTH="1097.0"
                    HEIGHT="92.0">
            <Shape><Polygon POINTS="37 515 35 551 126 552 128 554 153 568 155 568 157 568 237 558 252 556 266 558 316 568 317 568 319 568 341 561 350 558 357 561 379 571 381 571 382 571 480 564 526 561 548 566 580 575 582 575 584 575 586 575 587 575 596 568 604 563 642 563 656 570 661 571 662 571 664 571 686 570 746 564 755 571 758 575 758 576 760 576 762 576 808 578 809 578 854 575 893 571 902 576 907 580 909 580 910 580 912 581 982 581 982 580 984 580 989 578 1021 568 1127 581 1132 532 1131 503 1025 510 1011 501 1009 501 1008 501 1006 501 1004 501 927 508 917 500 915 500 914 500 912 500 907 500 838 506 801 498 797 498 796 498 791 498 738 505 692 496 685 496 683 496 671 496 587 503 548 494 543 494 541 494 536 494 498 501 464 494 456 493 454 493 440 493 379 500 365 493 362 491 360 491 358 491 340 493 276 498 37 489 37 515"/></Shape>
	    <String CONTENT="אשר כוננתה: מה אנוש כי תזכרנו ובן אדם כי תפקדנו:"
                    HPOS="35.0"
                    VPOS="489.0"
                    WIDTH="1097.0"
                    HEIGHT="92.0"
                    WC="0.9753037970893237"></String>
          </TextLine>

          
          
          <TextLine ID="eSc_line_e989d6c2"
                    TAGREFS="LT15288"
                    BASELINE="40 585 1133 601" 
                    HPOS="37.0"
                    VPOS="547.0"
                    WIDTH="1095.0"
                    HEIGHT="99.0">
            <Shape><Polygon POINTS="1129 578 1023 563 989 563 987 563 985 563 984 563 968 575 963 576 902 573 804 566 803 566 801 566 792 570 786 573 782 570 775 563 775 561 774 561 772 561 695 558 693 558 692 558 662 566 649 570 645 564 637 559 637 558 635 558 633 558 632 558 630 558 616 564 604 570 526 563 495 559 493 559 492 559 490 559 488 561 480 568 434 559 430 559 428 559 427 559 396 568 374 558 362 552 360 552 358 552 334 556 292 564 258 554 251 552 249 552 247 552 246 552 242 554 217 564 182 556 181 556 179 556 177 556 162 564 146 551 145 549 143 549 141 549 140 549 121 551 54 558 42 547 39 583 37 628 1127 646 1132 600 1132 590 1129 578"/></Shape>
	    <String CONTENT="ותחסרהו מעט מאלהים וכבוד והדר תעטרהו: תמשילהו"
                    HPOS="37.0"
                    VPOS="547.0"
                    WIDTH="1095.0"
                    HEIGHT="99.0"
                    WC="0.9950295076813809"></String>
          </TextLine>

          
          
          <TextLine ID="eSc_line_7146ade3"
                    TAGREFS="LT15288"
                    BASELINE="45 654 1133 672" 
                    HPOS="42.0"
                    VPOS="626.0"
                    WIDTH="1090.0"
                    HEIGHT="97.0">
            <Shape><Polygon POINTS="44 653 42 704 100 698 116 708 117 708 119 708 121 708 123 708 152 701 215 709 220 709 222 709 223 709 258 698 290 711 292 711 293 711 295 713 348 713 348 711 350 711 351 711 367 699 398 713 399 713 401 713 403 713 408 713 463 701 565 715 567 715 569 715 570 715 572 715 587 704 693 704 750 718 753 718 755 718 762 718 879 708 897 720 898 720 900 720 985 721 987 721 989 721 991 721 1008 711 1028 723 1030 723 1032 723 1033 723 1035 723 1037 723 1037 721 1045 715 1127 723 1132 670 1127 646 44 626 44 653"/></Shape>
	    <String CONTENT="במעשי ידיך כל שתה תחת רגליו: צנה ואלפים כלם וגם"
                    HPOS="42.0"
                    VPOS="626.0"
                    WIDTH="1090.0"
                    HEIGHT="97.0"
                    WC="0.9815133518102218"></String>
          </TextLine>

          
          
          <TextLine ID="eSc_line_4c6df654"
                    TAGREFS="LT15288"
                    BASELINE="46 725 1133 740" 
                    HPOS="42.0"
                    VPOS="696.0"
                    WIDTH="1090.0"
                    HEIGHT="94.0">
            <Shape><Polygon POINTS="42 756 148 774 150 774 247 762 269 761 273 764 288 778 288 779 290 779 292 779 293 779 422 768 475 764 492 771 524 783 526 783 527 783 625 774 654 773 659 776 669 785 671 785 673 785 674 785 676 785 705 778 712 776 717 778 733 785 734 785 736 785 738 785 739 785 748 778 763 768 837 779 838 779 840 779 842 779 857 769 907 769 924 785 927 788 929 788 931 788 932 788 967 786 1020 781 1127 790 1132 738 1129 718 608 704 606 704 580 708 543 711 531 706 522 703 521 703 519 703 452 704 333 708 297 701 285 699 283 699 240 699 68 704 46 696 44 723 42 756"/></Shape>
	    <String CONTENT="בהמות שדי: צפור שמים ודגי הים עבר ארחות ימים:"
                    HPOS="42.0"
                    VPOS="696.0"
                    WIDTH="1090.0"
                    HEIGHT="94.0"
                    WC="0.986807432025671"></String>
          </TextLine>

          
          
          <TextLine ID="eSc_line_b6307db4"
                    TAGREFS="LT15288"
                    BASELINE="218 798 1009 807" 
                    HPOS="217.0"
                    VPOS="773.0"
                    WIDTH="792.0"
                    HEIGHT="83.0">
            <Shape><Polygon POINTS="218 798 217 828 234 835 235 835 236 835 265 830 289 845 290 845 291 845 292 845 293 845 294 845 315 831 343 831 434 831 436 833 474 849 475 849 476 851 500 851 500 849 501 849 502 849 515 840 579 851 580 851 581 851 582 851 582 849 594 839 613 837 615 837 620 837 716 853 718 854 731 854 731 853 732 853 734 853 748 840 751 838 759 840 815 854 817 855 879 855 879 854 880 854 906 845 934 855 935 855 936 856 995 856 995 855 996 855 998 855 1008 846 1009 807 1009 788 958 788 957 787 950 781 949 781 947 781 946 781 945 781 927 787 925 787 924 787 909 779 908 779 906 779 905 779 891 786 891 787 858 787 856 786 846 779 845 779 844 779 843 779 815 786 811 786 806 785 765 778 764 778 763 778 762 778 755 785 754 786 715 786 713 785 702 777 701 777 699 777 666 777 665 777 664 777 663 777 656 783 655 783 653 783 599 775 598 775 554 782 549 782 538 782 408 773 407 773 218 778 218 798"/></Shape>
	    <String CONTENT="יהוה אדנינו מה אדיר שמך בכל הארץ:"
                    HPOS="217.0"
                    VPOS="773.0"
                    WIDTH="792.0"
                    HEIGHT="83.0"
                    WC="0.9738473296165466"></String>
          </TextLine>

          
          
          <TextLine ID="eSc_line_934cc501"
                    TAGREFS="LT15288"
                    BASELINE="47 864 1133 885" 
                    HPOS="44.0"
                    VPOS="834.0"
                    WIDTH="1088.0"
                    HEIGHT="82.0">
            <Shape><Polygon POINTS="44 889 66 899 68 899 70 899 203 892 206 892 239 902 240 902 242 902 288 894 290 894 312 904 314 904 316 904 369 896 374 896 377 896 410 906 411 906 413 906 471 899 483 897 500 899 557 907 558 907 560 907 579 901 586 899 599 902 637 909 639 909 640 909 664 904 676 901 710 904 777 913 779 913 856 907 903 906 922 909 948 916 950 916 951 916 1129 914 1132 884 1131 865 985 851 984 851 779 858 770 858 767 858 678 844 676 844 592 855 589 855 582 855 495 841 493 841 287 848 283 848 256 837 254 837 252 837 251 837 228 848 225 848 213 848 109 834 107 834 105 834 104 834 92 844 90 844 46 844 46 863"/></Shape>
	    <String CONTENT=""
                    HPOS="44.0"
                    VPOS="834.0"
                    WIDTH="1088.0"
                    HEIGHT="82.0"
                    WC="0.9846041599909464"></String>
          </TextLine>

          
          
          <TextLine ID="eSc_line_c755b2c6"
                    TAGREFS="LT15288"
                    BASELINE="51 911 432 915 1048 931 1133 928" 
                    HPOS="47.0"
                    VPOS="885.0"
                    WIDTH="1085.0"
                    HEIGHT="86.0">
            <Shape><Polygon POINTS="47 945 184 942 213 952 217 952 218 952 220 952 222 952 223 952 232 943 252 952 261 955 263 955 264 955 300 954 394 945 454 955 481 960 483 960 500 957 538 948 551 959 557 962 558 962 560 962 562 962 587 959 640 950 657 960 659 962 661 962 662 962 664 962 666 962 673 960 709 952 811 954 825 964 828 967 830 967 832 967 833 967 835 967 847 964 868 959 888 965 902 969 903 969 905 971 1131 971 1132 926 1129 913 1057 902 1055 902 1054 902 1032 911 1030 911 1028 911 991 901 989 901 987 901 909 907 888 909 857 906 770 897 768 897 767 897 765 897 755 904 751 906 734 904 693 897 692 897 661 902 644 904 633 901 610 892 608 892 606 892 534 899 507 901 504 897 497 892 497 890 495 890 493 890 492 890 490 890 464 897 463 897 461 897 454 890 454 889 452 889 451 889 449 889 447 889 428 896 420 899 410 896 391 887 389 887 387 887 350 894 331 897 319 894 300 885 299 885 297 885 49 885 49 909"/></Shape>
	    <String CONTENT=""
                    HPOS="47.0"
                    VPOS="885.0"
                    WIDTH="1085.0"
                    HEIGHT="86.0"
                    WC="0.9791450450817744"></String>
          </TextLine>

          
          
          <TextLine ID="eSc_line_078fc96e"
                    TAGREFS="LT15288"
                    BASELINE="269 962 902 972" 
                    HPOS="268.0"
                    VPOS="940.0"
                    WIDTH="634.0"
                    HEIGHT="66.0">
            <Shape><Polygon POINTS="269 962 268 991 301 989 308 993 317 997 318 997 319 997 355 994 389 991 397 995 406 1001 407 1001 408 1001 409 1002 452 1002 452 1001 454 1001 455 1001 455 1000 459 996 464 992 477 992 493 996 508 1002 509 1002 510 1002 546 997 554 997 566 998 617 1003 619 1003 638 1000 662 995 673 1001 680 1003 681 1003 682 1003 702 1001 738 996 748 1002 749 1003 751 1003 752 1003 753 1003 765 1002 812 997 827 1003 835 1006 836 1006 837 1006 900 1004 902 972 902 955 893 951 892 951 891 951 889 951 797 955 762 946 761 946 738 946 737 946 736 946 735 946 735 947 727 954 727 955 696 955 696 954 690 947 689 947 689 946 688 946 687 946 686 946 685 946 683 946 672 954 666 954 640 954 638 953 603 944 602 944 600 944 565 952 564 952 553 943 551 943 550 943 507 943 506 943 505 943 504 943 504 944 497 950 433 942 432 942 431 942 411 950 410 950 408 950 386 940 385 940 384 940 383 940 357 948 356 948 353 948 334 942 333 942 332 942 269 946 269 962"/></Shape>
	    <String CONTENT=""
                    HPOS="268.0"
                    VPOS="940.0"
                    WIDTH="634.0"
                    HEIGHT="66.0"
                    WC="0.9888170235084764"></String>
          </TextLine>

          
          
          <TextLine ID="eSc_line_d7ed6a60"
                    TAGREFS="LT15288"
                    BASELINE="55 1034 481 1038 1133 1053" 
                    HPOS="52.0"
                    VPOS="994.0"
                    WIDTH="1080.0"
                    HEIGHT="113.0">
            <Shape><Polygon POINTS="54 1032 52 1066 116 1070 133 1083 134 1083 136 1083 138 1083 140 1083 181 1071 184 1071 186 1071 211 1090 213 1090 215 1090 217 1090 218 1090 239 1080 280 1090 281 1090 283 1090 351 1080 394 1092 396 1092 398 1092 399 1092 401 1092 415 1080 416 1080 427 1090 427 1092 428 1092 430 1092 432 1092 434 1092 435 1092 447 1085 456 1092 456 1093 457 1093 459 1093 461 1095 545 1095 545 1093 596 1087 662 1078 703 1088 705 1088 707 1088 709 1088 710 1088 710 1087 719 1080 770 1080 791 1093 794 1097 796 1097 797 1097 799 1097 801 1097 808 1095 842 1083 869 1097 879 1102 881 1102 883 1102 885 1102 895 1099 915 1088 941 1100 951 1104 953 1104 955 1104 972 1100 1004 1093 1028 1102 1035 1105 1037 1105 1038 1107 1129 1107 1132 1051 1129 1012 1038 1025 912 1013 910 1013 909 1013 888 1022 799 1022 780 1010 777 1006 775 1006 774 1006 772 1006 751 1010 702 1018 664 1010 639 1003 637 1003 553 1001 551 1001 550 1001 531 1010 521 1013 507 1008 480 1000 478 1000 476 1000 475 1000 439 1008 437 1008 384 998 382 998 381 998 379 998 379 1000 367 1008 363 1013 293 1013 287 1008 278 1001 276 1001 275 1001 273 1001 225 1008 222 1008 218 1008 158 994 157 994 155 994 153 994 136 1008 134 1008 131 1008 82 1000 80 1000 78 1000 54 1006 54 1032"/></Shape>
	    <String CONTENT="לכו ונשובה אל יהוה כי הוא טרף וירפאנו יך ויחבשנו:"
                    HPOS="52.0"
                    VPOS="994.0"
                    WIDTH="1080.0"
                    HEIGHT="113.0"
                    WC="0.9836330562829971"></String>
          </TextLine>

          
          
          <TextLine ID="eSc_line_9ad28798"
                    TAGREFS="LT15288"
                    BASELINE="55 1102 994 1118" 
                    HPOS="54.0"
                    VPOS="1076.0"
                    WIDTH="940.0"
                    HEIGHT="85.0">
            <Shape><Polygon POINTS="55 1102 54 1127 94 1128 125 1149 126 1149 127 1149 128 1149 129 1149 144 1144 201 1150 202 1150 203 1150 220 1142 254 1151 256 1151 257 1151 258 1151 323 1133 419 1151 421 1151 422 1151 456 1135 491 1146 492 1146 493 1146 495 1146 510 1141 521 1150 522 1150 523 1150 524 1150 596 1138 660 1149 661 1149 662 1149 681 1140 705 1152 706 1152 792 1160 793 1161 847 1161 847 1160 848 1160 914 1143 938 1149 939 1149 941 1149 992 1143 994 1118 994 1100 933 1100 929 1097 904 1089 903 1089 902 1089 901 1089 885 1097 884 1097 878 1097 826 1091 825 1091 798 1095 794 1096 792 1095 778 1088 777 1088 776 1088 740 1095 736 1095 732 1094 719 1089 718 1089 716 1089 652 1093 646 1093 645 1093 632 1085 631 1085 630 1085 590 1084 589 1084 588 1084 563 1092 559 1092 557 1092 524 1083 523 1083 488 1083 487 1083 485 1083 484 1083 473 1089 472 1091 463 1089 417 1083 416 1083 383 1087 374 1080 373 1080 372 1080 370 1080 322 1087 317 1087 315 1087 298 1080 297 1080 295 1080 267 1086 259 1087 250 1086 210 1078 209 1078 208 1078 194 1085 192 1086 191 1085 182 1077 180 1077 179 1077 178 1077 142 1084 134 1085 125 1084 80 1076 79 1076 78 1076 55 1082 55 1102"/></Shape>
	    <String CONTENT="יחיינו מיומים ביום השלישי יקמנו ונחיה לפניו:"
                    HPOS="54.0"
                    VPOS="1076.0"
                    WIDTH="940.0"
                    HEIGHT="85.0"
                    WC="0.9818336354649585"></String>
          </TextLine>

          
          
          <TextLine ID="eSc_line_eb77bad9"
                    TAGREFS="LT15288"
                    BASELINE="58 1169 1133 1190" 
                    HPOS="56.0"
                    VPOS="1133.0"
                    WIDTH="1076.0"
                    HEIGHT="104.0">
            <Shape><Polygon POINTS="1131 1169 1049 1153 1047 1153 999 1163 991 1165 987 1163 970 1152 968 1152 967 1152 965 1152 919 1160 903 1163 876 1160 837 1153 835 1153 801 1157 774 1160 767 1157 763 1152 762 1152 760 1152 758 1152 756 1152 750 1155 739 1160 662 1160 656 1152 654 1152 654 1150 652 1150 651 1150 649 1150 627 1152 558 1157 545 1148 536 1143 534 1143 533 1143 531 1143 529 1143 516 1148 492 1155 428 1145 425 1145 423 1145 422 1145 404 1153 379 1143 374 1141 372 1141 370 1141 360 1143 304 1152 280 1140 276 1138 275 1138 273 1138 247 1138 104 1146 58 1133 56 1167 56 1216 70 1208 121 1218 136 1220 138 1220 150 1218 194 1210 222 1220 228 1221 230 1221 232 1221 258 1220 340 1213 381 1221 394 1225 396 1225 434 1223 548 1216 565 1225 570 1228 572 1228 574 1228 596 1227 651 1220 661 1227 662 1230 664 1230 666 1230 668 1230 669 1230 678 1228 697 1223 731 1228 753 1232 755 1232 756 1232 767 1230 797 1221 820 1230 828 1233 830 1233 832 1233 847 1230 876 1225 902 1232 914 1235 915 1235 917 1237 917 1235 919 1235 929 1232 955 1225 970 1233 979 1237 980 1237 982 1237 1003 1233 1042 1227 1127 1235 1132 1189 1131 1169"/></Shape>
	    <String CONTENT="כי לא על צדקתינו אנחנו מפילים תחנונינו לפניך כי על"
                    HPOS="56.0"
                    VPOS="1133.0"
                    WIDTH="1076.0"
                    HEIGHT="104.0"
                    WC="0.9817857976053276"></String>
          </TextLine>

          
          
          <TextLine ID="eSc_line_a37eca88"
                    TAGREFS="LT15288"
                    BASELINE="64 1241 1130 1258" 
                    HPOS="63.0"
                    VPOS="1210.0"
                    WIDTH="1067.0"
                    HEIGHT="96.0">
            <Shape><Polygon POINTS="64 1241 63 1284 142 1277 162 1286 176 1292 177 1292 178 1292 207 1287 252 1278 270 1289 276 1291 277 1291 278 1291 292 1289 310 1285 319 1289 331 1294 332 1294 366 1295 367 1295 368 1295 382 1290 405 1281 483 1281 514 1292 530 1298 531 1298 532 1298 533 1298 545 1293 564 1284 630 1284 677 1295 703 1301 704 1301 705 1301 726 1295 729 1295 740 1297 800 1302 801 1302 802 1302 818 1298 836 1292 852 1298 856 1300 858 1300 859 1300 860 1300 864 1299 886 1289 903 1299 912 1305 913 1305 914 1305 916 1306 967 1306 967 1305 968 1305 969 1305 976 1300 984 1295 992 1300 1002 1306 1003 1306 1004 1306 1127 1302 1130 1258 1130 1239 1049 1228 1048 1228 1046 1228 1024 1235 1019 1236 1015 1235 992 1226 991 1226 990 1226 988 1226 974 1234 970 1235 806 1234 788 1229 761 1223 760 1223 759 1223 748 1228 743 1232 649 1232 617 1229 609 1224 603 1219 602 1219 600 1219 493 1217 492 1217 463 1220 423 1225 355 1217 327 1215 326 1215 316 1216 279 1224 265 1217 264 1217 262 1217 188 1220 175 1214 174 1214 64 1210 64 1241"/></Shape>
	    <String CONTENT="רחמיך הרבים: אדני שמעה אדני סלחה אדני הקשיבה ועשה אל"
                    HPOS="63.0"
                    VPOS="1210.0"
                    WIDTH="1067.0"
                    HEIGHT="96.0"
                    WC="0.9832186804877387"></String>
          </TextLine>

          
          
          <TextLine ID="eSc_line_e9836246"
                    TAGREFS="LT15288"
                    BASELINE="60 1311 1130 1328" 
                    HPOS="59.0"
                    VPOS="1285.0"
                    WIDTH="1071.0"
                    HEIGHT="93.0">
            <Shape><Polygon POINTS="60 1311 59 1343 122 1344 125 1345 161 1360 162 1360 203 1363 204 1363 205 1363 246 1350 248 1349 299 1349 308 1352 350 1367 351 1367 352 1367 353 1367 396 1355 413 1350 460 1357 558 1371 559 1371 561 1371 580 1364 641 1371 642 1371 644 1371 671 1364 677 1363 685 1364 713 1369 714 1369 715 1369 730 1365 761 1357 785 1366 786 1366 787 1366 811 1361 827 1368 842 1375 843 1375 963 1376 965 1376 982 1373 1002 1369 1026 1375 1034 1376 1035 1376 1036 1376 1040 1375 1056 1368 1071 1376 1076 1378 1077 1378 1078 1378 1127 1377 1130 1328 1128 1309 1003 1308 1001 1307 988 1298 987 1298 986 1298 985 1298 947 1306 945 1306 833 1305 831 1303 800 1295 798 1295 797 1295 713 1302 703 1302 701 1302 682 1293 681 1293 680 1293 679 1293 660 1301 658 1301 655 1301 612 1294 611 1294 609 1294 596 1300 595 1300 590 1300 531 1294 530 1294 499 1299 492 1299 485 1298 416 1289 342 1289 341 1289 340 1289 339 1289 330 1294 202 1285 201 1285 200 1285 177 1293 176 1293 175 1293 130 1286 129 1286 60 1291 60 1311"/></Shape>
	    <String CONTENT="תאחר למענך אלהי, כי שמך נקרא על עירך ועל עמך:"
                    HPOS="59.0"
                    VPOS="1285.0"
                    WIDTH="1071.0"
                    HEIGHT="93.0"
                    WC="0.9762688848707411"></String>
          </TextLine>

          
          
          <TextLine ID="eSc_line_6af947f9"
                    TAGREFS="LT15288"
                    BASELINE="60 1383 1128 1401" 
                    HPOS="59.0"
                    VPOS="1352.0"
                    WIDTH="1069.0"
                    HEIGHT="104.0">
            <Shape><Polygon POINTS="60 1383 59 1419 119 1432 134 1443 135 1443 136 1443 137 1444 237 1444 237 1443 238 1443 298 1425 458 1426 498 1431 548 1450 549 1450 658 1452 772 1454 773 1454 774 1454 815 1434 852 1434 913 1455 914 1455 916 1455 1033 1448 1048 1456 1049 1456 1050 1456 1051 1456 1094 1439 1126 1439 1128 1401 1128 1377 994 1367 993 1367 963 1374 961 1374 958 1374 918 1368 917 1368 892 1373 889 1373 887 1373 862 1365 861 1365 860 1365 859 1365 844 1372 840 1372 736 1365 735 1365 681 1369 674 1369 673 1369 663 1361 662 1361 661 1361 660 1361 624 1368 622 1368 620 1368 595 1361 594 1361 592 1361 537 1367 529 1367 526 1367 516 1361 515 1361 514 1361 364 1364 341 1364 340 1364 328 1356 327 1356 326 1356 325 1356 268 1363 261 1363 251 1361 179 1353 178 1353 177 1353 166 1359 121 1352 120 1352 60 1358 60 1383"/></Shape>
	    <String CONTENT="חו&quot;ק השיבנו יהוה אליך ונשובה חדש ימינו כקדם: ג&quot;פ:"
                    HPOS="59.0"
                    VPOS="1352.0"
                    WIDTH="1069.0"
                    HEIGHT="104.0"
                    WC="0.9791768088936805"></String>
          </TextLine>

          
          
          <TextLine ID="eSc_line_fd03efd2"
                    TAGREFS="LT15288"
                    BASELINE="62 1468 1130 1483" 
                    HPOS="61.0"
                    VPOS="1439.0"
                    WIDTH="1069.0"
                    HEIGHT="92.0">
            <Shape><Polygon POINTS="62 1468 61 1505 126 1505 134 1508 158 1520 159 1520 160 1520 161 1520 198 1509 216 1505 226 1510 229 1512 231 1512 232 1512 233 1512 235 1510 245 1506 377 1506 396 1514 405 1517 406 1517 407 1517 408 1517 414 1514 426 1508 451 1515 452 1515 454 1515 455 1515 472 1508 513 1516 556 1525 557 1525 592 1518 633 1510 682 1521 718 1528 719 1529 781 1529 781 1528 782 1528 801 1523 836 1514 867 1524 881 1530 883 1530 884 1531 1127 1531 1130 1483 1130 1451 1085 1451 1084 1451 1083 1451 1064 1462 1041 1450 1040 1450 1038 1450 1036 1450 986 1460 962 1452 961 1452 960 1452 910 1457 885 1449 880 1448 879 1448 878 1448 877 1448 873 1449 860 1454 836 1449 829 1448 828 1448 827 1448 825 1449 803 1458 642 1457 628 1448 627 1447 625 1447 624 1447 623 1447 617 1448 596 1452 462 1451 450 1447 439 1442 438 1442 436 1442 435 1442 419 1447 396 1452 381 1446 373 1442 372 1442 370 1442 369 1442 361 1446 349 1451 301 1446 281 1443 279 1443 246 1446 215 1447 207 1444 187 1439 186 1439 185 1439 62 1443 62 1468"/></Shape>
	    <String CONTENT="אל מלך יושב על כסא רחמים מתנהג בחסידות, מוחל עונות"
                    HPOS="61.0"
                    VPOS="1439.0"
                    WIDTH="1069.0"
                    HEIGHT="92.0"
                    WC="0.9843284381760491"></String>
          </TextLine>

          
          
          <TextLine ID="eSc_line_28d8a39c"
                    TAGREFS="LT15288"
                    BASELINE="63 1540 1100 1551" 
                    HPOS="62.0"
                    VPOS="1512.0"
                    WIDTH="1038.0"
                    HEIGHT="83.0">
            <Shape><Polygon POINTS="62 1574 167 1586 168 1586 249 1578 267 1576 275 1579 304 1587 306 1587 307 1587 349 1580 355 1579 363 1580 405 1588 406 1588 407 1588 433 1581 442 1579 452 1581 481 1589 482 1589 483 1590 532 1590 532 1589 533 1589 551 1583 559 1580 569 1583 583 1589 584 1589 586 1589 587 1589 588 1589 596 1583 602 1581 636 1581 660 1584 701 1591 702 1591 730 1586 749 1582 835 1582 844 1588 847 1589 848 1589 850 1589 859 1588 886 1583 924 1589 954 1594 955 1595 1015 1595 1015 1594 1016 1594 1017 1594 1020 1590 1028 1586 1040 1591 1046 1594 1048 1594 1049 1594 1098 1591 1100 1551 1099 1531 992 1530 990 1529 967 1522 966 1522 965 1522 912 1528 905 1528 901 1528 876 1521 875 1521 873 1521 823 1525 804 1528 800 1525 788 1517 787 1517 786 1517 785 1517 715 1524 686 1526 647 1523 586 1516 584 1516 583 1516 570 1522 561 1524 521 1521 496 1518 495 1518 493 1518 492 1518 491 1520 484 1524 468 1520 464 1518 463 1518 462 1518 449 1520 408 1523 377 1518 344 1513 285 1513 284 1513 283 1513 282 1513 277 1516 271 1520 233 1515 195 1512 194 1512 193 1512 184 1515 170 1521 79 1521 64 1513 63 1540 62 1574"/></Shape>
	    <String CONTENT="עמו מעביר ראשון ראשון, מרבה מחילה לחטאים"
                    HPOS="62.0"
                    VPOS="1512.0"
                    WIDTH="1038.0"
                    HEIGHT="83.0"
                    WC="0.9860848753880231"></String>
          </TextLine>

          
          
          <TextLine ID="eSc_line_2b14b851"
                    TAGREFS="LT15288"
                    BASELINE="67 1608 1130 1620" 
                    HPOS="66.0"
                    VPOS="1578.0"
                    WIDTH="1064.0"
                    HEIGHT="84.0">
            <Shape><Polygon POINTS="67 1608 66 1640 241 1642 245 1645 277 1653 278 1653 279 1654 327 1654 327 1653 356 1646 378 1641 457 1641 469 1648 472 1649 473 1649 474 1649 475 1649 476 1648 490 1642 549 1650 597 1656 598 1656 629 1652 673 1645 707 1653 723 1657 724 1657 726 1657 749 1654 788 1648 812 1655 822 1658 823 1658 825 1658 847 1656 891 1650 908 1657 914 1660 916 1660 917 1660 937 1657 1020 1648 1052 1660 1056 1661 1057 1661 1058 1662 1127 1662 1130 1620 1130 1600 1019 1588 1018 1588 1017 1588 983 1597 976 1598 970 1597 945 1588 944 1588 943 1588 942 1588 916 1595 908 1597 894 1595 855 1588 854 1588 853 1588 838 1594 829 1597 747 1597 736 1591 723 1587 722 1587 721 1587 699 1590 678 1595 526 1595 510 1587 508 1586 507 1586 506 1586 497 1587 450 1592 401 1584 381 1581 334 1581 333 1581 332 1581 328 1582 318 1588 271 1581 265 1581 264 1581 262 1581 261 1581 241 1590 218 1582 217 1582 216 1582 163 1589 153 1582 152 1582 151 1582 150 1582 122 1587 110 1579 109 1579 108 1579 67 1578 67 1608"/></Shape>
	    <String CONTENT="וסליחה לפושעים, עשה צדקות עם כל בשר ורוח, לא"
                    HPOS="66.0"
                    VPOS="1578.0"
                    WIDTH="1064.0"
                    HEIGHT="84.0"
                    WC="0.9914722761442495"></String>
          </TextLine>

          
          
          <TextLine ID="eSc_line_b7d52be2"
                    TAGREFS="LT15288"
                    BASELINE="66 1675 1128 1690" 
                    HPOS="64.0"
                    VPOS="1645.0"
                    WIDTH="1064.0"
                    HEIGHT="95.0">
            <Shape><Polygon POINTS="64 1711 104 1727 105 1727 106 1727 213 1715 227 1714 238 1716 310 1730 311 1731 370 1731 370 1730 372 1730 373 1730 388 1720 392 1718 451 1718 463 1722 467 1724 468 1724 469 1724 481 1723 499 1720 508 1723 517 1728 518 1728 520 1728 521 1728 533 1724 554 1719 591 1726 638 1735 639 1735 708 1729 796 1722 821 1732 833 1737 834 1737 835 1737 852 1733 871 1729 922 1731 924 1731 925 1731 939 1724 979 1737 987 1739 988 1739 1125 1740 1128 1690 1128 1673 1070 1664 1069 1664 1018 1670 1013 1670 1003 1663 1002 1663 1001 1663 1000 1663 999 1663 984 1669 980 1670 904 1670 897 1666 868 1655 867 1655 866 1655 833 1660 802 1654 801 1654 800 1654 772 1663 761 1666 664 1666 650 1660 631 1652 630 1652 629 1652 628 1652 608 1658 598 1662 584 1658 556 1650 555 1650 554 1650 526 1656 498 1663 472 1655 454 1649 452 1649 451 1649 450 1649 436 1654 433 1655 424 1654 396 1649 394 1649 393 1649 385 1653 369 1660 341 1654 340 1654 301 1660 283 1652 282 1652 281 1652 279 1652 278 1652 267 1660 229 1654 228 1654 182 1658 126 1646 119 1645 67 1645 66 1675 64 1711"/></Shape>
	    <String CONTENT="כרעתם תגמול, אל הורית לנו לומר שלש עשרה, וזכר לנו"
                    HPOS="64.0"
                    VPOS="1645.0"
                    WIDTH="1064.0"
                    HEIGHT="95.0"
                    WC="0.9594938262649204"></String>
          </TextLine>

          
        </TextBlock>
        

        
      </PrintSpace>
    </Page>
  </Layout>
</alto>
