<?xml version="1.0" encoding="UTF-8"?>
<alto xmlns:xsi="http://www.w3.org/2001/XMLSchema-instance"
      xmlns="http://www.loc.gov/standards/alto/ns-v4#"
      xsi:schemaLocation="http://www.loc.gov/standards/alto/ns-v4# http://www.loc.gov/standards/alto/v4/alto-4-2.xsd">
  <Description>
    <MeasurementUnit>pixel</MeasurementUnit>
    <sourceImageInformation>
      <fileName>IE87519524_00013.jpg</fileName>
      <fileIdentifier>mets//export_doc4366_1col_14_copy_alto_202404261215.zip/IE87519524_00013.jpg</fileIdentifier>
    </sourceImageInformation>
  </Description>
  
  <Tags>
    <OtherTag ID="BT8356" LABEL="MainLeft" DESCRIPTION="block type MainLeft"/><OtherTag ID="BT8355" LABEL="MainRight" DESCRIPTION="block type MainRight"/><OtherTag ID="BT6914" LABEL="Handwritten" DESCRIPTION="block type Handwritten"/><OtherTag ID="BT6913" LABEL="RunningHeader" DESCRIPTION="block type RunningHeader"/><OtherTag ID="BT6912" LABEL="Catchword" DESCRIPTION="block type Catchword"/><OtherTag ID="BT6911" LABEL="Margin" DESCRIPTION="block type Margin"/><OtherTag ID="BT6910" LABEL="FooterCentral" DESCRIPTION="block type FooterCentral"/><OtherTag ID="BT6909" LABEL="MainCentral" DESCRIPTION="block type MainCentral"/><OtherTag ID="BT6908" LABEL="Header" DESCRIPTION="block type Header"/><OtherTag ID="BT4" LABEL="Illustration" DESCRIPTION="block type Illustration"/><OtherTag ID="BT3" LABEL="Commentary" DESCRIPTION="block type Commentary"/><OtherTag ID="BT2" LABEL="Main" DESCRIPTION="block type Main"/><OtherTag ID="BT1" LABEL="Title" DESCRIPTION="block type Title"/>
    <OtherTag ID="LT15938" LABEL="MainLeft" DESCRIPTION="line type MainLeft"/><OtherTag ID="LT15937" LABEL="MainRight" DESCRIPTION="line type MainRight"/><OtherTag ID="LT15289" LABEL="Handwritten" DESCRIPTION="line type Handwritten"/><OtherTag ID="LT15288" LABEL="MainCentral" DESCRIPTION="line type MainCentral"/><OtherTag ID="LT15287" LABEL="NotMain" DESCRIPTION="line type NotMain"/>
  </Tags>
  
  <Layout>
    <Page WIDTH="1370"
          HEIGHT="2330"
          PHYSICAL_IMG_NR="29"
          ID="eSc_dummypage_">
      <PrintSpace HPOS="0"
                  VPOS="0"
                  WIDTH="1370"
                  HEIGHT="2330">
        
        <TextBlock HPOS="170.0"
                   VPOS="160.0"
                   WIDTH="1168.0"
                   HEIGHT="1982.0"
                   ID="eSc_textblock_15c3ca13"
                   TAGREFS="BT6909">
          <Shape><Polygon POINTS="445 160 1338 165 1338 1867 1333 2116 1313 2142 196 2142 181 2126 170 181 181 165 445 160"/></Shape>
          
          
          <TextLine ID="eSc_line_021c1c39"
                    TAGREFS="LT15288"
                    BASELINE="182 192 1333 188" 
                    HPOS="182.0"
                    VPOS="160.0"
                    WIDTH="1151.0"
                    HEIGHT="92.0">
            <Shape><Polygon POINTS="1320 164 1307 164 1294 164 1281 164 1268 164 1256 164 1243 164 1230 164 1217 164 1212 164 1204 164 1191 164 1178 164 1170 164 1169 165 1028 165 1016 163 1010 163 997 163 984 163 971 163 958 163 945 165 925 163 919 163 906 163 893 163 880 161 868 161 863 166 805 166 795 161 789 161 776 161 763 161 745 166 620 166 581 160 569 160 556 160 554 160 532 165 499 160 492 160 479 160 467 166 384 160 375 161 362 161 349 161 345 161 339 166 328 161 323 161 310 163 297 163 284 163 271 163 258 163 246 163 233 164 220 164 218 164 213 166 203 164 194 164 182 164 182 192 182 251 296 252 297 252 299 252 301 251 327 238 370 238 475 251 492 252 493 252 494 252 498 251 520 239 565 236 657 236 683 249 686 251 687 251 688 251 701 249 760 244 783 249 788 251 789 251 791 251 792 251 797 249 850 236 877 236 892 245 893 245 894 245 896 245 924 240 941 248 942 248 943 248 1010 239 1024 249 1025 249 1026 249 1028 249 1029 249 1032 249 1057 243 1171 248 1175 248 1177 248 1178 248 1213 239 1263 245 1265 245 1314 239 1331 248 1333 188 1331 164 1320 164"/></Shape>
	    <String CONTENT="כי־על־רחמיך הרבים אנו בטוחים ועל־צדקותיך"
                    HPOS="182.0"
                    VPOS="160.0"
                    WIDTH="1151.0"
                    HEIGHT="92.0"
                    WC="0.9782227748318723"></String>
          </TextLine>

          
          
          <TextLine ID="eSc_line_ba066561"
                    TAGREFS="LT15288"
                    BASELINE="183 275 1332 273" 
                    HPOS="183.0"
                    VPOS="242.0"
                    WIDTH="1149.0"
                    HEIGHT="98.0">
            <Shape><Polygon POINTS="1328 242 1292 253 1187 245 1186 245 1184 245 1183 245 1175 252 1126 243 1125 243 1000 253 985 243 984 243 982 243 951 243 950 243 949 243 947 243 933 253 903 248 902 248 749 256 468 256 453 244 451 244 450 244 375 244 374 244 372 244 371 244 358 252 279 244 278 244 277 244 275 244 258 255 183 244 183 275 185 340 209 331 248 336 249 336 251 336 252 336 270 324 305 331 306 331 308 331 332 321 511 321 542 337 543 337 545 337 572 336 573 336 574 336 595 322 626 337 628 337 629 337 630 337 686 322 717 337 718 339 719 339 721 340 756 340 756 339 757 339 758 339 758 337 783 321 805 336 806 336 808 336 809 336 810 336 827 330 839 337 840 337 841 337 842 337 846 337 893 331 907 337 909 337 910 337 911 337 915 337 943 331 1002 337 1013 337 1015 337 1021 336 1081 326 1105 336 1108 337 1109 337 1111 337 1112 337 1114 336 1126 331 1164 336 1177 337 1178 337 1179 337 1184 336 1206 328 1267 335 1268 335 1270 335 1271 335 1281 327 1331 335 1332 273 1328 242"/></Shape>
	    <String CONTENT="אנו נשענים ולסליחותיך אנו מקוים ולישועתך"
                    HPOS="183.0"
                    VPOS="242.0"
                    WIDTH="1149.0"
                    HEIGHT="98.0"
                    WC="0.9816953182220459"></String>
          </TextLine>

          
          
          <TextLine ID="eSc_line_5ef1eeec"
                    TAGREFS="LT15288"
                    BASELINE="182 359 1331 357" 
                    HPOS="182.0"
                    VPOS="330.0"
                    WIDTH="1149.0"
                    HEIGHT="86.0">
            <Shape><Polygon POINTS="1328 330 1275 337 182 335 182 359 183 416 213 409 275 415 277 415 278 415 279 415 310 397 454 397 472 403 473 403 475 403 476 403 497 398 541 415 542 415 543 415 616 407 617 407 618 407 637 397 736 397 787 412 788 412 789 412 791 412 835 396 890 414 892 414 893 415 925 415 973 415 973 414 975 414 1004 398 1026 410 1028 410 1029 410 1060 403 1100 414 1101 414 1103 414 1104 414 1109 414 1256 399 1291 414 1293 414 1294 414 1296 414 1331 412 1331 357 1328 330"/></Shape>
	    <String CONTENT="אנו מצפים: אתה הוא יי מלך אוהב צדקות"
                    HPOS="182.0"
                    VPOS="330.0"
                    WIDTH="1149.0"
                    HEIGHT="86.0"
                    WC="0.9906729715211051"></String>
          </TextLine>

          
          
          <TextLine ID="eSc_line_c6fc4c46"
                    TAGREFS="LT15288"
                    BASELINE="181 443 1329 441" 
                    HPOS="179.0"
                    VPOS="420.0"
                    WIDTH="1150.0"
                    HEIGHT="83.0">
            <Shape><Polygon POINTS="181 443 183 503 203 490 252 490 274 502 274 503 275 503 277 503 278 503 287 502 321 497 343 502 349 503 350 503 352 503 353 503 357 502 391 490 475 490 499 499 501 499 502 499 503 499 520 490 539 499 541 499 542 499 609 490 624 500 628 503 629 503 630 503 631 503 652 500 703 491 741 499 743 499 744 499 745 499 747 499 760 490 797 499 810 502 811 502 813 502 822 499 848 491 893 499 915 502 916 503 990 503 990 502 991 502 999 498 1008 493 1060 498 1105 502 1107 502 1108 502 1123 497 1152 489 1201 497 1235 502 1236 502 1328 495 1329 441 1327 420 179 420 181 443"/></Shape>
	    <String CONTENT="מקדם מעביר עוונות עמו ומסיר חטאות יראיו"
                    HPOS="179.0"
                    VPOS="420.0"
                    WIDTH="1150.0"
                    HEIGHT="83.0"
                    WC="0.9903085720844758"></String>
          </TextLine>

          
          
          <TextLine ID="eSc_line_bb4d2bca"
                    TAGREFS="LT15288"
                    BASELINE="181 524 1328 526" 
                    HPOS="179.0"
                    VPOS="497.0"
                    WIDTH="1149.0"
                    HEIGHT="90.0">
            <Shape><Polygon POINTS="179 578 283 583 284 583 286 583 300 578 317 572 336 576 337 576 339 576 340 576 358 564 401 564 424 577 436 585 437 585 438 585 440 585 495 577 503 576 506 577 521 583 523 583 524 583 525 583 539 576 563 564 666 564 691 574 708 582 709 582 710 582 712 582 726 576 805 586 806 586 808 586 837 577 885 586 887 587 1017 587 1017 586 1019 586 1044 572 1057 565 1072 572 1090 581 1091 581 1092 581 1094 581 1123 572 1145 565 1186 572 1248 581 1249 581 1250 581 1265 574 1311 579 1313 579 1314 579 1315 579 1327 570 1328 526 1328 508 1310 499 1309 499 1307 499 1180 507 1145 508 1118 506 1052 499 1051 499 994 504 954 508 945 504 934 499 933 499 932 499 889 503 855 507 830 503 805 499 804 499 788 503 763 508 722 502 695 498 694 498 678 502 653 507 517 499 476 498 475 498 462 499 404 507 371 499 370 499 369 499 312 506 262 498 261 498 220 506 182 497 181 524 179 578"/></Shape>
	    <String CONTENT="כורת ברית לראשונים ומקים שבועה"
                    HPOS="179.0"
                    VPOS="497.0"
                    WIDTH="1149.0"
                    HEIGHT="90.0"
                    WC="0.9971971288323402"></String>
          </TextLine>

          
          
          <TextLine ID="eSc_line_5326c285"
                    TAGREFS="LT15288"
                    BASELINE="185 608 1329 610" 
                    HPOS="183.0"
                    VPOS="578.0"
                    WIDTH="1146.0"
                    HEIGHT="92.0">
            <Shape><Polygon POINTS="185 608 183 652 256 665 257 665 258 665 279 657 293 667 295 667 296 667 297 669 350 669 350 667 352 667 374 657 442 667 444 667 445 667 473 660 488 665 489 665 490 665 529 658 537 665 538 665 539 665 541 665 542 665 560 656 563 654 567 656 589 667 590 667 591 669 734 669 734 667 735 667 736 667 749 658 754 654 778 658 801 662 802 662 849 660 902 656 911 660 929 669 931 669 932 670 990 670 990 669 991 669 1007 661 1016 656 1032 661 1054 669 1055 669 1056 669 1089 662 1100 660 1114 662 1134 665 1135 665 1136 665 1144 662 1161 656 1261 656 1284 664 1300 669 1301 669 1302 669 1327 664 1329 610 1327 583 813 590 770 581 769 581 707 588 674 579 672 579 670 579 669 579 668 579 666 579 653 588 621 582 620 582 618 582 598 590 466 590 359 579 358 579 357 579 323 588 277 581 275 581 274 581 247 588 185 578 185 608"/></Shape>
	    <String CONTENT="לאחרונים: אתה־הוא שירדת בענן כבודך על"
                    HPOS="183.0"
                    VPOS="578.0"
                    WIDTH="1146.0"
                    HEIGHT="92.0"
                    WC="0.9745325038307592"></String>
          </TextLine>

          
          
          <TextLine ID="eSc_line_2a664435"
                    TAGREFS="LT15288"
                    BASELINE="182 695 1327 692" 
                    HPOS="182.0"
                    VPOS="664.0"
                    WIDTH="1145.0"
                    HEIGHT="91.0">
            <Shape><Polygon POINTS="182 740 200 740 203 741 227 754 229 754 230 755 313 755 313 754 366 743 369 743 371 743 415 754 416 754 418 754 419 754 458 744 472 740 488 744 497 746 498 746 499 746 528 745 585 740 594 745 600 750 602 750 603 750 604 750 630 745 660 740 669 746 681 754 682 754 683 754 685 754 745 748 827 753 828 753 830 753 840 748 861 739 951 749 985 753 986 754 1038 754 1038 753 1039 753 1044 750 1068 739 1118 739 1143 752 1145 753 1147 753 1148 753 1164 752 1235 744 1248 753 1249 753 1250 753 1252 754 1325 754 1327 692 1324 673 1272 674 1268 671 1253 664 1252 664 1250 664 1214 671 1201 674 1180 671 1148 667 1147 667 1145 667 1138 671 1130 675 1026 671 965 669 964 669 946 671 910 675 899 670 890 666 889 666 888 666 887 666 876 670 863 675 800 670 791 670 789 670 784 670 736 676 602 675 583 670 565 665 564 665 460 665 459 665 458 665 442 669 418 675 391 669 371 665 370 665 353 669 326 675 314 669 309 665 308 665 306 665 305 665 274 669 236 673 182 669 182 695 182 740"/></Shape>
	    <String CONTENT="־הר־סיני והראית דרכי טובך למשה עבדך ו"
                    HPOS="182.0"
                    VPOS="664.0"
                    WIDTH="1145.0"
                    HEIGHT="91.0"
                    WC="0.9839553205590499"></String>
          </TextLine>

          
          
          <TextLine ID="eSc_line_72d6b4b4"
                    TAGREFS="LT15288"
                    BASELINE="185 780 1327 777" 
                    HPOS="183.0"
                    VPOS="748.0"
                    WIDTH="1144.0"
                    HEIGHT="94.0">
            <Shape><Polygon POINTS="185 780 185 827 251 833 252 833 253 833 266 827 268 827 375 827 379 827 404 834 405 834 406 834 441 827 445 827 446 827 476 841 477 841 479 841 480 841 481 841 502 827 505 827 536 827 538 827 563 842 564 842 565 842 567 842 637 840 638 840 665 828 703 842 704 842 705 842 707 842 708 842 730 827 732 827 757 825 804 825 808 827 827 841 828 841 830 841 831 841 958 834 999 841 1000 842 1222 842 1222 841 1223 841 1254 829 1301 841 1302 841 1303 841 1305 841 1306 841 1327 827 1327 777 1324 748 1253 749 1252 749 1218 759 932 759 902 749 901 749 899 749 898 749 893 749 806 758 771 749 766 749 765 749 763 749 760 749 722 759 646 753 644 753 643 753 624 759 366 752 352 752 350 752 345 752 266 759 238 752 230 750 229 750 227 750 183 752 185 780"/></Shape>
	    <String CONTENT="ארחות חסדיך גלית לו והודעתו כי אתה אל"
                    HPOS="183.0"
                    VPOS="748.0"
                    WIDTH="1144.0"
                    HEIGHT="94.0"
                    WC="0.9732597302167844"></String>
          </TextLine>

          
          
          <TextLine ID="eSc_line_6019dc23"
                    TAGREFS="LT15288"
                    BASELINE="185 864 1327 864" 
                    HPOS="185.0"
                    VPOS="838.0"
                    WIDTH="1142.0"
                    HEIGHT="83.0">
            <Shape><Polygon POINTS="185 864 185 908 240 912 242 912 243 912 244 912 247 909 255 904 268 909 280 915 282 915 283 915 284 915 295 909 306 904 406 904 420 911 436 920 437 920 438 920 440 920 441 920 454 912 467 904 488 904 503 912 519 920 520 920 521 920 523 920 542 912 563 904 691 904 714 911 716 911 717 911 793 904 826 915 840 920 841 920 842 921 1074 921 1074 920 1076 920 1079 917 1092 911 1138 919 1149 920 1151 921 1283 921 1283 920 1284 920 1285 920 1296 912 1324 920 1327 864 1325 838 185 842 185 864"/></Shape>
	    <String CONTENT="רחום וחנון ארך אפים ורב־חסד ומרבה להטיב"
                    HPOS="185.0"
                    VPOS="838.0"
                    WIDTH="1142.0"
                    HEIGHT="83.0"
                    WC="0.9674053443105597"></String>
          </TextLine>

          
          
          <TextLine ID="eSc_line_cfb004f3"
                    TAGREFS="LT15288"
                    BASELINE="183 948 1327 944" 
                    HPOS="183.0"
                    VPOS="917.0"
                    WIDTH="1144.0"
                    HEIGHT="87.0">
            <Shape><Polygon POINTS="183 1004 242 1003 243 1003 300 988 348 988 367 999 369 999 370 999 371 999 372 999 389 988 506 995 507 995 564 987 589 987 604 999 608 1001 609 1001 611 1001 612 1001 646 998 721 988 760 996 771 998 773 998 774 998 780 995 805 987 822 995 835 1001 836 1001 837 1001 839 1001 861 995 883 987 911 994 937 999 938 999 940 999 953 992 958 991 963 992 985 1000 986 1000 988 1001 1057 1001 1057 1000 1059 1000 1079 991 1082 990 1083 991 1096 1000 1098 1000 1099 1000 1100 1001 1143 1001 1143 1000 1197 990 1215 986 1234 988 1300 1000 1301 1000 1302 1000 1327 987 1327 944 1324 925 989 925 984 924 971 917 969 917 968 917 967 917 965 917 958 924 954 925 896 922 786 919 784 919 783 919 775 922 766 928 721 928 679 922 642 919 640 919 639 919 631 922 621 926 596 922 582 920 581 920 580 920 573 922 554 928 490 921 481 921 480 921 479 921 477 921 460 928 441 921 436 920 435 920 433 920 424 921 394 928 385 921 384 920 383 920 381 920 380 920 365 921 315 926 301 921 299 920 297 920 296 920 295 920 292 921 279 926 183 921 183 948 183 1004"/></Shape>
	    <String CONTENT=""
                    HPOS="183.0"
                    VPOS="917.0"
                    WIDTH="1144.0"
                    HEIGHT="87.0"
                    WC="0.9905237898230552"></String>
          </TextLine>

          
          
          <TextLine ID="eSc_line_05765f1d"
                    TAGREFS="LT15288"
                    BASELINE="185 1031 1325 1031" 
                    HPOS="185.0"
                    VPOS="1001.0"
                    WIDTH="1140.0"
                    HEIGHT="88.0">
            <Shape><Polygon POINTS="185 1031 185 1075 220 1088 221 1088 222 1088 224 1088 244 1080 304 1088 305 1088 306 1088 308 1088 323 1078 354 1087 356 1087 357 1087 413 1086 414 1086 427 1078 431 1076 444 1079 482 1086 484 1086 485 1086 502 1079 503 1079 515 1087 516 1087 517 1087 519 1087 520 1087 539 1079 555 1074 582 1080 591 1082 593 1082 613 1080 701 1074 725 1082 743 1088 744 1088 745 1089 848 1089 848 1088 870 1083 899 1076 916 1084 923 1087 924 1087 925 1087 927 1087 928 1087 932 1084 951 1074 1016 1074 1035 1086 1039 1088 1041 1088 1042 1088 1043 1088 1063 1086 1116 1078 1155 1087 1162 1088 1164 1088 1165 1088 1166 1088 1167 1087 1187 1075 1263 1075 1283 1088 1284 1088 1285 1088 1287 1089 1325 1089 1325 1031 1324 1007 1169 1013 1134 1007 1116 1003 1114 1003 1113 1003 1107 1007 1091 1013 1068 1007 1066 1007 1065 1007 1064 1007 1046 1014 867 1014 841 1007 840 1007 839 1007 804 1013 791 1007 784 1001 783 1001 782 1001 780 1001 779 1001 767 1007 752 1013 633 1013 618 1007 609 1001 608 1001 607 1001 565 1007 534 1009 529 1007 523 1001 521 1001 520 1001 519 1001 486 1007 471 1008 468 1007 462 1001 460 1001 459 1001 331 1001 330 1001 304 1007 266 1013 251 1007 249 1005 248 1005 247 1005 185 1005 185 1031"/></Shape>
	    <String CONTENT=""
                    HPOS="185.0"
                    VPOS="1001.0"
                    WIDTH="1140.0"
                    HEIGHT="88.0"
                    WC="0.9759543306297727"></String>
          </TextLine>

          
          
          <TextLine ID="eSc_line_0525d687"
                    TAGREFS="LT15288"
                    BASELINE="185 1118 1325 1115" 
                    HPOS="185.0"
                    VPOS="1087.0"
                    WIDTH="1140.0"
                    HEIGHT="96.0">
            <Shape><Polygon POINTS="185 1183 225 1181 226 1181 227 1181 248 1167 287 1175 288 1175 290 1175 321 1166 347 1181 348 1181 349 1181 350 1183 387 1183 387 1181 484 1162 567 1162 591 1170 593 1170 594 1170 642 1162 696 1181 697 1181 699 1181 850 1180 852 1180 890 1161 964 1161 995 1180 997 1180 998 1180 999 1180 1000 1180 1024 1174 1083 1180 1085 1180 1086 1180 1130 1162 1173 1170 1174 1170 1175 1170 1197 1162 1236 1180 1237 1180 1239 1181 1324 1181 1325 1115 1324 1097 1281 1089 1280 1089 1279 1089 1262 1096 1259 1097 1257 1096 1249 1091 1248 1091 1246 1091 1245 1091 1126 1095 1060 1097 1051 1095 1041 1091 1039 1091 1038 1091 986 1093 934 1097 915 1093 885 1087 792 1087 791 1087 761 1092 726 1100 675 1100 662 1091 657 1088 656 1088 655 1088 609 1088 608 1088 607 1088 599 1091 577 1098 556 1091 550 1088 549 1088 547 1088 521 1091 460 1096 404 1089 391 1088 389 1088 383 1089 357 1095 322 1089 321 1089 319 1089 292 1098 185 1088 185 1118 185 1183"/></Shape>
	    <String CONTENT=""
                    HPOS="185.0"
                    VPOS="1087.0"
                    WIDTH="1140.0"
                    HEIGHT="96.0"
                    WC="0.9824023793141047"></String>
          </TextLine>

          
          
          <TextLine ID="eSc_line_c54474e2"
                    TAGREFS="LT15288"
                    BASELINE="405 1203 1108 1203" 
                    HPOS="405.0"
                    VPOS="1172.0"
                    WIDTH="703.0"
                    HEIGHT="96.0">
            <Shape><Polygon POINTS="405 1203 405 1242 542 1243 547 1247 572 1267 573 1267 574 1267 576 1267 577 1267 590 1260 621 1265 622 1265 624 1265 625 1265 647 1251 655 1245 662 1251 681 1267 682 1267 683 1267 685 1267 686 1267 721 1254 754 1267 756 1267 757 1268 788 1268 788 1267 789 1267 815 1256 826 1253 839 1258 864 1267 866 1267 867 1267 868 1267 870 1267 883 1259 894 1251 921 1260 940 1265 941 1265 942 1265 943 1265 945 1265 950 1260 958 1255 967 1262 975 1267 976 1267 977 1267 978 1268 1019 1268 1019 1267 1020 1267 1021 1267 1021 1265 1025 1263 1035 1253 1051 1262 1052 1262 1054 1262 1076 1258 1105 1265 1108 1203 1108 1183 947 1172 946 1172 945 1172 921 1183 880 1183 870 1174 868 1174 867 1174 866 1174 823 1181 815 1175 815 1174 814 1174 813 1174 745 1172 744 1172 681 1181 664 1172 662 1172 590 1172 589 1172 587 1172 561 1181 514 1172 512 1172 405 1181 405 1203"/></Shape>
	    <String CONTENT=""
                    HPOS="405.0"
                    VPOS="1172.0"
                    WIDTH="703.0"
                    HEIGHT="96.0"
                    WC="0.9717253029346467"></String>
          </TextLine>

          
          
          <TextLine ID="eSc_line_96ea086c"
                    TAGREFS="LT15288"
                    BASELINE="192 1321 1283 1324" 
                    HPOS="191.0"
                    VPOS="1297.0"
                    WIDTH="1092.0"
                    HEIGHT="82.0">
            <Shape><Polygon POINTS="192 1321 191 1361 260 1369 261 1369 286 1364 313 1377 314 1377 315 1378 397 1378 397 1377 398 1377 435 1365 440 1364 482 1364 486 1365 501 1377 502 1377 503 1377 505 1377 506 1377 536 1366 543 1364 556 1366 602 1377 603 1377 655 1368 673 1365 687 1368 718 1377 719 1377 721 1377 776 1370 804 1377 805 1377 806 1377 808 1377 833 1370 855 1365 921 1365 936 1372 942 1374 943 1374 945 1374 946 1374 956 1372 977 1366 990 1373 1002 1378 1003 1378 1004 1378 1032 1373 1070 1365 1090 1374 1100 1378 1101 1378 1103 1379 1195 1379 1195 1378 1196 1378 1197 1378 1201 1375 1217 1366 1279 1375 1283 1324 1281 1297 192 1297 192 1321"/></Shape>
	    <String CONTENT="אל ארך־אפים אתה ובעל הרחמים נקראת"
                    HPOS="191.0"
                    VPOS="1297.0"
                    WIDTH="1092.0"
                    HEIGHT="82.0"
                    WC="0.9774108614240374"></String>
          </TextLine>

          
          
          <TextLine ID="eSc_line_913e9b3c"
                    TAGREFS="LT15288"
                    BASELINE="191 1410 1325 1404" 
                    HPOS="190.0"
                    VPOS="1374.0"
                    WIDTH="1135.0"
                    HEIGHT="91.0">
            <Shape><Polygon POINTS="191 1410 194 1465 218 1449 248 1464 249 1464 251 1465 296 1465 300 1465 300 1464 301 1464 303 1464 331 1445 418 1445 462 1462 463 1462 464 1462 466 1462 467 1462 482 1452 507 1462 508 1462 510 1464 552 1464 600 1464 600 1462 602 1462 683 1444 735 1444 753 1456 754 1456 756 1456 757 1456 758 1456 786 1445 817 1453 818 1453 819 1453 872 1443 920 1443 934 1451 936 1451 937 1451 938 1451 985 1443 1037 1460 1038 1460 1039 1460 1104 1453 1123 1458 1125 1458 1126 1458 1127 1458 1156 1445 1178 1457 1179 1457 1180 1457 1182 1457 1202 1452 1210 1458 1212 1458 1213 1458 1214 1460 1324 1460 1325 1404 1323 1381 1138 1381 1136 1381 1105 1374 1104 1374 1061 1382 1056 1382 1055 1382 1038 1374 1037 1374 1035 1374 1000 1382 998 1382 995 1382 943 1374 942 1374 941 1374 912 1382 884 1374 883 1374 881 1374 805 1383 797 1383 787 1383 672 1375 670 1375 616 1385 611 1385 609 1385 599 1377 598 1377 596 1377 595 1377 594 1377 593 1377 582 1383 464 1377 463 1377 462 1377 448 1383 416 1377 415 1377 318 1385 240 1378 239 1378 190 1386 191 1410"/></Shape>
	    <String CONTENT="ודרך תשובה הורית. גדלת רחמיך וחסדיך"
                    HPOS="190.0"
                    VPOS="1374.0"
                    WIDTH="1135.0"
                    HEIGHT="91.0"
                    WC="0.9974706878787593"></String>
          </TextLine>

          
          
          <TextLine ID="eSc_line_b699c27e"
                    TAGREFS="LT15288"
                    BASELINE="186 1489 1324 1492" 
                    HPOS="185.0"
                    VPOS="1447.0"
                    WIDTH="1139.0"
                    HEIGHT="97.0">
            <Shape><Polygon POINTS="186 1489 185 1527 213 1539 214 1539 216 1539 217 1539 247 1530 264 1540 265 1540 266 1540 303 1542 304 1544 521 1544 521 1542 523 1542 524 1542 545 1528 546 1528 556 1528 753 1544 754 1544 756 1544 793 1535 824 1541 826 1541 827 1541 859 1531 864 1530 884 1531 998 1541 999 1541 1000 1541 1026 1532 1028 1532 1032 1532 1126 1541 1127 1541 1129 1541 1145 1532 1153 1530 1186 1530 1196 1533 1219 1542 1221 1542 1222 1542 1270 1533 1293 1530 1320 1533 1324 1492 1320 1457 1285 1466 1237 1457 1236 1457 1235 1457 1195 1473 1117 1471 1096 1461 1095 1461 1094 1461 1029 1474 933 1469 910 1453 905 1449 903 1449 902 1449 874 1449 872 1449 871 1449 863 1452 833 1466 793 1454 792 1454 791 1454 752 1457 751 1457 749 1457 726 1471 683 1457 682 1457 681 1457 679 1457 644 1470 374 1470 350 1462 349 1462 348 1462 347 1462 317 1470 262 1448 261 1448 186 1447 186 1489"/></Shape>
	    <String CONTENT="תזכור היום ובכל יום לזרע ידידיך: תפן אלינו"
                    HPOS="185.0"
                    VPOS="1447.0"
                    WIDTH="1139.0"
                    HEIGHT="97.0"
                    WC="0.9900869159471422"></String>
          </TextLine>

          
          
          <TextLine ID="eSc_line_f7448350"
                    TAGREFS="LT15288"
                    BASELINE="187 1576 1325 1574" 
                    HPOS="186.0"
                    VPOS="1545.0"
                    WIDTH="1139.0"
                    HEIGHT="82.0">
            <Shape><Polygon POINTS="187 1576 187 1627 243 1625 244 1625 271 1612 313 1625 314 1625 315 1625 413 1612 431 1619 432 1619 433 1619 470 1615 493 1625 494 1625 495 1625 497 1625 530 1612 646 1612 695 1625 696 1625 697 1625 699 1625 719 1615 780 1621 782 1621 842 1612 921 1619 923 1619 924 1619 942 1611 960 1624 962 1624 963 1624 964 1624 1063 1611 1096 1611 1129 1624 1130 1624 1131 1624 1133 1624 1134 1624 1152 1611 1177 1619 1178 1619 1179 1619 1236 1611 1263 1624 1265 1624 1266 1625 1324 1625 1325 1574 1324 1553 1249 1545 1248 1545 1215 1552 1209 1554 1055 1554 1050 1552 1030 1545 1029 1545 1028 1545 1026 1545 1010 1552 1004 1553 968 1552 866 1546 864 1546 800 1552 753 1554 734 1550 709 1546 708 1546 637 1550 577 1554 528 1550 477 1546 476 1546 186 1549 187 1576"/></Shape>
	    <String CONTENT="ברחמים כי אתה הוא בעל הרחמים. בתחנון"
                    HPOS="186.0"
                    VPOS="1545.0"
                    WIDTH="1139.0"
                    HEIGHT="82.0"
                    WC="0.9977310122670354"></String>
          </TextLine>

          
          
          <TextLine ID="eSc_line_397b82f0"
                    TAGREFS="LT15288"
                    BASELINE="186 1662 1327 1659" 
                    HPOS="186.0"
                    VPOS="1628.0"
                    WIDTH="1141.0"
                    HEIGHT="92.0">
            <Shape><Polygon POINTS="186 1706 236 1706 256 1717 257 1717 258 1717 260 1717 261 1717 273 1712 286 1719 287 1719 288 1720 361 1720 361 1719 362 1719 363 1719 387 1706 419 1706 437 1719 438 1719 440 1719 441 1720 510 1720 510 1719 511 1719 532 1709 635 1719 637 1719 638 1719 690 1704 741 1704 782 1704 786 1704 892 1717 893 1719 945 1719 945 1717 946 1717 947 1717 962 1708 978 1717 980 1717 981 1717 982 1717 1020 1708 1103 1717 1104 1717 1105 1717 1130 1704 1228 1704 1276 1717 1278 1717 1279 1717 1280 1717 1327 1703 1327 1659 1325 1637 1297 1628 1296 1628 1294 1628 1236 1638 1231 1638 1223 1638 1166 1628 1165 1628 1164 1628 1130 1637 1125 1640 1081 1640 1078 1637 1061 1629 1060 1629 1059 1629 1057 1629 1032 1637 1026 1640 914 1640 910 1637 897 1628 896 1628 894 1628 893 1628 828 1637 813 1638 773 1637 635 1629 634 1629 633 1629 611 1636 598 1641 551 1641 543 1636 533 1629 532 1629 530 1629 453 1629 451 1629 450 1629 432 1636 427 1637 410 1636 357 1631 356 1631 354 1631 353 1631 345 1636 339 1640 330 1636 314 1629 313 1629 312 1629 251 1631 249 1631 238 1636 226 1640 186 1636 186 1662 186 1706"/></Shape>
	    <String CONTENT="ובתפלה פניך נקדם כהודעת לענו מקדם:"
                    HPOS="186.0"
                    VPOS="1628.0"
                    WIDTH="1141.0"
                    HEIGHT="92.0"
                    WC="0.9722867260376612"></String>
          </TextLine>

          
          
          <TextLine ID="eSc_line_732953ae"
                    TAGREFS="LT15288"
                    BASELINE="187 1742 1325 1744" 
                    HPOS="186.0"
                    VPOS="1716.0"
                    WIDTH="1139.0"
                    HEIGHT="80.0">
            <Shape><Polygon POINTS="187 1742 186 1783 216 1792 217 1792 218 1792 255 1785 268 1782 273 1785 290 1794 291 1794 292 1795 387 1795 387 1794 388 1794 402 1786 410 1782 418 1786 423 1788 424 1788 426 1788 427 1788 432 1786 444 1782 466 1787 477 1788 479 1788 506 1787 578 1782 604 1788 626 1794 628 1794 629 1794 660 1788 697 1782 721 1790 734 1794 735 1794 736 1794 738 1794 739 1794 744 1790 751 1786 770 1790 784 1792 786 1792 810 1790 874 1783 885 1791 890 1795 892 1795 893 1795 894 1795 947 1791 1032 1786 1047 1792 1054 1795 1055 1795 1056 1796 1200 1796 1200 1795 1201 1795 1202 1795 1202 1794 1221 1783 1276 1783 1320 1795 1325 1744 1324 1726 1287 1717 1183 1717 1182 1717 1180 1717 1164 1725 1160 1725 1087 1717 1086 1717 989 1724 971 1726 788 1726 782 1724 766 1717 765 1717 763 1717 659 1722 630 1724 628 1722 617 1716 616 1716 615 1716 541 1716 539 1716 538 1716 525 1722 521 1724 507 1722 463 1716 462 1716 429 1721 415 1724 187 1721 187 1742"/></Shape>
	    <String CONTENT="מחרון אפך שוב כמו בתורתך כתוב."
                    HPOS="186.0"
                    VPOS="1716.0"
                    WIDTH="1139.0"
                    HEIGHT="80.0"
                    WC="0.9808895007157937"></String>
          </TextLine>

          
          
          <TextLine ID="eSc_line_70aaeb90"
                    TAGREFS="LT15288"
                    BASELINE="190 1830 1324 1825" 
                    HPOS="189.0"
                    VPOS="1796.0"
                    WIDTH="1135.0"
                    HEIGHT="96.0">
            <Shape><Polygon POINTS="190 1830 190 1882 214 1891 216 1891 217 1892 297 1892 297 1891 319 1889 321 1889 322 1889 334 1880 349 1870 596 1870 648 1878 721 1889 722 1889 723 1889 725 1889 741 1876 753 1869 811 1869 830 1876 852 1886 853 1886 854 1886 902 1875 906 1875 907 1875 928 1888 929 1888 931 1888 932 1888 1072 1887 1073 1887 1074 1887 1083 1880 1096 1887 1098 1887 1099 1888 1182 1888 1182 1887 1183 1887 1212 1875 1259 1882 1261 1882 1262 1882 1263 1882 1276 1873 1281 1870 1322 1871 1324 1825 1323 1807 1253 1807 1237 1796 1236 1796 1235 1796 1234 1796 1130 1804 1081 1796 1079 1796 1078 1796 1060 1807 1041 1796 1039 1796 1038 1796 980 1808 975 1809 898 1809 897 1808 867 1797 866 1797 864 1797 817 1808 815 1808 769 1797 767 1797 730 1799 729 1799 727 1799 712 1809 709 1809 692 1809 493 1799 492 1799 394 1810 387 1810 376 1810 280 1804 279 1804 189 1810 190 1830"/></Shape>
	    <String CONTENT="ובצל כנפיך נחסה ונתלונן כיום וירד יי בענן:"
                    HPOS="189.0"
                    VPOS="1796.0"
                    WIDTH="1135.0"
                    HEIGHT="96.0"
                    WC="0.9937153763549272"></String>
          </TextLine>

          
          
          <TextLine ID="eSc_line_15876454"
                    TAGREFS="LT15288"
                    BASELINE="189 1913 1325 1913" 
                    HPOS="189.0"
                    VPOS="1893.0"
                    WIDTH="1136.0"
                    HEIGHT="81.0">
            <Shape><Polygon POINTS="189 1913 189 1957 236 1957 258 1970 260 1970 261 1970 262 1970 306 1961 337 1972 339 1972 340 1974 464 1974 464 1972 466 1972 506 1957 555 1972 556 1972 558 1974 735 1974 735 1972 736 1972 738 1972 763 1957 937 1957 960 1970 962 1970 963 1970 964 1970 1094 1957 1140 1972 1142 1972 1143 1972 1196 1964 1240 1972 1241 1972 1325 1955 1325 1913 1325 1893 189 1893 189 1913"/></Shape>
	    <String CONTENT="תעבור על פשע ותמחה אשם כיום ויתיצב עמו"
                    HPOS="189.0"
                    VPOS="1893.0"
                    WIDTH="1136.0"
                    HEIGHT="81.0"
                    WC="0.9830467497047625"></String>
          </TextLine>

          
          
          <TextLine ID="eSc_line_7f318ce4"
                    TAGREFS="LT15288"
                    BASELINE="190 1998 1323 1994" 
                    HPOS="189.0"
                    VPOS="1966.0"
                    WIDTH="1134.0"
                    HEIGHT="98.0">
            <Shape><Polygon POINTS="190 1998 190 2043 251 2051 252 2051 393 2045 396 2045 397 2045 420 2062 422 2062 423 2062 424 2062 426 2062 442 2055 466 2064 467 2064 468 2064 470 2064 471 2064 498 2046 534 2050 536 2050 563 2045 572 2043 594 2043 596 2045 609 2054 611 2054 612 2054 613 2054 615 2054 638 2045 643 2043 694 2043 699 2045 744 2063 745 2063 747 2063 748 2063 782 2049 820 2049 839 2059 840 2059 841 2059 842 2059 881 2046 925 2063 927 2063 928 2063 1182 2062 1252 2049 1270 2062 1271 2062 1272 2062 1274 2063 1301 2063 1301 2062 1302 2062 1303 2062 1323 2047 1323 1994 1320 1966 1257 1975 991 1970 990 1970 937 1976 909 1970 905 1970 903 1970 902 1970 901 1970 889 1977 822 1977 765 1971 723 1968 722 1968 704 1972 686 1977 523 1977 506 1975 481 1970 480 1970 442 1975 426 1977 420 1976 409 1970 407 1970 406 1970 321 1976 305 1977 296 1977 239 1970 238 1970 189 1977 190 1998"/></Shape>
	    <String CONTENT="שם. תאזין שועתנו ותקשיב מנו מאמר כיום"
                    HPOS="189.0"
                    VPOS="1966.0"
                    WIDTH="1134.0"
                    HEIGHT="98.0"
                    WC="0.9849285075539037"></String>
          </TextLine>

          
          
          <TextLine ID="eSc_line_4caa422f"
                    TAGREFS="LT15288"
                    BASELINE="419 2081 1101 2081" 
                    HPOS="419.0"
                    VPOS="2052.0"
                    WIDTH="682.0"
                    HEIGHT="100.0">
            <Shape><Polygon POINTS="419 2081 419 2129 449 2129 471 2147 471 2148 472 2148 473 2148 475 2148 476 2148 490 2143 498 2150 498 2151 499 2151 501 2151 502 2151 551 2150 552 2150 554 2150 580 2133 615 2151 616 2151 617 2152 666 2152 666 2151 668 2151 712 2131 721 2129 801 2129 808 2133 811 2137 813 2137 814 2137 815 2137 817 2137 824 2134 828 2131 831 2134 853 2150 854 2150 855 2150 857 2150 858 2150 859 2150 881 2134 884 2133 885 2134 907 2150 909 2150 910 2150 911 2150 912 2150 940 2135 975 2151 976 2151 977 2152 1052 2152 1052 2151 1054 2151 1101 2137 1101 2081 1101 2062 1032 2052 1030 2052 1029 2052 999 2060 890 2052 889 2052 888 2052 872 2060 830 2054 828 2054 827 2054 809 2062 688 2062 678 2054 677 2054 675 2054 674 2054 673 2054 656 2060 587 2052 586 2052 585 2052 569 2060 558 2052 556 2052 555 2052 477 2052 476 2052 419 2060 419 2081"/></Shape>
	    <String CONTENT="ויקרא בשם יי. ושם נאמר"
                    HPOS="419.0"
                    VPOS="2052.0"
                    WIDTH="682.0"
                    HEIGHT="100.0"
                    WC="0.9968306733214337"></String>
          </TextLine>

          
        </TextBlock>
        

        
      </PrintSpace>
    </Page>
  </Layout>
</alto>
