<?xml version="1.0" encoding="utf-8"?>
<alto xmlns="http://www.loc.gov/standards/alto/ns-v4#" xmlns:xsi="http://www.w3.org/2001/XMLSchema-instance" xsi:schemaLocation="http://www.loc.gov/standards/alto/ns-v4# http://www.loc.gov/standards/alto/v4/alto-4-2.xsd">
<Description>
<MeasurementUnit>pixel</MeasurementUnit>
<sourceImageInformation>
<fileName>IE87086703_00007.jpg</fileName>
<fileIdentifier>mets//export_doc3594_1col_14_alto_202404221307.zip/IE87086703_00007.jpg</fileIdentifier>
</sourceImageInformation>
</Description>
<Tags>
<OtherTag DESCRIPTION="block type MainLeft" ID="BT6805" LABEL="MainLeft"/><OtherTag DESCRIPTION="block type MainRight" ID="BT6804" LABEL="MainRight"/><OtherTag DESCRIPTION="block type Margin" ID="BT6803" LABEL="Margin"/><OtherTag DESCRIPTION="block type Handwritten" ID="BT6802" LABEL="Handwritten"/><OtherTag DESCRIPTION="block type Stamp" ID="BT6801" LABEL="Stamp"/><OtherTag DESCRIPTION="block type FooterCentral" ID="BT6800" LABEL="FooterCentral"/><OtherTag DESCRIPTION="block type Catchword" ID="BT6799" LABEL="Catchword"/><OtherTag DESCRIPTION="block type MainCentral" ID="BT6798" LABEL="MainCentral"/><OtherTag DESCRIPTION="block type RunningHeader" ID="BT6797" LABEL="RunningHeader"/><OtherTag DESCRIPTION="block type Illustration" ID="BT4" LABEL="Illustration"/><OtherTag DESCRIPTION="block type Commentary" ID="BT3" LABEL="Commentary"/><OtherTag DESCRIPTION="block type Main" ID="BT2" LABEL="Main"/><OtherTag DESCRIPTION="block type Title" ID="BT1" LABEL="Title"/>
<OtherTag DESCRIPTION="line type MainLeft" ID="LT15195" LABEL="MainLeft"/><OtherTag DESCRIPTION="line type MainRight" ID="LT15194" LABEL="MainRight"/><OtherTag DESCRIPTION="line type Handwritten" ID="LT15193" LABEL="Handwritten"/><OtherTag DESCRIPTION="line type NotMain" ID="LT15192" LABEL="NotMain"/><OtherTag DESCRIPTION="line type MainCentral" ID="LT15191" LABEL="MainCentral"/>
</Tags>
<Layout>
<Page HEIGHT="2403" ID="eSc_dummypage_" PHYSICAL_IMG_NR="18" WIDTH="1484">
<PrintSpace HEIGHT="2403" HPOS="0" VPOS="0" WIDTH="1484">
<TextBlock HEIGHT="205.0" HPOS="293.0" ID="eSc_textblock_272030ef" TAGREFS="BT6798" VPOS="404.0" WIDTH="1124.0">
<Shape><Polygon POINTS="293 404 1417 408 1416 609 294 609"/></Shape>
<TextLine BASELINE="507 465 1183 465" HEIGHT="110.0" HPOS="506.0" ID="eSc_line_a2b4c777" TAGREFS="LT15191" VPOS="428.0" WIDTH="675.0">
<Shape><Polygon POINTS="506 464 506 512 528 524 530 524 532 524 534 524 568 512 572 512 620 512 622 514 632 522 632 524 634 524 636 524 638 524 740 520 773 536 775 536 777 538 861 538 861 536 863 536 889 524 913 512 955 526 959 526 961 526 963 526 969 526 1013 518 1027 528 1037 536 1039 536 1041 536 1043 536 1181 532 1181 464 1179 428 506 436 506 464"/></Shape>
<String CONTENT="" HEIGHT="110.0" HPOS="506.0" VPOS="428.0" WC="0.9682292558930137" WIDTH="675.0"/>
</TextLine>
<TextLine BASELINE="599 578 1107 579" HEIGHT="86.0" HPOS="596.0" ID="eSc_line_f8beb6fa" TAGREFS="LT15191" VPOS="534.0" WIDTH="509.0">
<Shape><Polygon POINTS="598 576 596 620 1101 614 1105 578 1105 552 1065 534 1063 534 991 534 989 534 987 534 985 534 963 550 957 554 815 554 793 546 763 538 761 538 759 538 757 538 738 546 722 552 714 546 700 534 698 534 696 534 694 534 598 542 598 576"/></Shape>
<String CONTENT="" HEIGHT="86.0" HPOS="596.0" VPOS="534.0" WC="0.9702006445990669" WIDTH="509.0"/>
</TextLine>
</TextBlock>
<TextBlock HEIGHT="1446.0" HPOS="294.0" ID="eSc_textblock_4bb5885c" TAGREFS="BT6798" VPOS="726.0" WIDTH="1122.0">
<Shape><Polygon POINTS="1409 2172 299 2166 294 726 1416 726"/></Shape>
<TextLine BASELINE="305 747 1387 750" HEIGHT="58.0" HPOS="302.0" ID="eSc_line_351326dd" TAGREFS="LT15191" VPOS="726.0" WIDTH="1083.0">
<Shape><Polygon POINTS="1363 726 1343 726 1323 726 1303 726 1283 726 1263 726 1243 726 1223 726 1203 726 1183 726 1163 726 1143 726 1123 726 1103 726 1083 726 1063 726 1043 726 1023 726 1003 726 983 726 963 726 943 726 923 726 903 726 883 726 863 726 843 726 823 726 803 726 783 726 763 726 743 726 722 726 702 726 682 726 662 726 642 726 622 726 602 726 582 726 562 726 542 726 522 726 502 726 482 726 462 726 442 726 422 726 402 726 382 726 362 726 342 726 322 726 304 726 304 746 302 774 1379 784 1385 748 1381 726 1363 726"/></Shape>
<String CONTENT="" HEIGHT="58.0" HPOS="302.0" VPOS="726.0" WC="0.9803659111734421" WIDTH="1083.0"/>
</TextLine>
<TextLine BASELINE="305 792 1280 790" HEIGHT="57.0" HPOS="302.0" ID="eSc_line_4f51ca21" TAGREFS="LT15191" VPOS="768.0" WIDTH="977.0">
<Shape><Polygon POINTS="304 790 304 823 1275 825 1279 788 1275 768 302 770 304 790"/></Shape>
<String CONTENT="" HEIGHT="57.0" HPOS="302.0" VPOS="768.0" WC="0.9960926872188762" WIDTH="977.0"/>
</TextLine>
<TextLine BASELINE="307 829 1394 831" HEIGHT="54.0" HPOS="304.0" ID="eSc_line_624688b6" TAGREFS="LT15191" VPOS="803.0" WIDTH="1089.0">
<Shape><Polygon POINTS="306 827 304 855 1387 857 1393 829 1389 803 306 809 306 827"/></Shape>
<String CONTENT="" HEIGHT="54.0" HPOS="304.0" VPOS="803.0" WC="0.9910117387771606" WIDTH="1089.0"/>
</TextLine>
<TextLine BASELINE="303 871 1394 874" HEIGHT="48.0" HPOS="300.0" ID="eSc_line_8fbfc259" TAGREFS="LT15191" VPOS="851.0" WIDTH="1093.0">
<Shape><Polygon POINTS="302 869 300 899 1389 899 1393 873 1391 855 302 851 302 869"/></Shape>
<String CONTENT="" HEIGHT="48.0" HPOS="300.0" VPOS="851.0" WC="0.9966161705198742" WIDTH="1093.0"/>
</TextLine>
<TextLine BASELINE="303 913 1395 915" HEIGHT="52.0" HPOS="300.0" ID="eSc_line_3e89bb9a" TAGREFS="LT15191" VPOS="891.0" WIDTH="1093.0">
<Shape><Polygon POINTS="302 911 300 937 1387 943 1393 913 1391 891 302 891 302 911"/></Shape>
<String CONTENT="" HEIGHT="52.0" HPOS="300.0" VPOS="891.0" WC="0.990425766491499" WIDTH="1093.0"/>
</TextLine>
<TextLine BASELINE="304 953 1394 957" HEIGHT="56.0" HPOS="300.0" ID="eSc_line_928151f6" TAGREFS="LT15191" VPOS="931.0" WIDTH="1093.0">
<Shape><Polygon POINTS="302 951 300 987 1389 987 1393 955 1391 933 302 931 302 951"/></Shape>
<String CONTENT="" HEIGHT="56.0" HPOS="300.0" VPOS="931.0" WC="0.9867232196471271" WIDTH="1093.0"/>
</TextLine>
<TextLine BASELINE="304 994 1393 998" HEIGHT="54.0" HPOS="300.0" ID="eSc_line_da5b4a4d" TAGREFS="LT15191" VPOS="973.0" WIDTH="1091.0">
<Shape><Polygon POINTS="302 993 300 1017 1385 1027 1391 997 1389 977 302 973 302 993"/></Shape>
<String CONTENT="" HEIGHT="54.0" HPOS="300.0" VPOS="973.0" WC="0.9921475755634592" WIDTH="1091.0"/>
</TextLine>
<TextLine BASELINE="297 1034 1394 1038" HEIGHT="54.0" HPOS="294.0" ID="eSc_line_0e8eeb9b" TAGREFS="LT15191" VPOS="1011.0" WIDTH="1099.0">
<Shape><Polygon POINTS="296 1033 294 1059 1387 1065 1393 1037 1393 1011 296 1011 296 1033"/></Shape>
<String CONTENT="" HEIGHT="54.0" HPOS="294.0" VPOS="1011.0" WC="0.9899971879445589" WIDTH="1099.0"/>
</TextLine>
<TextLine BASELINE="305 1073 1395 1078" HEIGHT="56.0" HPOS="302.0" ID="eSc_line_0bfe3dd4" TAGREFS="LT15191" VPOS="1051.0" WIDTH="1091.0">
<Shape><Polygon POINTS="304 1071 302 1101 1387 1107 1393 1077 1389 1051 304 1051 304 1071"/></Shape>
<String CONTENT="" HEIGHT="56.0" HPOS="302.0" VPOS="1051.0" WC="0.9951275996307829" WIDTH="1091.0"/>
</TextLine>
<TextLine BASELINE="305 1114 1394 1121" HEIGHT="54.0" HPOS="302.0" ID="eSc_line_6ec97c5a" TAGREFS="LT15191" VPOS="1091.0" WIDTH="1091.0">
<Shape><Polygon POINTS="304 1113 302 1143 1387 1145 1393 1119 1391 1093 304 1091 304 1113"/></Shape>
<String CONTENT="" HEIGHT="54.0" HPOS="302.0" VPOS="1091.0" WC="0.9977667991931621" WIDTH="1091.0"/>
</TextLine>
<TextLine BASELINE="305 1156 1395 1160" HEIGHT="54.0" HPOS="302.0" ID="eSc_line_1041ec09" TAGREFS="LT15191" VPOS="1131.0" WIDTH="1091.0">
<Shape><Polygon POINTS="304 1155 302 1181 1387 1185 1393 1159 1389 1131 304 1135 304 1155"/></Shape>
<String CONTENT="" HEIGHT="54.0" HPOS="302.0" VPOS="1131.0" WC="0.99270848769408" WIDTH="1091.0"/>
</TextLine>
<TextLine BASELINE="304 1197 1397 1200" HEIGHT="52.0" HPOS="300.0" ID="eSc_line_58af94ed" TAGREFS="LT15191" VPOS="1173.0" WIDTH="1095.0">
<Shape><Polygon POINTS="302 1195 300 1225 1391 1225 1395 1199 1393 1173 302 1175 302 1195"/></Shape>
<String CONTENT="" HEIGHT="52.0" HPOS="300.0" VPOS="1173.0" WC="0.9919701805037837" WIDTH="1095.0"/>
</TextLine>
<TextLine BASELINE="305 1237 1395 1242" HEIGHT="56.0" HPOS="302.0" ID="eSc_line_075bc8a2" TAGREFS="LT15191" VPOS="1217.0" WIDTH="1091.0">
<Shape><Polygon POINTS="304 1235 302 1261 1387 1273 1393 1241 1391 1223 304 1217 304 1235"/></Shape>
<String CONTENT="" HEIGHT="56.0" HPOS="302.0" VPOS="1217.0" WC="0.9930485505610704" WIDTH="1091.0"/>
</TextLine>
<TextLine BASELINE="307 1280 1397 1284" HEIGHT="56.0" HPOS="304.0" ID="eSc_line_9e4ce85a" TAGREFS="LT15191" VPOS="1251.0" WIDTH="1091.0">
<Shape><Polygon POINTS="306 1279 304 1307 1391 1307 1395 1283 1393 1263 306 1251 306 1279"/></Shape>
<String CONTENT="" HEIGHT="56.0" HPOS="304.0" VPOS="1251.0" WC="0.9934479376626393" WIDTH="1091.0"/>
</TextLine>
<TextLine BASELINE="304 1318 1395 1322" HEIGHT="58.0" HPOS="300.0" ID="eSc_line_57860978" TAGREFS="LT15191" VPOS="1297.0" WIDTH="1093.0">
<Shape><Polygon POINTS="302 1317 300 1349 310 1355 312 1355 314 1355 316 1355 1389 1351 1393 1321 1389 1297 302 1297 302 1317"/></Shape>
<String CONTENT="" HEIGHT="58.0" HPOS="300.0" VPOS="1297.0" WC="0.9905969867339501" WIDTH="1093.0"/>
</TextLine>
<TextLine BASELINE="308 1361 1397 1364" HEIGHT="56.0" HPOS="304.0" ID="eSc_line_258bf93e" TAGREFS="LT15191" VPOS="1341.0" WIDTH="1091.0">
<Shape><Polygon POINTS="306 1359 304 1393 1389 1397 1395 1363 1393 1341 306 1341 306 1359"/></Shape>
<String CONTENT="" HEIGHT="56.0" HPOS="304.0" VPOS="1341.0" WC="0.9904701471328735" WIDTH="1091.0"/>
</TextLine>
<TextLine BASELINE="305 1401 1393 1405" HEIGHT="54.0" HPOS="302.0" ID="eSc_line_885c02b5" TAGREFS="LT15191" VPOS="1381.0" WIDTH="1089.0">
<Shape><Polygon POINTS="304 1399 302 1429 304 1433 306 1433 306 1435 308 1435 310 1435 312 1435 1387 1427 1391 1403 1389 1385 304 1381 304 1399"/></Shape>
<String CONTENT="" HEIGHT="54.0" HPOS="302.0" VPOS="1381.0" WC="0.9870709871488904" WIDTH="1089.0"/>
</TextLine>
<TextLine BASELINE="305 1441 1394 1444" HEIGHT="56.0" HPOS="302.0" ID="eSc_line_891425c0" TAGREFS="LT15191" VPOS="1419.0" WIDTH="1091.0">
<Shape><Polygon POINTS="304 1439 302 1473 1387 1475 1393 1443 1389 1419 304 1419 304 1439"/></Shape>
<String CONTENT="" HEIGHT="56.0" HPOS="302.0" VPOS="1419.0" WC="0.9794130747134869" WIDTH="1091.0"/>
</TextLine>
<TextLine BASELINE="305 1483 1394 1487" HEIGHT="56.0" HPOS="302.0" ID="eSc_line_f7ad1eb2" TAGREFS="LT15191" VPOS="1463.0" WIDTH="1091.0">
<Shape><Polygon POINTS="304 1481 302 1513 1387 1519 1393 1485 1391 1467 304 1463 304 1481"/></Shape>
<String CONTENT="" HEIGHT="56.0" HPOS="302.0" VPOS="1463.0" WC="0.9905570226330911" WIDTH="1091.0"/>
</TextLine>
<TextLine BASELINE="307 1523 1395 1528" HEIGHT="52.0" HPOS="304.0" ID="eSc_line_938adeea" TAGREFS="LT15191" VPOS="1503.0" WIDTH="1089.0">
<Shape><Polygon POINTS="306 1521 304 1547 1387 1555 1393 1527 1391 1509 306 1503 306 1521"/></Shape>
<String CONTENT="" HEIGHT="52.0" HPOS="304.0" VPOS="1503.0" WC="0.9972088547313914" WIDTH="1089.0"/>
</TextLine>
<TextLine BASELINE="307 1569 1394 1567" HEIGHT="54.0" HPOS="304.0" ID="eSc_line_048caa20" TAGREFS="LT15191" VPOS="1541.0" WIDTH="1089.0">
<Shape><Polygon POINTS="306 1567 306 1593 1389 1595 1393 1565 1389 1541 304 1547 306 1567"/></Shape>
<String CONTENT="" HEIGHT="54.0" HPOS="304.0" VPOS="1541.0" WC="0.9871873439304413" WIDTH="1089.0"/>
</TextLine>
<TextLine BASELINE="307 1607 1394 1610" HEIGHT="57.0" HPOS="304.0" ID="eSc_line_f9dcd401" TAGREFS="LT15191" VPOS="1579.0" WIDTH="1089.0">
<Shape><Polygon POINTS="306 1606 304 1636 1389 1634 1393 1608 1391 1581 306 1579 306 1606"/></Shape>
<String CONTENT="" HEIGHT="57.0" HPOS="304.0" VPOS="1579.0" WC="0.9918162244738955" WIDTH="1089.0"/>
</TextLine>
<TextLine BASELINE="305 1647 1397 1651" HEIGHT="50.0" HPOS="302.0" ID="eSc_line_70a59737" TAGREFS="LT15191" VPOS="1628.0" WIDTH="1093.0">
<Shape><Polygon POINTS="304 1646 302 1672 1389 1678 1395 1650 1395 1632 304 1628 304 1646"/></Shape>
<String CONTENT="" HEIGHT="50.0" HPOS="302.0" VPOS="1628.0" WC="0.9912379062364972" WIDTH="1093.0"/>
</TextLine>
<TextLine BASELINE="305 1688 1397 1691" HEIGHT="56.0" HPOS="302.0" ID="eSc_line_7dc57fa6" TAGREFS="LT15191" VPOS="1668.0" WIDTH="1093.0">
<Shape><Polygon POINTS="304 1686 302 1712 492 1724 494 1724 1391 1718 1395 1690 1393 1672 304 1668 304 1686"/></Shape>
<String CONTENT="" HEIGHT="56.0" HPOS="302.0" VPOS="1668.0" WC="0.9825938885862177" WIDTH="1093.0"/>
</TextLine>
<TextLine BASELINE="308 1731 1395 1731" HEIGHT="62.0" HPOS="306.0" ID="eSc_line_d5e424fa" TAGREFS="LT15191" VPOS="1706.0" WIDTH="1087.0">
<Shape><Polygon POINTS="306 1730 306 1768 326 1768 346 1768 366 1768 386 1768 406 1768 426 1768 446 1768 466 1768 486 1768 506 1768 526 1768 546 1768 566 1768 586 1768 606 1768 626 1768 646 1768 666 1768 686 1768 706 1768 726 1768 747 1768 767 1768 787 1768 807 1768 827 1768 847 1768 867 1768 887 1768 907 1768 927 1768 947 1768 967 1768 987 1768 1007 1768 1027 1768 1047 1768 1067 1768 1087 1768 1107 1768 1127 1768 1147 1768 1167 1768 1187 1768 1207 1768 1227 1768 1247 1768 1267 1768 1287 1768 1307 1768 1327 1768 1347 1768 1367 1768 1387 1768 1393 1768 1393 1730 1393 1714 306 1706 306 1730"/></Shape>
<String CONTENT="" HEIGHT="62.0" HPOS="306.0" VPOS="1706.0" WC="0.9873233376923254" WIDTH="1087.0"/>
</TextLine>
<TextLine BASELINE="305 1772 1395 1772" HEIGHT="46.0" HPOS="304.0" ID="eSc_line_30ae99e3" TAGREFS="LT15191" VPOS="1754.0" WIDTH="1089.0">
<Shape><Polygon POINTS="304 1770 304 1800 1393 1800 1393 1770 1393 1754 304 1754 304 1770"/></Shape>
<String CONTENT="" HEIGHT="46.0" HPOS="304.0" VPOS="1754.0" WC="0.9907319611973233" WIDTH="1089.0"/>
</TextLine>
<TextLine BASELINE="307 1811 1397 1815" HEIGHT="58.0" HPOS="304.0" ID="eSc_line_fd5a5088" TAGREFS="LT15191" VPOS="1784.0" WIDTH="1091.0">
<Shape><Polygon POINTS="306 1810 304 1842 1391 1840 1395 1814 1393 1796 306 1784 306 1810"/></Shape>
<String CONTENT="" HEIGHT="58.0" HPOS="304.0" VPOS="1784.0" WC="0.9882359758752292" WIDTH="1091.0"/>
</TextLine>
<TextLine BASELINE="309 1851 1398 1854" HEIGHT="44.0" HPOS="306.0" ID="eSc_line_3d344819" TAGREFS="LT15191" VPOS="1834.0" WIDTH="1091.0">
<Shape><Polygon POINTS="308 1850 306 1876 1391 1878 1397 1852 1395 1836 308 1834 308 1850"/></Shape>
<String CONTENT="" HEIGHT="44.0" HPOS="306.0" VPOS="1834.0" WC="0.9928093980997801" WIDTH="1091.0"/>
</TextLine>
<TextLine BASELINE="312 1890 1401 1895" HEIGHT="56.0" HPOS="308.0" ID="eSc_line_8c4c4436" TAGREFS="LT15191" VPOS="1868.0" WIDTH="1091.0">
<Shape><Polygon POINTS="310 1888 308 1920 1393 1924 1399 1894 1395 1868 310 1870 310 1888"/></Shape>
<String CONTENT="" HEIGHT="56.0" HPOS="308.0" VPOS="1868.0" WC="0.9903430082428624" WIDTH="1091.0"/>
</TextLine>
<TextLine BASELINE="313 1934 1398 1938" HEIGHT="48.0" HPOS="310.0" ID="eSc_line_6a38930f" TAGREFS="LT15191" VPOS="1914.0" WIDTH="1087.0">
<Shape><Polygon POINTS="312 1932 310 1958 1391 1962 1397 1936 1395 1918 312 1914 312 1932"/></Shape>
<String CONTENT="" HEIGHT="48.0" HPOS="310.0" VPOS="1914.0" WC="0.9940049516804078" WIDTH="1087.0"/>
</TextLine>
<TextLine BASELINE="313 1971 1398 1978" HEIGHT="68.0" HPOS="310.0" ID="eSc_line_ebd65abe" TAGREFS="LT15191" VPOS="1944.0" WIDTH="1087.0">
<Shape><Polygon POINTS="312 1970 310 2004 1391 2012 1397 1976 1395 1956 458 1956 312 1944 312 1970"/></Shape>
<String CONTENT="" HEIGHT="68.0" HPOS="310.0" VPOS="1944.0" WC="0.9903248945871989" WIDTH="1087.0"/>
</TextLine>
<TextLine BASELINE="312 2014 1397 2018" HEIGHT="56.0" HPOS="308.0" ID="eSc_line_e071b012" TAGREFS="LT15191" VPOS="1996.0" WIDTH="1087.0">
<Shape><Polygon POINTS="310 2012 308 2040 334 2050 336 2050 338 2050 556 2042 813 2050 829 2050 849 2050 865 2050 877 2052 879 2052 1391 2042 1395 2016 1393 2000 310 1996 310 2012"/></Shape>
<String CONTENT="" HEIGHT="56.0" HPOS="308.0" VPOS="1996.0" WC="0.9957201518118382" WIDTH="1087.0"/>
</TextLine>
<TextLine BASELINE="315 2054 1398 2058" HEIGHT="56.0" HPOS="312.0" ID="eSc_line_64804bd1" TAGREFS="LT15191" VPOS="2038.0" WIDTH="1085.0">
<Shape><Polygon POINTS="314 2052 312 2090 1391 2094 1397 2056 1395 2042 314 2038 314 2052"/></Shape>
<String CONTENT="" HEIGHT="56.0" HPOS="312.0" VPOS="2038.0" WC="0.9944363383146433" WIDTH="1085.0"/>
</TextLine>
<TextLine BASELINE="316 2095 1399 2101" HEIGHT="60.0" HPOS="312.0" ID="eSc_line_681683c5" TAGREFS="LT15191" VPOS="2076.0" WIDTH="1085.0">
<Shape><Polygon POINTS="314 2094 312 2122 416 2134 418 2134 600 2124 616 2124 622 2124 678 2134 692 2134 712 2134 732 2134 753 2134 773 2134 793 2134 813 2134 817 2134 827 2126 943 2136 945 2136 947 2136 949 2136 963 2126 1021 2136 1033 2136 1041 2136 1053 2128 1069 2136 1073 2136 1093 2136 1113 2136 1129 2136 1393 2126 1397 2100 1395 2080 314 2076 314 2094"/></Shape>
<String CONTENT="" HEIGHT="60.0" HPOS="312.0" VPOS="2076.0" WC="0.9900833473486059" WIDTH="1085.0"/>
</TextLine>
<TextLine BASELINE="323 2137 1397 2142" HEIGHT="76.0" HPOS="322.0" ID="eSc_line_030f35e3" TAGREFS="LT15191" VPOS="2120.0" WIDTH="1073.0">
<Shape><Polygon POINTS="322 2136 322 2184 358 2172 500 2172 502 2174 520 2174 536 2174 546 2172 564 2176 580 2176 600 2176 620 2176 640 2176 660 2176 680 2176 688 2176 722 2174 734 2178 740 2178 761 2178 781 2178 785 2178 805 2172 823 2178 841 2178 841 2184 867 2194 869 2194 871 2194 873 2194 875 2194 889 2184 899 2194 901 2194 903 2194 905 2194 987 2184 999 2184 1003 2184 1025 2194 1027 2194 1029 2196 1209 2196 1209 2194 1211 2194 1213 2194 1223 2184 1229 2180 1247 2184 1259 2188 1261 2188 1263 2188 1265 2188 1275 2184 1301 2176 1315 2184 1321 2190 1323 2190 1325 2190 1327 2190 1329 2190 1331 2190 1337 2184 1349 2176 1389 2184 1395 2140 1393 2120 322 2120 322 2136"/></Shape>
<String CONTENT="" HEIGHT="76.0" HPOS="322.0" VPOS="2120.0" WC="0.9889005506411195" WIDTH="1073.0"/>
</TextLine>
</TextBlock>
</PrintSpace>
</Page>
</Layout>
</alto>