<?xml version="1.0" encoding="utf-8"?>
<alto xmlns="http://www.loc.gov/standards/alto/ns-v4#" xmlns:xsi="http://www.w3.org/2001/XMLSchema-instance" xsi:schemaLocation="http://www.loc.gov/standards/alto/ns-v4# http://www.loc.gov/standards/alto/v4/alto-4-2.xsd">
<Description>
<MeasurementUnit>pixel</MeasurementUnit>
<sourceImageInformation>
<fileName>IE87373595_00007.jpg</fileName>
<fileIdentifier>mets//export_doc3594_1col_14_alto_202404221307.zip/IE87373595_00007.jpg</fileIdentifier>
</sourceImageInformation>
</Description>
<Tags>
<OtherTag DESCRIPTION="block type MainLeft" ID="BT6805" LABEL="MainLeft"/><OtherTag DESCRIPTION="block type MainRight" ID="BT6804" LABEL="MainRight"/><OtherTag DESCRIPTION="block type Margin" ID="BT6803" LABEL="Margin"/><OtherTag DESCRIPTION="block type Handwritten" ID="BT6802" LABEL="Handwritten"/><OtherTag DESCRIPTION="block type Stamp" ID="BT6801" LABEL="Stamp"/><OtherTag DESCRIPTION="block type FooterCentral" ID="BT6800" LABEL="FooterCentral"/><OtherTag DESCRIPTION="block type Catchword" ID="BT6799" LABEL="Catchword"/><OtherTag DESCRIPTION="block type MainCentral" ID="BT6798" LABEL="MainCentral"/><OtherTag DESCRIPTION="block type RunningHeader" ID="BT6797" LABEL="RunningHeader"/><OtherTag DESCRIPTION="block type Illustration" ID="BT4" LABEL="Illustration"/><OtherTag DESCRIPTION="block type Commentary" ID="BT3" LABEL="Commentary"/><OtherTag DESCRIPTION="block type Main" ID="BT2" LABEL="Main"/><OtherTag DESCRIPTION="block type Title" ID="BT1" LABEL="Title"/>
<OtherTag DESCRIPTION="line type MainLeft" ID="LT15195" LABEL="MainLeft"/><OtherTag DESCRIPTION="line type MainRight" ID="LT15194" LABEL="MainRight"/><OtherTag DESCRIPTION="line type Handwritten" ID="LT15193" LABEL="Handwritten"/><OtherTag DESCRIPTION="line type NotMain" ID="LT15192" LABEL="NotMain"/><OtherTag DESCRIPTION="line type MainCentral" ID="LT15191" LABEL="MainCentral"/>
</Tags>
<Layout>
<Page HEIGHT="1931" ID="eSc_dummypage_" PHYSICAL_IMG_NR="399" WIDTH="1190">
<PrintSpace HEIGHT="1931" HPOS="0" VPOS="0" WIDTH="1190">
<TextBlock HEIGHT="1655.0" HPOS="137.0" ID="eSc_textblock_e3da7085" TAGREFS="BT6798" VPOS="111.0" WIDTH="1010.0">
<Shape><Polygon POINTS="1142 120 1147 1698 1146 1766 141 1762 137 137 158 120 453 111"/></Shape>
<TextLine BASELINE="141 144 1125 139" HEIGHT="58.0" HPOS="140.0" ID="eSc_line_42b930a3" TAGREFS="LT15191" VPOS="114.0" WIDTH="983.0">
<Shape><Polygon POINTS="1120 119 1104 119 1088 119 1072 119 1056 119 1040 119 1024 117 1008 117 991 117 975 117 959 117 943 117 927 117 911 117 895 115 879 115 863 115 847 115 830 115 814 115 798 115 792 114 162 119 154 122 140 131 140 143 140 172 1122 172 1123 138 1120 119 1120 119"/></Shape>
<String CONTENT="" HEIGHT="58.0" HPOS="140.0" VPOS="114.0" WC="0.9809946417808533" WIDTH="983.0"/>
</TextLine>
<TextLine BASELINE="141 195 1132 187" HEIGHT="71.0" HPOS="138.0" ID="eSc_line_f4f04564" TAGREFS="LT15191" VPOS="157.0" WIDTH="992.0">
<Shape><Polygon POINTS="140 194 140 228 355 218 1127 220 1130 186 1127 157 138 170 140 194"/></Shape>
<String CONTENT="" HEIGHT="71.0" HPOS="138.0" VPOS="157.0" WC="0.9699903342031664" WIDTH="992.0"/>
</TextLine>
<TextLine BASELINE="141 242 1133 237" HEIGHT="64.0" HPOS="138.0" ID="eSc_line_375ecf7f" TAGREFS="LT15191" VPOS="209.0" WIDTH="994.0">
<Shape><Polygon POINTS="140 241 140 273 1132 263 1132 236 1128 209 1075 217 909 210 838 209 837 209 821 212 790 218 636 215 478 210 476 210 475 210 473 210 466 217 460 220 386 218 230 212 228 212 227 212 225 212 215 220 214 222 138 222 140 241"/></Shape>
<String CONTENT="" HEIGHT="64.0" HPOS="138.0" VPOS="209.0" WC="0.9674987639150312" WIDTH="994.0"/>
</TextLine>
<TextLine BASELINE="142 289 1132 283" HEIGHT="61.0" HPOS="140.0" ID="eSc_line_87143e15" TAGREFS="LT15191" VPOS="254.0" WIDTH="990.0">
<Shape><Polygon POINTS="141 288 141 315 1128 308 1130 281 1123 254 1107 265 1051 265 1043 257 1043 255 1041 255 1040 255 1038 255 982 263 908 255 900 255 898 255 896 255 895 255 869 265 801 257 729 257 727 257 726 257 724 257 724 259 716 265 644 259 642 259 640 259 639 259 629 267 140 262 141 288"/></Shape>
<String CONTENT="" HEIGHT="61.0" HPOS="140.0" VPOS="254.0" WC="0.9722165895290062" WIDTH="990.0"/>
</TextLine>
<TextLine BASELINE="143 337 1132 332" HEIGHT="61.0" HPOS="140.0" ID="eSc_line_e7f9d441" TAGREFS="LT15191" VPOS="302.0" WIDTH="990.0">
<Shape><Polygon POINTS="141 336 141 363 1128 358 1130 331 1125 302 1098 312 140 312 141 336"/></Shape>
<String CONTENT="" HEIGHT="61.0" HPOS="140.0" VPOS="302.0" WC="0.9709951989352703" WIDTH="990.0"/>
</TextLine>
<TextLine BASELINE="144 386 1132 379" HEIGHT="64.0" HPOS="141.0" ID="eSc_line_44e08ad8" TAGREFS="LT15191" VPOS="354.0" WIDTH="989.0">
<Shape><Polygon POINTS="143 384 143 410 375 418 376 418 378 418 380 418 391 410 392 410 399 410 613 416 615 416 616 416 632 408 637 407 652 408 703 415 705 415 706 415 721 408 724 407 732 408 771 415 772 415 1128 405 1130 378 1127 354 141 360 143 384"/></Shape>
<String CONTENT="" HEIGHT="64.0" HPOS="141.0" VPOS="354.0" WC="0.9670685034531813" WIDTH="989.0"/>
</TextLine>
<TextLine BASELINE="145 434 1132 429" HEIGHT="61.0" HPOS="143.0" ID="eSc_line_9fef7942" TAGREFS="LT15191" VPOS="399.0" WIDTH="987.0">
<Shape><Polygon POINTS="144 432 144 458 1127 460 1130 428 1128 407 1069 399 1067 399 1066 399 1064 399 1064 400 1057 405 1056 408 826 408 821 405 813 399 811 399 809 399 808 399 806 399 792 405 780 408 690 403 618 400 616 400 615 400 613 400 610 403 602 408 420 402 381 402 380 402 378 402 376 402 363 411 288 411 270 402 268 402 267 402 265 402 235 410 143 402 144 432"/></Shape>
<String CONTENT="" HEIGHT="61.0" HPOS="143.0" VPOS="399.0" WC="0.9919828268197867" WIDTH="987.0"/>
</TextLine>
<TextLine BASELINE="145 479 1133 476" HEIGHT="59.0" HPOS="143.0" ID="eSc_line_969be4de" TAGREFS="LT15191" VPOS="447.0" WIDTH="989.0">
<Shape><Polygon POINTS="144 477 144 506 1130 503 1132 474 1128 447 996 457 962 448 961 448 959 448 911 457 900 448 898 448 896 448 895 448 827 457 816 448 814 448 813 448 811 448 808 448 742 457 636 450 634 450 632 450 631 450 621 460 524 460 515 450 513 450 512 450 510 450 505 450 458 458 143 453 144 477"/></Shape>
<String CONTENT="" HEIGHT="59.0" HPOS="143.0" VPOS="447.0" WC="0.993717674108652" WIDTH="989.0"/>
</TextLine>
<TextLine BASELINE="143 527 1132 524" HEIGHT="65.0" HPOS="140.0" ID="eSc_line_9318737c" TAGREFS="LT15191" VPOS="498.0" WIDTH="990.0">
<Shape><Polygon POINTS="141 526 141 561 347 553 368 559 375 561 376 561 378 563 545 563 545 561 547 561 549 561 553 556 560 553 592 556 632 561 634 561 636 561 637 561 644 556 652 551 718 551 723 555 727 559 729 559 731 559 732 559 1040 551 1064 551 1066 551 1096 559 1098 559 1099 559 1101 559 1130 550 1130 522 1127 498 140 500 141 526"/></Shape>
<String CONTENT="" HEIGHT="65.0" HPOS="140.0" VPOS="498.0" WC="0.9747222928858515" WIDTH="990.0"/>
</TextLine>
<TextLine BASELINE="142 579 1133 573" HEIGHT="60.0" HPOS="140.0" ID="eSc_line_8f2544ec" TAGREFS="LT15191" VPOS="545.0" WIDTH="992.0">
<Shape><Polygon POINTS="141 577 141 605 1130 600 1132 572 1128 545 140 555 141 577"/></Shape>
<String CONTENT="" HEIGHT="60.0" HPOS="140.0" VPOS="545.0" WC="0.9917329968884587" WIDTH="992.0"/>
</TextLine>
<TextLine BASELINE="144 626 1133 621" HEIGHT="60.0" HPOS="141.0" ID="eSc_line_97084c61" TAGREFS="LT15191" VPOS="593.0" WIDTH="991.0">
<Shape><Polygon POINTS="143 625 143 653 1130 650 1132 619 1128 593 141 603 143 625"/></Shape>
<String CONTENT="" HEIGHT="60.0" HPOS="141.0" VPOS="593.0" WC="0.9653916408618292" WIDTH="991.0"/>
</TextLine>
<TextLine BASELINE="144 675 1132 671" HEIGHT="64.0" HPOS="141.0" ID="eSc_line_59e00e3e" TAGREFS="LT15191" VPOS="640.0" WIDTH="989.0">
<Shape><Polygon POINTS="143 674 143 701 1127 704 1130 669 1127 640 1049 650 895 643 856 642 855 642 835 643 779 651 668 646 595 643 594 643 592 643 584 648 576 651 447 650 164 645 162 645 161 645 141 651 143 674"/></Shape>
<String CONTENT="" HEIGHT="64.0" HPOS="141.0" VPOS="640.0" WC="0.9792580176144838" WIDTH="989.0"/>
</TextLine>
<TextLine BASELINE="145 721 1134 718" HEIGHT="54.0" HPOS="143.0" ID="eSc_line_e208e565" TAGREFS="LT15191" VPOS="695.0" WIDTH="990.0">
<Shape><Polygon POINTS="144 720 144 748 1130 749 1133 717 1132 696 143 695 144 720"/></Shape>
<String CONTENT="" HEIGHT="54.0" HPOS="143.0" VPOS="695.0" WC="0.9742224399120577" WIDTH="990.0"/>
</TextLine>
<TextLine BASELINE="149 771 1130 763" HEIGHT="64.0" HPOS="146.0" ID="eSc_line_edca9da7" TAGREFS="LT15191" VPOS="735.0" WIDTH="982.0">
<Shape><Polygon POINTS="148 770 148 799 1127 798 1128 762 1125 736 985 743 971 736 967 735 966 735 964 735 951 736 909 745 890 736 888 736 887 736 885 736 874 736 797 745 705 738 700 738 698 738 697 738 668 746 555 738 539 738 537 738 536 738 534 738 534 740 533 740 526 748 362 740 352 740 351 740 349 740 347 740 336 749 146 741 148 770"/></Shape>
<String CONTENT="" HEIGHT="64.0" HPOS="146.0" VPOS="735.0" WC="0.9767408595710504" WIDTH="982.0"/>
</TextLine>
<TextLine BASELINE="145 819 1134 812" HEIGHT="67.0" HPOS="144.0" ID="eSc_line_4ba8d715" TAGREFS="LT15191" VPOS="785.0" WIDTH="989.0">
<Shape><Polygon POINTS="144 852 1132 846 1133 811 1130 785 779 793 766 785 764 785 763 785 761 785 755 785 714 793 695 786 692 785 690 785 689 785 681 786 636 794 615 786 613 786 611 786 608 786 515 794 494 786 492 786 491 786 489 786 481 786 386 796 222 788 218 788 217 788 215 788 165 796 144 788 144 817 144 852"/></Shape>
<String CONTENT="" HEIGHT="67.0" HPOS="144.0" VPOS="785.0" WC="0.9815489347018893" WIDTH="989.0"/>
</TextLine>
<TextLine BASELINE="144 870 1135 863" HEIGHT="69.0" HPOS="141.0" ID="eSc_line_6586edf4" TAGREFS="LT15191" VPOS="833.0" WIDTH="992.0">
<Shape><Polygon POINTS="143 868 143 897 334 902 336 902 338 902 349 897 360 894 371 897 383 902 384 902 386 902 433 897 494 893 539 897 561 901 563 901 576 897 600 893 616 897 624 901 626 901 628 901 652 897 713 891 766 897 776 899 777 899 779 899 784 897 813 891 838 897 842 899 843 899 845 899 917 897 919 897 921 897 921 896 929 889 1130 897 1133 862 1130 833 1082 843 943 835 938 835 937 835 933 835 847 844 141 843 143 868"/></Shape>
<String CONTENT="" HEIGHT="69.0" HPOS="141.0" VPOS="833.0" WC="0.9950020161886064" WIDTH="992.0"/>
</TextLine>
<TextLine BASELINE="236 917 1046 909" HEIGHT="66.0" HPOS="233.0" ID="eSc_line_515b013f" TAGREFS="LT15191" VPOS="883.0" WIDTH="812.0">
<Shape><Polygon POINTS="235 915 235 944 534 949 536 949 537 949 555 941 558 941 631 947 632 947 634 947 636 947 644 939 645 939 647 939 689 947 690 947 861 936 880 936 882 936 893 944 895 944 896 944 898 944 953 936 954 936 1027 944 1028 944 1030 944 1032 944 1045 934 1045 907 1041 883 233 889 235 915"/></Shape>
<String CONTENT="" HEIGHT="66.0" HPOS="233.0" VPOS="883.0" WC="0.989873274564743" WIDTH="812.0"/>
</TextLine>
<TextLine BASELINE="144 962 1135 960" HEIGHT="65.0" HPOS="141.0" ID="eSc_line_18554ddd" TAGREFS="LT15191" VPOS="931.0" WIDTH="992.0">
<Shape><Polygon POINTS="143 960 143 988 542 996 544 996 545 996 555 992 565 988 603 992 636 996 637 996 685 992 763 988 784 994 792 996 793 996 795 996 821 994 887 988 896 994 896 996 898 996 900 996 901 996 916 994 979 988 1009 996 1012 996 1014 996 1016 996 1022 996 1082 988 1130 996 1133 959 1130 936 244 939 233 931 231 931 230 931 228 931 227 931 194 939 178 931 177 931 175 931 173 931 141 939 143 960"/></Shape>
<String CONTENT="" HEIGHT="65.0" HPOS="141.0" VPOS="931.0" WC="0.9668846968561411" WIDTH="992.0"/>
</TextLine>
<TextLine BASELINE="144 1012 1135 1005" HEIGHT="63.0" HPOS="141.0" ID="eSc_line_6620bf8e" TAGREFS="LT15191" VPOS="984.0" WIDTH="992.0">
<Shape><Polygon POINTS="143 1010 143 1047 389 1036 404 1044 405 1044 407 1044 409 1044 468 1042 726 1034 768 1037 822 1042 824 1042 872 1036 901 1033 954 1034 1088 1041 1090 1041 1132 1031 1133 1004 1130 984 141 989 143 1010"/></Shape>
<String CONTENT="" HEIGHT="63.0" HPOS="141.0" VPOS="984.0" WC="0.9938701465725899" WIDTH="992.0"/>
</TextLine>
<TextLine BASELINE="143 1062 1136 1056" HEIGHT="69.0" HPOS="140.0" ID="eSc_line_cebe7201" TAGREFS="LT15191" VPOS="1026.0" WIDTH="995.0">
<Shape><Polygon POINTS="141 1060 143 1095 170 1086 199 1094 201 1094 202 1094 204 1094 236 1086 294 1094 296 1094 706 1086 718 1091 718 1092 719 1092 721 1092 723 1092 737 1091 819 1082 1132 1087 1135 1055 1132 1026 800 1036 787 1029 782 1028 780 1028 706 1028 705 1028 703 1028 702 1028 698 1031 692 1036 584 1033 476 1029 475 1029 473 1029 471 1029 471 1031 470 1031 468 1034 465 1037 380 1036 190 1029 188 1029 140 1037 141 1060"/></Shape>
<String CONTENT="" HEIGHT="69.0" HPOS="140.0" VPOS="1026.0" WC="0.9754714138472258" WIDTH="995.0"/>
</TextLine>
<TextLine BASELINE="145 1109 1135 1103" HEIGHT="70.0" HPOS="143.0" ID="eSc_line_1af106bb" TAGREFS="LT15191" VPOS="1074.0" WIDTH="990.0">
<Shape><Polygon POINTS="144 1108 144 1144 1132 1131 1133 1102 1128 1074 1098 1082 1061 1074 1056 1074 1054 1074 1053 1074 1051 1074 1035 1084 143 1084 144 1108"/></Shape>
<String CONTENT="" HEIGHT="70.0" HPOS="143.0" VPOS="1074.0" WC="0.9681489081121981" WIDTH="990.0"/>
</TextLine>
<TextLine BASELINE="144 1158 1136 1153" HEIGHT="59.0" HPOS="141.0" ID="eSc_line_bc0047ce" TAGREFS="LT15191" VPOS="1128.0" WIDTH="994.0">
<Shape><Polygon POINTS="143 1156 143 1187 1133 1182 1135 1152 1132 1128 141 1131 143 1156"/></Shape>
<String CONTENT="" HEIGHT="59.0" HPOS="141.0" VPOS="1128.0" WC="0.9902635952457786" WIDTH="994.0"/>
</TextLine>
<TextLine BASELINE="144 1206 1135 1201" HEIGHT="71.0" HPOS="141.0" ID="eSc_line_15425bc9" TAGREFS="LT15191" VPOS="1171.0" WIDTH="992.0">
<Shape><Polygon POINTS="143 1205 143 1242 230 1232 246 1240 247 1240 249 1242 330 1242 330 1240 331 1240 333 1240 342 1232 454 1240 458 1240 460 1240 462 1240 513 1231 602 1239 603 1239 605 1239 632 1231 714 1239 719 1239 721 1239 723 1239 752 1231 761 1239 763 1239 764 1239 766 1239 769 1239 811 1229 1130 1235 1133 1200 1130 1171 1057 1173 1056 1173 1054 1173 1054 1174 1046 1181 856 1173 821 1173 819 1173 818 1173 814 1174 793 1182 742 1174 735 1174 734 1174 732 1174 731 1174 714 1182 669 1176 658 1174 656 1174 655 1174 648 1176 626 1182 587 1176 570 1174 568 1174 534 1177 458 1184 141 1182 143 1205"/></Shape>
<String CONTENT="" HEIGHT="71.0" HPOS="141.0" VPOS="1171.0" WC="0.9856423949822783" WIDTH="992.0"/>
</TextLine>
<TextLine BASELINE="144 1255 1136 1250" HEIGHT="68.0" HPOS="141.0" ID="eSc_line_b4f8c88b" TAGREFS="LT15191" VPOS="1222.0" WIDTH="994.0">
<Shape><Polygon POINTS="143 1253 144 1290 172 1282 1132 1285 1135 1248 1132 1222 141 1227 143 1253"/></Shape>
<String CONTENT="" HEIGHT="68.0" HPOS="141.0" VPOS="1222.0" WC="0.9973613768815994" WIDTH="994.0"/>
</TextLine>
<TextLine BASELINE="145 1304 1136 1299" HEIGHT="64.0" HPOS="143.0" ID="eSc_line_c72c4bdd" TAGREFS="LT15191" VPOS="1274.0" WIDTH="992.0">
<Shape><Polygon POINTS="144 1303 144 1338 190 1330 405 1335 471 1337 473 1337 499 1335 557 1329 668 1332 760 1335 761 1335 1133 1325 1135 1298 1132 1274 143 1277 144 1303"/></Shape>
<String CONTENT="" HEIGHT="64.0" HPOS="143.0" VPOS="1274.0" WC="0.9812461572980123" WIDTH="992.0"/>
</TextLine>
<TextLine BASELINE="145 1352 1136 1348" HEIGHT="60.0" HPOS="143.0" ID="eSc_line_19a2cf17" TAGREFS="LT15191" VPOS="1325.0" WIDTH="992.0">
<Shape><Polygon POINTS="144 1351 144 1385 1133 1380 1135 1346 1133 1327 143 1325 144 1351"/></Shape>
<String CONTENT="" HEIGHT="60.0" HPOS="143.0" VPOS="1325.0" WC="0.984679246865786" WIDTH="992.0"/>
</TextLine>
<TextLine BASELINE="144 1402 1135 1397" HEIGHT="61.0" HPOS="141.0" ID="eSc_line_5bdc2cc1" TAGREFS="LT15191" VPOS="1369.0" WIDTH="992.0">
<Shape><Polygon POINTS="143 1401 143 1430 1132 1422 1133 1396 1130 1369 247 1377 241 1377 188 1369 186 1369 141 1377 143 1401"/></Shape>
<String CONTENT="" HEIGHT="61.0" HPOS="141.0" VPOS="1369.0" WC="0.9802002577639338" WIDTH="992.0"/>
</TextLine>
<TextLine BASELINE="147 1448 1136 1445" HEIGHT="61.0" HPOS="144.0" ID="eSc_line_4a516e81" TAGREFS="LT15191" VPOS="1414.0" WIDTH="991.0">
<Shape><Polygon POINTS="146 1446 146 1475 1133 1472 1135 1443 1132 1414 1077 1424 1049 1416 1048 1416 1046 1416 1045 1416 1043 1416 1030 1424 919 1416 901 1416 900 1416 888 1417 835 1424 743 1419 690 1416 689 1416 660 1419 619 1427 396 1427 386 1424 365 1417 363 1417 362 1417 225 1425 212 1425 210 1425 201 1417 199 1417 198 1417 196 1417 144 1425 146 1446"/></Shape>
<String CONTENT="" HEIGHT="61.0" HPOS="144.0" VPOS="1414.0" WC="0.9827384040905879" WIDTH="991.0"/>
</TextLine>
<TextLine BASELINE="145 1498 1136 1492" HEIGHT="66.0" HPOS="144.0" ID="eSc_line_577a03fa" TAGREFS="LT15191" VPOS="1464.0" WIDTH="991.0">
<Shape><Polygon POINTS="144 1530 1133 1522 1135 1491 1132 1465 972 1472 913 1465 898 1464 896 1464 895 1464 888 1465 859 1472 829 1465 819 1464 818 1464 816 1464 809 1465 780 1473 760 1465 758 1465 756 1465 755 1465 753 1465 718 1475 565 1467 563 1467 561 1467 560 1467 550 1477 470 1478 417 1478 409 1470 409 1469 407 1469 405 1469 404 1469 297 1477 288 1469 288 1467 286 1467 285 1467 247 1467 246 1467 178 1477 144 1467 144 1496 144 1530"/></Shape>
<String CONTENT="" HEIGHT="66.0" HPOS="144.0" VPOS="1464.0" WC="0.9859630349856704" WIDTH="991.0"/>
</TextLine>
<TextLine BASELINE="144 1549 1136 1543" HEIGHT="61.0" HPOS="141.0" ID="eSc_line_3735b29e" TAGREFS="LT15191" VPOS="1519.0" WIDTH="994.0">
<Shape><Polygon POINTS="143 1548 143 1576 463 1580 465 1580 495 1573 510 1572 524 1573 568 1580 570 1580 571 1580 590 1573 595 1572 602 1573 636 1580 637 1580 790 1572 816 1570 821 1570 851 1578 853 1578 855 1578 930 1576 932 1576 933 1576 942 1570 943 1568 956 1570 1033 1576 1035 1576 1133 1567 1135 1541 1133 1519 141 1519 143 1548"/></Shape>
<String CONTENT="" HEIGHT="61.0" HPOS="141.0" VPOS="1519.0" WC="0.9828092694282532" WIDTH="994.0"/>
</TextLine>
<TextLine BASELINE="144 1596 1136 1590" HEIGHT="69.0" HPOS="141.0" ID="eSc_line_3b76c5a4" TAGREFS="LT15191" VPOS="1562.0" WIDTH="994.0">
<Shape><Polygon POINTS="143 1594 143 1631 228 1623 1132 1625 1135 1589 1132 1562 979 1564 977 1564 975 1564 964 1572 954 1564 953 1564 951 1564 950 1564 948 1564 851 1572 816 1564 809 1564 808 1564 806 1564 805 1564 805 1565 803 1565 797 1575 695 1575 687 1567 687 1565 685 1565 684 1565 682 1565 681 1565 679 1565 652 1573 141 1572 143 1594"/></Shape>
<String CONTENT="" HEIGHT="69.0" HPOS="141.0" VPOS="1562.0" WC="0.9920536241223735" WIDTH="994.0"/>
</TextLine>
<TextLine BASELINE="143 1644 1136 1640" HEIGHT="64.0" HPOS="140.0" ID="eSc_line_f96a2f8e" TAGREFS="LT15191" VPOS="1612.0" WIDTH="995.0">
<Shape><Polygon POINTS="141 1642 141 1676 636 1676 636 1675 637 1675 650 1670 660 1667 771 1668 1017 1673 1019 1673 1135 1663 1135 1639 1132 1612 380 1620 368 1618 330 1612 328 1612 278 1620 272 1620 270 1620 251 1612 249 1612 247 1612 140 1620 141 1642"/></Shape>
<String CONTENT="" HEIGHT="64.0" HPOS="140.0" VPOS="1612.0" WC="0.9826743139161004" WIDTH="995.0"/>
</TextLine>
<TextLine BASELINE="144 1692 1137 1687" HEIGHT="64.0" HPOS="141.0" ID="eSc_line_c529b7f2" TAGREFS="LT15191" VPOS="1659.0" WIDTH="995.0">
<Shape><Polygon POINTS="143 1691 143 1723 1136 1718 1136 1686 1135 1667 887 1659 885 1659 826 1667 805 1659 803 1659 801 1659 800 1659 798 1659 787 1668 785 1668 761 1668 608 1660 607 1660 605 1660 603 1660 603 1662 595 1668 595 1670 450 1670 449 1670 433 1662 431 1662 429 1662 428 1662 402 1670 399 1670 397 1670 370 1662 368 1662 367 1662 365 1662 363 1662 351 1670 349 1671 264 1671 260 1670 223 1662 222 1662 220 1662 218 1662 218 1663 210 1670 210 1671 141 1671 143 1691"/></Shape>
<String CONTENT="" HEIGHT="64.0" HPOS="141.0" VPOS="1659.0" WC="0.9812836603206747" WIDTH="995.0"/>
</TextLine>
<TextLine BASELINE="144 1741 1135 1736" HEIGHT="82.0" HPOS="141.0" ID="eSc_line_394b51b3" TAGREFS="LT15191" VPOS="1707.0" WIDTH="992.0">
<Shape><Polygon POINTS="143 1739 143 1776 173 1789 175 1789 177 1789 260 1776 280 1773 296 1774 338 1781 339 1781 341 1781 360 1774 365 1773 370 1774 404 1787 405 1787 407 1787 409 1787 410 1787 426 1776 463 1782 465 1782 466 1782 468 1782 468 1781 470 1781 476 1773 478 1771 479 1773 510 1787 512 1787 513 1789 750 1789 750 1787 752 1787 753 1787 772 1771 772 1770 864 1770 875 1779 875 1781 877 1781 879 1781 880 1782 906 1782 906 1781 908 1781 909 1781 925 1770 959 1770 1019 1770 1051 1786 1053 1786 1054 1786 1056 1786 1057 1786 1078 1768 1133 1766 1133 1734 1132 1715 847 1707 845 1707 792 1716 784 1716 756 1716 578 1708 576 1708 574 1708 573 1708 563 1716 553 1708 552 1708 550 1708 549 1708 479 1718 468 1718 441 1718 259 1710 257 1710 193 1718 181 1710 180 1710 178 1710 177 1710 175 1710 141 1718 143 1739"/></Shape>
<String CONTENT="" HEIGHT="82.0" HPOS="141.0" VPOS="1707.0" WC="0.9711708479852819" WIDTH="992.0"/>
</TextLine>
</TextBlock>
</PrintSpace>
</Page>
</Layout>
</alto>