<?xml version="1.0" encoding="utf-8"?>
<alto xmlns="http://www.loc.gov/standards/alto/ns-v4#" xmlns:xsi="http://www.w3.org/2001/XMLSchema-instance" xsi:schemaLocation="http://www.loc.gov/standards/alto/ns-v4# http://www.loc.gov/standards/alto/v4/alto-4-2.xsd">
<Description>
<MeasurementUnit>pixel</MeasurementUnit>
<sourceImageInformation>
<fileName>IE87351285_00009.jpg</fileName>
<fileIdentifier>mets//export_doc3594_1col_14_alto_202404221307.zip/IE87351285_00009.jpg</fileIdentifier>
</sourceImageInformation>
</Description>
<Tags>
<OtherTag DESCRIPTION="block type MainLeft" ID="BT6805" LABEL="MainLeft"/><OtherTag DESCRIPTION="block type MainRight" ID="BT6804" LABEL="MainRight"/><OtherTag DESCRIPTION="block type Margin" ID="BT6803" LABEL="Margin"/><OtherTag DESCRIPTION="block type Handwritten" ID="BT6802" LABEL="Handwritten"/><OtherTag DESCRIPTION="block type Stamp" ID="BT6801" LABEL="Stamp"/><OtherTag DESCRIPTION="block type FooterCentral" ID="BT6800" LABEL="FooterCentral"/><OtherTag DESCRIPTION="block type Catchword" ID="BT6799" LABEL="Catchword"/><OtherTag DESCRIPTION="block type MainCentral" ID="BT6798" LABEL="MainCentral"/><OtherTag DESCRIPTION="block type RunningHeader" ID="BT6797" LABEL="RunningHeader"/><OtherTag DESCRIPTION="block type Illustration" ID="BT4" LABEL="Illustration"/><OtherTag DESCRIPTION="block type Commentary" ID="BT3" LABEL="Commentary"/><OtherTag DESCRIPTION="block type Main" ID="BT2" LABEL="Main"/><OtherTag DESCRIPTION="block type Title" ID="BT1" LABEL="Title"/>
<OtherTag DESCRIPTION="line type MainLeft" ID="LT15195" LABEL="MainLeft"/><OtherTag DESCRIPTION="line type MainRight" ID="LT15194" LABEL="MainRight"/><OtherTag DESCRIPTION="line type Handwritten" ID="LT15193" LABEL="Handwritten"/><OtherTag DESCRIPTION="line type NotMain" ID="LT15192" LABEL="NotMain"/><OtherTag DESCRIPTION="line type MainCentral" ID="LT15191" LABEL="MainCentral"/>
</Tags>
<Layout>
<Page HEIGHT="2390" ID="eSc_dummypage_" PHYSICAL_IMG_NR="329" WIDTH="1634">
<PrintSpace HEIGHT="2390" HPOS="0" VPOS="0" WIDTH="1634">
<TextBlock HEIGHT="987.0" HPOS="429.0" ID="eSc_textblock_74d0b2e3" TAGREFS="BT6798" VPOS="671.0" WIDTH="714.0">
<Shape><Polygon POINTS="429 671 442 1658 1137 1658 1143 674"/></Shape>
<TextLine BASELINE="413 687 1114 686" HEIGHT="101.0" HPOS="412.0" ID="eSc_line_dcb6687c" TAGREFS="LT15191" VPOS="659.0" WIDTH="701.0">
<Shape><Polygon POINTS="1109 673 1089 673 1070 673 1050 673 1030 673 1010 673 990 673 970 673 950 673 930 673 910 673 890 673 870 673 850 673 830 673 811 673 791 673 771 671 751 671 731 671 711 671 691 671 671 671 651 671 631 671 611 671 591 671 571 671 551 671 532 671 512 671 492 671 472 671 452 671 432 671 430 659 428 659 426 659 424 659 422 659 420 659 412 665 412 685 412 760 1113 760 1113 685 1111 673 1109 673"/></Shape>
<String CONTENT="" HEIGHT="101.0" HPOS="412.0" VPOS="659.0" WC="0.9944746568799019" WIDTH="701.0"/>
</TextLine>
<TextLine BASELINE="423 783 1145 780" HEIGHT="114.0" HPOS="420.0" ID="eSc_line_2a89933d" TAGREFS="LT15191" VPOS="754.0" WIDTH="723.0">
<Shape><Polygon POINTS="422 782 422 868 480 868 482 868 484 868 484 866 516 836 689 836 721 858 723 858 725 858 727 858 729 858 731 858 731 856 755 834 783 834 809 834 838 862 838 864 840 864 842 864 1139 866 1143 778 1139 754 420 756 422 782"/></Shape>
<String CONTENT="" HEIGHT="114.0" HPOS="420.0" VPOS="754.0" WC="0.9987181311561948" WIDTH="723.0"/>
</TextLine>
<TextLine BASELINE="474 878 1029 880" HEIGHT="84.0" HPOS="470.0" ID="eSc_line_451f90bf" TAGREFS="LT15191" VPOS="852.0" WIDTH="558.0">
<Shape><Polygon POINTS="472 876 470 928 1022 936 1028 878 1024 852 472 852 472 876"/></Shape>
<String CONTENT="" HEIGHT="84.0" HPOS="470.0" VPOS="852.0" WC="0.9822990298271179" WIDTH="558.0"/>
</TextLine>
<TextLine BASELINE="433 986 1134 990" HEIGHT="64.0" HPOS="430.0" ID="eSc_line_9de7022c" TAGREFS="LT15191" VPOS="963.0" WIDTH="703.0">
<Shape><Polygon POINTS="432 985 430 1027 1129 1023 1133 989 1133 967 432 963 432 985"/></Shape>
<String CONTENT="" HEIGHT="64.0" HPOS="430.0" VPOS="963.0" WC="0.9899802505970001" WIDTH="703.0"/>
</TextLine>
<TextLine BASELINE="447 1039 1138 1040" HEIGHT="68.0" HPOS="444.0" ID="eSc_line_973d6b08" TAGREFS="LT15191" VPOS="1013.0" WIDTH="693.0">
<Shape><Polygon POINTS="446 1037 444 1081 1133 1075 1137 1039 1135 1021 446 1013 446 1037"/></Shape>
<String CONTENT="" HEIGHT="68.0" HPOS="444.0" VPOS="1013.0" WC="0.9864737265037767" WIDTH="693.0"/>
</TextLine>
<TextLine BASELINE="439 1095 1131 1095" HEIGHT="66.0" HPOS="438.0" ID="eSc_line_52a8fe1c" TAGREFS="LT15191" VPOS="1073.0" WIDTH="691.0">
<Shape><Polygon POINTS="438 1093 438 1131 1127 1139 1129 1093 1127 1073 438 1075 438 1093"/></Shape>
<String CONTENT="" HEIGHT="66.0" HPOS="438.0" VPOS="1073.0" WC="0.9730062292468163" WIDTH="691.0"/>
</TextLine>
<TextLine BASELINE="441 1149 1127 1147" HEIGHT="66.0" HPOS="438.0" ID="eSc_line_1195340a" TAGREFS="LT15191" VPOS="1127.0" WIDTH="687.0">
<Shape><Polygon POINTS="440 1147 440 1193 494 1183 1121 1191 1125 1145 1121 1127 438 1127 440 1147"/></Shape>
<String CONTENT="" HEIGHT="66.0" HPOS="438.0" VPOS="1127.0" WC="0.9563000313937664" WIDTH="687.0"/>
</TextLine>
<TextLine BASELINE="445 1200 1127 1204" HEIGHT="71.0" HPOS="442.0" ID="eSc_line_d82233c2" TAGREFS="LT15191" VPOS="1171.0" WIDTH="683.0">
<Shape><Polygon POINTS="444 1198 442 1242 1121 1238 1125 1202 1123 1183 834 1173 832 1173 797 1181 785 1183 769 1181 705 1171 703 1171 701 1171 673 1181 669 1181 444 1181 444 1198"/></Shape>
<String CONTENT="" HEIGHT="71.0" HPOS="442.0" VPOS="1171.0" WC="0.9631110574259902" WIDTH="683.0"/>
</TextLine>
<TextLine BASELINE="443 1254 1126 1256" HEIGHT="74.0" HPOS="440.0" ID="eSc_line_1576ac9e" TAGREFS="LT15191" VPOS="1228.0" WIDTH="685.0">
<Shape><Polygon POINTS="442 1252 440 1288 484 1300 486 1302 1121 1302 1125 1254 1121 1228 442 1230 442 1252"/></Shape>
<String CONTENT="" HEIGHT="74.0" HPOS="440.0" VPOS="1228.0" WC="0.9612665772438049" WIDTH="685.0"/>
</TextLine>
<TextLine BASELINE="447 1311 1133 1309" HEIGHT="68.0" HPOS="444.0" ID="eSc_line_f76714ea" TAGREFS="LT15191" VPOS="1288.0" WIDTH="687.0">
<Shape><Polygon POINTS="446 1310 446 1356 1131 1346 1131 1308 1127 1288 444 1288 446 1310"/></Shape>
<String CONTENT="" HEIGHT="68.0" HPOS="444.0" VPOS="1288.0" WC="0.9862791124512168" WIDTH="687.0"/>
</TextLine>
<TextLine BASELINE="449 1362 1130 1359" HEIGHT="68.0" HPOS="446.0" ID="eSc_line_26161ea3" TAGREFS="LT15191" VPOS="1342.0" WIDTH="683.0">
<Shape><Polygon POINTS="448 1360 450 1410 484 1398 518 1408 520 1408 522 1408 524 1408 526 1408 526 1406 536 1398 647 1406 677 1408 679 1408 681 1408 689 1406 711 1398 735 1404 749 1408 751 1408 753 1408 781 1404 813 1398 832 1402 852 1408 854 1408 856 1408 948 1400 980 1398 1000 1400 1095 1408 1097 1408 1099 1408 1129 1396 1129 1358 1127 1342 446 1342 448 1360"/></Shape>
<String CONTENT="" HEIGHT="68.0" HPOS="446.0" VPOS="1342.0" WC="0.9947907609098098" WIDTH="683.0"/>
</TextLine>
<TextLine BASELINE="455 1415 1126 1411" HEIGHT="63.0" HPOS="452.0" ID="eSc_line_91025c6a" TAGREFS="LT15191" VPOS="1392.0" WIDTH="673.0">
<Shape><Polygon POINTS="454 1414 454 1451 1121 1455 1125 1410 1121 1392 452 1394 454 1414"/></Shape>
<String CONTENT="" HEIGHT="63.0" HPOS="452.0" VPOS="1392.0" WC="0.9632615243133745" WIDTH="673.0"/>
</TextLine>
<TextLine BASELINE="450 1471 1129 1467" HEIGHT="78.0" HPOS="446.0" ID="eSc_line_8ce13644" TAGREFS="LT15191" VPOS="1439.0" WIDTH="681.0">
<Shape><Polygon POINTS="448 1469 448 1517 787 1503 1123 1509 1127 1465 1125 1445 446 1439 448 1469"/></Shape>
<String CONTENT="" HEIGHT="78.0" HPOS="446.0" VPOS="1439.0" WC="0.9815682515953527" WIDTH="681.0"/>
</TextLine>
<TextLine BASELINE="449 1522 1127 1520" HEIGHT="62.0" HPOS="446.0" ID="eSc_line_e81acb6c" TAGREFS="LT15191" VPOS="1501.0" WIDTH="679.0">
<Shape><Polygon POINTS="448 1521 448 1561 1121 1563 1125 1519 1121 1501 446 1501 448 1521"/></Shape>
<String CONTENT="" HEIGHT="62.0" HPOS="446.0" VPOS="1501.0" WC="0.9745485939477619" WIDTH="679.0"/>
</TextLine>
<TextLine BASELINE="446 1580 1129 1576" HEIGHT="64.0" HPOS="442.0" ID="eSc_line_847969aa" TAGREFS="LT15191" VPOS="1551.0" WIDTH="685.0">
<Shape><Polygon POINTS="444 1579 444 1615 1125 1613 1127 1575 1123 1551 442 1557 444 1579"/></Shape>
<String CONTENT="" HEIGHT="64.0" HPOS="442.0" VPOS="1551.0" WC="0.998512875702646" WIDTH="685.0"/>
</TextLine>
<TextLine BASELINE="556 1631 1001 1631" HEIGHT="81.0" HPOS="555.0" ID="eSc_line_625c3eb9" TAGREFS="LT15191" VPOS="1607.0" WIDTH="445.0">
<Shape><Polygon POINTS="555 1629 555 1663 595 1680 597 1680 599 1680 601 1680 603 1680 625 1667 667 1669 685 1684 685 1686 687 1686 689 1686 691 1688 846 1688 846 1686 848 1686 850 1686 850 1684 866 1673 872 1667 998 1674 1000 1629 998 1607 555 1611 555 1629"/></Shape>
<String CONTENT="" HEIGHT="81.0" HPOS="555.0" VPOS="1607.0" WC="0.9868182986974716" WIDTH="445.0"/>
</TextLine>
</TextBlock>
</PrintSpace>
</Page>
</Layout>
</alto>