<?xml version="1.0" encoding="UTF-8"?>
<alto xmlns:xsi="http://www.w3.org/2001/XMLSchema-instance"
      xmlns="http://www.loc.gov/standards/alto/ns-v4#"
      xsi:schemaLocation="http://www.loc.gov/standards/alto/ns-v4# http://www.loc.gov/standards/alto/v4/alto-4-2.xsd">
  <Description>
    <MeasurementUnit>pixel</MeasurementUnit>
    <sourceImageInformation>
      <fileName>IE103336373_00043.jpg</fileName>
      <fileIdentifier>mets//export_doc4518_2col_01_copy_alto_202406140443.zip/IE103336373_00043.jpg</fileIdentifier>
    </sourceImageInformation>
  </Description>
  
  <Tags>
    <OtherTag ID="BT8356" LABEL="MainLeft" DESCRIPTION="block type MainLeft"/><OtherTag ID="BT8355" LABEL="MainRight" DESCRIPTION="block type MainRight"/><OtherTag ID="BT6914" LABEL="Handwritten" DESCRIPTION="block type Handwritten"/><OtherTag ID="BT6913" LABEL="RunningHeader" DESCRIPTION="block type RunningHeader"/><OtherTag ID="BT6912" LABEL="Catchword" DESCRIPTION="block type Catchword"/><OtherTag ID="BT6911" LABEL="Margin" DESCRIPTION="block type Margin"/><OtherTag ID="BT6910" LABEL="FooterCentral" DESCRIPTION="block type FooterCentral"/><OtherTag ID="BT6909" LABEL="MainCentral" DESCRIPTION="block type MainCentral"/><OtherTag ID="BT6908" LABEL="Header" DESCRIPTION="block type Header"/><OtherTag ID="BT4" LABEL="Illustration" DESCRIPTION="block type Illustration"/><OtherTag ID="BT3" LABEL="Commentary" DESCRIPTION="block type Commentary"/><OtherTag ID="BT2" LABEL="Main" DESCRIPTION="block type Main"/><OtherTag ID="BT1" LABEL="Title" DESCRIPTION="block type Title"/>
    <OtherTag ID="LT15938" LABEL="MainLeft" DESCRIPTION="line type MainLeft"/><OtherTag ID="LT15937" LABEL="MainRight" DESCRIPTION="line type MainRight"/><OtherTag ID="LT15289" LABEL="Handwritten" DESCRIPTION="line type Handwritten"/><OtherTag ID="LT15288" LABEL="MainCentral" DESCRIPTION="line type MainCentral"/><OtherTag ID="LT15287" LABEL="NotMain" DESCRIPTION="line type NotMain"/>
  </Tags>
  
  <Layout>
    <Page WIDTH="1136"
          HEIGHT="1813"
          PHYSICAL_IMG_NR="64"
          ID="eSc_dummypage_">
      <PrintSpace HPOS="0"
                  VPOS="0"
                  WIDTH="1136"
                  HEIGHT="1813">
        
        <TextBlock HPOS="503.0"
                   VPOS="92.0"
                   WIDTH="584.0"
                   HEIGHT="1672.0"
                   ID="eSc_textblock_883deebf"
                   TAGREFS="BT8355">
          <Shape><Polygon POINTS="1055 96 1079 120 1067 157 1079 185 1087 741 1082 1762 533 1764 552 1700 821 1696 850 1675 841 1662 575 1675 528 1662 503 104 733 92"/></Shape>
          
          
          <TextLine ID="eSc_line_b26e1aef"
                    TAGREFS="LT15937"
                    BASELINE="503 115 1065 112" 
                    HPOS="502.0"
                    VPOS="92.0"
                    WIDTH="563.0"
                    HEIGHT="81.0">
            <Shape><Polygon POINTS="1057 100 1047 95 1037 95 1027 95 1017 95 1006 95 996 95 986 95 976 95 966 94 956 94 946 94 938 94 930 102 902 102 893 93 886 93 875 93 865 93 862 93 849 96 845 93 845 93 835 93 825 93 815 93 795 92 795 92 785 92 775 92 765 92 754 92 744 92 734 92 724 92 714 92 709 92 699 103 688 103 686 103 663 95 654 96 644 96 634 97 623 97 613 98 603 98 596 98 589 103 588 104 502 104 503 115 503 148 541 148 543 150 565 171 565 172 566 172 567 172 568 173 582 173 582 172 583 172 584 172 584 171 597 158 621 172 622 172 623 172 653 169 654 169 655 169 671 154 679 147 690 147 701 147 714 156 717 159 718 159 719 159 720 159 734 157 745 155 763 158 776 160 790 171 791 171 792 171 793 172 808 172 808 171 809 171 810 171 810 170 821 160 830 151 842 161 854 170 855 170 856 170 857 170 858 170 859 170 859 169 867 162 880 162 893 161 894 161 895 161 895 160 910 146 926 146 945 164 950 169 950 170 951 170 952 170 953 170 954 170 973 165 979 164 986 166 1002 170 1003 170 1004 171 1032 171 1032 170 1033 170 1034 170 1034 169 1036 167 1040 164 1045 168 1048 170 1049 170 1050 170 1051 170 1064 168 1065 112 1064 107 1057 100"/></Shape>
	    <String CONTENT="ונתן ארצם נחלה"
                    HPOS="502.0"
                    VPOS="92.0"
                    WIDTH="563.0"
                    HEIGHT="81.0"
                    WC="0.9997675291129521"></String>
          </TextLine>

          
          
          <TextLine ID="eSc_line_dc094451"
                    TAGREFS="LT15937"
                    BASELINE="505 191 942 193 1067 188" 
                    HPOS="503.0"
                    VPOS="160.0"
                    WIDTH="564.0"
                    HEIGHT="85.0">
            <Shape><Polygon POINTS="505 191 503 220 523 227 524 227 525 227 526 227 527 227 537 221 538 221 573 221 590 237 590 238 591 238 592 238 642 244 643 245 669 245 669 244 670 244 671 244 686 231 705 243 706 243 707 243 708 243 709 243 742 226 753 234 754 234 755 234 756 234 758 234 766 230 779 243 779 244 780 244 781 244 782 245 836 245 836 244 837 244 838 244 838 243 857 226 874 232 875 232 876 232 877 232 878 232 889 224 894 221 931 221 935 225 954 243 954 244 955 244 956 244 957 245 974 245 974 244 975 244 976 244 1006 226 1014 221 1021 226 1047 243 1048 243 1049 243 1050 243 1051 243 1052 243 1052 242 1066 227 1067 188 1067 173 1044 166 1043 166 1042 166 1041 166 1040 166 1033 172 996 160 995 160 994 160 993 160 974 169 953 164 952 164 951 164 950 164 949 164 942 170 929 160 928 160 927 160 926 160 925 160 902 168 867 163 866 163 865 163 841 170 821 161 820 161 819 161 818 161 796 170 791 172 783 170 764 165 763 165 762 165 761 165 747 170 743 171 740 170 719 160 718 160 672 160 671 160 670 160 648 169 639 172 505 168 505 191"/></Shape>
	    <String CONTENT="נחלה לישראל עמו: יהוה"
                    HPOS="503.0"
                    VPOS="160.0"
                    WIDTH="564.0"
                    HEIGHT="85.0"
                    WC="0.9913936495780945"></String>
          </TextLine>

          
          
          <TextLine ID="eSc_line_54be6344"
                    TAGREFS="LT15937"
                    BASELINE="505 272 1069 266" 
                    HPOS="505.0"
                    VPOS="237.0"
                    WIDTH="564.0"
                    HEIGHT="94.0">
            <Shape><Polygon POINTS="505 310 531 330 532 330 533 330 534 331 547 331 547 330 548 330 549 330 549 329 558 321 568 330 569 330 570 330 571 330 604 329 605 329 606 329 606 328 615 319 628 324 629 324 630 324 632 324 633 324 633 323 649 307 693 307 713 307 736 322 737 322 738 322 739 322 740 322 749 318 759 327 759 328 760 328 761 328 762 329 786 329 786 328 787 328 818 315 873 327 874 327 875 327 876 327 876 326 898 305 932 305 953 325 953 326 954 326 955 326 956 326 984 321 1004 325 1005 325 1006 325 1007 325 1007 324 1017 316 1029 323 1030 323 1031 323 1032 323 1033 323 1034 323 1034 322 1054 303 1069 302 1069 266 1067 237 1035 240 1034 240 1033 240 1024 247 997 243 996 243 995 243 994 243 986 249 979 243 978 243 977 243 976 243 921 250 854 248 849 243 849 242 848 242 847 242 846 242 819 246 813 241 812 240 812 239 811 239 810 239 809 239 808 239 804 241 794 247 786 241 785 240 784 240 783 240 747 240 746 240 745 240 741 242 721 253 703 253 688 243 687 242 686 242 685 242 684 242 683 242 681 243 662 253 611 244 598 242 597 242 585 244 555 252 547 246 547 245 546 245 545 245 544 245 543 245 542 245 523 252 505 246 505 272 505 310"/></Shape>
	    <String CONTENT="שמך לעולם יהוה זכרך"
                    HPOS="505.0"
                    VPOS="237.0"
                    WIDTH="564.0"
                    HEIGHT="94.0"
                    WC="0.993605326203739"></String>
          </TextLine>

          
          
          <TextLine ID="eSc_line_f5efe8ee"
                    TAGREFS="LT15937"
                    BASELINE="505 351 1070 345" 
                    HPOS="503.0"
                    VPOS="320.0"
                    WIDTH="567.0"
                    HEIGHT="76.0">
            <Shape><Polygon POINTS="505 351 505 372 534 385 535 385 536 385 537 385 538 385 538 384 549 373 550 373 565 373 567 374 584 385 585 385 586 385 587 385 588 385 617 377 639 388 640 388 641 388 642 388 667 376 674 372 678 376 699 394 699 395 700 395 701 395 702 396 737 396 737 395 738 395 739 395 739 394 756 378 764 370 788 370 817 370 827 380 839 391 839 392 840 392 841 392 842 392 843 392 862 381 877 394 878 394 879 394 880 394 913 393 914 393 915 393 929 382 948 369 958 369 973 383 980 389 980 390 981 390 982 390 983 390 984 390 985 390 994 384 997 381 1004 384 1025 392 1026 392 1027 393 1064 393 1064 392 1065 392 1066 392 1066 391 1070 387 1070 345 1069 326 1028 320 1027 320 1026 320 1015 326 1013 327 1012 326 1005 321 1005 320 1004 320 1003 320 975 320 974 320 926 321 925 321 915 326 912 327 910 326 905 321 904 321 903 321 902 321 901 321 900 321 895 326 893 328 861 329 853 326 845 322 844 322 843 322 842 322 841 322 837 326 833 329 804 330 798 326 795 323 794 323 793 323 792 323 791 323 790 323 790 324 788 326 781 332 744 332 737 326 734 323 733 323 732 323 713 323 712 323 696 326 659 332 610 326 609 326 608 326 607 326 536 333 503 326 505 351"/></Shape>
	    <String CONTENT=""
                    HPOS="503.0"
                    VPOS="320.0"
                    WIDTH="567.0"
                    HEIGHT="76.0"
                    WC="0.9728489279747009"></String>
          </TextLine>

          
          
          <TextLine ID="eSc_line_05ef8a01"
                    TAGREFS="LT15937"
                    BASELINE="506 429 1072 424" 
                    HPOS="505.0"
                    VPOS="395.0"
                    WIDTH="567.0"
                    HEIGHT="86.0">
            <Shape><Polygon POINTS="506 429 506 472 540 481 541 481 542 481 573 471 591 465 599 470 615 481 616 481 617 481 618 481 643 478 644 478 645 478 655 469 659 465 666 469 675 473 676 473 677 473 678 473 679 473 679 472 684 468 689 464 712 464 716 468 720 471 720 472 721 472 722 472 723 472 724 472 725 472 733 467 741 463 767 463 772 466 788 479 789 479 790 479 791 480 820 480 820 479 821 479 822 479 837 467 852 464 860 463 862 464 874 475 875 475 876 475 877 475 878 475 879 475 891 468 914 477 915 477 957 478 958 478 959 478 960 478 978 466 990 474 991 474 992 474 993 474 1027 470 1033 475 1034 475 1035 475 1036 475 1037 475 1038 475 1053 461 1072 459 1072 424 1071 405 1040 402 1034 396 1034 395 1033 395 1032 395 1031 395 1030 395 1001 402 971 395 970 395 969 395 968 395 956 404 946 396 945 396 944 396 943 396 898 404 889 397 889 396 888 396 887 396 850 396 849 396 848 396 847 396 847 397 839 405 830 400 829 400 828 400 827 400 800 405 788 397 787 397 786 397 785 397 740 406 734 401 733 401 732 401 731 401 730 401 721 406 710 398 709 398 708 398 707 398 706 398 705 398 705 399 697 407 682 401 681 401 680 401 679 401 678 401 678 402 672 407 641 402 640 402 639 402 638 402 632 407 620 398 619 398 618 398 617 398 616 398 615 398 615 399 605 408 604 408 601 408 561 402 560 402 559 402 558 402 551 408 551 409 505 409 506 429"/></Shape>
	    <String CONTENT="עמו ועל־עבדיו יתנחם:"
                    HPOS="505.0"
                    VPOS="395.0"
                    WIDTH="567.0"
                    HEIGHT="86.0"
                    WC="0.9646957171590704"></String>
          </TextLine>

          
          
          <TextLine ID="eSc_line_993ebc10"
                    TAGREFS="LT15937"
                    BASELINE="520 506 621 509 1073 501" 
                    HPOS="519.0"
                    VPOS="475.0"
                    WIDTH="554.0"
                    HEIGHT="86.0">
            <Shape><Polygon POINTS="520 506 520 550 554 556 555 556 556 556 557 556 557 555 563 549 567 545 621 545 651 547 652 547 664 560 664 561 665 561 666 561 667 561 731 555 764 560 765 560 766 560 812 544 818 542 825 543 874 554 875 554 876 554 877 554 877 553 890 542 891 541 893 542 908 546 909 546 910 546 911 546 930 541 933 540 935 541 967 556 968 556 969 556 970 556 992 546 1003 555 1004 555 1005 555 1006 556 1026 556 1026 555 1027 555 1028 555 1050 540 1073 537 1073 501 1072 481 1040 475 1039 475 1038 475 1023 481 1022 481 1011 481 842 478 841 478 787 484 770 485 755 484 712 480 711 480 710 480 693 485 687 486 677 485 648 481 647 481 646 481 645 481 640 485 637 487 625 485 601 482 600 482 519 486 520 506"/></Shape>
	    <String CONTENT="עצבי הגוים כסף וזהב"
                    HPOS="519.0"
                    VPOS="475.0"
                    WIDTH="554.0"
                    HEIGHT="86.0"
                    WC="0.996486999486622"></String>
          </TextLine>

          
          
          <TextLine ID="eSc_line_9d6b99e3"
                    TAGREFS="LT15937"
                    BASELINE="509 586 1073 582" 
                    HPOS="509.0"
                    VPOS="555.0"
                    WIDTH="564.0"
                    HEIGHT="77.0">
            <Shape><Polygon POINTS="509 604 618 604 622 607 646 629 646 630 647 630 648 630 649 631 682 631 682 630 683 630 684 630 702 617 716 630 716 631 717 631 718 631 719 632 753 632 753 631 754 631 755 631 755 630 775 612 783 604 795 612 798 615 799 615 800 615 801 615 802 615 803 615 805 613 818 603 831 614 841 623 842 623 843 623 844 623 845 623 846 623 857 614 874 602 904 602 923 616 938 629 939 629 940 629 941 629 995 628 996 628 1016 619 1020 617 1022 619 1033 629 1034 629 1035 629 1036 630 1067 630 1067 629 1068 629 1069 629 1069 628 1070 628 1073 624 1073 582 1072 566 939 555 938 555 937 555 936 555 936 556 928 564 927 564 926 564 904 559 903 559 902 559 892 563 881 569 858 569 850 563 843 556 842 556 841 556 811 556 810 556 809 556 808 556 800 562 787 570 761 570 754 564 754 563 753 563 752 563 751 563 750 563 732 569 720 561 719 561 718 561 717 561 716 561 715 561 697 568 661 568 652 560 651 559 650 559 649 559 648 559 647 559 646 559 646 560 645 560 635 570 624 563 623 563 622 563 621 563 583 570 559 559 558 559 557 559 556 559 555 559 554 559 534 568 509 559 509 586 509 604"/></Shape>
	    <String CONTENT="מעשה ידי אדם: פה"
                    HPOS="509.0"
                    VPOS="555.0"
                    WIDTH="564.0"
                    HEIGHT="77.0"
                    WC="0.9628960595411413"></String>
          </TextLine>

          
          
          <TextLine ID="eSc_line_70e47430"
                    TAGREFS="LT15937"
                    BASELINE="509 668 1075 659" 
                    HPOS="508.0"
                    VPOS="631.0"
                    WIDTH="567.0"
                    HEIGHT="86.0">
            <Shape><Polygon POINTS="509 668 509 706 551 717 552 717 586 716 587 716 588 716 601 708 617 716 618 716 619 716 620 716 621 716 636 704 638 703 661 703 662 703 672 713 672 714 673 714 674 714 675 714 724 702 725 702 737 713 737 714 738 714 739 714 740 715 760 715 760 714 784 713 785 713 786 713 786 712 798 701 798 700 838 700 839 700 852 709 853 709 854 709 875 710 876 710 877 710 878 710 889 703 898 710 898 711 899 711 900 711 901 711 902 711 917 704 924 710 924 711 925 711 926 711 927 712 948 712 948 711 992 706 993 706 994 706 994 705 1003 696 1016 696 1025 705 1033 705 1033 706 1075 694 1075 659 1074 640 1048 639 1040 632 1040 631 1039 631 1038 631 1037 631 1036 631 1035 631 1025 640 949 641 945 640 937 634 936 634 935 634 934 634 933 634 920 639 912 632 912 631 911 631 910 631 884 631 882 631 881 631 863 640 855 643 840 640 827 637 826 637 825 637 819 640 809 644 803 640 795 633 794 633 793 633 792 633 761 640 734 645 710 640 697 637 696 637 695 637 690 640 677 647 649 647 641 640 640 639 640 638 639 638 638 638 637 638 598 639 597 639 596 639 596 640 591 645 579 640 577 639 576 639 575 639 574 639 573 639 573 640 567 646 556 640 555 640 554 640 553 640 531 645 508 640 509 668"/></Shape>
	    <String CONTENT="־להם ולא ידברו עינים"
                    HPOS="508.0"
                    VPOS="631.0"
                    WIDTH="567.0"
                    HEIGHT="86.0"
                    WC="0.9932787219683329"></String>
          </TextLine>

          
          
          <TextLine ID="eSc_line_8f5b09fc"
                    TAGREFS="LT15937"
                    BASELINE="998 705 1038 707" 
                    HPOS="997.0"
                    VPOS="692.0"
                    WIDTH="41.0"
                    HEIGHT="26.0">
            <Shape><Polygon POINTS="998 705 997 718 1036 718 1038 707 1038 693 998 692 998 705"/></Shape>
	    <String CONTENT=""
                    HPOS="997.0"
                    VPOS="692.0"
                    WIDTH="41.0"
                    HEIGHT="26.0"
                    WC="0.9989405274391174"></String>
          </TextLine>

          
          
          <TextLine ID="eSc_line_aff12d5b"
                    TAGREFS="LT15937"
                    BASELINE="510 743 1077 739" 
                    HPOS="509.0"
                    VPOS="710.0"
                    WIDTH="568.0"
                    HEIGHT="86.0">
            <Shape><Polygon POINTS="510 743 510 792 643 796 644 796 645 796 646 796 646 795 654 787 666 775 711 775 721 785 724 787 724 788 725 788 726 788 742 791 743 791 744 791 745 791 745 790 752 785 760 791 761 791 762 791 763 791 764 791 765 791 765 790 774 783 782 775 802 781 803 781 804 781 805 781 818 774 826 781 838 790 839 790 840 790 876 791 877 791 878 791 904 778 912 774 923 777 954 786 963 786 973 786 983 785 984 785 1011 775 1048 781 1049 781 1050 781 1077 771 1077 739 1076 723 1062 722 1051 711 1051 710 1050 710 1049 710 1021 710 1020 710 1019 710 1018 710 1004 721 968 718 958 710 957 710 956 710 955 710 954 710 953 710 935 722 934 723 931 722 897 711 896 711 864 711 863 711 862 711 837 722 834 723 811 722 737 718 736 718 735 718 734 718 734 719 730 722 729 723 726 722 712 713 711 713 710 713 709 713 708 713 682 722 674 724 657 722 635 719 634 719 633 719 632 719 628 722 625 725 617 722 597 714 596 714 595 714 594 714 593 714 581 722 575 725 567 722 555 717 554 717 553 717 552 717 551 717 551 718 547 722 544 725 537 722 531 719 530 719 529 719 509 721 510 743"/></Shape>
	    <String CONTENT="להם ולא יראו: אזנים"
                    HPOS="509.0"
                    VPOS="710.0"
                    WIDTH="568.0"
                    HEIGHT="86.0"
                    WC="0.9948786465745223"></String>
          </TextLine>

          
          
          <TextLine ID="eSc_line_cd041412"
                    TAGREFS="LT15937"
                    BASELINE="516 826 1078 819" 
                    HPOS="515.0"
                    VPOS="789.0"
                    WIDTH="563.0"
                    HEIGHT="93.0">
            <Shape><Polygon POINTS="516 826 516 882 535 882 535 881 536 881 537 881 537 880 547 871 563 881 564 881 565 881 566 881 567 881 568 881 585 874 658 879 674 880 675 880 676 880 677 880 677 879 678 879 688 868 700 866 709 873 710 873 711 873 712 873 713 873 748 864 777 877 779 878 780 878 781 878 782 878 783 878 783 877 800 862 836 862 857 870 858 870 859 870 860 870 861 870 871 863 880 871 881 871 882 871 884 871 938 861 984 873 985 873 986 873 987 873 988 873 1011 860 1027 860 1040 873 1042 874 1042 875 1043 875 1044 875 1045 875 1078 872 1078 819 1075 792 1055 797 1045 792 1039 789 1038 789 1037 789 1036 789 1026 792 1007 797 1001 792 998 789 997 789 996 789 995 789 994 789 986 792 975 797 964 792 959 790 958 790 957 790 956 790 955 790 955 791 953 792 947 799 921 799 914 792 913 792 913 791 912 791 911 791 875 791 874 791 873 791 869 793 856 799 818 793 815 793 814 793 813 793 812 793 812 794 805 801 721 801 710 794 709 794 708 794 707 794 706 794 705 794 694 801 603 798 602 798 601 798 600 798 592 803 515 795 516 826"/></Shape>
	    <String CONTENT="להם ולא יאזינו אף אין־"
                    HPOS="515.0"
                    VPOS="789.0"
                    WIDTH="563.0"
                    HEIGHT="93.0"
                    WC="0.9532214573451451"></String>
          </TextLine>

          
          
          <TextLine ID="eSc_line_6f1de067"
                    TAGREFS="LT15937"
                    BASELINE="515 910 1078 909" 
                    HPOS="512.0"
                    VPOS="879.0"
                    WIDTH="565.0"
                    HEIGHT="87.0">
            <Shape><Polygon POINTS="514 909 514 951 532 959 533 959 535 959 536 959 538 959 547 951 553 947 561 951 577 965 579 965 580 965 582 966 648 966 648 965 650 965 651 965 674 950 677 948 679 950 694 963 694 965 695 965 697 965 698 966 766 966 766 965 768 965 769 965 769 963 786 947 789 945 807 945 810 947 830 965 831 965 833 965 834 966 877 966 877 965 878 965 916 945 918 945 939 953 940 953 942 953 998 945 1016 960 1016 962 1018 962 1019 962 1021 962 1022 962 1024 962 1049 944 1077 942 1077 908 1075 888 1055 879 1054 879 1052 879 1008 889 989 894 949 894 937 888 916 879 915 879 913 879 912 879 880 886 842 880 841 880 839 880 838 880 838 882 831 886 825 894 777 894 769 886 762 880 762 879 760 879 759 879 757 879 756 879 732 886 726 888 720 886 703 879 701 879 700 879 698 879 674 886 664 889 615 889 612 885 608 882 608 880 606 880 605 880 603 880 602 880 588 885 564 892 512 885 514 909"/></Shape>
	    <String CONTENT="יש־רוח בפיהם:"
                    HPOS="512.0"
                    VPOS="879.0"
                    WIDTH="565.0"
                    HEIGHT="87.0"
                    WC="0.9877536388543936"></String>
          </TextLine>

          
          
          <TextLine ID="eSc_line_ad3cb9fe"
                    TAGREFS="LT15937"
                    BASELINE="519 996 1081 998" 
                    HPOS="518.0"
                    VPOS="966.0"
                    WIDTH="563.0"
                    HEIGHT="84.0">
            <Shape><Polygon POINTS="519 996 518 1047 530 1043 551 1048 553 1048 554 1048 555 1048 556 1048 556 1047 576 1030 588 1041 589 1041 590 1041 591 1041 592 1041 593 1041 606 1032 623 1048 624 1048 624 1049 625 1049 626 1049 627 1049 635 1048 658 1043 671 1048 674 1049 675 1049 676 1049 677 1049 678 1049 679 1048 708 1029 737 1029 754 1045 754 1046 755 1046 756 1046 765 1048 775 1049 800 1050 801 1050 802 1050 803 1050 805 1048 830 1030 876 1030 894 1046 894 1047 895 1047 896 1047 897 1048 930 1048 930 1047 931 1047 932 1047 932 1046 949 1030 983 1043 984 1043 985 1043 986 1043 994 1039 1012 1046 1013 1046 1014 1046 1015 1046 1030 1039 1041 1048 1044 1050 1045 1050 1046 1050 1047 1050 1079 1047 1081 998 1081 970 1039 967 1038 967 1037 967 1036 967 1033 970 1030 972 1027 970 1024 967 1023 967 1022 967 971 967 970 967 969 967 968 967 965 970 960 974 947 970 946 970 945 970 944 970 943 970 942 970 917 978 898 970 897 970 896 970 895 970 894 970 893 970 893 971 882 981 780 978 770 971 768 969 767 969 766 969 765 969 764 969 759 971 737 981 713 981 686 971 670 966 669 966 668 966 588 970 587 970 584 971 574 978 519 972 519 996"/></Shape>
	    <String CONTENT="כמוהם יהיו עשיהם"
                    HPOS="518.0"
                    VPOS="966.0"
                    WIDTH="563.0"
                    HEIGHT="84.0"
                    WC="0.9910650812089443"></String>
          </TextLine>

          
          
          <TextLine ID="eSc_line_b6a77278"
                    TAGREFS="LT15937"
                    BASELINE="534 1084 1081 1085" 
                    HPOS="533.0"
                    VPOS="1053.0"
                    WIDTH="548.0"
                    HEIGHT="83.0">
            <Shape><Polygon POINTS="534 1084 533 1105 667 1106 670 1109 673 1112 673 1113 674 1113 675 1113 676 1113 677 1113 678 1113 682 1110 705 1131 705 1132 706 1132 707 1132 708 1132 709 1132 733 1120 756 1135 758 1135 759 1135 760 1135 815 1129 827 1134 828 1134 829 1134 830 1134 831 1134 831 1133 850 1114 855 1109 861 1114 886 1135 887 1135 888 1135 889 1136 916 1136 916 1135 917 1135 918 1135 918 1134 931 1122 937 1127 938 1127 939 1127 940 1127 941 1127 957 1118 960 1116 962 1118 971 1126 972 1126 973 1126 974 1126 975 1126 989 1120 1005 1134 1006 1134 1007 1134 1041 1135 1042 1135 1043 1135 1080 1121 1081 1085 1080 1065 1060 1062 1052 1054 1052 1053 1051 1053 1050 1053 984 1053 983 1053 982 1053 957 1063 940 1053 939 1053 938 1053 937 1053 936 1053 914 1061 864 1053 863 1053 862 1053 861 1053 846 1064 842 1067 813 1067 810 1064 803 1057 803 1056 802 1056 801 1056 800 1056 799 1056 780 1063 773 1066 768 1063 755 1057 754 1057 753 1057 752 1057 751 1057 742 1063 738 1066 705 1066 534 1063 534 1084"/></Shape>
	    <String CONTENT=""
                    HPOS="533.0"
                    VPOS="1053.0"
                    WIDTH="548.0"
                    HEIGHT="83.0"
                    WC="0.9938504584133625"></String>
          </TextLine>

          
          
          <TextLine ID="eSc_line_d92c0f9c"
                    TAGREFS="LT15937"
                    BASELINE="521 1174 1080 1172" 
                    HPOS="520.0"
                    VPOS="1146.0"
                    WIDTH="560.0"
                    HEIGHT="84.0">
            <Shape><Polygon POINTS="521 1174 521 1214 546 1226 547 1226 548 1226 580 1218 581 1218 582 1218 585 1215 598 1205 610 1215 627 1229 628 1229 629 1229 630 1230 649 1230 649 1229 650 1229 651 1229 651 1228 664 1216 676 1204 716 1204 730 1216 741 1225 741 1226 742 1226 743 1226 744 1226 745 1226 746 1226 750 1222 758 1228 759 1228 760 1228 797 1229 798 1229 799 1229 800 1229 800 1228 811 1218 821 1227 821 1228 822 1228 823 1228 824 1229 863 1229 863 1228 864 1228 865 1228 877 1217 895 1203 936 1203 955 1218 960 1223 961 1223 962 1223 963 1223 964 1223 965 1223 965 1222 969 1218 985 1203 993 1203 1010 1219 1012 1220 1012 1221 1013 1221 1014 1221 1043 1228 1044 1228 1079 1219 1080 1172 1079 1150 1057 1146 1056 1146 1055 1146 1054 1146 1049 1150 1046 1152 1041 1150 1037 1148 1036 1148 1035 1148 1018 1150 967 1156 952 1150 951 1150 950 1150 949 1150 948 1150 948 1151 940 1159 911 1159 901 1150 897 1146 896 1146 895 1146 894 1146 874 1150 871 1151 870 1150 866 1147 866 1146 865 1146 864 1146 811 1146 810 1146 809 1146 799 1151 797 1152 796 1151 793 1148 793 1147 792 1147 791 1147 790 1147 789 1147 776 1151 764 1154 730 1152 729 1152 728 1152 711 1160 659 1160 633 1151 628 1150 627 1150 626 1150 620 1151 596 1157 576 1151 562 1147 561 1147 560 1147 520 1151 521 1174"/></Shape>
	    <String CONTENT="בית ישראל ברכו"
                    HPOS="520.0"
                    VPOS="1146.0"
                    WIDTH="560.0"
                    HEIGHT="84.0"
                    WC="0.9977440025125232"></String>
          </TextLine>

          
          
          <TextLine ID="eSc_line_39dcdc1b"
                    TAGREFS="LT15937"
                    BASELINE="524 1264 1082 1258" 
                    HPOS="523.0"
                    VPOS="1229.0"
                    WIDTH="559.0"
                    HEIGHT="88.0">
            <Shape><Polygon POINTS="524 1264 524 1317 547 1317 547 1316 548 1316 549 1316 573 1296 588 1310 588 1311 589 1311 590 1311 591 1311 592 1311 606 1304 612 1310 613 1310 614 1310 615 1310 616 1310 617 1310 617 1309 634 1294 666 1315 667 1315 668 1315 669 1316 704 1316 704 1315 705 1315 706 1315 706 1314 729 1291 736 1291 756 1308 756 1309 758 1309 759 1309 760 1309 761 1309 780 1300 790 1309 790 1310 791 1310 792 1310 793 1310 794 1310 795 1310 806 1302 837 1313 838 1313 839 1313 840 1313 841 1313 872 1289 897 1289 977 1289 999 1309 999 1310 1000 1310 1001 1310 1002 1310 1003 1310 1004 1310 1004 1309 1020 1295 1036 1310 1036 1311 1037 1311 1038 1311 1039 1311 1082 1310 1082 1258 1081 1240 1068 1231 1067 1231 1066 1231 1065 1231 1064 1231 1063 1231 1057 1236 1049 1230 1048 1230 1047 1230 1046 1230 1045 1230 1044 1230 1044 1231 1035 1239 1003 1229 1002 1229 1001 1229 947 1238 936 1230 935 1230 934 1230 933 1230 932 1230 908 1241 907 1241 896 1236 895 1236 894 1236 893 1236 892 1236 892 1237 888 1241 885 1244 857 1244 854 1240 847 1235 847 1234 846 1234 845 1234 829 1233 828 1233 777 1239 765 1233 764 1233 763 1233 762 1233 761 1233 761 1234 753 1240 749 1245 715 1245 703 1240 684 1233 683 1233 682 1233 681 1233 668 1240 660 1245 656 1240 654 1239 654 1238 653 1238 652 1238 651 1238 635 1240 598 1245 592 1240 586 1235 586 1234 585 1234 584 1234 583 1234 523 1239 524 1264"/></Shape>
	    <String CONTENT=""
                    HPOS="523.0"
                    VPOS="1229.0"
                    WIDTH="559.0"
                    HEIGHT="88.0"
                    WC="0.9641138946308809"></String>
          </TextLine>

          
          
          <TextLine ID="eSc_line_a0df685c"
                    TAGREFS="LT15937"
                    BASELINE="523 1351 1081 1346" 
                    HPOS="522.0"
                    VPOS="1317.0"
                    WIDTH="559.0"
                    HEIGHT="89.0">
            <Shape><Polygon POINTS="523 1351 523 1387 544 1403 545 1403 546 1403 566 1405 567 1406 585 1406 585 1405 586 1405 587 1405 608 1386 650 1401 651 1401 652 1401 653 1401 679 1387 689 1392 690 1392 691 1392 692 1392 699 1388 720 1404 721 1404 722 1404 723 1405 745 1405 745 1404 746 1404 774 1388 782 1384 823 1384 831 1389 840 1397 841 1397 842 1397 843 1397 844 1397 857 1389 867 1383 874 1389 885 1399 886 1399 887 1399 888 1399 889 1399 890 1399 890 1398 898 1390 904 1383 921 1390 927 1392 928 1392 929 1392 930 1392 931 1392 933 1390 943 1384 951 1390 956 1396 957 1396 958 1396 959 1396 960 1396 974 1391 977 1390 978 1391 991 1401 992 1401 993 1401 994 1401 995 1401 1005 1396 1013 1401 1014 1401 1015 1401 1016 1402 1075 1402 1075 1401 1076 1401 1077 1401 1077 1400 1078 1400 1081 1396 1081 1346 1080 1324 1012 1317 1011 1317 1010 1317 992 1323 971 1318 970 1318 969 1318 968 1318 967 1318 967 1319 966 1319 962 1324 961 1326 928 1326 926 1325 916 1318 915 1318 914 1318 913 1318 912 1318 911 1318 901 1325 892 1319 891 1319 890 1319 889 1319 888 1319 887 1319 887 1320 881 1324 874 1319 873 1319 872 1319 837 1318 836 1318 835 1318 811 1325 805 1320 805 1319 804 1319 803 1319 802 1319 780 1323 774 1318 773 1318 772 1318 771 1318 770 1318 747 1326 743 1327 738 1326 712 1319 711 1319 710 1319 709 1319 708 1319 698 1326 697 1327 694 1326 671 1320 670 1320 669 1320 668 1320 667 1320 657 1327 656 1327 651 1327 625 1323 624 1323 623 1323 622 1323 618 1327 617 1328 615 1327 598 1319 597 1319 553 1319 552 1319 551 1319 550 1319 540 1327 539 1328 522 1328 523 1351"/></Shape>
	    <String CONTENT="ברכו את־יהוה: בית הלוי"
                    HPOS="522.0"
                    VPOS="1317.0"
                    WIDTH="559.0"
                    HEIGHT="89.0"
                    WC="0.8935962538970145"></String>
          </TextLine>

          
          
          <TextLine ID="eSc_line_ddc9c770"
                    TAGREFS="LT15937"
                    BASELINE="527 1440 1080 1434" 
                    HPOS="526.0"
                    VPOS="1407.0"
                    WIDTH="554.0"
                    HEIGHT="82.0">
            <Shape><Polygon POINTS="527 1440 527 1463 536 1469 537 1469 538 1469 539 1469 581 1463 590 1462 593 1464 627 1488 628 1488 629 1488 630 1489 652 1489 652 1488 653 1488 654 1488 654 1487 671 1472 684 1476 685 1476 686 1476 687 1476 688 1476 699 1468 712 1460 766 1460 778 1470 779 1470 780 1470 781 1470 782 1470 806 1464 816 1473 831 1486 832 1486 833 1486 834 1486 835 1486 836 1486 853 1474 856 1472 859 1475 867 1480 868 1480 869 1480 870 1480 871 1480 882 1475 892 1471 900 1476 906 1480 907 1480 908 1480 909 1480 910 1480 911 1480 911 1479 914 1477 928 1463 952 1478 962 1485 963 1485 964 1485 965 1485 989 1480 1002 1477 1012 1481 1020 1484 1021 1484 1022 1484 1080 1483 1080 1434 1079 1416 1058 1407 1057 1407 1012 1407 1011 1407 1010 1407 986 1415 972 1408 971 1408 970 1408 969 1408 946 1417 938 1420 912 1420 906 1416 894 1410 893 1410 892 1410 891 1410 872 1416 870 1417 869 1416 861 1410 860 1410 859 1410 858 1410 826 1415 818 1410 817 1410 816 1410 815 1410 814 1410 803 1416 801 1417 795 1416 765 1411 764 1411 763 1411 750 1416 738 1422 709 1422 671 1416 641 1411 640 1411 639 1411 638 1411 630 1416 628 1417 619 1416 596 1412 595 1412 594 1412 593 1412 588 1416 577 1423 526 1416 527 1440"/></Shape>
	    <String CONTENT=""
                    HPOS="526.0"
                    VPOS="1407.0"
                    WIDTH="554.0"
                    HEIGHT="82.0"
                    WC="0.9660696606887015"></String>
          </TextLine>

          
          
          <TextLine ID="eSc_line_95eb6ef2"
                    TAGREFS="LT15937"
                    BASELINE="551 1526 1079 1521" 
                    HPOS="550.0"
                    VPOS="1494.0"
                    WIDTH="529.0"
                    HEIGHT="88.0">
            <Shape><Polygon POINTS="551 1526 551 1557 597 1557 598 1558 621 1580 621 1581 622 1581 623 1581 624 1582 654 1582 654 1581 655 1581 656 1581 656 1580 675 1562 704 1580 705 1580 706 1580 707 1581 726 1581 726 1580 727 1580 728 1580 728 1579 746 1562 752 1555 763 1555 828 1555 839 1564 841 1566 842 1566 843 1566 866 1569 867 1569 868 1569 869 1569 875 1565 877 1564 878 1565 900 1578 901 1578 902 1578 903 1579 923 1579 923 1578 924 1578 925 1578 941 1567 945 1564 959 1567 983 1573 984 1573 985 1573 994 1568 1002 1564 1012 1569 1025 1577 1026 1577 1027 1577 1028 1578 1071 1578 1071 1577 1072 1577 1073 1577 1079 1572 1079 1521 1077 1494 1037 1501 986 1495 972 1494 971 1494 970 1494 966 1496 954 1503 909 1503 898 1497 894 1495 893 1495 892 1495 891 1495 890 1495 890 1496 888 1497 882 1502 867 1498 866 1498 865 1498 864 1498 851 1503 802 1499 767 1496 766 1496 765 1496 764 1496 764 1497 761 1500 755 1504 737 1500 721 1497 720 1497 689 1501 673 1503 668 1501 657 1497 656 1497 655 1497 654 1497 645 1502 641 1504 618 1502 568 1498 567 1498 566 1498 550 1503 551 1526"/></Shape>
	    <String CONTENT="ברכו את־יהוה: ברוך יהוה"
                    HPOS="550.0"
                    VPOS="1494.0"
                    WIDTH="529.0"
                    HEIGHT="88.0"
                    WC="0.9673198900724712"></String>
          </TextLine>

          
          
          <TextLine ID="eSc_line_de47c157"
                    TAGREFS="LT15937"
                    BASELINE="532 1608 1082 1606" 
                    HPOS="532.0"
                    VPOS="1581.0"
                    WIDTH="550.0"
                    HEIGHT="91.0">
            <Shape><Polygon POINTS="532 1672 577 1672 577 1671 578 1671 579 1671 579 1670 586 1664 605 1670 611 1671 612 1671 613 1671 614 1671 615 1671 617 1669 644 1653 683 1653 698 1667 701 1670 701 1671 702 1671 703 1671 704 1672 720 1672 720 1671 721 1671 722 1671 722 1670 726 1666 740 1653 748 1653 763 1666 768 1670 768 1671 769 1671 770 1671 771 1672 798 1672 798 1671 799 1671 800 1671 808 1664 822 1652 848 1663 852 1665 853 1665 854 1665 855 1665 862 1663 899 1652 926 1652 935 1661 944 1669 944 1670 945 1670 946 1670 947 1671 963 1671 963 1670 964 1670 965 1670 978 1660 988 1652 1016 1659 1025 1661 1026 1661 1027 1661 1028 1661 1034 1658 1041 1655 1044 1658 1054 1667 1054 1668 1055 1668 1056 1668 1057 1668 1058 1668 1082 1657 1082 1606 1081 1589 1064 1581 1063 1581 1062 1581 1001 1588 955 1582 954 1582 953 1582 952 1582 944 1588 939 1592 910 1592 904 1588 896 1581 895 1581 894 1581 893 1581 892 1581 891 1581 882 1587 881 1588 878 1587 858 1581 857 1581 856 1581 825 1587 812 1589 808 1586 804 1583 804 1582 803 1582 802 1582 778 1582 777 1582 776 1582 775 1582 775 1583 771 1586 764 1593 720 1593 701 1585 700 1585 699 1585 698 1585 685 1591 666 1584 661 1583 660 1583 659 1583 658 1583 653 1584 635 1590 613 1584 610 1583 609 1583 608 1583 607 1583 605 1584 587 1591 567 1585 566 1585 565 1585 564 1585 563 1585 563 1586 557 1591 532 1583 532 1608 532 1672"/></Shape>
	    <String CONTENT="מציון שכן ירושלם"
                    HPOS="532.0"
                    VPOS="1581.0"
                    WIDTH="550.0"
                    HEIGHT="91.0"
                    WC="0.998311277698068"></String>
          </TextLine>

          
          
          <TextLine ID="eSc_line_e5293fce"
                    TAGREFS="LT15937"
                    BASELINE="832 1695 1077 1692" 
                    HPOS="832.0"
                    VPOS="1657.0"
                    WIDTH="245.0"
                    HEIGHT="95.0">
            <Shape><Polygon POINTS="841 1680 836 1683 832 1695 832 1741 844 1743 845 1743 846 1743 847 1743 849 1741 859 1735 893 1741 903 1742 904 1742 905 1742 906 1742 906 1741 907 1741 915 1732 953 1732 966 1740 985 1752 986 1752 987 1752 988 1752 989 1752 990 1752 997 1746 1003 1751 1004 1751 1005 1751 1006 1752 1063 1752 1063 1751 1064 1751 1065 1751 1077 1740 1077 1692 1076 1669 998 1657 997 1657 966 1658 965 1658 964 1658 964 1659 951 1670 949 1672 841 1672 841 1680"/></Shape>
	    <String CONTENT="הללויה:"
                    HPOS="832.0"
                    VPOS="1657.0"
                    WIDTH="245.0"
                    HEIGHT="95.0"
                    WC="0.9985417947173119"></String>
          </TextLine>

          
        </TextBlock>
        
        <TextBlock HPOS="4.0"
                   VPOS="84.0"
                   WIDTH="507.0"
                   HEIGHT="1667.0"
                   ID="eSc_textblock_763ff815"
                   TAGREFS="BT8356">
          <Shape><Polygon POINTS="446 100 478 104 486 120 511 1739 181 1751 36 1747 20 1735 4 84"/></Shape>
          
          
          <TextLine ID="eSc_line_ed4f3b5d"
                    TAGREFS="LT15938"
                    BASELINE="3 123 483 115" 
                    HPOS="2.0"
                    VPOS="94.0"
                    WIDTH="481.0"
                    HEIGHT="62.0">
            <Shape><Polygon POINTS="475 103 465 102 455 101 445 100 435 99 425 99 421 100 416 98 415 98 405 98 395 98 389 97 385 101 384 102 361 102 346 101 282 94 281 94 280 94 262 101 259 102 257 101 243 94 242 94 241 94 240 94 239 94 230 101 228 102 226 101 219 95 218 95 217 95 183 95 182 95 181 95 180 95 180 96 175 101 171 106 154 106 149 101 143 96 142 96 141 96 140 96 139 96 128 101 119 105 95 101 90 101 89 101 83 101 49 106 41 101 34 98 33 98 32 98 2 101 3 123 3 151 7 155 8 155 9 155 10 156 45 156 45 155 46 155 47 155 47 154 51 151 58 155 59 155 60 155 61 155 62 155 83 149 237 152 238 152 239 152 262 146 290 151 291 151 483 142 483 115 481 111 475 103"/></Shape>
	    <String CONTENT=""
                    HPOS="2.0"
                    VPOS="94.0"
                    WIDTH="481.0"
                    HEIGHT="62.0"
                    WC="0.9485027605424756"></String>
          </TextLine>

          
          
          <TextLine ID="eSc_line_44c581b0"
                    TAGREFS="LT15938"
                    BASELINE="2 186 482 182" 
                    HPOS="1.0"
                    VPOS="158.0"
                    WIDTH="481.0"
                    HEIGHT="60.0">
            <Shape><Polygon POINTS="2 186 2 215 20 218 21 218 22 218 34 215 60 208 89 214 95 215 96 215 97 215 101 214 128 207 137 213 142 217 143 217 144 217 145 217 183 213 241 206 263 212 278 216 279 216 280 216 383 213 384 213 385 213 389 210 396 205 402 210 410 215 411 215 412 215 413 216 428 216 428 215 429 215 430 215 430 214 435 209 439 206 481 208 482 182 481 162 442 159 441 159 440 159 428 163 406 170 374 170 361 164 347 158 346 158 345 158 344 158 343 158 335 164 331 168 321 165 300 158 299 158 248 158 247 158 246 158 245 158 236 166 230 172 207 172 191 167 163 160 162 160 161 160 160 160 143 168 137 172 72 172 69 170 60 161 60 160 59 160 58 160 39 160 38 160 37 160 36 160 36 161 28 169 15 162 14 162 13 162 12 162 11 162 1 168 2 186"/></Shape>
	    <String CONTENT=""
                    HPOS="1.0"
                    VPOS="158.0"
                    WIDTH="481.0"
                    HEIGHT="60.0"
                    WC="0.9506236807159756"></String>
          </TextLine>

          
          
          <TextLine ID="eSc_line_f84576e8"
                    TAGREFS="LT15938"
                    BASELINE="4 247 470 239" 
                    HPOS="3.0"
                    VPOS="212.0"
                    WIDTH="467.0"
                    HEIGHT="67.0">
            <Shape><Polygon POINTS="4 247 4 273 107 279 108 279 136 272 137 272 154 277 155 277 156 277 157 277 177 271 179 271 184 271 226 276 227 276 228 276 249 270 253 270 257 270 282 274 283 274 306 270 309 269 310 270 315 274 316 274 317 274 318 274 340 269 342 269 350 274 351 274 352 274 353 274 470 267 470 239 467 212 448 221 367 215 361 215 360 215 359 215 358 215 350 221 342 216 342 215 341 215 340 215 317 215 316 215 315 215 309 217 294 222 288 217 287 216 286 216 285 216 257 216 256 216 255 216 247 219 229 225 184 221 175 220 174 220 173 220 172 220 171 221 167 224 160 221 152 218 151 218 150 218 149 218 148 218 144 222 138 227 79 227 75 224 70 220 70 219 69 219 68 219 67 219 66 219 46 225 44 225 42 225 12 220 11 220 10 220 9 220 3 223 4 247"/></Shape>
	    <String CONTENT=""
                    HPOS="3.0"
                    VPOS="212.0"
                    WIDTH="467.0"
                    HEIGHT="67.0"
                    WC="0.8960876590930499"></String>
          </TextLine>

          
          
          <TextLine ID="eSc_line_debee0dd"
                    TAGREFS="LT15938"
                    BASELINE="3 308 485 301" 
                    HPOS="2.0"
                    VPOS="277.0"
                    WIDTH="483.0"
                    HEIGHT="64.0">
            <Shape><Polygon POINTS="3 308 3 334 15 340 16 340 17 340 18 340 37 334 54 341 55 341 56 341 109 335 134 340 135 340 136 340 137 340 137 339 144 332 146 332 184 337 185 337 186 337 196 332 212 338 213 338 214 338 215 338 230 331 232 331 235 331 264 337 265 338 346 338 346 337 347 337 348 337 348 336 354 330 355 329 371 329 373 330 379 335 379 336 380 336 381 336 382 336 407 330 416 328 420 330 429 335 430 335 431 335 485 329 485 301 484 287 434 277 433 277 432 277 431 277 417 287 415 289 414 287 404 279 403 279 402 279 367 279 366 279 365 279 364 279 353 288 351 290 326 290 313 289 256 281 255 281 254 281 253 281 253 282 244 290 242 291 216 291 215 290 207 283 207 282 206 282 205 282 204 282 203 282 179 289 162 282 161 282 160 282 159 282 142 291 137 294 89 294 86 292 76 283 75 283 74 283 73 283 72 283 48 292 46 293 45 292 36 284 35 284 34 284 10 284 9 284 8 284 7 284 7 285 2 289 3 308"/></Shape>
	    <String CONTENT=""
                    HPOS="2.0"
                    VPOS="277.0"
                    WIDTH="483.0"
                    HEIGHT="64.0"
                    WC="0.9429754440983137"></String>
          </TextLine>

          
          
          <TextLine ID="eSc_line_3b6dd524"
                    TAGREFS="LT15938"
                    BASELINE="2 370 484 364" 
                    HPOS="1.0"
                    VPOS="340.0"
                    WIDTH="483.0"
                    HEIGHT="62.0">
            <Shape><Polygon POINTS="2 370 2 394 36 402 37 402 82 396 123 401 124 401 125 401 127 401 127 400 135 394 239 400 240 400 284 392 299 398 300 398 301 398 302 398 323 392 344 398 345 398 346 398 347 398 366 391 457 397 458 397 459 397 484 388 484 364 483 349 462 343 461 343 460 343 459 343 441 349 440 350 440 349 431 342 430 342 429 342 428 342 427 342 426 342 420 347 413 341 413 340 412 340 411 340 410 340 379 341 377 341 376 341 366 349 363 352 350 352 346 349 336 341 335 341 334 341 333 341 332 341 331 341 319 349 315 351 311 349 295 342 294 342 293 342 292 342 291 342 291 343 285 349 281 352 259 349 251 348 250 348 245 349 222 353 217 348 212 344 212 343 211 343 210 343 209 343 208 343 192 348 181 352 176 348 170 343 169 343 168 343 167 343 153 344 152 344 151 344 151 345 147 348 140 354 90 349 89 349 58 355 33 348 27 346 26 346 25 346 1 347 2 370"/></Shape>
	    <String CONTENT=""
                    HPOS="1.0"
                    VPOS="340.0"
                    WIDTH="483.0"
                    HEIGHT="62.0"
                    WC="0.9060061698158582"></String>
          </TextLine>

          
          
          <TextLine ID="eSc_line_4bded665"
                    TAGREFS="LT15938"
                    BASELINE="3 432 488 428" 
                    HPOS="2.0"
                    VPOS="401.0"
                    WIDTH="486.0"
                    HEIGHT="64.0">
            <Shape><Polygon POINTS="3 432 3 460 98 464 99 464 100 464 116 459 127 455 130 458 136 463 136 464 137 464 138 464 139 465 167 465 167 464 168 464 180 458 186 455 203 455 206 457 212 462 212 463 213 463 214 463 234 464 235 464 270 456 279 454 287 456 305 461 306 461 307 461 308 461 322 455 324 454 325 455 333 462 333 463 334 463 335 463 336 464 365 464 365 463 366 463 394 454 398 453 402 454 434 462 435 462 436 462 487 452 488 428 487 411 480 406 479 406 478 406 477 406 455 410 445 402 445 401 444 401 443 401 442 401 407 406 366 401 365 401 330 407 301 402 300 402 299 402 298 402 286 413 285 414 264 414 263 413 247 402 246 402 245 402 244 402 243 402 217 413 215 415 172 415 169 414 137 404 136 404 135 404 134 404 133 404 133 405 122 414 120 416 90 416 87 414 68 406 67 406 66 406 65 406 64 406 64 407 55 414 54 416 23 416 22 414 14 407 14 406 13 406 12 406 11 406 10 406 9 406 2 411 3 432"/></Shape>
	    <String CONTENT=""
                    HPOS="2.0"
                    VPOS="401.0"
                    WIDTH="486.0"
                    HEIGHT="64.0"
                    WC="0.9115158677101135"></String>
          </TextLine>

          
          
          <TextLine ID="eSc_line_1d3fd526"
                    TAGREFS="LT15938"
                    BASELINE="5 491 475 494" 
                    HPOS="4.0"
                    VPOS="464.0"
                    WIDTH="471.0"
                    HEIGHT="64.0">
            <Shape><Polygon POINTS="5 491 4 516 31 526 32 526 33 526 34 526 45 521 99 524 100 524 101 524 116 518 119 517 120 518 128 525 128 526 129 526 130 526 213 527 214 527 215 527 216 527 224 521 228 518 255 522 289 527 290 527 291 527 299 523 303 521 307 523 316 528 317 528 318 528 319 528 329 524 337 521 354 525 367 527 368 527 369 527 370 527 372 525 384 519 458 519 470 528 475 494 475 474 468 467 468 466 467 466 466 466 465 466 464 466 444 473 437 467 437 466 436 466 435 466 405 466 404 466 403 466 402 466 402 467 395 473 385 466 384 466 383 466 348 466 347 466 346 466 329 474 320 466 320 465 319 465 318 465 291 465 290 465 289 465 272 475 269 476 260 475 236 471 235 471 234 471 220 475 215 476 210 475 192 469 191 469 190 469 189 469 170 475 166 476 164 475 148 464 147 464 146 464 145 464 144 464 115 475 113 476 41 476 40 475 32 467 32 466 31 466 30 466 29 466 28 466 5 474 5 491"/></Shape>
	    <String CONTENT=""
                    HPOS="4.0"
                    VPOS="464.0"
                    WIDTH="471.0"
                    HEIGHT="64.0"
                    WC="0.9243196462807448"></String>
          </TextLine>

          
          
          <TextLine ID="eSc_line_3d145457"
                    TAGREFS="LT15938"
                    BASELINE="8 559 487 551" 
                    HPOS="7.0"
                    VPOS="526.0"
                    WIDTH="480.0"
                    HEIGHT="66.0">
            <Shape><Polygon POINTS="8 559 8 580 23 591 24 591 25 591 26 592 75 592 75 591 76 591 77 591 77 590 82 586 124 590 125 590 127 590 128 590 142 580 146 577 173 580 239 588 240 589 268 589 268 588 269 588 270 588 270 587 276 582 283 575 323 582 341 585 342 585 343 585 348 583 357 578 369 581 370 581 371 581 372 581 373 581 373 580 381 574 396 574 407 583 409 585 409 586 410 586 411 586 412 586 413 586 420 584 433 579 486 584 487 551 485 536 458 536 448 527 448 526 447 526 446 526 416 526 415 526 414 526 413 526 413 527 401 537 397 541 381 541 377 538 367 528 367 527 366 527 365 527 350 527 349 527 348 527 310 539 303 542 270 542 266 540 248 529 247 529 246 529 218 529 217 529 216 529 215 529 207 535 201 530 200 530 199 530 173 530 172 530 171 530 170 530 155 543 154 544 141 544 136 543 122 539 121 539 120 539 99 542 93 537 93 536 92 536 91 536 90 536 89 536 65 543 56 535 56 534 55 534 54 534 53 534 52 534 44 538 37 533 36 533 35 533 34 533 33 533 7 544 8 559"/></Shape>
	    <String CONTENT=""
                    HPOS="7.0"
                    VPOS="526.0"
                    WIDTH="480.0"
                    HEIGHT="66.0"
                    WC="0.8868850945007234"></String>
          </TextLine>

          
          
          <TextLine ID="eSc_line_0e1a726b"
                    TAGREFS="LT15938"
                    BASELINE="5 614 196 618 489 610" 
                    HPOS="4.0"
                    VPOS="588.0"
                    WIDTH="485.0"
                    HEIGHT="66.0">
            <Shape><Polygon POINTS="5 614 5 646 79 654 80 654 81 654 82 654 89 648 113 653 114 653 115 653 134 645 156 653 157 653 158 653 201 645 217 650 218 650 219 650 220 650 238 644 240 643 305 643 313 649 313 650 314 650 315 650 316 651 335 651 335 650 336 650 337 650 337 649 343 643 364 642 370 642 386 650 387 650 388 650 389 650 410 642 451 649 452 649 489 640 489 610 488 593 401 588 400 588 352 595 337 597 331 595 314 589 313 589 312 589 311 589 310 589 302 596 299 598 287 596 266 593 265 593 228 597 212 599 206 598 187 592 186 592 185 592 184 592 183 592 183 593 177 598 177 599 117 600 114 599 96 592 95 592 94 592 93 592 92 592 80 600 76 600 14 593 13 593 12 593 11 593 4 598 5 614"/></Shape>
	    <String CONTENT=""
                    HPOS="4.0"
                    VPOS="588.0"
                    WIDTH="485.0"
                    HEIGHT="66.0"
                    WC="0.9647941337181971"></String>
          </TextLine>

          
          
          <TextLine ID="eSc_line_01b4862f"
                    TAGREFS="LT15938"
                    BASELINE="6 682 489 669" 
                    HPOS="5.0"
                    VPOS="647.0"
                    WIDTH="484.0"
                    HEIGHT="68.0">
            <Shape><Polygon POINTS="6 682 6 707 50 711 51 711 72 707 85 705 97 707 135 715 136 715 137 715 138 715 149 707 155 703 178 707 216 713 217 713 258 707 274 711 275 711 276 711 277 711 278 711 278 710 282 706 288 700 301 706 310 710 311 710 312 710 349 709 350 709 351 709 351 708 353 706 361 698 382 706 388 708 389 708 390 708 438 707 439 707 440 707 440 706 441 706 445 701 489 705 489 669 488 657 452 647 451 647 450 647 449 647 428 653 382 649 381 649 380 649 379 649 362 661 350 656 349 656 348 656 347 656 328 662 311 651 310 651 309 651 308 651 307 651 306 651 306 652 295 663 295 664 271 664 249 664 232 653 231 653 230 653 229 653 204 658 174 655 173 655 172 655 171 655 171 656 160 666 160 667 145 667 144 667 132 656 131 656 130 656 116 656 115 656 84 657 83 657 82 657 82 658 70 669 68 669 31 663 30 663 29 663 5 670 6 682"/></Shape>
	    <String CONTENT=""
                    HPOS="5.0"
                    VPOS="647.0"
                    WIDTH="484.0"
                    HEIGHT="68.0"
                    WC="0.9413115693175275"></String>
          </TextLine>

          
          
          <TextLine ID="eSc_line_59ba0acb"
                    TAGREFS="LT15938"
                    BASELINE="6 744 492 739" 
                    HPOS="5.0"
                    VPOS="713.0"
                    WIDTH="487.0"
                    HEIGHT="62.0">
            <Shape><Polygon POINTS="6 744 6 775 79 774 80 774 81 774 81 773 86 768 95 773 98 775 99 775 100 775 101 775 108 773 123 768 155 772 174 774 175 774 176 774 185 771 199 766 208 770 214 773 215 773 216 773 217 773 227 770 234 768 240 770 251 773 253 773 254 773 255 773 264 769 271 766 289 768 309 771 310 771 311 771 312 771 317 768 322 765 341 767 382 772 383 772 384 772 400 766 404 764 407 766 414 770 415 770 416 770 460 771 461 771 492 763 492 739 491 715 471 713 470 713 469 713 464 715 453 722 444 716 440 713 439 713 438 713 415 713 414 713 413 713 405 717 393 724 371 724 366 718 362 715 362 714 361 714 360 714 359 714 358 714 341 719 333 721 325 719 307 714 306 714 305 714 304 714 303 714 295 720 289 725 271 725 265 721 253 715 251 715 250 715 249 715 248 715 248 716 241 722 239 724 199 725 189 723 159 716 105 716 104 716 103 716 84 726 83 726 57 720 56 720 55 720 43 726 18 718 17 718 16 718 15 718 14 718 5 724 6 744"/></Shape>
	    <String CONTENT=""
                    HPOS="5.0"
                    VPOS="713.0"
                    WIDTH="487.0"
                    HEIGHT="62.0"
                    WC="0.9435882362035605"></String>
          </TextLine>

          
          
          <TextLine ID="eSc_line_3f2408d8"
                    TAGREFS="LT15938"
                    BASELINE="5 806 492 801" 
                    HPOS="4.0"
                    VPOS="775.0"
                    WIDTH="488.0"
                    HEIGHT="64.0">
            <Shape><Polygon POINTS="5 806 5 831 25 839 26 839 27 839 28 839 29 839 35 833 61 839 62 839 63 839 77 832 79 831 80 832 95 839 96 839 97 839 133 833 197 838 198 838 199 838 217 832 232 829 248 833 265 837 266 837 267 837 279 833 297 828 341 828 350 833 352 835 353 835 354 835 355 837 377 837 377 835 379 835 380 835 380 834 381 833 387 828 414 833 419 834 420 834 421 834 423 834 440 827 458 834 459 834 460 834 461 834 462 834 463 834 479 828 488 834 492 801 490 784 445 784 444 784 435 776 435 775 434 775 433 775 393 775 392 775 391 775 390 775 390 776 382 785 381 786 329 786 329 785 319 777 319 776 318 776 317 776 316 776 315 776 288 784 280 777 279 777 278 777 277 777 222 783 198 777 197 777 196 777 147 787 146 787 144 787 99 778 98 778 97 778 96 778 80 788 78 789 4 789 5 806"/></Shape>
	    <String CONTENT=""
                    HPOS="4.0"
                    VPOS="775.0"
                    WIDTH="488.0"
                    HEIGHT="64.0"
                    WC="0.9395073902606964"></String>
          </TextLine>

          
          
          <TextLine ID="eSc_line_4bdbe518"
                    TAGREFS="LT15938"
                    BASELINE="7 864 493 861" 
                    HPOS="6.0"
                    VPOS="840.0"
                    WIDTH="487.0"
                    HEIGHT="59.0">
            <Shape><Polygon POINTS="7 864 7 893 12 898 12 899 13 899 14 899 15 899 117 891 119 891 136 891 144 898 144 899 145 899 146 899 147 899 148 899 170 892 205 898 206 898 207 898 208 898 208 897 216 891 216 890 219 891 238 897 239 897 240 897 241 897 242 897 248 893 255 898 256 898 257 898 258 899 316 899 316 898 317 898 334 891 338 890 341 891 353 895 354 895 355 895 356 895 357 895 363 891 367 889 392 891 439 896 440 896 441 896 442 896 449 891 452 890 492 891 493 861 492 847 476 843 475 843 474 843 473 843 455 848 454 848 452 848 431 840 430 840 429 840 428 840 414 848 405 841 404 841 403 841 402 841 401 841 400 841 400 842 394 847 386 841 386 840 385 840 384 840 365 840 364 840 363 840 362 840 352 848 352 849 324 849 316 848 264 841 263 841 262 841 261 841 261 842 253 849 251 850 200 850 198 849 186 841 185 841 184 841 183 841 182 841 181 841 173 847 140 842 139 842 138 842 137 842 137 843 130 849 129 850 127 849 109 842 108 842 107 842 106 842 92 849 90 850 57 850 57 849 47 842 46 842 45 842 44 842 6 849 7 864"/></Shape>
	    <String CONTENT=""
                    HPOS="6.0"
                    VPOS="840.0"
                    WIDTH="487.0"
                    HEIGHT="59.0"
                    WC="0.9618146992646731"></String>
          </TextLine>

          
          
          <TextLine ID="eSc_line_4e9490bd"
                    TAGREFS="LT15938"
                    BASELINE="8 930 485 925" 
                    HPOS="7.0"
                    VPOS="898.0"
                    WIDTH="478.0"
                    HEIGHT="66.0">
            <Shape><Polygon POINTS="8 930 8 956 49 963 50 964 97 964 97 963 98 963 99 963 99 962 104 957 106 955 133 955 135 957 139 960 139 961 140 961 141 961 142 961 143 961 144 961 150 957 151 956 151 957 159 962 160 962 161 962 162 962 197 957 198 957 199 957 211 961 212 961 213 961 214 961 215 961 215 960 219 957 221 955 255 957 290 959 291 959 292 959 293 959 293 958 295 957 298 953 306 957 313 960 314 960 315 960 316 960 326 957 335 955 344 957 355 960 356 960 357 960 358 960 359 960 359 959 362 957 367 952 389 952 484 957 485 925 484 905 427 898 426 898 375 906 363 908 361 906 354 900 354 899 353 899 352 899 327 899 326 899 325 899 306 907 304 908 302 907 289 900 288 900 287 900 286 900 285 900 274 908 271 910 167 910 165 909 148 901 147 901 122 901 121 901 120 901 102 910 100 911 97 910 70 902 69 902 68 902 67 902 66 902 52 911 40 904 39 904 38 904 7 911 8 930"/></Shape>
	    <String CONTENT=""
                    HPOS="7.0"
                    VPOS="898.0"
                    WIDTH="478.0"
                    HEIGHT="66.0"
                    WC="0.8969189247180676"></String>
          </TextLine>

          
          
          <TextLine ID="eSc_line_a560a8d9"
                    TAGREFS="LT15938"
                    BASELINE="11 988 496 991" 
                    HPOS="10.0"
                    VPOS="962.0"
                    WIDTH="486.0"
                    HEIGHT="64.0">
            <Shape><Polygon POINTS="11 988 10 1014 19 1021 20 1021 21 1021 43 1024 44 1025 101 1025 101 1024 102 1024 103 1024 109 1019 140 1024 141 1024 142 1024 153 1019 192 1025 193 1025 194 1025 195 1025 195 1024 206 1015 222 1025 223 1025 224 1025 225 1026 247 1026 247 1025 248 1025 249 1025 249 1024 261 1014 264 1014 296 1014 301 1018 301 1019 302 1019 303 1019 304 1019 362 1015 363 1015 382 1023 383 1023 384 1023 385 1023 386 1023 397 1016 411 1023 412 1023 413 1023 414 1023 438 1015 441 1015 447 1016 482 1021 483 1021 484 1021 495 1016 496 991 495 963 432 965 431 965 430 965 430 966 422 974 402 964 399 963 398 963 355 963 354 963 353 963 352 963 349 965 338 974 321 974 315 968 315 967 314 967 313 967 312 967 272 967 271 967 267 963 267 962 266 962 265 962 230 962 229 962 228 962 227 962 220 968 213 973 206 968 196 962 195 962 194 962 193 962 192 962 191 962 183 969 176 973 108 970 24 966 23 966 22 966 11 971 11 988"/></Shape>
	    <String CONTENT=""
                    HPOS="10.0"
                    VPOS="962.0"
                    WIDTH="486.0"
                    HEIGHT="64.0"
                    WC="0.8956793953592961"></String>
          </TextLine>

          
          
          <TextLine ID="eSc_line_b1986fad"
                    TAGREFS="LT15938"
                    BASELINE="12 1050 497 1047" 
                    HPOS="11.0"
                    VPOS="1023.0"
                    WIDTH="486.0"
                    HEIGHT="62.0">
            <Shape><Polygon POINTS="12 1050 12 1078 20 1084 21 1084 22 1084 23 1085 119 1085 119 1084 120 1084 133 1077 140 1082 141 1082 142 1082 143 1082 174 1077 180 1076 184 1077 204 1082 205 1082 206 1082 207 1082 225 1077 228 1076 230 1077 242 1083 243 1083 244 1083 245 1083 246 1083 246 1082 251 1078 258 1083 259 1083 260 1083 261 1083 292 1077 297 1076 343 1076 344 1077 350 1082 351 1082 352 1082 353 1082 376 1076 385 1075 407 1075 408 1076 413 1081 413 1082 414 1082 415 1082 416 1082 441 1076 448 1075 454 1076 471 1082 472 1082 473 1082 474 1082 497 1076 497 1047 495 1030 433 1030 432 1030 426 1024 426 1023 425 1023 424 1023 400 1023 399 1023 398 1023 397 1023 397 1024 390 1030 389 1031 372 1031 370 1030 352 1023 351 1023 350 1023 349 1023 348 1023 340 1030 338 1030 324 1025 323 1025 322 1025 321 1025 309 1030 305 1031 301 1030 287 1024 286 1024 285 1024 284 1024 271 1030 268 1031 264 1030 250 1024 249 1024 248 1024 247 1024 231 1030 226 1032 201 1032 198 1030 192 1024 191 1024 190 1024 189 1024 188 1024 175 1030 170 1032 168 1030 163 1026 163 1025 162 1025 161 1025 160 1025 159 1025 149 1030 143 1033 112 1033 108 1030 104 1026 103 1026 102 1026 101 1026 100 1026 92 1030 88 1032 86 1030 82 1026 82 1025 81 1025 80 1025 79 1025 78 1025 77 1025 71 1030 67 1032 56 1030 35 1025 34 1025 11 1029 12 1050"/></Shape>
	    <String CONTENT=""
                    HPOS="11.0"
                    VPOS="1023.0"
                    WIDTH="486.0"
                    HEIGHT="62.0"
                    WC="0.900317915059902"></String>
          </TextLine>

          
          
          <TextLine ID="eSc_line_3b59011f"
                    TAGREFS="LT15938"
                    BASELINE="11 1109 500 1106" 
                    HPOS="10.0"
                    VPOS="1083.0"
                    WIDTH="490.0"
                    HEIGHT="64.0">
            <Shape><Polygon POINTS="11 1109 11 1141 73 1141 80 1147 81 1147 82 1147 83 1147 84 1147 93 1142 99 1147 100 1147 101 1147 102 1147 159 1139 174 1137 177 1139 185 1146 186 1146 187 1146 188 1146 248 1141 279 1146 280 1146 281 1146 301 1137 302 1137 310 1145 310 1146 311 1146 312 1146 313 1147 330 1147 330 1146 331 1146 348 1137 350 1136 354 1137 383 1145 384 1145 385 1145 386 1145 419 1136 421 1136 433 1145 434 1145 435 1145 436 1145 499 1135 500 1106 499 1088 434 1083 433 1083 432 1083 419 1089 410 1094 404 1089 395 1083 394 1083 393 1083 362 1083 361 1083 360 1083 359 1083 353 1088 347 1083 346 1083 345 1083 344 1083 343 1083 327 1091 318 1096 266 1096 255 1092 223 1084 222 1084 188 1084 187 1084 186 1084 185 1084 173 1094 170 1097 120 1097 118 1095 108 1086 107 1086 106 1086 105 1086 104 1086 79 1096 78 1096 53 1086 52 1086 51 1086 21 1087 20 1087 19 1087 10 1093 11 1109"/></Shape>
	    <String CONTENT=""
                    HPOS="10.0"
                    VPOS="1083.0"
                    WIDTH="490.0"
                    HEIGHT="64.0"
                    WC="0.9009305120756229"></String>
          </TextLine>

          
          
          <TextLine ID="eSc_line_4350d94c"
                    TAGREFS="LT15938"
                    BASELINE="15 1176 499 1172" 
                    HPOS="14.0"
                    VPOS="1147.0"
                    WIDTH="485.0"
                    HEIGHT="63.0">
            <Shape><Polygon POINTS="15 1176 15 1210 57 1202 82 1209 83 1209 84 1209 108 1204 185 1208 186 1208 187 1208 201 1201 283 1207 284 1207 285 1207 286 1207 295 1200 334 1207 335 1207 370 1202 396 1206 397 1206 398 1206 399 1206 399 1205 407 1199 472 1199 496 1206 499 1172 498 1155 473 1147 472 1147 423 1147 422 1147 421 1147 420 1147 420 1148 411 1155 411 1156 375 1158 349 1158 344 1155 333 1149 332 1149 331 1149 294 1154 282 1148 281 1148 280 1148 279 1148 264 1154 254 1158 225 1154 216 1153 215 1153 214 1153 212 1154 204 1158 195 1154 185 1149 184 1149 183 1149 182 1149 170 1154 160 1158 148 1153 137 1149 136 1149 135 1149 110 1150 109 1150 108 1150 105 1153 97 1159 70 1159 60 1153 58 1151 57 1151 56 1151 55 1151 54 1151 53 1151 53 1152 51 1153 45 1159 36 1153 32 1150 31 1150 30 1150 29 1150 14 1152 15 1176"/></Shape>
	    <String CONTENT=""
                    HPOS="14.0"
                    VPOS="1147.0"
                    WIDTH="485.0"
                    HEIGHT="63.0"
                    WC="0.9054238180319468"></String>
          </TextLine>

          
          
          <TextLine ID="eSc_line_eea32d5b"
                    TAGREFS="LT15938"
                    BASELINE="15 1235 282 1237 501 1231" 
                    HPOS="14.0"
                    VPOS="1208.0"
                    WIDTH="487.0"
                    HEIGHT="62.0">
            <Shape><Polygon POINTS="15 1235 15 1262 64 1268 65 1268 66 1268 67 1268 67 1267 72 1263 74 1261 100 1261 104 1263 111 1269 112 1269 113 1269 114 1270 144 1270 144 1269 145 1269 146 1269 153 1264 154 1263 155 1264 163 1268 164 1268 165 1268 187 1264 208 1260 281 1265 306 1266 307 1266 308 1266 311 1265 325 1260 361 1265 374 1267 375 1267 376 1267 382 1266 401 1259 408 1266 409 1266 409 1267 410 1267 411 1267 412 1267 422 1266 448 1262 500 1266 501 1231 500 1208 485 1208 484 1208 483 1208 482 1208 469 1219 449 1209 448 1209 447 1209 412 1209 411 1209 410 1209 409 1209 409 1210 408 1210 398 1220 332 1213 329 1213 328 1213 327 1213 326 1213 305 1221 245 1216 222 1214 221 1214 220 1214 214 1217 206 1222 143 1222 141 1219 132 1212 132 1211 131 1211 130 1211 110 1211 109 1211 108 1211 107 1211 91 1221 88 1223 70 1223 67 1222 30 1211 29 1211 28 1211 27 1211 26 1211 14 1219 15 1235"/></Shape>
	    <String CONTENT=""
                    HPOS="14.0"
                    VPOS="1208.0"
                    WIDTH="487.0"
                    HEIGHT="62.0"
                    WC="0.9453283882141114"></String>
          </TextLine>

          
          
          <TextLine ID="eSc_line_6c67a416"
                    TAGREFS="LT15938"
                    BASELINE="19 1359 505 1353" 
                    HPOS="18.0"
                    VPOS="1330.0"
                    WIDTH="487.0"
                    HEIGHT="63.0">
            <Shape><Polygon POINTS="19 1359 19 1388 26 1393 27 1393 28 1393 29 1393 63 1387 97 1393 98 1393 99 1393 115 1386 157 1392 158 1392 184 1387 194 1391 195 1391 196 1391 197 1391 198 1391 207 1385 222 1391 223 1391 224 1391 276 1386 335 1390 336 1390 337 1390 338 1390 338 1389 339 1389 344 1383 404 1389 405 1389 406 1389 407 1389 407 1388 413 1383 437 1388 438 1388 439 1388 452 1381 505 1380 505 1353 502 1338 449 1338 447 1338 424 1330 423 1330 422 1330 421 1330 420 1330 410 1338 407 1340 374 1340 371 1338 362 1331 361 1331 360 1331 359 1331 330 1338 320 1340 309 1338 278 1332 277 1332 276 1332 251 1338 238 1342 179 1342 176 1338 172 1335 172 1334 171 1334 170 1334 108 1334 107 1334 106 1334 98 1338 89 1343 67 1338 49 1335 48 1335 18 1338 19 1359"/></Shape>
	    <String CONTENT=""
                    HPOS="18.0"
                    VPOS="1330.0"
                    WIDTH="487.0"
                    HEIGHT="63.0"
                    WC="0.8863040627195284"></String>
          </TextLine>

          
          
          <TextLine ID="eSc_line_54972d22"
                    TAGREFS="LT15938"
                    BASELINE="19 1421 506 1419" 
                    HPOS="18.0"
                    VPOS="1393.0"
                    WIDTH="488.0"
                    HEIGHT="59.0">
            <Shape><Polygon POINTS="19 1421 19 1448 46 1451 47 1451 48 1451 54 1448 60 1445 69 1448 79 1451 80 1451 81 1451 82 1451 83 1451 87 1448 92 1445 124 1445 127 1447 131 1450 131 1451 132 1451 133 1451 134 1452 191 1452 191 1451 192 1451 201 1446 204 1445 211 1446 239 1451 240 1451 288 1445 300 1444 304 1445 317 1450 318 1450 319 1451 319 1450 320 1450 334 1445 336 1444 338 1445 352 1450 353 1450 354 1450 379 1445 418 1450 419 1450 420 1450 421 1450 431 1443 506 1442 506 1419 503 1401 466 1402 462 1401 446 1393 445 1393 444 1393 443 1393 429 1401 426 1403 425 1401 418 1395 418 1393 417 1393 416 1393 415 1393 414 1393 413 1393 404 1401 396 1393 395 1393 394 1393 349 1393 348 1393 347 1393 346 1393 346 1395 338 1402 337 1404 315 1404 314 1402 306 1395 306 1393 305 1393 304 1393 303 1393 272 1400 263 1393 262 1393 261 1393 260 1393 235 1395 234 1395 219 1403 218 1404 218 1403 210 1396 210 1395 209 1395 208 1395 207 1395 206 1395 205 1395 193 1403 162 1403 148 1395 147 1395 146 1395 145 1395 115 1404 113 1404 112 1404 95 1395 94 1395 93 1395 92 1395 91 1395 80 1404 79 1405 18 1405 19 1421"/></Shape>
	    <String CONTENT=""
                    HPOS="18.0"
                    VPOS="1393.0"
                    WIDTH="488.0"
                    HEIGHT="59.0"
                    WC="0.9293549263477325"></String>
          </TextLine>

          
          
          <TextLine ID="eSc_line_7c7c224b"
                    TAGREFS="LT15938"
                    BASELINE="22 1480 509 1478" 
                    HPOS="21.0"
                    VPOS="1453.0"
                    WIDTH="488.0"
                    HEIGHT="59.0">
            <Shape><Polygon POINTS="22 1480 22 1506 33 1512 34 1512 35 1512 59 1506 66 1505 80 1507 121 1512 122 1512 123 1512 137 1507 143 1505 154 1507 166 1509 167 1509 168 1509 169 1509 169 1508 170 1507 175 1503 198 1503 209 1507 218 1511 219 1511 220 1511 221 1511 232 1508 235 1507 239 1508 263 1512 264 1512 265 1512 266 1512 271 1508 280 1502 325 1508 334 1509 335 1509 336 1509 338 1508 354 1502 361 1508 361 1509 362 1509 363 1509 389 1511 390 1511 391 1511 400 1509 423 1502 431 1509 433 1510 433 1511 434 1511 435 1511 436 1511 437 1511 445 1509 457 1506 463 1509 465 1511 466 1511 467 1511 468 1511 508 1509 509 1478 508 1455 481 1455 480 1455 479 1455 478 1455 470 1462 451 1456 446 1454 445 1454 444 1454 443 1454 438 1456 424 1463 394 1463 387 1457 385 1455 384 1455 383 1455 358 1454 357 1454 356 1454 355 1454 349 1458 343 1462 337 1458 331 1454 330 1454 329 1454 306 1453 305 1453 304 1453 303 1453 295 1459 290 1463 258 1463 254 1460 247 1454 247 1453 246 1453 245 1453 194 1453 193 1453 113 1463 109 1463 108 1463 96 1454 95 1454 94 1454 93 1454 92 1454 68 1461 59 1453 58 1453 57 1453 56 1453 55 1453 21 1464 22 1480"/></Shape>
	    <String CONTENT=""
                    HPOS="21.0"
                    VPOS="1453.0"
                    WIDTH="488.0"
                    HEIGHT="59.0"
                    WC="0.917186765716626"></String>
          </TextLine>

          
          
          <TextLine ID="eSc_line_7e0d4df7"
                    TAGREFS="LT15938"
                    BASELINE="22 1543 506 1538" 
                    HPOS="21.0"
                    VPOS="1513.0"
                    WIDTH="485.0"
                    HEIGHT="62.0">
            <Shape><Polygon POINTS="505 1528 503 1520 444 1522 440 1520 426 1514 425 1514 424 1514 423 1514 402 1520 375 1513 374 1513 373 1513 372 1513 371 1513 371 1514 363 1522 362 1523 327 1523 324 1522 311 1514 310 1514 309 1514 308 1514 307 1514 285 1520 279 1515 279 1514 278 1514 277 1514 276 1514 241 1519 225 1514 224 1514 223 1514 222 1514 221 1514 210 1524 208 1525 199 1524 149 1517 148 1517 147 1517 116 1525 104 1516 103 1516 102 1516 83 1516 82 1516 81 1516 80 1516 80 1517 73 1524 65 1517 65 1516 64 1516 63 1516 49 1516 48 1516 47 1516 46 1516 33 1526 33 1527 21 1527 22 1543 22 1566 47 1575 48 1575 49 1575 50 1575 74 1567 82 1574 82 1575 83 1575 84 1575 85 1575 117 1572 118 1572 119 1572 125 1567 128 1566 129 1567 138 1574 139 1574 140 1574 141 1574 176 1568 186 1566 193 1568 212 1574 213 1574 214 1574 215 1574 216 1574 223 1568 227 1565 505 1570 506 1538 505 1530 505 1528"/></Shape>
	    <String CONTENT=""
                    HPOS="21.0"
                    VPOS="1513.0"
                    WIDTH="485.0"
                    HEIGHT="62.0"
                    WC="0.961575665644237"></String>
          </TextLine>

          
          
          <TextLine ID="eSc_line_3eab3773"
                    TAGREFS="LT15938"
                    BASELINE="23 1597 509 1603" 
                    HPOS="22.0"
                    VPOS="1572.0"
                    WIDTH="487.0"
                    HEIGHT="63.0">
            <Shape><Polygon POINTS="506 1601 502 1585 462 1585 462 1584 457 1580 457 1579 456 1579 455 1579 454 1579 416 1583 399 1576 398 1576 397 1576 367 1583 366 1583 365 1583 357 1576 357 1575 356 1575 355 1575 332 1575 331 1575 330 1575 329 1575 329 1576 321 1582 321 1583 292 1583 291 1582 275 1574 274 1574 273 1574 272 1574 251 1581 243 1574 242 1574 241 1574 240 1574 239 1574 226 1579 210 1574 209 1574 208 1574 207 1574 206 1574 206 1575 200 1581 199 1581 169 1581 169 1580 160 1573 159 1573 158 1573 157 1573 156 1573 137 1579 118 1573 117 1573 116 1573 115 1573 114 1573 104 1580 98 1580 74 1580 73 1579 63 1572 62 1572 61 1572 60 1572 23 1578 23 1597 22 1622 36 1631 37 1631 38 1631 39 1632 110 1632 110 1631 111 1631 128 1624 149 1632 150 1632 151 1632 191 1628 197 1633 198 1633 199 1633 200 1633 201 1633 233 1625 241 1631 242 1631 243 1631 244 1631 245 1631 246 1631 246 1630 254 1624 278 1629 279 1629 329 1625 354 1632 355 1632 356 1632 357 1632 379 1627 388 1635 389 1635 390 1635 391 1635 457 1628 467 1635 468 1635 469 1635 470 1635 471 1635 472 1635 481 1627 497 1633 498 1633 499 1633 500 1633 501 1633 501 1632 508 1625 509 1603 509 1585 506 1585 506 1601"/></Shape>
	    <String CONTENT=""
                    HPOS="22.0"
                    VPOS="1572.0"
                    WIDTH="487.0"
                    HEIGHT="63.0"
                    WC="0.936459284562331"></String>
          </TextLine>

          
          
          <TextLine ID="eSc_line_1cfcab75"
                    TAGREFS="LT15938"
                    BASELINE="28 1654 508 1660" 
                    HPOS="27.0"
                    VPOS="1631.0"
                    WIDTH="481.0"
                    HEIGHT="64.0">
            <Shape><Polygon POINTS="28 1654 27 1688 93 1684 109 1690 112 1691 113 1691 114 1691 115 1691 118 1690 132 1684 144 1690 146 1691 147 1691 148 1691 149 1691 153 1690 173 1684 182 1690 184 1692 185 1692 186 1692 187 1692 188 1692 196 1690 217 1685 278 1685 288 1691 293 1693 294 1693 295 1693 296 1693 297 1693 300 1691 306 1686 313 1691 314 1692 315 1692 316 1692 317 1692 327 1691 351 1687 355 1691 358 1693 358 1694 359 1694 360 1694 361 1694 362 1694 368 1691 374 1687 382 1691 383 1692 384 1692 385 1692 386 1692 394 1691 419 1687 427 1691 435 1695 436 1695 437 1695 506 1691 508 1660 507 1644 495 1644 494 1643 486 1637 486 1636 485 1636 484 1636 483 1636 482 1636 466 1643 463 1644 460 1643 449 1639 448 1639 447 1639 446 1639 438 1643 436 1644 435 1643 429 1638 429 1637 428 1637 427 1637 426 1637 375 1640 370 1636 370 1635 369 1635 368 1635 367 1635 320 1642 317 1642 316 1642 297 1634 296 1634 295 1634 294 1634 276 1641 275 1642 275 1641 270 1637 269 1637 268 1637 267 1637 243 1640 234 1633 233 1633 232 1633 231 1633 230 1633 202 1641 200 1641 199 1641 185 1632 184 1632 183 1632 182 1632 181 1632 167 1639 155 1635 154 1635 153 1635 113 1640 110 1640 108 1640 81 1631 80 1631 40 1631 39 1631 38 1631 37 1631 28 1637 28 1654"/></Shape>
	    <String CONTENT=""
                    HPOS="27.0"
                    VPOS="1631.0"
                    WIDTH="481.0"
                    HEIGHT="64.0"
                    WC="0.9124584926499261"></String>
          </TextLine>

          
          
          <TextLine ID="eSc_line_4a74a0cc"
                    TAGREFS="LT15938"
                    BASELINE="29 1713 191 1718 440 1715" 
                    HPOS="28.0"
                    VPOS="1692.0"
                    WIDTH="412.0"
                    HEIGHT="61.0">
            <Shape><Polygon POINTS="29 1713 28 1746 47 1752 48 1752 49 1752 77 1746 81 1746 84 1746 114 1752 115 1753 155 1753 155 1752 156 1752 157 1752 166 1746 168 1745 175 1746 202 1752 203 1752 204 1752 216 1746 219 1745 227 1746 246 1750 247 1750 304 1746 330 1745 332 1746 337 1751 337 1752 338 1752 339 1752 340 1752 439 1746 440 1715 440 1702 424 1693 423 1693 422 1693 421 1693 390 1701 375 1692 374 1692 373 1692 348 1692 347 1692 346 1692 345 1692 345 1693 336 1701 288 1692 287 1692 286 1692 266 1698 248 1692 247 1692 246 1692 245 1692 244 1692 232 1700 230 1701 184 1700 141 1699 135 1693 135 1692 134 1692 133 1692 132 1692 100 1699 92 1701 82 1699 52 1692 51 1692 50 1692 29 1698 29 1713"/></Shape>
	    <String CONTENT=""
                    HPOS="28.0"
                    VPOS="1692.0"
                    WIDTH="412.0"
                    HEIGHT="61.0"
                    WC="0.9661123407514471"></String>
          </TextLine>

          
        </TextBlock>
        

        
        <TextBlock ID="eSc_dummyblock_">
          
          
          <TextLine ID="eSc_line_751c2c83"
                    TAGREFS="LT15938"
                    BASELINE="11 1304 507 1294" 
                    HPOS="9.0"
                    VPOS="1261.0"
                    WIDTH="497.0"
                    HEIGHT="67.0">
            <Shape><Polygon POINTS="10 1303 10 1328 506 1328 506 1293 505 1269 494 1261 493 1261 491 1261 490 1261 432 1273 431 1273 364 1263 363 1263 361 1263 360 1263 360 1264 349 1275 167 1267 166 1267 164 1267 163 1267 163 1269 154 1276 143 1269 142 1269 140 1269 139 1269 80 1281 78 1281 63 1270 62 1270 60 1270 27 1270 25 1270 24 1270 22 1270 9 1278 10 1303"/></Shape>
	    <String CONTENT=""
                    HPOS="9.0"
                    VPOS="1261.0"
                    WIDTH="497.0"
                    HEIGHT="67.0"
                    WC="0.8798359666879361"></String>
          </TextLine>

          
        </TextBlock>
        
      </PrintSpace>
    </Page>
  </Layout>
</alto>
