<?xml version="1.0" encoding="UTF-8"?>
<alto xmlns:xsi="http://www.w3.org/2001/XMLSchema-instance"
      xmlns="http://www.loc.gov/standards/alto/ns-v4#"
      xsi:schemaLocation="http://www.loc.gov/standards/alto/ns-v4# http://www.loc.gov/standards/alto/v4/alto-4-2.xsd">
  <Description>
    <MeasurementUnit>pixel</MeasurementUnit>
    <sourceImageInformation>
      <fileName>IE87581919_00018.jpg</fileName>
      <fileIdentifier>mets//export_doc4366_1col_14_copy_alto_202404261215.zip/IE87581919_00018.jpg</fileIdentifier>
    </sourceImageInformation>
  </Description>
  
  <Tags>
    <OtherTag ID="BT8356" LABEL="MainLeft" DESCRIPTION="block type MainLeft"/><OtherTag ID="BT8355" LABEL="MainRight" DESCRIPTION="block type MainRight"/><OtherTag ID="BT6914" LABEL="Handwritten" DESCRIPTION="block type Handwritten"/><OtherTag ID="BT6913" LABEL="RunningHeader" DESCRIPTION="block type RunningHeader"/><OtherTag ID="BT6912" LABEL="Catchword" DESCRIPTION="block type Catchword"/><OtherTag ID="BT6911" LABEL="Margin" DESCRIPTION="block type Margin"/><OtherTag ID="BT6910" LABEL="FooterCentral" DESCRIPTION="block type FooterCentral"/><OtherTag ID="BT6909" LABEL="MainCentral" DESCRIPTION="block type MainCentral"/><OtherTag ID="BT6908" LABEL="Header" DESCRIPTION="block type Header"/><OtherTag ID="BT4" LABEL="Illustration" DESCRIPTION="block type Illustration"/><OtherTag ID="BT3" LABEL="Commentary" DESCRIPTION="block type Commentary"/><OtherTag ID="BT2" LABEL="Main" DESCRIPTION="block type Main"/><OtherTag ID="BT1" LABEL="Title" DESCRIPTION="block type Title"/>
    <OtherTag ID="LT15938" LABEL="MainLeft" DESCRIPTION="line type MainLeft"/><OtherTag ID="LT15937" LABEL="MainRight" DESCRIPTION="line type MainRight"/><OtherTag ID="LT15289" LABEL="Handwritten" DESCRIPTION="line type Handwritten"/><OtherTag ID="LT15288" LABEL="MainCentral" DESCRIPTION="line type MainCentral"/><OtherTag ID="LT15287" LABEL="NotMain" DESCRIPTION="line type NotMain"/>
  </Tags>
  
  <Layout>
    <Page WIDTH="1296"
          HEIGHT="1961"
          PHYSICAL_IMG_NR="36"
          ID="eSc_dummypage_">
      <PrintSpace HPOS="0"
                  VPOS="0"
                  WIDTH="1296"
                  HEIGHT="1961">
        
        <TextBlock HPOS="69.0"
                   VPOS="165.0"
                   WIDTH="1144.0"
                   HEIGHT="1729.0"
                   ID="eSc_textblock_af56c2c7"
                   TAGREFS="BT6909">
          <Shape><Polygon POINTS="235 165 1208 178 1213 1855 1200 1890 108 1894 74 1881 69 183 78 169 235 165"/></Shape>
          
          
          <TextLine ID="eSc_line_f95ea06c"
                    TAGREFS="LT15288"
                    BASELINE="70 193 1183 190" 
                    HPOS="70.0"
                    VPOS="165.0"
                    WIDTH="1113.0"
                    HEIGHT="75.0">
            <Shape><Polygon POINTS="1181 177 1170 177 1159 177 1148 177 1137 177 1127 177 1116 176 1105 176 1094 176 1083 176 1072 176 1061 176 1050 176 1039 175 1028 175 1018 175 1007 175 996 175 985 175 974 175 963 175 952 174 941 174 930 174 919 174 909 174 898 174 887 174 876 173 865 173 854 173 843 173 832 173 821 173 810 173 800 172 789 172 778 172 767 172 756 172 745 172 734 172 723 172 712 171 701 171 693 171 691 171 680 171 669 171 658 171 647 171 636 169 625 169 614 169 603 169 592 169 582 169 571 169 560 169 556 168 550 171 536 168 527 168 516 168 505 168 494 168 483 168 476 167 443 172 438 172 434 172 415 167 407 167 396 167 385 166 374 166 364 166 353 166 342 166 331 166 320 166 309 165 298 165 289 165 288 165 287 165 260 172 259 172 257 172 200 165 197 165 185 172 184 173 76 173 70 178 70 193 70 240 151 239 152 239 187 226 241 227 261 238 261 239 262 239 263 239 264 240 317 240 317 239 318 239 322 238 357 225 395 230 396 230 458 224 470 232 471 232 473 232 474 232 546 224 576 235 577 235 578 235 579 235 580 235 582 235 611 224 703 232 704 232 705 232 725 226 744 233 757 238 758 238 759 238 854 237 855 237 856 237 865 232 883 236 885 236 886 236 887 236 904 230 933 223 970 229 971 229 1040 223 1079 229 1096 232 1097 232 1115 228 1140 224 1181 227 1183 190 1181 177 1181 177"/></Shape>
	    <String CONTENT=""
                    HPOS="70.0"
                    VPOS="165.0"
                    WIDTH="1113.0"
                    HEIGHT="75.0"
                    WC="0.9775589770740933"></String>
          </TextLine>

          
          
          <TextLine ID="eSc_line_8a9d7321"
                    TAGREFS="LT15288"
                    BASELINE="69 265 1185 268" 
                    HPOS="68.0"
                    VPOS="233.0"
                    WIDTH="1117.0"
                    HEIGHT="82.0">
            <Shape><Polygon POINTS="69 265 68 302 88 310 89 310 90 310 144 302 155 301 160 302 183 311 184 311 185 311 186 311 209 303 222 299 271 303 281 305 282 305 285 305 307 299 318 305 335 313 336 313 337 314 385 314 385 313 480 310 481 310 482 310 488 307 502 299 561 299 584 308 590 310 591 310 592 310 594 310 599 308 622 299 673 299 712 309 727 312 728 312 742 310 789 300 809 310 817 314 818 314 819 315 953 315 953 314 954 314 959 312 983 300 1062 300 1097 314 1099 314 1100 314 1101 315 1183 315 1185 268 1184 245 1142 236 1141 236 1058 240 1045 234 1044 234 967 234 966 234 902 242 879 236 878 236 877 236 789 244 781 244 780 244 765 234 764 234 762 234 736 234 735 234 734 234 712 244 711 244 689 234 688 234 687 234 628 241 576 233 575 233 574 233 542 240 493 235 492 235 404 239 388 234 386 234 385 234 384 234 357 242 356 244 316 244 310 242 225 233 224 233 223 233 222 233 207 242 204 242 69 242 69 265"/></Shape>
	    <String CONTENT=""
                    HPOS="68.0"
                    VPOS="233.0"
                    WIDTH="1117.0"
                    HEIGHT="82.0"
                    WC="0.9973029384487554"></String>
          </TextLine>

          
          
          <TextLine ID="eSc_line_c81b9002"
                    TAGREFS="LT15288"
                    BASELINE="70 345 1189 342" 
                    HPOS="70.0"
                    VPOS="310.0"
                    WIDTH="1119.0"
                    HEIGHT="78.0">
            <Shape><Polygon POINTS="70 380 183 376 198 381 222 388 223 388 224 388 225 388 239 381 248 376 293 376 303 381 312 387 313 387 315 387 412 388 413 388 414 388 434 382 455 375 497 375 511 382 512 382 513 382 514 382 534 375 634 375 695 383 734 387 735 387 736 387 745 383 760 375 794 375 819 383 826 385 827 385 828 385 829 385 833 383 848 375 934 374 983 384 997 386 998 387 1116 387 1116 386 1117 386 1118 386 1120 384 1130 379 1147 384 1154 386 1155 386 1156 386 1188 384 1189 342 1188 319 1121 319 1121 318 1101 310 1100 310 1099 310 1050 318 1038 319 1026 318 996 313 995 313 961 317 942 319 936 317 918 310 917 310 916 310 780 311 779 311 768 315 766 317 764 315 751 311 749 311 748 311 727 315 707 320 697 315 687 311 686 311 573 311 572 311 571 311 559 314 551 317 516 314 463 311 462 311 461 311 454 314 439 322 343 322 323 314 322 314 321 314 320 314 297 321 255 313 248 312 247 312 246 312 244 313 226 322 93 322 71 312 70 345 70 380"/></Shape>
	    <String CONTENT=""
                    HPOS="70.0"
                    VPOS="310.0"
                    WIDTH="1119.0"
                    HEIGHT="78.0"
                    WC="0.9842498221180656"></String>
          </TextLine>

          
          
          <TextLine ID="eSc_line_8650c4bc"
                    TAGREFS="LT15288"
                    BASELINE="69 418 1191 418" 
                    HPOS="69.0"
                    VPOS="386.0"
                    WIDTH="1122.0"
                    HEIGHT="84.0">
            <Shape><Polygon POINTS="69 452 115 466 116 466 117 466 118 466 148 453 174 453 176 454 198 466 199 466 200 466 251 458 269 469 270 469 271 469 272 470 349 470 349 469 350 469 373 457 382 453 427 453 440 458 461 467 462 467 463 467 483 466 485 466 498 459 510 453 638 453 656 461 669 468 670 468 671 469 671 468 672 468 685 461 703 453 776 453 792 459 793 459 794 459 795 459 812 453 834 464 841 467 842 467 843 467 857 465 868 463 881 465 903 469 904 470 1046 470 1046 469 1047 469 1051 467 1076 457 1098 465 1099 465 1190 469 1191 418 1191 394 805 387 804 387 755 391 718 393 705 391 687 386 609 386 608 386 540 390 456 393 449 388 445 386 444 386 443 386 396 386 395 386 394 386 393 386 391 388 382 393 317 387 308 387 307 387 304 387 273 393 222 387 211 386 210 386 209 386 206 387 186 394 89 394 70 386 69 418 69 452"/></Shape>
	    <String CONTENT=""
                    HPOS="69.0"
                    VPOS="386.0"
                    WIDTH="1122.0"
                    HEIGHT="84.0"
                    WC="0.9759476126694098"></String>
          </TextLine>

          
          
          <TextLine ID="eSc_line_f1425742"
                    TAGREFS="LT15288"
                    BASELINE="71 495 1194 492" 
                    HPOS="71.0"
                    VPOS="455.0"
                    WIDTH="1123.0"
                    HEIGHT="87.0">
            <Shape><Polygon POINTS="71 534 236 530 249 536 258 540 259 540 260 540 296 536 322 533 337 537 361 541 362 541 364 541 373 537 380 533 405 537 424 539 425 539 426 539 431 537 451 529 502 529 519 537 525 540 526 540 527 540 632 539 633 539 636 538 647 533 658 538 665 541 667 541 668 542 725 542 725 541 727 541 732 538 749 529 815 529 834 539 838 540 839 540 840 540 841 540 843 539 864 528 880 528 903 539 905 540 906 540 907 541 989 541 989 540 990 540 991 540 1016 528 1033 538 1034 538 1035 538 1036 538 1084 534 1119 540 1121 540 1122 540 1123 540 1141 533 1192 540 1194 492 1193 469 1127 464 1125 464 1124 464 1108 469 1106 469 1103 469 1060 461 1059 461 1015 469 1013 469 1011 469 977 460 976 460 975 460 929 468 899 458 898 458 849 457 848 457 846 457 821 468 792 455 791 455 790 455 789 455 731 470 728 470 722 470 673 464 672 464 624 468 602 455 601 455 600 455 489 455 488 455 487 455 441 471 438 472 405 472 402 471 362 459 361 459 360 459 359 459 337 471 335 472 306 472 304 471 241 456 240 456 239 456 197 471 196 472 71 472 71 495 71 534"/></Shape>
	    <String CONTENT=""
                    HPOS="71.0"
                    VPOS="455.0"
                    WIDTH="1123.0"
                    HEIGHT="87.0"
                    WC="0.9864938514573234"></String>
          </TextLine>

          
          
          <TextLine ID="eSc_line_e770dea1"
                    TAGREFS="LT15288"
                    BASELINE="71 570 1195 563" 
                    HPOS="70.0"
                    VPOS="530.0"
                    WIDTH="1125.0"
                    HEIGHT="88.0">
            <Shape><Polygon POINTS="71 570 71 608 155 605 171 610 192 615 194 615 195 615 233 611 274 618 275 618 276 618 294 610 305 603 410 603 427 610 445 617 446 617 447 617 449 617 466 610 469 608 478 610 533 617 534 617 535 617 558 611 574 615 575 615 576 615 577 615 587 610 602 602 622 602 645 602 659 610 672 616 673 616 674 617 713 617 713 616 773 615 774 615 786 610 807 601 836 601 854 610 865 615 866 615 867 615 892 610 910 606 945 610 984 614 985 614 986 614 995 610 1015 599 1049 599 1075 610 1082 613 1083 613 1084 613 1194 610 1195 563 1194 540 1140 534 1139 534 1101 540 1100 540 1075 530 1074 530 1039 530 1038 530 1037 530 1015 539 996 536 995 536 994 536 972 541 967 542 963 541 933 531 931 531 930 531 880 542 871 543 845 542 746 537 745 537 703 543 693 544 681 543 585 533 584 533 583 533 563 543 514 534 513 534 512 534 494 540 439 537 438 537 437 537 410 545 394 536 393 536 392 536 391 536 390 536 370 545 350 536 349 536 348 536 283 541 263 536 262 536 261 536 260 536 245 543 231 540 229 540 228 540 189 547 186 547 185 547 164 537 163 537 116 537 115 537 114 537 70 547 71 570"/></Shape>
	    <String CONTENT="שאין להם שעור הפאה והבכורים והראיון וגמילות"
                    HPOS="70.0"
                    VPOS="530.0"
                    WIDTH="1125.0"
                    HEIGHT="88.0"
                    WC="0.9763667104036912"></String>
          </TextLine>

          
          
          <TextLine ID="eSc_line_2f347ae5"
                    TAGREFS="LT15288"
                    BASELINE="70 644 1196 640" 
                    HPOS="70.0"
                    VPOS="607.0"
                    WIDTH="1126.0"
                    HEIGHT="81.0">
            <Shape><Polygon POINTS="1194 617 1160 618 1156 617 1136 610 1135 610 1134 610 1133 610 1110 617 1106 618 1101 617 1079 608 1078 608 1076 608 1016 617 1009 618 1006 617 988 611 987 611 913 607 912 607 865 616 841 608 840 608 752 608 751 608 749 608 710 619 707 620 627 620 623 619 597 610 596 610 595 610 509 618 493 611 492 611 438 610 437 610 435 610 395 620 393 620 391 620 337 612 336 612 335 612 318 618 294 614 293 614 207 622 200 622 196 622 115 611 114 611 113 611 112 611 93 622 92 623 70 623 70 644 71 688 114 676 164 685 165 685 214 676 258 688 259 688 260 688 261 688 262 688 289 675 385 675 419 688 420 688 421 688 422 688 424 688 425 688 462 675 487 680 488 680 556 676 597 686 598 686 599 686 600 686 627 679 645 687 646 687 647 688 698 688 698 687 699 687 765 675 790 687 791 687 792 688 813 688 813 687 814 687 842 674 907 685 909 685 910 685 935 675 951 679 952 679 953 679 954 679 979 673 1056 686 1057 687 1195 687 1196 640 1194 617"/></Shape>
	    <String CONTENT="חסדים ותלמוד תורה: אלו דברים שאד"
                    HPOS="70.0"
                    VPOS="607.0"
                    WIDTH="1126.0"
                    HEIGHT="81.0"
                    WC="0.9969597819604372"></String>
          </TextLine>

          
          
          <TextLine ID="eSc_line_b288a334"
                    TAGREFS="LT15288"
                    BASELINE="71 719 1195 716" 
                    HPOS="71.0"
                    VPOS="684.0"
                    WIDTH="1124.0"
                    HEIGHT="85.0">
            <Shape><Polygon POINTS="71 752 131 752 135 753 177 768 178 768 179 769 398 769 398 768 442 763 443 763 465 753 469 752 509 752 513 753 537 768 538 768 539 768 618 762 705 765 706 765 707 765 739 754 747 751 759 754 780 759 781 759 782 759 792 754 800 751 814 754 836 759 837 759 838 759 846 754 853 751 991 751 1001 754 1038 765 1039 765 1040 765 1042 765 1043 765 1060 754 1067 751 1082 754 1096 758 1097 758 1098 758 1099 758 1104 754 1110 751 1193 754 1195 716 1194 695 1079 684 1078 684 1076 684 1050 692 1047 693 1045 692 1027 687 1026 687 1025 687 1024 687 1004 692 996 695 987 692 960 684 959 684 958 684 806 690 805 690 785 684 784 684 783 684 782 684 781 684 770 690 762 695 701 690 651 686 650 686 649 686 638 689 619 696 603 689 594 685 592 685 563 685 562 685 543 688 510 697 425 697 398 688 397 688 396 688 395 688 374 697 216 697 178 685 176 685 175 685 174 685 171 685 130 695 112 685 111 685 71 685 71 719 71 752"/></Shape>
	    <String CONTENT="ם אוכל פרותיהם בעולם הזה והקרן קימת לו"
                    HPOS="71.0"
                    VPOS="684.0"
                    WIDTH="1124.0"
                    HEIGHT="85.0"
                    WC="0.9938368116106305"></String>
          </TextLine>

          
          
          <TextLine ID="eSc_line_1fb4a0ad"
                    TAGREFS="LT15288"
                    BASELINE="74 795 1197 789" 
                    HPOS="74.0"
                    VPOS="759.0"
                    WIDTH="1123.0"
                    HEIGHT="82.0">
            <Shape><Polygon POINTS="74 829 83 834 85 834 86 834 87 834 113 827 118 826 132 827 191 832 192 832 220 826 223 826 224 826 245 838 246 838 247 838 248 838 270 830 286 838 287 838 326 839 328 839 419 825 424 825 426 825 462 839 463 839 464 841 523 841 523 839 622 824 626 824 630 824 677 838 679 838 680 839 747 839 747 838 794 837 795 837 796 837 807 831 820 837 821 837 822 837 876 825 941 831 942 831 999 822 1006 822 1012 822 1115 836 1116 836 1117 836 1152 822 1196 822 1197 789 1196 760 1144 759 1143 759 1142 759 1140 760 1125 765 1116 760 1115 759 1113 759 1112 759 1052 759 1051 759 1050 759 1047 760 1033 768 1014 761 1013 761 1012 761 949 766 927 761 926 761 925 761 924 761 923 761 900 773 870 761 866 760 865 760 816 760 815 760 814 760 813 760 810 762 790 774 758 774 720 762 716 761 715 761 713 761 706 762 652 775 558 775 529 763 528 763 527 763 526 763 525 763 524 763 487 776 406 776 379 768 378 768 377 768 376 768 346 775 324 764 319 762 318 762 317 762 301 764 244 776 107 774 74 766 74 795 74 829"/></Shape>
	    <String CONTENT="לעולם הבא, ואלו הן כבוד אב ואם וגמילות חסדים"
                    HPOS="74.0"
                    VPOS="759.0"
                    WIDTH="1123.0"
                    HEIGHT="82.0"
                    WC="0.9803970206615537"></String>
          </TextLine>

          
          
          <TextLine ID="eSc_line_2f9b0332"
                    TAGREFS="LT15288"
                    BASELINE="73 870 1197 862" 
                    HPOS="71.0"
                    VPOS="836.0"
                    WIDTH="1126.0"
                    HEIGHT="79.0">
            <Shape><Polygon POINTS="73 870 73 904 189 915 190 915 191 915 212 905 246 914 247 914 248 915 319 915 319 914 320 914 321 914 336 904 338 903 398 902 407 904 435 912 437 912 438 912 519 904 554 900 568 904 577 906 578 906 579 906 630 904 700 900 732 904 766 907 767 907 791 904 818 899 831 904 852 910 853 910 854 910 904 904 927 900 936 904 946 907 947 907 948 907 949 907 957 904 963 899 971 904 979 909 980 909 982 909 983 910 1026 910 1026 909 1027 909 1028 909 1037 904 1040 902 1052 904 1081 908 1082 908 1196 903 1197 862 1196 846 1165 838 1164 838 1082 842 1048 836 1047 836 1046 836 1032 842 917 836 916 836 915 836 883 846 873 849 838 849 832 846 816 837 815 837 814 837 813 837 790 846 781 848 759 846 736 843 735 843 734 843 724 846 712 849 699 846 687 842 686 842 685 842 664 846 645 849 591 849 585 846 572 838 571 838 570 838 522 839 521 839 497 846 476 850 408 846 407 846 328 851 317 846 307 841 306 841 259 841 258 841 257 841 240 846 217 853 71 846 73 870"/></Shape>
	    <String CONTENT=""
                    HPOS="71.0"
                    VPOS="836.0"
                    WIDTH="1126.0"
                    HEIGHT="79.0"
                    WC="0.9895114318744557"></String>
          </TextLine>

          
          
          <TextLine ID="eSc_line_fe05c674"
                    TAGREFS="LT15288"
                    BASELINE="71 942 887 944 1197 938" 
                    HPOS="71.0"
                    VPOS="911.0"
                    WIDTH="1126.0"
                    HEIGHT="80.0">
            <Shape><Polygon POINTS="71 975 155 990 156 991 212 991 212 990 213 990 248 977 256 975 263 977 297 988 298 988 299 988 361 978 385 975 452 975 461 979 482 990 483 990 485 990 486 990 512 983 536 990 537 990 538 991 637 991 637 990 676 981 692 978 712 981 756 989 757 989 758 989 759 989 770 982 784 975 1008 975 1034 984 1048 990 1049 990 1050 990 1196 985 1197 938 1196 923 1144 911 1143 911 1069 917 1027 911 1026 911 1025 911 1008 921 1004 922 1001 921 987 916 986 916 985 916 984 916 969 920 962 922 958 920 939 911 938 911 937 911 883 918 862 911 861 911 860 911 858 911 857 911 844 919 838 923 733 923 723 918 721 917 720 917 719 917 708 918 668 922 648 917 628 911 627 911 626 911 625 911 615 917 603 923 511 923 479 916 461 911 321 911 320 911 319 911 315 914 297 923 147 923 112 911 111 911 71 911 71 942 71 975"/></Shape>
	    <String CONTENT=""
                    HPOS="71.0"
                    VPOS="911.0"
                    WIDTH="1126.0"
                    HEIGHT="80.0"
                    WC="0.9785173061566476"></String>
          </TextLine>

          
          
          <TextLine ID="eSc_line_798c381d"
                    TAGREFS="LT15288"
                    BASELINE="238 1019 1014 1015" 
                    HPOS="238.0"
                    VPOS="982.0"
                    WIDTH="776.0"
                    HEIGHT="78.0">
            <Shape><Polygon POINTS="238 1050 275 1060 276 1060 277 1060 308 1051 311 1050 315 1051 338 1060 340 1060 341 1060 342 1060 343 1060 355 1051 356 1051 359 1051 407 1054 408 1054 409 1054 421 1051 432 1049 452 1051 504 1058 505 1060 542 1060 542 1058 543 1058 544 1058 554 1052 559 1049 575 1052 610 1058 611 1058 612 1058 627 1052 638 1048 664 1048 670 1052 676 1057 677 1057 679 1057 680 1058 716 1058 716 1057 717 1057 727 1052 733 1049 740 1052 747 1057 748 1057 749 1057 751 1057 790 1053 821 1049 837 1053 850 1056 851 1056 852 1056 853 1056 860 1053 871 1046 883 1053 886 1054 887 1054 888 1054 895 1053 922 1048 931 1053 934 1055 935 1055 936 1055 937 1055 938 1055 939 1055 941 1053 951 1046 1012 1053 1014 1015 1011 985 1000 990 996 985 992 983 992 982 991 982 990 982 970 982 969 982 967 982 966 982 962 987 951 996 931 996 921 987 917 983 916 983 915 983 914 983 913 983 897 988 894 988 892 988 874 982 873 982 871 982 870 982 858 988 851 992 845 989 842 985 841 985 840 985 839 985 838 985 832 989 816 997 776 997 764 990 754 983 753 983 752 983 674 983 673 983 672 983 643 992 623 997 603 992 576 985 575 985 574 985 528 994 507 999 347 999 345 997 331 985 330 985 329 985 281 985 280 985 279 985 255 999 253 1000 238 1000 238 1019 238 1050"/></Shape>
	    <String CONTENT="ו ותלמוד תורה כנגד כלם:"
                    HPOS="238.0"
                    VPOS="982.0"
                    WIDTH="776.0"
                    HEIGHT="78.0"
                    WC="0.992615247214282"></String>
          </TextLine>

          
          
          <TextLine ID="eSc_line_dd271957"
                    TAGREFS="LT15288"
                    BASELINE="74 1091 1198 1088" 
                    HPOS="74.0"
                    VPOS="1053.0"
                    WIDTH="1124.0"
                    HEIGHT="86.0">
            <Shape><Polygon POINTS="74 1127 103 1135 104 1135 105 1135 123 1127 129 1125 217 1125 228 1127 261 1134 262 1134 304 1128 336 1138 337 1138 338 1139 418 1139 418 1138 419 1138 447 1130 468 1136 469 1136 470 1136 471 1136 492 1126 497 1124 516 1124 526 1125 553 1130 554 1130 555 1130 571 1126 596 1137 597 1137 598 1138 673 1138 673 1137 674 1137 705 1125 707 1124 710 1125 745 1133 746 1133 800 1124 803 1124 804 1124 830 1136 831 1136 832 1137 934 1137 934 1136 935 1136 963 1123 965 1123 1030 1123 1032 1123 1073 1136 1074 1136 1075 1137 1121 1137 1121 1136 1197 1122 1198 1088 1197 1054 1151 1053 1149 1053 1148 1053 1146 1054 1122 1064 1080 1054 1074 1053 1073 1053 1072 1053 1070 1054 1047 1066 1034 1062 1033 1062 1032 1062 1031 1062 1014 1070 885 1070 850 1054 848 1053 846 1053 845 1053 844 1053 843 1053 842 1054 813 1072 725 1072 680 1055 679 1055 677 1055 624 1064 596 1061 595 1061 594 1061 576 1069 540 1060 539 1060 538 1060 537 1060 536 1060 516 1072 445 1072 407 1069 379 1056 378 1056 377 1056 376 1056 357 1061 348 1055 347 1055 346 1055 261 1055 260 1055 259 1055 245 1061 234 1055 233 1055 162 1055 161 1055 160 1055 142 1062 74 1055 74 1091 74 1127"/></Shape>
	    <String CONTENT=""
                    HPOS="74.0"
                    VPOS="1053.0"
                    WIDTH="1124.0"
                    HEIGHT="86.0"
                    WC="0.978033477351779"></String>
          </TextLine>

          
          
          <TextLine ID="eSc_line_0e49de41"
                    TAGREFS="LT15288"
                    BASELINE="74 1166 1009 1168" 
                    HPOS="73.0"
                    VPOS="1133.0"
                    WIDTH="936.0"
                    HEIGHT="78.0">
            <Shape><Polygon POINTS="74 1166 73 1194 116 1195 136 1209 137 1209 138 1209 139 1209 214 1199 259 1209 260 1210 332 1210 332 1209 333 1209 370 1197 376 1196 381 1197 424 1209 425 1209 426 1209 504 1198 509 1198 512 1198 568 1210 570 1211 603 1211 603 1210 604 1210 635 1200 694 1206 695 1206 696 1206 707 1200 713 1197 729 1197 735 1200 748 1210 749 1210 751 1210 752 1210 815 1201 845 1197 854 1201 860 1204 861 1204 862 1204 897 1201 953 1197 962 1202 963 1203 964 1203 965 1203 966 1203 967 1203 969 1203 970 1202 979 1197 1006 1202 1009 1168 1008 1150 969 1150 969 1149 950 1137 949 1137 948 1137 899 1134 898 1134 897 1134 864 1149 815 1138 814 1138 813 1138 783 1149 782 1150 656 1150 653 1149 631 1136 630 1136 628 1136 627 1136 613 1142 598 1137 597 1137 596 1137 595 1137 572 1149 571 1149 541 1133 540 1133 467 1133 466 1133 420 1143 410 1137 409 1137 408 1137 407 1137 372 1142 347 1133 346 1133 264 1133 263 1133 220 1135 219 1135 195 1148 194 1148 74 1148 74 1166"/></Shape>
	    <String CONTENT="האמת ודובר אמת בלבבו וישכם ויאמר:"
                    HPOS="73.0"
                    VPOS="1133.0"
                    WIDTH="936.0"
                    HEIGHT="78.0"
                    WC="0.9889203257420484"></String>
          </TextLine>

          
          
          <TextLine ID="eSc_line_c60f7708"
                    TAGREFS="LT15288"
                    BASELINE="73 1243 1198 1243" 
                    HPOS="73.0"
                    VPOS="1210.0"
                    WIDTH="1125.0"
                    HEIGHT="82.0">
            <Shape><Polygon POINTS="73 1243 73 1285 106 1288 107 1288 108 1288 119 1285 142 1279 154 1285 164 1290 165 1290 166 1292 192 1292 192 1290 194 1290 216 1285 237 1280 256 1284 280 1290 281 1290 282 1290 366 1284 392 1282 395 1283 407 1289 408 1289 409 1289 441 1283 463 1279 470 1283 477 1286 478 1286 479 1286 495 1283 504 1281 510 1283 528 1290 529 1290 530 1292 627 1292 627 1290 628 1290 647 1282 653 1279 745 1279 751 1281 765 1288 766 1288 800 1290 801 1290 802 1290 822 1281 827 1279 888 1279 892 1280 911 1290 912 1290 913 1292 1069 1292 1069 1290 1070 1290 1071 1290 1080 1285 1110 1290 1111 1290 1112 1290 1159 1279 1160 1279 1198 1279 1198 1243 1197 1215 1137 1216 1125 1214 1100 1210 1099 1210 1076 1214 1054 1219 1031 1214 1010 1210 1009 1210 1008 1210 999 1214 985 1221 946 1221 934 1213 930 1212 929 1212 928 1212 927 1212 922 1213 910 1216 898 1213 888 1211 887 1211 886 1211 885 1211 877 1213 857 1220 790 1213 789 1213 788 1213 786 1213 771 1221 620 1221 584 1212 578 1211 577 1211 576 1211 572 1212 554 1216 538 1212 531 1210 530 1210 299 1210 298 1210 297 1210 295 1210 272 1216 245 1212 244 1212 147 1220 132 1211 131 1211 130 1211 73 1210 73 1243"/></Shape>
	    <String CONTENT=""
                    HPOS="73.0"
                    VPOS="1210.0"
                    WIDTH="1125.0"
                    HEIGHT="82.0"
                    WC="0.977721701497617"></String>
          </TextLine>

          
          
          <TextLine ID="eSc_line_7ef98c76"
                    TAGREFS="LT15288"
                    BASELINE="74 1316 1200 1318" 
                    HPOS="73.0"
                    VPOS="1282.0"
                    WIDTH="1127.0"
                    HEIGHT="81.0">
            <Shape><Polygon POINTS="73 1345 127 1346 179 1359 180 1359 182 1359 200 1350 239 1353 240 1353 241 1353 250 1348 252 1347 316 1348 317 1349 338 1361 340 1361 341 1362 372 1362 372 1361 373 1361 374 1361 393 1350 394 1349 426 1347 473 1352 535 1358 536 1358 537 1358 555 1353 576 1347 588 1354 597 1358 598 1358 599 1358 600 1358 616 1354 634 1349 643 1355 655 1362 656 1362 657 1362 658 1363 772 1363 772 1362 773 1362 788 1357 798 1353 814 1357 833 1362 834 1362 836 1362 837 1362 848 1358 861 1352 885 1358 886 1358 887 1358 888 1358 889 1358 924 1348 974 1348 991 1356 992 1356 994 1356 995 1356 1009 1349 1061 1361 1066 1361 1097 1362 1098 1362 1099 1362 1101 1361 1119 1354 1140 1361 1141 1361 1196 1362 1200 1318 1200 1290 1067 1284 1066 1284 1064 1284 1055 1289 1052 1289 1047 1288 1023 1285 1022 1285 1021 1285 1011 1288 992 1296 945 1296 911 1288 910 1288 909 1288 891 1297 825 1297 807 1287 801 1284 800 1284 745 1284 744 1284 743 1284 736 1286 715 1297 638 1297 541 1285 518 1283 517 1283 502 1285 463 1290 415 1284 402 1283 401 1283 400 1283 396 1284 374 1293 326 1285 325 1285 296 1292 263 1283 262 1283 261 1283 260 1283 257 1283 198 1296 106 1296 75 1282 74 1316 73 1345"/></Shape>
	    <String CONTENT="מפילים תחנונינו לפניך כי על רחמיך הרבים,"
                    HPOS="73.0"
                    VPOS="1282.0"
                    WIDTH="1127.0"
                    HEIGHT="81.0"
                    WC="0.9853354442951291"></String>
          </TextLine>

          
          
          <TextLine ID="eSc_line_0fbdc9d1"
                    TAGREFS="LT15288"
                    BASELINE="74 1393 1203 1389" 
                    HPOS="74.0"
                    VPOS="1358.0"
                    WIDTH="1129.0"
                    HEIGHT="81.0">
            <Shape><Polygon POINTS="74 1435 185 1439 186 1439 206 1434 249 1424 293 1433 320 1439 321 1439 322 1439 345 1433 382 1423 407 1432 420 1436 421 1436 422 1436 424 1436 437 1432 458 1423 550 1430 551 1430 552 1430 583 1423 607 1424 615 1430 626 1436 627 1436 628 1436 630 1436 631 1436 657 1429 667 1427 675 1429 701 1436 703 1436 704 1438 797 1438 797 1436 798 1436 818 1428 827 1423 845 1427 851 1428 852 1428 853 1428 856 1427 873 1422 887 1427 891 1428 892 1428 893 1428 921 1426 947 1424 951 1426 976 1435 977 1435 978 1435 979 1435 998 1426 1007 1421 1043 1421 1050 1424 1064 1431 1066 1431 1067 1432 1095 1432 1095 1431 1096 1431 1097 1431 1108 1423 1110 1423 1202 1423 1203 1389 1201 1367 1183 1368 1179 1367 1164 1359 1163 1359 1161 1359 1107 1367 1093 1368 1085 1367 1055 1358 1054 1358 1052 1358 1012 1367 999 1369 989 1367 960 1358 959 1358 922 1358 921 1358 919 1358 888 1367 874 1370 843 1367 814 1363 813 1363 812 1363 804 1367 796 1370 764 1367 741 1365 740 1365 701 1367 647 1370 639 1367 634 1365 633 1365 632 1365 631 1365 625 1367 613 1371 583 1367 542 1361 541 1361 516 1367 497 1372 377 1372 365 1367 348 1361 347 1361 293 1361 292 1361 291 1361 272 1367 264 1369 258 1367 238 1361 237 1361 236 1361 165 1367 153 1368 150 1367 131 1361 130 1361 129 1361 128 1361 127 1361 117 1368 108 1372 74 1368 74 1393 74 1435"/></Shape>
	    <String CONTENT=""
                    HPOS="74.0"
                    VPOS="1358.0"
                    WIDTH="1129.0"
                    HEIGHT="81.0"
                    WC="0.9751270726323128"></String>
          </TextLine>

          
          
          <TextLine ID="eSc_line_d7215519"
                    TAGREFS="LT15288"
                    BASELINE="73 1467 1202 1469" 
                    HPOS="71.0"
                    VPOS="1435.0"
                    WIDTH="1131.0"
                    HEIGHT="83.0">
            <Shape><Polygon POINTS="73 1459 73 1467 71 1499 129 1516 130 1516 131 1517 152 1517 152 1516 153 1516 154 1516 171 1506 182 1511 183 1511 184 1511 185 1511 186 1511 201 1501 202 1501 203 1501 238 1514 239 1514 240 1514 289 1504 321 1516 322 1516 323 1517 415 1517 415 1516 416 1516 432 1507 451 1514 452 1514 453 1514 488 1506 511 1501 523 1506 541 1516 542 1516 543 1517 573 1517 573 1516 574 1516 606 1507 635 1501 694 1509 698 1509 699 1509 700 1509 701 1509 716 1502 749 1502 778 1511 798 1517 800 1517 801 1517 851 1512 866 1511 885 1513 924 1517 925 1517 926 1517 937 1514 969 1502 1022 1502 1046 1514 1047 1514 1048 1514 1049 1514 1073 1502 1135 1502 1168 1517 1169 1517 1170 1518 1200 1518 1202 1469 1201 1448 1170 1448 1169 1447 1151 1436 1149 1436 1148 1436 1147 1436 1091 1439 1089 1439 1070 1447 1040 1439 1039 1439 1038 1439 1037 1439 1015 1447 1015 1448 962 1448 961 1447 937 1436 936 1436 904 1436 903 1436 902 1436 881 1447 880 1447 876 1447 788 1438 786 1438 785 1438 760 1447 758 1448 718 1448 716 1447 683 1436 682 1436 623 1436 622 1436 621 1436 620 1436 603 1446 602 1447 524 1447 524 1446 504 1436 503 1436 473 1435 420 1435 419 1435 418 1435 394 1446 394 1447 343 1447 342 1446 316 1438 315 1438 313 1438 216 1442 156 1435 155 1435 154 1435 127 1446 125 1446 74 1446 73 1459"/></Shape>
	    <String CONTENT=""
                    HPOS="71.0"
                    VPOS="1435.0"
                    WIDTH="1131.0"
                    HEIGHT="83.0"
                    WC="0.9817000428835551"></String>
          </TextLine>

          
          
          <TextLine ID="eSc_line_7a4624e5"
                    TAGREFS="LT15288"
                    BASELINE="74 1543 1203 1541" 
                    HPOS="74.0"
                    VPOS="1512.0"
                    WIDTH="1129.0"
                    HEIGHT="76.0">
            <Shape><Polygon POINTS="74 1575 139 1588 140 1588 213 1577 227 1575 241 1577 267 1581 268 1581 269 1581 283 1577 294 1575 305 1578 317 1581 318 1581 319 1581 340 1578 342 1578 343 1578 371 1588 372 1588 373 1588 456 1584 457 1584 468 1579 480 1575 505 1580 514 1581 515 1581 516 1581 517 1581 519 1580 528 1575 573 1580 574 1580 575 1580 576 1580 638 1576 649 1581 659 1587 660 1587 661 1588 728 1588 728 1587 729 1587 739 1582 741 1581 747 1582 766 1586 767 1586 768 1586 773 1582 791 1574 873 1574 894 1584 895 1584 897 1584 898 1584 913 1578 929 1585 936 1587 937 1587 938 1588 1034 1588 1034 1587 1035 1587 1038 1586 1061 1574 1113 1574 1201 1587 1203 1541 1202 1517 1001 1513 1000 1513 999 1513 992 1516 983 1521 828 1521 801 1515 782 1512 781 1512 780 1512 779 1512 773 1515 768 1518 748 1515 735 1513 734 1513 723 1515 698 1520 658 1515 637 1512 636 1512 635 1512 625 1514 600 1521 489 1514 467 1513 466 1513 427 1514 426 1514 410 1523 324 1523 303 1513 301 1513 300 1513 247 1513 246 1513 245 1513 244 1513 226 1519 208 1513 207 1513 206 1513 204 1513 202 1513 161 1521 74 1513 74 1543 74 1575"/></Shape>
	    <String CONTENT=""
                    HPOS="74.0"
                    VPOS="1512.0"
                    WIDTH="1129.0"
                    HEIGHT="76.0"
                    WC="0.9859469711780549"></String>
          </TextLine>

          
          
          <TextLine ID="eSc_line_92d9eee0"
                    TAGREFS="LT15288"
                    BASELINE="75 1614 1202 1617" 
                    HPOS="74.0"
                    VPOS="1582.0"
                    WIDTH="1128.0"
                    HEIGHT="82.0">
            <Shape><Polygon POINTS="75 1614 74 1647 99 1648 118 1660 119 1660 120 1660 122 1660 123 1660 146 1653 160 1662 161 1662 162 1662 163 1662 268 1649 309 1662 310 1662 311 1663 432 1663 432 1662 433 1662 447 1657 456 1663 457 1663 458 1663 459 1663 461 1663 502 1650 503 1650 537 1662 538 1662 539 1662 540 1662 566 1650 567 1650 622 1650 623 1650 649 1663 650 1663 651 1664 753 1664 753 1663 754 1663 789 1651 794 1650 802 1651 850 1663 851 1663 927 1654 945 1663 946 1663 947 1663 982 1661 983 1661 1007 1652 1012 1651 1018 1653 1054 1664 1055 1664 1056 1664 1057 1664 1088 1653 1095 1651 1198 1653 1202 1617 1201 1593 1164 1585 1163 1585 1079 1590 1049 1585 1048 1585 1013 1592 1010 1592 784 1592 784 1591 768 1584 767 1584 722 1584 721 1584 720 1584 701 1591 700 1591 697 1591 657 1585 656 1585 586 1590 574 1591 570 1590 542 1584 541 1584 540 1584 507 1590 501 1591 434 1591 433 1590 414 1582 413 1582 412 1582 410 1582 393 1590 392 1590 389 1590 354 1582 353 1582 295 1589 285 1590 138 1590 136 1589 118 1584 117 1584 116 1584 75 1588 75 1614"/></Shape>
	    <String CONTENT=""
                    HPOS="74.0"
                    VPOS="1582.0"
                    WIDTH="1128.0"
                    HEIGHT="82.0"
                    WC="0.9887064630570619"></String>
          </TextLine>

          
          
          <TextLine ID="eSc_line_e667da1e"
                    TAGREFS="LT15288"
                    BASELINE="73 1690 1202 1692" 
                    HPOS="71.0"
                    VPOS="1658.0"
                    WIDTH="1131.0"
                    HEIGHT="87.0">
            <Shape><Polygon POINTS="73 1690 71 1725 101 1734 102 1734 103 1734 170 1727 173 1727 174 1727 220 1740 221 1740 222 1740 223 1740 252 1728 257 1727 264 1728 325 1742 326 1742 378 1740 379 1740 396 1731 405 1727 487 1727 497 1733 502 1736 503 1736 504 1736 505 1736 539 1736 551 1743 552 1743 553 1743 636 1744 637 1744 669 1737 686 1744 687 1744 688 1745 788 1745 788 1744 789 1744 800 1738 821 1744 822 1744 824 1744 825 1744 839 1738 863 1728 927 1739 934 1740 935 1740 936 1740 938 1740 963 1728 1019 1728 1047 1742 1051 1744 1052 1744 1054 1744 1063 1742 1113 1732 1198 1744 1202 1692 1202 1671 1166 1659 1165 1659 1115 1659 1113 1659 1112 1659 1089 1666 1067 1659 1066 1659 941 1659 940 1659 939 1659 918 1670 917 1670 910 1670 834 1664 833 1664 782 1670 773 1670 768 1669 736 1663 735 1663 734 1663 713 1669 709 1670 704 1669 656 1659 655 1659 653 1659 620 1669 619 1670 480 1670 479 1669 458 1658 457 1658 456 1658 410 1667 407 1669 404 1667 376 1658 374 1658 373 1658 301 1667 291 1670 229 1670 225 1667 212 1662 211 1662 210 1662 178 1667 168 1669 73 1667 73 1690"/></Shape>
	    <String CONTENT="הלא כל הגבורים כאין לפניך ואנשי השם כלא היו"
                    HPOS="71.0"
                    VPOS="1658.0"
                    WIDTH="1131.0"
                    HEIGHT="87.0"
                    WC="0.954313881340481"></String>
          </TextLine>

          
          
          <TextLine ID="eSc_line_c8bad7a4"
                    TAGREFS="LT15288"
                    BASELINE="78 1768 1202 1764" 
                    HPOS="77.0"
                    VPOS="1733.0"
                    WIDTH="1125.0"
                    HEIGHT="84.0">
            <Shape><Polygon POINTS="78 1768 78 1809 190 1804 206 1810 221 1817 222 1817 223 1817 224 1817 236 1810 249 1804 294 1804 315 1811 326 1815 328 1815 329 1815 330 1815 337 1811 352 1804 428 1804 454 1811 468 1816 469 1816 470 1816 523 1811 627 1804 646 1812 653 1816 655 1816 656 1817 692 1817 692 1816 723 1812 821 1803 839 1810 840 1810 921 1813 957 1815 958 1815 959 1815 961 1813 994 1801 1043 1812 1200 1815 1202 1764 1200 1743 1020 1743 1009 1742 927 1733 926 1733 840 1734 839 1734 816 1742 809 1744 805 1742 795 1737 794 1737 793 1737 792 1737 779 1742 771 1744 723 1742 650 1738 649 1738 648 1738 640 1742 636 1744 628 1742 612 1737 611 1737 610 1737 609 1737 597 1742 590 1745 513 1745 507 1742 498 1737 497 1737 495 1737 476 1742 474 1742 459 1734 458 1734 457 1734 356 1735 355 1735 331 1742 329 1742 323 1742 265 1735 264 1735 263 1735 239 1742 237 1742 235 1742 217 1735 216 1735 215 1735 214 1735 196 1742 184 1745 150 1742 104 1736 103 1736 77 1740 78 1768"/></Shape>
	    <String CONTENT="וחכמים כבלי מדע ונבונים כבלי השכל כי רוב"
                    HPOS="77.0"
                    VPOS="1733.0"
                    WIDTH="1125.0"
                    HEIGHT="84.0"
                    WC="0.9725263033594403"></String>
          </TextLine>

          
          
          <TextLine ID="eSc_line_17b7f6e6"
                    TAGREFS="LT15288"
                    BASELINE="77 1844 1202 1840" 
                    HPOS="76.0"
                    VPOS="1810.0"
                    WIDTH="1126.0"
                    HEIGHT="93.0">
            <Shape><Polygon POINTS="77 1844 77 1903 148 1890 261 1899 262 1899 263 1899 289 1890 329 1890 341 1896 342 1896 343 1896 344 1896 403 1891 432 1898 441 1901 442 1901 443 1902 573 1902 573 1901 574 1901 583 1896 598 1889 635 1889 649 1895 657 1899 658 1899 659 1901 713 1901 713 1899 715 1899 724 1894 737 1888 774 1894 810 1899 812 1899 855 1893 856 1893 918 1899 919 1899 921 1899 948 1891 957 1889 963 1891 979 1898 980 1898 982 1898 983 1898 999 1891 1008 1886 1064 1886 1073 1890 1092 1897 1093 1897 1094 1897 1095 1897 1127 1889 1132 1888 1137 1889 1172 1898 1173 1898 1175 1898 1176 1898 1202 1888 1202 1840 1201 1818 1096 1812 1095 1812 1024 1817 1004 1818 999 1817 978 1812 977 1812 937 1817 925 1818 919 1817 894 1810 893 1810 892 1810 862 1817 849 1819 786 1817 644 1810 643 1810 526 1811 525 1811 524 1811 516 1816 509 1821 433 1821 425 1816 418 1812 417 1812 416 1812 389 1816 369 1818 303 1816 267 1815 265 1815 264 1815 261 1816 243 1821 216 1816 201 1812 200 1812 76 1815 77 1844"/></Shape>
	    <String CONTENT="מעשיהם תהו וימי חייהם הבל לפניך, ומותר האדם מן"
                    HPOS="76.0"
                    VPOS="1810.0"
                    WIDTH="1126.0"
                    HEIGHT="93.0"
                    WC="0.9671206374963125"></String>
          </TextLine>

          
        </TextBlock>
        

        
      </PrintSpace>
    </Page>
  </Layout>
</alto>
