<?xml version="1.0" encoding="UTF-8"?>
<alto xmlns:xsi="http://www.w3.org/2001/XMLSchema-instance"
      xmlns="http://www.loc.gov/standards/alto/ns-v4#"
      xsi:schemaLocation="http://www.loc.gov/standards/alto/ns-v4# http://www.loc.gov/standards/alto/v4/alto-4-2.xsd">
  <Description>
    <MeasurementUnit>pixel</MeasurementUnit>
    <sourceImageInformation>
      <fileName>IE87581919_00016.jpg</fileName>
      <fileIdentifier>mets//export_doc4366_1col_14_copy_alto_202404261215.zip/IE87581919_00016.jpg</fileIdentifier>
    </sourceImageInformation>
  </Description>
  
  <Tags>
    <OtherTag ID="BT8356" LABEL="MainLeft" DESCRIPTION="block type MainLeft"/><OtherTag ID="BT8355" LABEL="MainRight" DESCRIPTION="block type MainRight"/><OtherTag ID="BT6914" LABEL="Handwritten" DESCRIPTION="block type Handwritten"/><OtherTag ID="BT6913" LABEL="RunningHeader" DESCRIPTION="block type RunningHeader"/><OtherTag ID="BT6912" LABEL="Catchword" DESCRIPTION="block type Catchword"/><OtherTag ID="BT6911" LABEL="Margin" DESCRIPTION="block type Margin"/><OtherTag ID="BT6910" LABEL="FooterCentral" DESCRIPTION="block type FooterCentral"/><OtherTag ID="BT6909" LABEL="MainCentral" DESCRIPTION="block type MainCentral"/><OtherTag ID="BT6908" LABEL="Header" DESCRIPTION="block type Header"/><OtherTag ID="BT4" LABEL="Illustration" DESCRIPTION="block type Illustration"/><OtherTag ID="BT3" LABEL="Commentary" DESCRIPTION="block type Commentary"/><OtherTag ID="BT2" LABEL="Main" DESCRIPTION="block type Main"/><OtherTag ID="BT1" LABEL="Title" DESCRIPTION="block type Title"/>
    <OtherTag ID="LT15938" LABEL="MainLeft" DESCRIPTION="line type MainLeft"/><OtherTag ID="LT15937" LABEL="MainRight" DESCRIPTION="line type MainRight"/><OtherTag ID="LT15289" LABEL="Handwritten" DESCRIPTION="line type Handwritten"/><OtherTag ID="LT15288" LABEL="MainCentral" DESCRIPTION="line type MainCentral"/><OtherTag ID="LT15287" LABEL="NotMain" DESCRIPTION="line type NotMain"/>
  </Tags>
  
  <Layout>
    <Page WIDTH="1313"
          HEIGHT="1989"
          PHYSICAL_IMG_NR="35"
          ID="eSc_dummypage_">
      <PrintSpace HPOS="0"
                  VPOS="0"
                  WIDTH="1313"
                  HEIGHT="1989">
        
        <TextBlock HPOS="79.0"
                   VPOS="110.0"
                   WIDTH="1131.0"
                   HEIGHT="1732.0"
                   ID="eSc_textblock_5b109f46"
                   TAGREFS="BT6909">
          <Shape><Polygon POINTS="97 110 1210 119 1210 1700 1196 1837 106 1842 88 1828 79 676 83 123 97 110"/></Shape>
          
          
          <TextLine ID="eSc_line_71272b8c"
                    TAGREFS="LT15288"
                    BASELINE="87 134 1189 139" 
                    HPOS="86.0"
                    VPOS="110.0"
                    WIDTH="1103.0"
                    HEIGHT="73.0">
            <Shape><Polygon POINTS="1158 118 1147 118 1136 118 1131 118 1130 119 1127 121 990 121 977 118 971 117 970 117 959 117 948 117 943 118 928 120 867 117 847 116 837 116 826 116 815 116 804 116 793 116 783 114 768 116 729 118 725 116 722 114 716 114 710 114 708 116 698 119 622 114 602 113 594 113 583 113 572 113 553 118 539 113 528 113 517 113 506 112 495 112 484 112 473 112 461 112 453 112 299 117 282 111 274 111 271 111 254 118 185 118 96 110 89 117 87 134 86 177 251 179 253 179 254 179 255 179 256 177 275 166 298 173 299 173 300 173 347 166 361 176 362 176 363 176 364 176 365 176 383 172 393 177 397 180 398 180 400 180 401 180 406 177 417 174 453 177 475 180 476 180 477 180 478 180 481 177 496 169 523 167 607 177 637 181 638 182 689 182 689 181 690 181 697 177 713 169 758 175 759 175 760 175 775 169 813 174 814 174 866 169 895 177 911 182 912 182 914 182 947 181 948 181 956 177 972 170 1030 170 1057 177 1075 182 1076 182 1077 183 1106 183 1106 182 1107 182 1117 177 1132 170 1185 176 1189 139 1188 120 1168 118 1158 118"/></Shape>
	    <String CONTENT="העצים ויעקד את־יצחק בנו וישם אתו על־המזבח"
                    HPOS="86.0"
                    VPOS="110.0"
                    WIDTH="1103.0"
                    HEIGHT="73.0"
                    WC="0.981062823679389"></String>
          </TextLine>

          
          
          <TextLine ID="eSc_line_1e387ad8"
                    TAGREFS="LT15288"
                    BASELINE="87 211 1191 213" 
                    HPOS="86.0"
                    VPOS="177.0"
                    WIDTH="1105.0"
                    HEIGHT="78.0">
            <Shape><Polygon POINTS="87 211 86 244 191 244 192 244 203 249 204 249 205 249 206 249 216 245 223 241 237 245 249 247 250 247 279 245 320 241 329 245 341 251 342 251 343 251 344 251 356 246 365 241 391 246 429 253 431 254 497 254 497 253 498 253 513 247 528 241 543 247 544 247 545 247 547 247 568 241 576 247 578 247 579 247 580 247 633 243 656 248 677 254 678 254 679 255 753 255 753 254 754 254 763 249 776 243 824 243 869 250 891 254 893 254 894 254 906 250 920 247 938 250 952 254 953 254 954 254 961 251 981 243 1051 243 1074 253 1078 254 1079 254 1080 254 1189 253 1191 213 1190 196 1139 186 1138 186 1137 186 1120 193 1096 180 1095 180 948 180 947 180 946 180 916 191 904 195 884 191 874 188 873 188 853 190 796 195 779 188 772 186 771 186 770 186 769 186 763 188 752 193 743 188 728 180 727 180 669 180 668 180 667 180 666 180 655 186 641 195 585 190 584 190 434 194 422 188 421 188 419 188 305 194 265 180 264 180 263 180 261 180 260 180 259 180 227 194 158 194 120 179 119 179 87 177 87 211"/></Shape>
	    <String CONTENT="ממעל לעצים: וישלח אברהם את־ידו ויקח את־"
                    HPOS="86.0"
                    VPOS="177.0"
                    WIDTH="1105.0"
                    HEIGHT="78.0"
                    WC="0.9661661606085928"></String>
          </TextLine>

          
          
          <TextLine ID="eSc_line_fd4c8b25"
                    TAGREFS="LT15288"
                    BASELINE="86 285 1194 285" 
                    HPOS="86.0"
                    VPOS="253.0"
                    WIDTH="1108.0"
                    HEIGHT="77.0">
            <Shape><Polygon POINTS="86 285 86 330 141 330 141 329 142 329 143 329 160 319 186 319 204 329 205 329 206 329 207 330 340 330 340 329 341 329 348 328 381 319 456 324 457 324 607 319 646 325 668 329 669 330 700 330 700 329 701 329 709 324 721 319 733 324 742 329 743 329 744 329 746 329 760 324 778 319 809 324 838 329 839 329 841 329 859 323 878 319 967 319 972 323 978 327 979 327 980 327 981 327 982 327 991 322 1000 319 1047 322 1080 324 1082 324 1083 324 1088 322 1096 319 1103 322 1119 329 1120 329 1121 330 1179 330 1179 329 1180 329 1194 321 1194 285 1194 270 1101 269 1069 253 1068 253 848 253 847 253 846 253 816 267 812 270 636 270 628 266 624 264 623 264 622 264 563 266 447 269 435 265 406 253 405 253 404 253 356 258 348 253 347 253 345 253 266 253 265 253 264 253 240 262 226 269 190 262 180 261 179 261 177 261 174 262 158 269 86 262 86 285"/></Shape>
	    <String CONTENT="המאכלת לשחט את־בנו: ויקרא אליו מלאך יהוה מן"
                    HPOS="86.0"
                    VPOS="253.0"
                    WIDTH="1108.0"
                    HEIGHT="77.0"
                    WC="0.9833586492189547"></String>
          </TextLine>

          
          
          <TextLine ID="eSc_line_08f18b8f"
                    TAGREFS="LT15288"
                    BASELINE="87 358 1195 361" 
                    HPOS="86.0"
                    VPOS="332.0"
                    WIDTH="1109.0"
                    HEIGHT="73.0">
            <Shape><Polygon POINTS="87 358 86 390 112 402 113 402 114 402 186 398 187 398 203 391 222 396 223 396 224 396 257 391 259 391 278 402 279 402 280 402 281 403 316 403 316 402 317 402 318 402 334 392 352 398 353 398 354 398 355 398 371 392 375 391 422 392 423 393 454 403 455 403 456 403 457 403 476 394 479 392 501 394 548 398 549 398 583 395 612 392 643 393 647 395 658 403 659 403 660 403 662 404 715 404 715 403 716 403 729 396 739 392 790 392 806 397 825 404 826 404 827 405 859 405 859 404 860 404 862 404 870 398 879 393 940 400 958 401 959 401 970 400 1012 394 1025 401 1034 404 1035 404 1036 405 1096 405 1096 404 1097 404 1104 402 1122 393 1141 402 1147 404 1148 404 1149 404 1193 402 1195 361 1192 337 1179 343 1159 337 1151 334 1150 334 1149 334 1132 337 1094 343 1048 338 1023 334 912 334 911 334 910 334 899 338 879 345 851 340 849 340 848 340 827 345 748 340 747 340 521 344 513 340 502 333 501 333 500 333 439 332 438 332 437 332 413 341 405 343 383 341 324 334 323 334 322 334 305 341 305 342 225 343 215 342 160 332 159 332 158 332 127 342 123 343 87 343 87 358"/></Shape>
	    <String CONTENT="־השמים ויאמר אברהם אברהם ויאמר הנני: ויאמר"
                    HPOS="86.0"
                    VPOS="332.0"
                    WIDTH="1109.0"
                    HEIGHT="73.0"
                    WC="0.9876721007067982"></String>
          </TextLine>

          
          
          <TextLine ID="eSc_line_1118b892"
                    TAGREFS="LT15288"
                    BASELINE="85 430 1194 439" 
                    HPOS="83.0"
                    VPOS="398.0"
                    WIDTH="1111.0"
                    HEIGHT="88.0">
            <Shape><Polygon POINTS="85 430 83 465 111 475 112 475 113 475 148 468 223 479 224 479 297 468 358 476 359 476 360 476 385 468 386 468 387 468 437 480 438 480 468 476 499 481 500 481 501 481 529 471 595 480 596 480 597 480 625 471 632 469 668 469 671 471 695 482 696 482 697 482 759 481 760 481 779 474 783 471 838 471 845 474 863 482 864 482 917 485 918 486 951 486 951 485 952 485 969 476 973 474 979 476 995 482 996 482 998 482 999 482 1019 476 1032 472 1191 478 1194 439 1194 417 1159 417 1158 416 1139 405 1138 405 1137 405 1136 405 1089 413 1055 404 1054 404 1053 404 938 405 937 405 916 414 895 403 894 403 893 403 814 411 783 403 782 403 781 403 780 403 750 413 734 418 658 418 643 412 628 406 627 406 626 406 625 406 611 412 597 416 569 416 561 411 551 405 550 405 549 405 548 405 547 405 532 411 518 416 401 416 387 409 362 398 361 398 296 398 295 398 293 398 272 408 268 411 208 413 85 407 85 430"/></Shape>
	    <String CONTENT="אל־תשלח ידך אל־הנער ואל־תעש לו מאומה כי"
                    HPOS="83.0"
                    VPOS="398.0"
                    WIDTH="1111.0"
                    HEIGHT="88.0"
                    WC="0.9815785334660456"></String>
          </TextLine>

          
          
          <TextLine ID="eSc_line_c549991b"
                    TAGREFS="LT15288"
                    BASELINE="86 511 1194 508" 
                    HPOS="85.0"
                    VPOS="474.0"
                    WIDTH="1109.0"
                    HEIGHT="77.0">
            <Shape><Polygon POINTS="86 511 87 551 109 542 227 542 237 548 238 548 239 548 240 548 333 542 374 548 396 551 397 551 398 551 412 548 433 542 464 546 482 550 484 550 485 550 496 546 515 541 531 546 532 546 533 546 534 546 540 546 578 541 590 545 600 550 601 550 602 551 700 551 700 550 701 550 723 544 737 541 755 544 792 550 793 550 794 550 795 550 805 543 811 540 837 540 848 543 868 549 869 549 870 549 933 543 996 549 998 549 1057 541 1065 540 1069 541 1106 549 1107 549 1108 549 1136 542 1162 549 1163 549 1164 549 1166 549 1194 539 1194 508 1192 489 1143 489 1140 489 1086 474 1085 474 1084 474 1017 479 981 474 980 474 979 474 948 489 947 489 935 489 870 483 869 483 868 483 854 489 851 490 734 490 730 489 708 475 707 475 706 475 705 475 660 479 659 479 658 479 643 489 638 491 593 491 590 489 573 480 572 480 571 480 570 480 554 489 550 491 519 491 507 489 429 476 321 476 320 476 319 476 298 485 254 476 253 476 198 488 174 476 173 476 135 476 134 476 133 476 85 488 86 511"/></Shape>
	    <String CONTENT="עתה ידעתי כי־ירא אלהים אתה ולא חשכת את"
                    HPOS="85.0"
                    VPOS="474.0"
                    WIDTH="1109.0"
                    HEIGHT="77.0"
                    WC="0.9806404082398665"></String>
          </TextLine>

          
          
          <TextLine ID="eSc_line_96543368"
                    TAGREFS="LT15288"
                    BASELINE="85 585 1195 587" 
                    HPOS="83.0"
                    VPOS="558.0"
                    WIDTH="1112.0"
                    HEIGHT="74.0">
            <Shape><Polygon POINTS="85 585 83 615 96 621 97 621 98 621 186 615 204 615 207 616 238 629 239 629 240 629 320 628 321 628 348 618 356 615 385 618 429 624 431 624 432 624 445 619 458 615 471 619 475 621 476 621 477 621 482 619 503 615 519 621 532 625 533 625 534 625 536 625 549 621 563 616 574 622 593 629 594 629 595 629 596 629 622 622 637 617 648 622 650 623 652 623 653 623 654 623 655 623 667 616 741 616 761 624 762 624 763 624 764 624 767 624 788 619 795 624 805 630 806 630 807 630 809 632 915 632 915 630 916 630 928 626 954 616 1022 616 1073 626 1074 626 1075 626 1085 623 1095 628 1099 630 1100 630 1101 630 1193 629 1195 587 1194 570 1004 570 1003 569 942 559 941 559 940 559 918 569 916 570 914 569 899 564 898 564 897 564 896 564 895 564 888 569 885 571 696 571 692 569 674 559 673 559 639 558 638 558 601 559 600 559 581 569 559 569 541 569 520 558 519 558 518 558 456 566 427 558 426 558 374 558 373 558 372 558 348 567 313 563 312 563 266 569 259 569 256 569 216 558 215 558 214 558 213 558 197 564 165 559 164 559 85 567 85 585"/></Shape>
	    <String CONTENT="־בנך את־יחידך ממני: וישא אברהם את־עיניו וירא"
                    HPOS="83.0"
                    VPOS="558.0"
                    WIDTH="1112.0"
                    HEIGHT="74.0"
                    WC="0.9762243392855622"></String>
          </TextLine>

          
          
          <TextLine ID="eSc_line_616be5b5"
                    TAGREFS="LT15288"
                    BASELINE="86 659 1199 661" 
                    HPOS="85.0"
                    VPOS="627.0"
                    WIDTH="1114.0"
                    HEIGHT="81.0">
            <Shape><Polygon POINTS="86 659 85 696 99 702 100 702 101 702 142 696 155 693 160 696 177 707 179 707 180 707 181 707 182 707 208 697 216 693 288 693 296 697 311 707 312 707 313 707 314 707 405 706 406 706 431 699 435 698 437 699 453 707 454 707 455 707 481 701 494 707 495 707 496 707 553 706 554 706 569 701 574 699 578 701 589 707 590 707 591 707 653 702 699 708 700 708 727 702 767 695 984 695 1024 707 1026 707 1027 707 1028 707 1038 707 1095 702 1195 708 1199 661 1199 646 1116 637 1115 637 1051 644 1043 644 1042 644 1017 628 1016 628 1015 628 928 628 927 628 926 628 895 642 889 644 885 642 880 638 879 638 878 638 877 638 852 640 821 644 811 640 801 636 800 636 799 636 741 639 676 643 663 638 634 627 633 627 632 627 631 627 602 637 585 644 496 644 473 635 467 634 466 634 465 634 452 635 392 643 374 634 360 627 359 627 200 627 198 627 197 627 183 632 167 636 154 630 144 627 143 627 142 627 86 629 86 659"/></Shape>
	    <String CONTENT="והנה־איל אחר נאחז בסבך בקרניו וילך אברהם"
                    HPOS="85.0"
                    VPOS="627.0"
                    WIDTH="1114.0"
                    HEIGHT="81.0"
                    WC="0.9864957705140114"></String>
          </TextLine>

          
          
          <TextLine ID="eSc_line_7de2908b"
                    TAGREFS="LT15288"
                    BASELINE="85 733 1196 735" 
                    HPOS="83.0"
                    VPOS="707.0"
                    WIDTH="1113.0"
                    HEIGHT="76.0">
            <Shape><Polygon POINTS="83 766 154 781 155 781 368 771 425 769 432 772 449 781 450 781 452 782 587 782 587 781 616 774 637 770 681 775 685 775 686 775 687 775 688 775 706 771 722 776 741 782 742 782 743 782 744 782 759 776 776 770 845 770 865 777 869 780 870 780 872 780 873 780 878 779 901 770 1075 770 1105 781 1107 782 1108 782 1109 783 1194 783 1196 735 1195 722 1140 709 1072 709 1070 709 1069 709 1044 720 1043 720 992 719 864 716 863 716 849 717 818 721 771 721 755 716 732 709 731 709 730 709 729 709 715 716 706 720 664 721 636 714 612 708 611 708 527 708 526 708 524 708 509 712 489 718 324 714 323 714 244 720 184 708 182 708 181 708 180 708 179 708 161 719 123 720 86 707 85 733 83 766"/></Shape>
	    <String CONTENT="ויקח את־האיל ויעלהו לעלה תחת בנו: ויקרא"
                    HPOS="83.0"
                    VPOS="707.0"
                    WIDTH="1113.0"
                    HEIGHT="76.0"
                    WC="0.9948113560676575"></String>
          </TextLine>

          
          
          <TextLine ID="eSc_line_27f677f9"
                    TAGREFS="LT15288"
                    BASELINE="86 807 1195 813" 
                    HPOS="85.0"
                    VPOS="773.0"
                    WIDTH="1110.0"
                    HEIGHT="82.0">
            <Shape><Polygon POINTS="86 807 85 842 99 850 100 850 101 850 102 850 163 840 177 838 183 840 192 845 193 845 194 845 195 845 206 840 209 839 213 840 226 849 227 849 228 849 308 851 309 851 384 843 419 839 435 844 443 846 444 846 445 846 494 845 600 840 616 846 636 853 637 853 638 853 686 851 687 851 700 847 720 840 740 847 757 854 758 854 759 855 831 855 831 854 832 854 851 849 879 842 915 849 929 853 930 853 948 850 993 843 1031 850 1032 850 1110 843 1149 853 1158 855 1159 855 1160 855 1193 853 1195 813 1194 794 1139 794 1137 793 1101 777 1100 777 1099 777 1075 779 1074 779 1048 791 1044 794 1012 794 1005 791 973 776 972 776 870 776 869 776 868 776 839 784 816 776 815 776 814 776 734 781 708 775 707 775 706 775 705 775 688 785 680 791 530 791 412 791 394 781 382 774 381 774 282 773 281 773 280 773 267 779 245 788 188 781 187 781 186 781 185 781 179 785 165 777 163 775 162 775 161 775 160 775 86 775 86 807"/></Shape>
	    <String CONTENT="אברהם שם־המקום ההוא יהוה יראה אשר יאמר היום"
                    HPOS="85.0"
                    VPOS="773.0"
                    WIDTH="1110.0"
                    HEIGHT="82.0"
                    WC="0.9985789046054934"></String>
          </TextLine>

          
          
          <TextLine ID="eSc_line_1a41e756"
                    TAGREFS="LT15288"
                    BASELINE="88 884 1195 887" 
                    HPOS="87.0"
                    VPOS="847.0"
                    WIDTH="1108.0"
                    HEIGHT="81.0">
            <Shape><Polygon POINTS="88 884 87 916 207 916 219 917 269 925 270 925 271 925 272 925 286 917 288 916 329 913 343 917 372 925 373 925 374 927 410 927 410 925 509 917 545 914 596 917 632 919 644 927 645 927 646 927 647 927 713 922 825 928 826 928 962 917 989 916 1074 916 1078 917 1094 925 1095 925 1148 928 1149 928 1193 917 1195 887 1194 868 1058 868 1052 865 1016 851 1015 851 1014 851 1013 851 994 859 974 854 973 854 972 854 971 854 944 863 931 868 827 868 810 860 782 849 781 849 610 849 608 849 607 849 606 849 595 856 578 867 495 867 469 854 457 848 456 848 425 848 424 848 423 848 414 853 392 866 358 866 333 851 329 848 328 848 327 848 326 848 305 850 255 857 227 849 223 848 222 848 221 848 215 849 153 863 121 848 120 848 88 847 88 884"/></Shape>
	    <String CONTENT="בהר יהוה יראה: ויקרא מלאך יהוה אל־אברהם שנית"
                    HPOS="87.0"
                    VPOS="847.0"
                    WIDTH="1108.0"
                    HEIGHT="81.0"
                    WC="0.9908984318375588"></String>
          </TextLine>

          
          
          <TextLine ID="eSc_line_a37264f4"
                    TAGREFS="LT15288"
                    BASELINE="88 955 1195 961" 
                    HPOS="87.0"
                    VPOS="931.0"
                    WIDTH="1108.0"
                    HEIGHT="75.0">
            <Shape><Polygon POINTS="88 955 87 985 117 997 118 997 119 997 120 997 121 997 133 991 177 991 201 1001 202 1001 203 1001 366 991 401 988 406 991 416 996 417 996 418 996 486 993 499 1000 500 1000 501 1000 574 994 591 993 594 994 614 1003 615 1003 616 1004 662 1004 662 1003 663 1003 677 995 684 992 809 991 877 998 878 998 879 998 908 991 967 995 979 1001 989 1005 990 1005 991 1006 1022 1006 1022 1005 1023 1005 1030 1002 1048 992 1097 992 1118 1003 1120 1005 1121 1005 1122 1005 1124 1005 1193 1004 1195 961 1193 938 1125 943 1070 938 1069 938 1068 938 1053 945 936 945 887 935 885 935 884 935 880 935 764 944 671 934 670 934 669 934 668 934 638 943 444 943 428 937 427 937 426 937 335 942 287 942 264 932 263 932 261 932 181 941 166 932 165 932 164 932 88 931 88 955"/></Shape>
	    <String CONTENT="מן־השמים: ויאמר בי נשבעתי נאם־יהוה כי יען אשר"
                    HPOS="87.0"
                    VPOS="931.0"
                    WIDTH="1108.0"
                    HEIGHT="75.0"
                    WC="0.9868902799695037"></String>
          </TextLine>

          
          
          <TextLine ID="eSc_line_f60ed953"
                    TAGREFS="LT15288"
                    BASELINE="88 1035 1196 1032" 
                    HPOS="88.0"
                    VPOS="1002.0"
                    WIDTH="1108.0"
                    HEIGHT="76.0">
            <Shape><Polygon POINTS="1196 1032 1194 1002 1167 1003 1166 1003 1138 1018 1041 1018 1014 1005 1013 1005 1012 1005 1011 1005 984 1016 893 1012 891 1012 823 1018 755 1017 730 1005 726 1004 725 1004 516 1004 515 1004 513 1004 505 1007 479 1018 368 1019 234 1012 233 1012 151 1019 88 1012 88 1035 89 1074 117 1066 138 1071 139 1071 140 1071 196 1066 208 1072 215 1077 216 1077 217 1077 218 1077 327 1076 349 1071 372 1066 389 1070 410 1077 411 1077 412 1078 453 1078 453 1077 454 1077 476 1069 489 1066 582 1068 679 1071 680 1071 700 1067 713 1065 739 1067 779 1070 780 1070 810 1066 820 1065 824 1066 838 1071 839 1071 841 1071 895 1065 910 1064 916 1065 933 1070 935 1070 936 1070 999 1067 1042 1075 1043 1076 1159 1076 1159 1075 1160 1075 1196 1061 1196 1032"/></Shape>
	    <String CONTENT="עשית את־הדבר הזה ולא חשכת את־בנך את־"
                    HPOS="88.0"
                    VPOS="1002.0"
                    WIDTH="1108.0"
                    HEIGHT="76.0"
                    WC="0.995717361995152"></String>
          </TextLine>

          
          
          <TextLine ID="eSc_line_02a74698"
                    TAGREFS="LT15288"
                    BASELINE="87 1108 1195 1110" 
                    HPOS="86.0"
                    VPOS="1074.0"
                    WIDTH="1109.0"
                    HEIGHT="84.0">
            <Shape><Polygon POINTS="87 1108 86 1148 150 1155 151 1155 152 1155 170 1148 187 1140 216 1140 235 1148 239 1149 240 1149 242 1149 243 1149 248 1146 265 1141 308 1146 342 1151 343 1151 344 1151 345 1151 352 1146 362 1140 464 1140 496 1145 552 1155 553 1155 554 1155 574 1144 579 1142 615 1140 657 1140 665 1144 679 1152 680 1152 713 1154 715 1154 716 1154 717 1154 734 1143 739 1141 757 1143 779 1146 780 1146 803 1143 817 1141 824 1143 860 1156 862 1156 863 1158 1006 1158 1006 1156 1007 1156 1035 1146 1066 1156 1067 1156 1068 1158 1126 1158 1126 1156 1127 1156 1128 1156 1153 1141 1154 1141 1193 1141 1195 1110 1194 1091 1128 1091 1127 1090 1093 1075 1091 1075 1090 1075 1033 1089 1024 1091 1011 1091 1006 1088 984 1075 983 1075 982 1075 907 1075 906 1075 905 1075 874 1087 863 1091 757 1091 742 1085 717 1075 716 1075 517 1074 516 1074 515 1074 496 1081 478 1089 443 1081 428 1078 427 1078 413 1080 373 1090 176 1090 130 1077 124 1076 123 1076 122 1076 87 1076 87 1108"/></Shape>
	    <String CONTENT="יחידך: כי־ברך אברכך והרבה ארבה את־זרעך"
                    HPOS="86.0"
                    VPOS="1074.0"
                    WIDTH="1109.0"
                    HEIGHT="84.0"
                    WC="0.9814548068924954"></String>
          </TextLine>

          
          
          <TextLine ID="eSc_line_9f041739"
                    TAGREFS="LT15288"
                    BASELINE="88 1181 1195 1186" 
                    HPOS="87.0"
                    VPOS="1155.0"
                    WIDTH="1108.0"
                    HEIGHT="72.0">
            <Shape><Polygon POINTS="88 1181 87 1212 111 1222 112 1222 113 1222 114 1222 133 1213 137 1211 144 1213 160 1216 161 1216 162 1216 197 1213 211 1212 214 1213 234 1222 235 1222 236 1222 277 1213 290 1211 301 1213 333 1223 334 1223 335 1224 405 1224 405 1223 406 1223 428 1214 435 1212 484 1212 496 1215 529 1224 530 1224 531 1224 532 1224 549 1215 554 1213 584 1213 590 1215 597 1221 599 1221 600 1221 601 1221 671 1219 673 1219 683 1216 689 1213 695 1216 708 1224 709 1224 710 1224 711 1224 811 1216 834 1215 842 1216 872 1225 873 1225 874 1226 931 1226 931 1225 932 1225 959 1217 964 1216 973 1217 1024 1226 1025 1227 1074 1227 1074 1226 1075 1226 1088 1219 1156 1226 1157 1226 1193 1218 1195 1186 1194 1171 1154 1161 1153 1161 1152 1161 1136 1169 1098 1170 1070 1170 1068 1169 1044 1156 1043 1156 973 1155 761 1155 760 1155 759 1155 729 1165 725 1167 684 1167 642 1164 599 1161 597 1161 571 1163 533 1167 505 1163 480 1159 479 1159 478 1159 468 1162 457 1167 370 1167 355 1161 343 1156 342 1156 341 1156 340 1156 339 1156 332 1161 321 1166 211 1166 198 1160 197 1160 196 1160 152 1165 139 1159 137 1158 135 1158 134 1158 88 1158 88 1181"/></Shape>
	    <String CONTENT="ככוכבי השמים וכחול אשר על־שפת הים וירש"
                    HPOS="87.0"
                    VPOS="1155.0"
                    WIDTH="1108.0"
                    HEIGHT="72.0"
                    WC="0.9924232438206673"></String>
          </TextLine>

          
          
          <TextLine ID="eSc_line_3080ef1d"
                    TAGREFS="LT15288"
                    BASELINE="88 1256 1195 1259" 
                    HPOS="87.0"
                    VPOS="1226.0"
                    WIDTH="1108.0"
                    HEIGHT="82.0">
            <Shape><Polygon POINTS="88 1256 87 1289 123 1290 140 1299 141 1299 142 1299 143 1299 161 1291 165 1291 209 1291 211 1291 225 1298 226 1298 227 1298 269 1292 278 1291 280 1292 305 1305 306 1305 307 1305 362 1302 363 1302 364 1302 379 1293 383 1291 448 1293 449 1295 466 1306 467 1306 468 1306 469 1306 510 1300 566 1306 568 1306 569 1306 570 1306 584 1297 590 1293 599 1297 607 1300 608 1300 610 1300 611 1300 616 1297 626 1292 678 1292 689 1298 694 1301 695 1301 696 1301 743 1306 744 1307 785 1307 785 1306 786 1306 804 1300 824 1293 855 1293 869 1300 883 1307 884 1307 885 1308 942 1308 942 1307 943 1307 962 1302 994 1293 1041 1293 1070 1303 1080 1307 1082 1307 1083 1307 1193 1305 1195 1259 1194 1246 1132 1235 1131 1235 1130 1235 1116 1242 1066 1238 1053 1229 1052 1229 1051 1229 1049 1229 867 1230 866 1230 848 1239 837 1245 802 1238 792 1237 791 1237 782 1238 746 1245 511 1245 492 1238 491 1238 490 1238 489 1238 468 1244 402 1232 379 1227 342 1227 341 1227 340 1227 333 1230 309 1243 259 1243 193 1230 192 1230 191 1230 172 1239 163 1234 162 1234 161 1234 160 1234 159 1234 146 1238 123 1227 122 1227 88 1226 88 1256"/></Shape>
	    <String CONTENT="זרעך את שער איביו: והתברכו בזרעך כל גויי"
                    HPOS="87.0"
                    VPOS="1226.0"
                    WIDTH="1108.0"
                    HEIGHT="82.0"
                    WC="0.9890016436576843"></String>
          </TextLine>

          
          
          <TextLine ID="eSc_line_eaccd1c9"
                    TAGREFS="LT15288"
                    BASELINE="90 1331 1195 1335" 
                    HPOS="90.0"
                    VPOS="1299.0"
                    WIDTH="1105.0"
                    HEIGHT="82.0">
            <Shape><Polygon POINTS="90 1331 90 1371 109 1364 127 1371 130 1372 131 1372 132 1372 138 1371 170 1364 196 1371 212 1375 213 1375 214 1375 215 1375 229 1371 254 1364 313 1371 324 1372 326 1372 332 1371 352 1367 372 1371 404 1377 405 1377 406 1377 407 1377 417 1371 425 1366 467 1365 490 1371 506 1375 507 1375 592 1377 593 1377 594 1377 608 1371 613 1369 680 1366 698 1371 723 1379 725 1379 726 1380 792 1380 792 1379 793 1379 807 1371 817 1366 907 1366 923 1371 950 1380 951 1380 952 1381 1083 1381 1083 1380 1084 1380 1085 1380 1098 1371 1106 1367 1192 1371 1195 1335 1192 1302 1143 1318 1012 1318 985 1306 984 1306 937 1302 918 1301 859 1301 858 1301 857 1301 856 1301 856 1302 832 1317 772 1317 747 1302 744 1301 743 1301 669 1301 668 1301 667 1301 664 1302 617 1316 599 1316 574 1302 571 1300 570 1300 458 1300 457 1300 456 1300 455 1300 453 1302 431 1314 299 1309 298 1309 213 1313 202 1307 201 1307 200 1307 198 1307 197 1307 180 1311 161 1302 155 1299 154 1299 153 1299 90 1301 90 1331"/></Shape>
	    <String CONTENT="הארץ עקב אשר שמעת בקלי: וישב אברהם אל־"
                    HPOS="90.0"
                    VPOS="1299.0"
                    WIDTH="1105.0"
                    HEIGHT="82.0"
                    WC="0.9713365580584552"></String>
          </TextLine>

          
          
          <TextLine ID="eSc_line_22b08e87"
                    TAGREFS="LT15288"
                    BASELINE="89 1407 1194 1411" 
                    HPOS="88.0"
                    VPOS="1377.0"
                    WIDTH="1106.0"
                    HEIGHT="77.0">
            <Shape><Polygon POINTS="89 1407 88 1448 113 1450 114 1450 116 1450 122 1448 152 1438 229 1447 256 1450 257 1450 271 1447 305 1438 356 1438 397 1446 419 1450 421 1450 459 1446 510 1439 523 1445 538 1451 539 1451 540 1453 642 1453 642 1451 643 1451 659 1444 662 1444 665 1444 692 1449 694 1449 695 1449 713 1444 729 1439 740 1444 750 1447 751 1447 752 1447 753 1447 754 1447 760 1444 765 1440 772 1444 780 1446 781 1446 782 1446 797 1443 815 1439 823 1443 842 1453 843 1453 844 1453 845 1453 884 1443 893 1440 925 1440 927 1442 949 1453 950 1453 951 1454 1004 1454 1004 1453 1005 1453 1006 1453 1025 1442 1026 1440 1034 1442 1079 1447 1080 1447 1082 1447 1096 1440 1097 1440 1099 1440 1136 1447 1137 1447 1192 1439 1194 1411 1193 1395 1120 1388 1119 1388 941 1394 919 1394 917 1394 881 1380 880 1380 825 1379 762 1379 761 1379 760 1379 733 1393 732 1393 719 1393 683 1393 659 1379 658 1379 657 1379 606 1379 605 1379 604 1379 603 1379 580 1393 578 1393 554 1393 511 1392 489 1381 488 1381 487 1381 486 1381 457 1392 387 1392 372 1392 370 1392 272 1377 208 1377 207 1377 206 1377 179 1392 177 1392 89 1392 89 1407"/></Shape>
	    <String CONTENT="נעריו ויקמו וילכו יחדו אל־באר שבע וישב אברהם"
                    HPOS="88.0"
                    VPOS="1377.0"
                    WIDTH="1106.0"
                    HEIGHT="77.0"
                    WC="0.9911394999785856"></String>
          </TextLine>

          
          
          <TextLine ID="eSc_line_2215cdf4"
                    TAGREFS="LT15288"
                    BASELINE="476 1488 802 1488" 
                    HPOS="476.0"
                    VPOS="1457.0"
                    WIDTH="326.0"
                    HEIGHT="73.0">
            <Shape><Polygon POINTS="476 1488 476 1522 502 1530 503 1530 505 1530 539 1524 579 1530 580 1530 581 1530 582 1530 582 1529 591 1520 592 1519 618 1517 655 1517 662 1519 680 1527 681 1527 683 1527 684 1527 701 1518 705 1517 707 1518 727 1528 728 1528 729 1528 730 1528 750 1521 784 1530 785 1530 786 1530 788 1530 789 1530 802 1518 802 1488 802 1474 768 1467 767 1467 765 1467 764 1467 764 1468 760 1471 744 1458 744 1457 743 1457 742 1457 685 1457 684 1457 683 1457 681 1457 660 1470 615 1464 614 1464 613 1464 582 1472 558 1459 557 1459 555 1459 554 1459 517 1474 476 1474 476 1488"/></Shape>
	    <String CONTENT="בבאר שבע:"
                    HPOS="476.0"
                    VPOS="1457.0"
                    WIDTH="326.0"
                    HEIGHT="73.0"
                    WC="0.9995482981204986"></String>
          </TextLine>

          
          
          <TextLine ID="eSc_line_f12fc779"
                    TAGREFS="LT15288"
                    BASELINE="90 1563 1194 1561" 
                    HPOS="89.0"
                    VPOS="1519.0"
                    WIDTH="1105.0"
                    HEIGHT="84.0">
            <Shape><Polygon POINTS="90 1563 91 1603 117 1591 135 1595 137 1595 138 1595 170 1590 224 1602 226 1602 227 1602 232 1602 306 1590 347 1600 348 1600 349 1600 350 1600 368 1593 383 1598 384 1598 385 1598 386 1598 401 1591 415 1600 416 1600 417 1600 455 1602 456 1603 572 1603 572 1602 573 1602 587 1598 610 1593 634 1597 635 1597 636 1597 637 1597 638 1597 647 1591 664 1597 673 1601 674 1601 675 1602 772 1602 772 1601 773 1601 785 1596 797 1591 845 1591 859 1595 875 1601 876 1601 877 1601 878 1601 879 1601 888 1595 899 1588 921 1595 930 1597 931 1597 932 1597 933 1597 935 1597 938 1595 944 1591 1053 1588 1063 1594 1074 1601 1075 1601 1076 1601 1077 1602 1157 1602 1157 1601 1193 1592 1194 1561 1193 1527 1083 1520 1082 1520 1080 1520 1061 1527 1041 1532 1023 1527 1012 1522 1011 1522 1010 1522 974 1527 958 1528 952 1527 935 1520 933 1520 932 1520 827 1526 794 1519 793 1519 792 1519 767 1527 744 1532 732 1527 727 1523 726 1523 725 1523 723 1523 718 1527 710 1530 686 1527 641 1519 639 1519 601 1527 568 1532 537 1527 516 1522 515 1522 513 1522 506 1527 490 1534 334 1534 321 1527 311 1520 310 1520 309 1520 308 1520 307 1520 289 1527 282 1528 274 1527 243 1520 242 1520 89 1526 90 1563"/></Shape>
	    <String CONTENT=""
                    HPOS="89.0"
                    VPOS="1519.0"
                    WIDTH="1105.0"
                    HEIGHT="84.0"
                    WC="0.9907319996808026"></String>
          </TextLine>

          
          
          <TextLine ID="eSc_line_3423c2f9"
                    TAGREFS="LT15288"
                    BASELINE="89 1636 990 1634" 
                    HPOS="88.0"
                    VPOS="1602.0"
                    WIDTH="902.0"
                    HEIGHT="78.0">
            <Shape><Polygon POINTS="89 1636 89 1680 142 1679 143 1679 144 1679 163 1668 197 1668 213 1679 214 1679 215 1679 216 1680 267 1680 267 1679 268 1679 299 1668 331 1679 332 1679 333 1679 415 1668 480 1678 481 1678 482 1678 505 1670 532 1679 533 1679 534 1679 536 1679 537 1679 551 1670 566 1678 568 1678 569 1679 605 1679 605 1678 606 1678 607 1678 622 1667 662 1678 663 1678 664 1679 762 1679 762 1678 763 1678 790 1667 906 1674 907 1674 940 1667 961 1678 962 1678 963 1679 989 1679 990 1634 989 1619 941 1602 940 1602 939 1602 859 1607 847 1602 846 1602 707 1602 706 1602 705 1602 704 1602 670 1621 621 1621 599 1604 597 1604 596 1604 595 1604 594 1604 555 1621 519 1622 498 1623 412 1623 411 1622 383 1613 382 1613 381 1613 380 1613 345 1622 344 1622 343 1622 233 1603 232 1603 230 1603 229 1603 201 1622 201 1623 190 1623 140 1623 116 1614 114 1614 113 1614 112 1614 88 1622 89 1636"/></Shape>
	    <String CONTENT=""
                    HPOS="88.0"
                    VPOS="1602.0"
                    WIDTH="902.0"
                    HEIGHT="78.0"
                    WC="0.9851758230117059"></String>
          </TextLine>

          
          
          <TextLine ID="eSc_line_0c1b67a5"
                    TAGREFS="LT15288"
                    BASELINE="89 1711 1195 1709" 
                    HPOS="88.0"
                    VPOS="1674.0"
                    WIDTH="1107.0"
                    HEIGHT="88.0">
            <Shape><Polygon POINTS="89 1711 89 1748 119 1761 120 1761 121 1762 192 1762 192 1761 193 1761 233 1748 234 1748 239 1748 423 1761 424 1761 425 1761 453 1748 454 1748 544 1753 545 1753 631 1747 642 1747 644 1747 674 1760 675 1760 676 1760 708 1753 731 1760 732 1760 733 1760 764 1753 796 1756 797 1756 799 1756 811 1751 856 1760 857 1760 858 1760 859 1760 875 1750 902 1760 904 1760 905 1761 984 1761 984 1760 985 1760 998 1754 1036 1758 1037 1758 1038 1758 1065 1747 1066 1747 1140 1752 1141 1752 1194 1745 1195 1709 1194 1681 1132 1674 1131 1674 1065 1682 1025 1687 1013 1682 999 1677 998 1677 996 1677 962 1682 948 1674 947 1674 946 1674 846 1674 845 1674 844 1674 806 1685 789 1689 780 1685 760 1674 759 1674 758 1674 719 1680 641 1674 639 1674 591 1681 578 1675 576 1675 527 1675 526 1675 524 1675 501 1687 495 1691 339 1691 331 1689 284 1676 282 1676 281 1676 280 1676 246 1689 243 1691 137 1691 135 1690 124 1684 123 1684 122 1684 121 1684 88 1690 89 1711"/></Shape>
	    <String CONTENT="יכבשו רחמיך את כעסך מעלינו ויגלו רחמיך על מדותיך, ו"
                    HPOS="88.0"
                    VPOS="1674.0"
                    WIDTH="1107.0"
                    HEIGHT="88.0"
                    WC="0.9786704805162217"></String>
          </TextLine>

          
          
          <TextLine ID="eSc_line_36fcac19"
                    TAGREFS="LT15288"
                    BASELINE="91 1787 1195 1783" 
                    HPOS="91.0"
                    VPOS="1751.0"
                    WIDTH="1104.0"
                    HEIGHT="98.0">
            <Shape><Polygon POINTS="1193 1765 1150 1766 1143 1764 1106 1751 1105 1751 1080 1751 1079 1751 1078 1751 1077 1751 1063 1760 1012 1753 1011 1753 1010 1753 982 1761 946 1751 944 1751 943 1751 942 1751 916 1759 873 1752 872 1752 841 1758 813 1752 812 1752 811 1752 792 1759 732 1752 696 1752 695 1752 694 1752 692 1752 683 1759 671 1752 670 1752 669 1752 668 1752 558 1753 557 1753 538 1762 524 1770 393 1770 360 1762 359 1762 358 1762 342 1771 223 1771 211 1764 209 1764 208 1764 152 1770 91 1761 91 1787 92 1849 138 1834 180 1845 181 1845 182 1845 183 1845 215 1832 319 1832 364 1847 365 1847 366 1848 466 1848 466 1847 467 1847 468 1847 484 1837 521 1836 548 1847 549 1847 550 1848 608 1848 621 1848 621 1847 622 1847 637 1838 734 1833 763 1846 764 1846 765 1846 820 1838 843 1846 844 1846 845 1846 884 1839 917 1846 918 1846 919 1846 986 1828 1024 1837 1025 1837 1127 1828 1157 1845 1158 1845 1159 1846 1194 1846 1195 1783 1193 1765"/></Shape>
	    <String CONTENT=""
                    HPOS="91.0"
                    VPOS="1751.0"
                    WIDTH="1104.0"
                    HEIGHT="98.0"
                    WC="0.959511215870197"></String>
          </TextLine>

          
        </TextBlock>
        

        
      </PrintSpace>
    </Page>
  </Layout>
</alto>
