<?xml version="1.0" encoding="UTF-8"?>
<alto xmlns:xsi="http://www.w3.org/2001/XMLSchema-instance"
      xmlns="http://www.loc.gov/standards/alto/ns-v4#"
      xsi:schemaLocation="http://www.loc.gov/standards/alto/ns-v4# http://www.loc.gov/standards/alto/v4/alto-4-2.xsd">
  <Description>
    <MeasurementUnit>pixel</MeasurementUnit>
    <sourceImageInformation>
      <fileName>IE87675634_00010.jpg</fileName>
      <fileIdentifier>mets//export_doc4366_1col_14_copy_alto_202404261215.zip/IE87675634_00010.jpg</fileIdentifier>
    </sourceImageInformation>
  </Description>
  
  <Tags>
    <OtherTag ID="BT8356" LABEL="MainLeft" DESCRIPTION="block type MainLeft"/><OtherTag ID="BT8355" LABEL="MainRight" DESCRIPTION="block type MainRight"/><OtherTag ID="BT6914" LABEL="Handwritten" DESCRIPTION="block type Handwritten"/><OtherTag ID="BT6913" LABEL="RunningHeader" DESCRIPTION="block type RunningHeader"/><OtherTag ID="BT6912" LABEL="Catchword" DESCRIPTION="block type Catchword"/><OtherTag ID="BT6911" LABEL="Margin" DESCRIPTION="block type Margin"/><OtherTag ID="BT6910" LABEL="FooterCentral" DESCRIPTION="block type FooterCentral"/><OtherTag ID="BT6909" LABEL="MainCentral" DESCRIPTION="block type MainCentral"/><OtherTag ID="BT6908" LABEL="Header" DESCRIPTION="block type Header"/><OtherTag ID="BT4" LABEL="Illustration" DESCRIPTION="block type Illustration"/><OtherTag ID="BT3" LABEL="Commentary" DESCRIPTION="block type Commentary"/><OtherTag ID="BT2" LABEL="Main" DESCRIPTION="block type Main"/><OtherTag ID="BT1" LABEL="Title" DESCRIPTION="block type Title"/>
    <OtherTag ID="LT15938" LABEL="MainLeft" DESCRIPTION="line type MainLeft"/><OtherTag ID="LT15937" LABEL="MainRight" DESCRIPTION="line type MainRight"/><OtherTag ID="LT15289" LABEL="Handwritten" DESCRIPTION="line type Handwritten"/><OtherTag ID="LT15288" LABEL="MainCentral" DESCRIPTION="line type MainCentral"/><OtherTag ID="LT15287" LABEL="NotMain" DESCRIPTION="line type NotMain"/>
  </Tags>
  
  <Layout>
    <Page WIDTH="2224"
          HEIGHT="2702"
          PHYSICAL_IMG_NR="40"
          ID="eSc_dummypage_">
      <PrintSpace HPOS="0"
                  VPOS="0"
                  WIDTH="2224"
                  HEIGHT="2702">
        
        <TextBlock HPOS="6.0"
                   VPOS="198.0"
                   WIDTH="2025.0"
                   HEIGHT="2364.0"
                   ID="eSc_textblock_bde5d204"
                   TAGREFS="BT6909">
          <Shape><Polygon POINTS="935 198 2001 204 2019 228 2031 2520 2007 2562 114 2562 12 2544 6 216 935 198"/></Shape>
          
          
          <TextLine ID="eSc_line_3845f84b"
                    TAGREFS="LT15288"
                    BASELINE="418 231 1986 228" 
                    HPOS="416.0"
                    VPOS="198.0"
                    WIDTH="1569.0"
                    HEIGHT="112.0">
            <Shape><Polygon POINTS="1969 202 1946 202 1924 202 1901 202 1879 202 1856 202 1834 202 1811 202 1789 202 1766 202 1744 202 1721 202 1698 202 1676 202 1653 202 1631 200 1608 200 1586 200 1563 200 1541 200 1518 200 1496 200 1473 200 1451 200 1428 200 1406 200 1383 200 1360 200 1338 200 1315 200 1293 200 1270 198 1248 198 1225 198 1203 198 1180 198 1158 198 1135 198 1113 198 1090 198 1068 198 1045 198 1022 198 1000 198 977 198 955 198 932 198 910 198 887 198 865 198 842 198 820 198 797 200 775 200 752 200 730 200 707 200 685 202 662 202 639 202 617 202 594 202 572 204 549 204 527 204 504 204 482 204 459 207 437 207 419 220 416 229 416 285 520 297 522 297 525 297 527 297 538 285 540 285 673 285 678 285 709 297 712 297 714 297 772 285 779 285 808 308 811 308 813 308 815 310 968 310 968 308 971 308 973 308 995 294 1036 308 1038 308 1041 308 1151 285 1153 285 1178 308 1180 308 1182 308 1185 310 1322 310 1322 308 1324 308 1327 308 1327 306 1345 292 1493 308 1496 308 1498 308 1500 308 1529 285 1561 306 1563 306 1566 306 1568 306 1570 306 1615 285 1723 285 1771 308 1773 308 1775 310 1838 310 1838 308 1982 283 1985 227 1980 202 1969 202"/></Shape>
	    <String CONTENT=""
                    HPOS="416.0"
                    VPOS="198.0"
                    WIDTH="1569.0"
                    HEIGHT="112.0"
                    WC="0.9942776690358701"></String>
          </TextLine>

          
          
          <TextLine ID="eSc_line_65a727a5"
                    TAGREFS="LT15288"
                    BASELINE="10 232 417 231" 
                    HPOS="6.0"
                    VPOS="207.0"
                    WIDTH="410.0"
                    HEIGHT="78.0">
            <Shape><Polygon POINTS="412 207 389 207 367 207 344 209 322 209 299 209 277 209 254 209 232 211 209 211 187 211 164 211 141 211 119 211 96 213 74 213 51 213 29 213 6 213 9 231 9 285 414 283 416 229 414 227 412 207"/></Shape>
	    <String CONTENT=""
                    HPOS="6.0"
                    VPOS="207.0"
                    WIDTH="410.0"
                    HEIGHT="78.0"
                    WC="0.975429001607393"></String>
          </TextLine>

          
          
          <TextLine ID="eSc_line_1860b905"
                    TAGREFS="LT15288"
                    BASELINE="418 334 1988 334" 
                    HPOS="418.0"
                    VPOS="301.0"
                    WIDTH="1570.0"
                    HEIGHT="113.0">
            <Shape><Polygon POINTS="418 334 418 390 468 393 509 412 510 412 512 414 554 414 554 412 555 412 590 396 627 412 629 412 630 412 764 402 807 412 809 412 810 412 854 405 958 412 959 412 961 412 1012 396 1027 391 1096 396 1115 397 1117 397 1139 397 1246 391 1261 397 1270 402 1271 402 1389 412 1390 412 1432 408 1434 408 1449 399 1465 391 1659 391 1684 402 1711 412 1713 412 1714 412 1988 403 1988 334 1986 301 1887 309 1875 301 1874 301 1872 301 1781 301 1779 301 1777 301 1774 303 1744 313 1702 303 1693 301 1692 301 1648 303 1488 313 1392 306 1386 306 1384 306 1372 306 1252 313 1228 307 1217 304 1216 304 1214 304 1195 307 1159 313 1112 309 1051 301 1049 301 1010 309 986 315 744 315 734 312 692 301 690 301 689 301 665 310 418 313 418 334"/></Shape>
	    <String CONTENT=""
                    HPOS="418.0"
                    VPOS="301.0"
                    WIDTH="1570.0"
                    HEIGHT="113.0"
                    WC="0.9769255726233773"></String>
          </TextLine>

          
          
          <TextLine ID="eSc_line_1a055793"
                    TAGREFS="LT15288"
                    BASELINE="13 297 393 300" 
                    HPOS="12.0"
                    VPOS="273.0"
                    WIDTH="381.0"
                    HEIGHT="78.0">
            <Shape><Polygon POINTS="13 297 12 346 51 348 52 348 54 348 55 348 58 345 69 336 87 343 99 349 100 349 102 349 103 349 105 349 112 343 127 331 147 331 165 340 177 349 178 349 180 349 181 351 234 351 234 349 235 349 237 349 255 337 258 337 342 349 343 349 345 349 346 349 346 348 363 333 364 333 390 333 393 300 390 273 13 273 13 297"/></Shape>
	    <String CONTENT=""
                    HPOS="12.0"
                    VPOS="273.0"
                    WIDTH="381.0"
                    HEIGHT="78.0"
                    WC="0.9463517010211945"></String>
          </TextLine>

          
          
          <TextLine ID="eSc_line_544a4816"
                    TAGREFS="LT15288"
                    BASELINE="7 444 1991 439" 
                    HPOS="6.0"
                    VPOS="406.0"
                    WIDTH="1985.0"
                    HEIGHT="101.0">
            <Shape><Polygon POINTS="7 444 7 499 123 507 124 507 126 507 142 499 162 490 279 490 301 499 313 504 315 504 316 505 316 504 318 504 330 499 352 490 421 490 491 499 510 501 512 501 524 499 560 492 579 499 597 505 599 505 665 507 666 507 716 498 755 492 780 498 806 505 807 505 809 505 858 498 920 489 943 498 955 502 956 502 1099 505 1100 505 1136 498 1169 490 1249 498 1294 501 1295 501 1297 501 1312 498 1348 487 1468 487 1515 496 1552 504 1554 504 1851 502 1853 502 1875 496 1907 487 1988 495 1991 439 1989 412 6 406 7 444"/></Shape>
	    <String CONTENT=""
                    HPOS="6.0"
                    VPOS="406.0"
                    WIDTH="1985.0"
                    HEIGHT="101.0"
                    WC="0.9674890955289205"></String>
          </TextLine>

          
          
          <TextLine ID="eSc_line_35b49815"
                    TAGREFS="LT15288"
                    BASELINE="7 547 1989 544" 
                    HPOS="6.0"
                    VPOS="511.0"
                    WIDTH="1983.0"
                    HEIGHT="110.0">
            <Shape><Polygon POINTS="7 547 7 621 96 619 175 601 249 601 289 619 291 619 292 619 294 619 312 619 399 613 400 613 432 601 500 618 510 619 512 619 513 619 521 618 575 601 711 609 713 609 714 609 738 601 762 612 764 612 765 612 834 603 863 615 875 619 876 619 878 619 1030 618 1060 613 1106 604 1151 612 1171 615 1172 615 1201 612 1294 600 1408 600 1431 610 1450 618 1452 618 1453 619 1717 619 1717 618 1719 618 1755 607 1781 600 1838 600 1856 606 1866 610 1868 610 1869 610 1988 604 1989 544 1986 513 1947 520 1579 513 1561 513 1560 513 1554 513 1440 520 1422 513 1419 511 1417 511 1351 511 1350 511 1348 511 1344 513 1322 520 1093 513 1030 511 1028 511 1027 511 1021 513 992 522 949 513 944 513 943 513 937 513 857 523 779 523 758 513 756 513 755 513 753 513 741 513 629 523 507 523 485 513 483 513 482 513 480 513 471 513 397 522 363 513 360 513 358 513 357 513 336 513 175 522 6 514 7 547"/></Shape>
	    <String CONTENT=""
                    HPOS="6.0"
                    VPOS="511.0"
                    WIDTH="1983.0"
                    HEIGHT="110.0"
                    WC="0.9674612186171792"></String>
          </TextLine>

          
          
          <TextLine ID="eSc_line_a8a52433"
                    TAGREFS="LT15288"
                    BASELINE="7 654 1989 649" 
                    HPOS="6.0"
                    VPOS="609.0"
                    WIDTH="1983.0"
                    HEIGHT="116.0">
            <Shape><Polygon POINTS="7 654 7 708 150 702 168 710 198 723 199 723 201 725 300 725 300 723 301 723 334 711 357 702 411 702 442 711 482 723 483 723 485 725 594 725 594 723 596 723 632 713 671 701 755 708 756 708 929 701 995 714 1006 716 1007 716 1009 716 1013 714 1040 705 1085 705 1108 714 1126 722 1127 722 1129 722 1177 716 1189 714 1268 716 1462 720 1464 720 1489 717 1519 713 1611 717 1669 720 1671 720 1672 720 1681 717 1740 699 1802 707 1803 707 1884 699 1937 719 1940 720 1941 720 1943 720 1988 719 1989 649 1988 618 1869 609 1868 609 1827 618 1806 622 1794 618 1771 609 1770 609 1714 609 1713 609 1671 618 1650 622 1618 618 1561 610 1560 610 1516 618 1494 624 1401 624 1380 619 1327 609 1325 609 1199 615 1198 615 1186 619 1174 624 1148 619 1109 613 1108 613 1106 613 1082 619 1073 622 1064 619 1054 616 1052 616 1051 616 998 621 947 624 934 621 910 613 908 613 907 613 905 613 884 621 873 624 774 621 675 618 674 618 656 621 636 625 623 621 594 612 593 612 534 612 533 612 531 612 501 622 489 627 438 627 406 622 325 612 324 612 279 622 264 627 133 627 118 622 75 613 73 613 6 622 7 654"/></Shape>
	    <String CONTENT="אלהינו להאריך אפך לרעים ולטובים. והיא תהלתך: למענך אלהינו"
                    HPOS="6.0"
                    VPOS="609.0"
                    WIDTH="1983.0"
                    HEIGHT="116.0"
                    WC="0.9867781594134214"></String>
          </TextLine>

          
          
          <TextLine ID="eSc_line_e5f852ee"
                    TAGREFS="LT15288"
                    BASELINE="7 759 1992 750" 
                    HPOS="6.0"
                    VPOS="716.0"
                    WIDTH="1986.0"
                    HEIGHT="117.0">
            <Shape><Polygon POINTS="6 729 7 759 7 828 138 833 139 833 159 828 175 825 207 828 243 833 244 833 246 833 261 828 280 824 367 828 424 831 426 831 427 831 438 828 485 815 521 828 522 828 524 828 614 831 615 831 636 828 719 813 765 828 767 828 768 828 770 828 779 828 839 821 885 828 902 830 904 830 917 828 979 813 1102 810 1255 810 1286 824 1288 824 1344 827 1354 827 1356 827 1357 827 1405 807 1662 807 1768 825 1770 825 1862 816 1989 825 1992 750 1991 726 1806 717 1805 717 1803 717 1776 725 1774 725 1755 717 1753 717 1752 717 1750 717 1722 725 1714 728 1383 728 1342 725 1276 717 1274 717 1163 723 1064 729 1036 723 1001 716 1000 716 943 723 895 729 782 723 707 719 705 719 704 719 689 723 662 729 609 722 600 722 599 722 584 722 479 731 426 722 405 719 403 719 376 722 288 735 144 735 97 722 93 720 91 720 90 720 7 720 6 729"/></Shape>
	    <String CONTENT=""
                    HPOS="6.0"
                    VPOS="716.0"
                    WIDTH="1986.0"
                    HEIGHT="117.0"
                    WC="0.992517508309463"></String>
          </TextLine>

          
          
          <TextLine ID="eSc_line_e5f1f344"
                    TAGREFS="LT15288"
                    BASELINE="6 863 1997 860" 
                    HPOS="4.0"
                    VPOS="825.0"
                    WIDTH="1993.0"
                    HEIGHT="113.0">
            <Shape><Polygon POINTS="6 863 6 917 222 917 226 918 270 936 271 936 273 936 274 936 313 920 370 936 372 936 373 938 420 938 420 936 421 936 450 924 521 936 522 936 575 927 608 933 609 933 675 918 689 917 813 917 821 920 858 936 860 936 861 936 1118 929 1136 935 1138 935 1139 935 1141 935 1166 927 1222 935 1223 935 1292 920 1304 918 1310 920 1333 930 1335 930 1417 933 1419 933 1420 933 1459 921 1479 915 1524 915 1534 921 1569 935 1570 935 1572 935 1755 927 1809 933 1811 933 1862 924 1896 935 1898 935 1899 935 1901 935 1932 921 1950 915 1994 921 1997 860 1994 825 1952 836 1743 836 1707 827 1705 827 1515 834 1443 827 1441 827 1440 827 1437 827 1328 834 1246 827 1238 827 1237 827 1199 827 842 836 4 831 6 863"/></Shape>
	    <String CONTENT="חוסה על עמלך: הנשמה לך, והגוף שלך. יהוה עשה למען שמך: אתאנו"
                    HPOS="4.0"
                    VPOS="825.0"
                    WIDTH="1993.0"
                    HEIGHT="113.0"
                    WC="0.9839840541625845"></String>
          </TextLine>

          
          
          <TextLine ID="eSc_line_fe45afe0"
                    TAGREFS="LT15288"
                    BASELINE="6 966 1997 962" 
                    HPOS="6.0"
                    VPOS="929.0"
                    WIDTH="1991.0"
                    HEIGHT="115.0">
            <Shape><Polygon POINTS="6 1022 66 1022 70 1023 114 1043 115 1043 117 1044 183 1044 183 1043 184 1043 256 1025 270 1022 394 1022 415 1026 491 1041 492 1041 536 1034 636 1043 638 1043 639 1043 677 1028 695 1020 962 1020 992 1029 1027 1041 1028 1041 1030 1041 1031 1041 1067 1031 1087 1025 1120 1031 1174 1041 1175 1043 1331 1043 1331 1041 1371 1032 1375 1032 1386 1032 1456 1040 1458 1040 1459 1040 1476 1034 1515 1019 1566 1034 1575 1037 1576 1037 1578 1037 1593 1034 1612 1031 1626 1035 1641 1040 1642 1040 1644 1041 1809 1041 1809 1040 1829 1037 1905 1020 1994 1037 1997 962 1994 939 1923 939 1917 938 1884 929 1883 929 1881 929 1811 938 1799 941 1603 941 1597 938 1566 929 1564 929 1387 929 1386 929 1384 929 1354 938 1347 939 1338 938 1301 930 1300 930 1298 930 1279 938 1276 938 1259 938 1178 933 1177 933 1175 933 1163 938 1153 941 1067 938 976 933 974 933 920 936 863 941 842 936 809 930 677 930 675 930 674 930 660 936 648 942 614 936 600 935 599 935 597 935 593 936 579 942 551 936 540 935 539 935 519 936 459 942 327 942 316 936 306 932 304 932 303 932 267 936 216 942 159 936 121 932 120 932 97 936 67 941 6 936 6 966 6 1022"/></Shape>
	    <String CONTENT="על שמך. יהוה, עשה למען שמך: בעבור כבוד שמך, כי אל חנון ורחום"
                    HPOS="6.0"
                    VPOS="929.0"
                    WIDTH="1991.0"
                    HEIGHT="115.0"
                    WC="0.9790219560004118"></String>
          </TextLine>

          
          
          <TextLine ID="eSc_line_9a902c8f"
                    TAGREFS="LT15288"
                    BASELINE="271 1077 1678 1065" 
                    HPOS="271.0"
                    VPOS="1029.0"
                    WIDTH="1407.0"
                    HEIGHT="113.0">
            <Shape><Polygon POINTS="271 1118 464 1125 465 1125 510 1121 555 1116 569 1121 597 1133 599 1133 600 1133 650 1122 659 1121 669 1122 776 1142 777 1142 852 1133 854 1133 870 1124 892 1113 913 1122 914 1122 916 1122 917 1122 940 1115 964 1125 977 1131 979 1131 980 1131 982 1131 998 1125 1034 1112 1150 1110 1202 1110 1268 1128 1307 1137 1309 1137 1677 1131 1678 1065 1674 1029 1653 1041 1498 1043 1381 1043 1336 1032 1325 1031 1324 1031 1322 1031 1316 1032 1288 1041 1219 1035 1217 1035 1141 1044 1066 1035 1052 1034 1051 1034 1042 1035 1015 1041 1004 1035 1000 1032 998 1032 997 1032 995 1032 937 1037 822 1044 794 1037 791 1037 789 1037 788 1037 768 1038 677 1044 666 1038 662 1035 660 1035 659 1035 657 1035 602 1040 531 1044 506 1040 485 1037 483 1037 482 1037 480 1037 476 1040 465 1047 435 1041 421 1038 420 1038 405 1041 367 1049 339 1041 336 1041 334 1041 333 1041 331 1041 330 1041 315 1050 271 1043 271 1077 271 1118"/></Shape>
	    <String CONTENT="שמך: למען שמך יהוה. וסלחת לעוננו, כי רב הוא:"
                    HPOS="271.0"
                    VPOS="1029.0"
                    WIDTH="1407.0"
                    HEIGHT="113.0"
                    WC="0.9768287220666575"></String>
          </TextLine>

          
          
          <TextLine ID="eSc_line_8a17e590"
                    TAGREFS="LT15288"
                    BASELINE="22 1178 2000 1178" 
                    HPOS="22.0"
                    VPOS="1137.0"
                    WIDTH="1978.0"
                    HEIGHT="110.0">
            <Shape><Polygon POINTS="22 1178 22 1227 115 1245 117 1247 252 1247 252 1245 253 1245 285 1233 379 1242 381 1242 382 1242 409 1230 414 1229 449 1229 453 1230 486 1245 488 1245 489 1247 575 1247 575 1245 576 1245 626 1232 638 1229 940 1229 968 1233 1031 1245 1033 1245 1102 1235 1130 1230 1151 1235 1196 1245 1198 1245 1353 1242 1354 1242 1369 1236 1380 1232 1425 1236 1506 1245 1507 1245 1509 1245 1536 1238 1564 1229 1629 1229 1671 1238 1704 1245 1705 1247 1741 1247 1741 1245 1743 1245 1758 1238 1777 1230 1800 1239 1818 1245 1820 1245 1821 1245 1860 1239 1889 1235 1911 1239 1938 1245 1940 1245 2000 1239 2000 1178 2000 1148 1943 1137 1785 1137 1784 1137 1782 1137 1753 1148 1747 1151 1567 1151 1558 1148 1515 1137 1513 1137 1512 1137 1471 1148 1464 1149 1441 1148 1344 1140 1342 1140 1341 1140 1312 1148 1306 1149 1292 1148 1201 1137 1199 1137 1148 1148 1141 1149 1132 1148 1066 1139 1064 1139 1001 1149 994 1149 988 1149 950 1140 949 1140 858 1149 846 1149 833 1149 677 1137 675 1137 674 1137 648 1149 647 1151 439 1151 438 1149 415 1142 414 1142 412 1142 378 1149 376 1149 373 1149 279 1137 277 1137 219 1149 217 1151 22 1151 22 1178"/></Shape>
	    <String CONTENT=""
                    HPOS="22.0"
                    VPOS="1137.0"
                    WIDTH="1978.0"
                    HEIGHT="110.0"
                    WC="0.987211663571615"></String>
          </TextLine>

          
          
          <TextLine ID="eSc_line_91be6c09"
                    TAGREFS="LT15288"
                    BASELINE="7 1281 1998 1275" 
                    HPOS="6.0"
                    VPOS="1245.0"
                    WIDTH="1992.0"
                    HEIGHT="66.0">
            <Shape><Polygon POINTS="7 1281 7 1311 1456 1311 1456 1310 1462 1310 1513 1302 1995 1308 1998 1275 1995 1248 1956 1257 1659 1257 1641 1248 1639 1248 1638 1248 1636 1248 1626 1248 1539 1256 1513 1248 1500 1245 1498 1245 1497 1245 1408 1248 1226 1257 1178 1250 1159 1247 1157 1247 1142 1250 1108 1259 1019 1259 923 1250 893 1248 892 1248 876 1250 833 1257 809 1250 801 1248 800 1248 798 1248 783 1250 741 1257 687 1251 666 1248 665 1248 648 1251 600 1259 579 1251 572 1248 570 1248 504 1248 503 1248 489 1251 449 1262 384 1262 363 1251 358 1250 357 1250 355 1250 343 1251 306 1257 213 1251 175 1250 174 1250 172 1250 166 1251 144 1260 6 1253 7 1281"/></Shape>
	    <String CONTENT=""
                    HPOS="6.0"
                    VPOS="1245.0"
                    WIDTH="1992.0"
                    HEIGHT="66.0"
                    WC="0.9816971763416573"></String>
          </TextLine>

          
          
          <TextLine ID="eSc_line_1de6785b"
                    TAGREFS="LT15288"
                    BASELINE="9 1323 2003 1320" 
                    HPOS="7.0"
                    VPOS="1298.0"
                    WIDTH="1996.0"
                    HEIGHT="57.0">
            <Shape><Polygon POINTS="9 1323 9 1355 135 1347 696 1352 920 1354 922 1354 955 1351 1009 1346 2001 1346 2003 1320 2000 1298 7 1302 9 1323"/></Shape>
	    <String CONTENT=""
                    HPOS="7.0"
                    VPOS="1298.0"
                    WIDTH="1996.0"
                    HEIGHT="57.0"
                    WC="0.9948615131587007"></String>
          </TextLine>

          
          
          <TextLine ID="eSc_line_a2a01c02"
                    TAGREFS="LT15288"
                    BASELINE="9 1366 2006 1366" 
                    HPOS="9.0"
                    VPOS="1340.0"
                    WIDTH="1997.0"
                    HEIGHT="57.0">
            <Shape><Polygon POINTS="9 1366 9 1397 2006 1390 2006 1366 2004 1340 9 1344 9 1366"/></Shape>
	    <String CONTENT=""
                    HPOS="9.0"
                    VPOS="1340.0"
                    WIDTH="1997.0"
                    HEIGHT="57.0"
                    WC="0.9875729494061031"></String>
          </TextLine>

          
          
          <TextLine ID="eSc_line_0783237d"
                    TAGREFS="LT15288"
                    BASELINE="9 1409 2007 1406" 
                    HPOS="7.0"
                    VPOS="1382.0"
                    WIDTH="2000.0"
                    HEIGHT="53.0">
            <Shape><Polygon POINTS="9 1409 9 1435 2006 1432 2007 1406 2006 1382 270 1382 268 1382 7 1390 9 1409"/></Shape>
	    <String CONTENT=""
                    HPOS="7.0"
                    VPOS="1382.0"
                    WIDTH="2000.0"
                    HEIGHT="53.0"
                    WC="0.9830758966067258"></String>
          </TextLine>

          
          
          <TextLine ID="eSc_line_ca943110"
                    TAGREFS="LT15288"
                    BASELINE="7 1453 2007 1447" 
                    HPOS="6.0"
                    VPOS="1421.0"
                    WIDTH="2001.0"
                    HEIGHT="63.0">
            <Shape><Polygon POINTS="7 1453 7 1477 378 1484 379 1484 674 1478 854 1475 907 1478 961 1483 962 1483 985 1478 1016 1474 1117 1480 1162 1481 1163 1481 1196 1480 1273 1474 1369 1480 1405 1481 1407 1481 1408 1481 1414 1480 1437 1474 1480 1480 1495 1481 1497 1481 1518 1480 1594 1472 1617 1480 1618 1480 1620 1481 2006 1481 2007 1447 2004 1421 6 1427 7 1453"/></Shape>
	    <String CONTENT=""
                    HPOS="6.0"
                    VPOS="1421.0"
                    WIDTH="2001.0"
                    HEIGHT="63.0"
                    WC="0.9717475097324397"></String>
          </TextLine>

          
          
          <TextLine ID="eSc_line_8ad46010"
                    TAGREFS="LT15288"
                    BASELINE="1603 1559 2009 1559" 
                    HPOS="1603.0"
                    VPOS="1528.0"
                    WIDTH="406.0"
                    HEIGHT="72.0">
            <Shape><Polygon POINTS="1603 1559 1603 1588 1618 1595 1620 1595 1621 1595 1704 1588 1729 1598 1731 1598 1732 1598 1734 1598 1753 1588 1782 1600 1784 1600 1785 1600 1841 1592 1937 1600 1938 1600 2009 1588 2009 1559 2009 1534 1893 1528 1892 1528 1890 1528 1871 1535 1868 1535 1865 1535 1845 1528 1844 1528 1842 1528 1841 1528 1818 1535 1812 1537 1809 1535 1800 1529 1799 1529 1797 1529 1796 1529 1729 1537 1719 1537 1713 1537 1671 1528 1669 1528 1668 1528 1666 1528 1656 1537 1656 1538 1603 1538 1603 1559"/></Shape>
	    <String CONTENT=""
                    HPOS="1603.0"
                    VPOS="1528.0"
                    WIDTH="406.0"
                    HEIGHT="72.0"
                    WC="0.9765636637097314"></String>
          </TextLine>

          
          
          <TextLine ID="eSc_line_eb920469"
                    TAGREFS="LT15288"
                    BASELINE="378 1493 1596 1489" 
                    HPOS="376.0"
                    VPOS="1463.0"
                    WIDTH="1220.0"
                    HEIGHT="66.0">
            <Shape><Polygon POINTS="378 1493 378 1519 501 1519 510 1519 570 1529 572 1529 573 1529 597 1519 600 1519 606 1519 659 1529 660 1529 662 1529 683 1519 686 1519 693 1519 749 1529 750 1529 752 1529 779 1519 786 1517 864 1517 869 1519 875 1525 876 1525 878 1525 879 1525 881 1525 902 1519 911 1517 922 1519 950 1528 952 1528 953 1529 1034 1529 1034 1528 1036 1528 1058 1519 1060 1519 1061 1519 1073 1528 1075 1528 1076 1528 1078 1528 1252 1526 1253 1526 1271 1519 1282 1516 1295 1519 1321 1526 1322 1526 1324 1526 1594 1519 1596 1489 1594 1471 1258 1463 1256 1463 1195 1471 1184 1472 1169 1472 1085 1465 1084 1465 1022 1472 1016 1472 1015 1472 1000 1465 998 1465 997 1465 961 1472 959 1472 947 1465 946 1465 944 1465 943 1465 941 1465 923 1472 898 1465 896 1465 895 1465 857 1472 840 1465 839 1465 837 1465 836 1465 821 1472 816 1472 473 1466 471 1466 376 1474 378 1493"/></Shape>
	    <String CONTENT=""
                    HPOS="376.0"
                    VPOS="1463.0"
                    WIDTH="1220.0"
                    HEIGHT="66.0"
                    WC="0.9786469580113203"></String>
          </TextLine>

          
          
          <TextLine ID="eSc_line_46915626"
                    TAGREFS="LT15288"
                    BASELINE="4 1627 2009 1630" 
                    HPOS="3.0"
                    VPOS="1573.0"
                    WIDTH="2006.0"
                    HEIGHT="120.0">
            <Shape><Polygon POINTS="4 1627 3 1682 18 1691 19 1691 21 1691 111 1684 370 1691 372 1691 373 1691 394 1682 408 1676 611 1676 626 1682 642 1690 644 1690 645 1690 647 1690 674 1682 698 1676 714 1682 737 1691 738 1691 740 1691 782 1682 816 1676 913 1684 1045 1693 1046 1693 1048 1693 1069 1684 1084 1678 1249 1678 1271 1684 1294 1691 1295 1691 1297 1691 1298 1691 1318 1684 1338 1678 1450 1681 1458 1685 1479 1693 1480 1693 1482 1693 1659 1691 1660 1691 1675 1685 1695 1678 1761 1685 1815 1691 1817 1691 1845 1685 1854 1684 1862 1685 1883 1693 1884 1693 1886 1693 2006 1685 2009 1630 2006 1585 1923 1601 1886 1592 1884 1592 1737 1589 1735 1589 1734 1589 1695 1598 1612 1589 1611 1589 1443 1606 1398 1592 1396 1592 1395 1592 1393 1592 1336 1607 1291 1594 1289 1594 1288 1594 1240 1601 1181 1594 1180 1594 1076 1607 1009 1604 967 1585 965 1585 964 1585 797 1597 762 1585 761 1585 759 1585 758 1585 723 1595 702 1589 701 1589 699 1589 630 1598 557 1585 555 1585 468 1604 343 1591 342 1591 243 1604 162 1574 160 1574 4 1573 4 1627"/></Shape>
	    <String CONTENT=""
                    HPOS="3.0"
                    VPOS="1573.0"
                    WIDTH="2006.0"
                    HEIGHT="120.0"
                    WC="0.9979693547767752"></String>
          </TextLine>

          
          
          <TextLine ID="eSc_line_5f589bc0"
                    TAGREFS="LT15288"
                    BASELINE="6 1718 1857 1712" 
                    HPOS="4.0"
                    VPOS="1679.0"
                    WIDTH="1853.0"
                    HEIGHT="99.0">
            <Shape><Polygon POINTS="6 1718 6 1763 72 1766 97 1778 99 1778 100 1778 193 1768 300 1778 301 1778 303 1778 331 1765 337 1763 348 1765 408 1778 409 1778 483 1777 485 1777 510 1766 521 1762 602 1762 632 1766 689 1777 690 1777 692 1777 726 1766 746 1762 771 1768 812 1775 929 1777 931 1777 932 1777 952 1768 968 1760 1043 1760 1064 1768 1079 1774 1081 1774 1082 1774 1153 1769 1172 1768 1175 1769 1190 1775 1192 1775 1193 1777 1313 1777 1313 1775 1315 1775 1327 1769 1348 1759 1396 1759 1534 1759 1563 1771 1572 1774 1573 1774 1575 1774 1576 1774 1590 1771 1633 1759 1731 1771 1756 1774 1758 1774 1856 1771 1857 1712 1854 1679 1722 1688 1452 1681 1437 1681 1435 1681 1432 1681 1383 1691 1180 1691 1163 1682 1162 1682 1160 1682 1154 1682 1015 1690 4 1688 6 1718"/></Shape>
	    <String CONTENT=""
                    HPOS="4.0"
                    VPOS="1679.0"
                    WIDTH="1853.0"
                    HEIGHT="99.0"
                    WC="0.9926677474608788"></String>
          </TextLine>

          
          
          <TextLine ID="eSc_line_effe9e84"
                    TAGREFS="LT15288"
                    BASELINE="6 1804 2010 1795" 
                    HPOS="4.0"
                    VPOS="1765.0"
                    WIDTH="2006.0"
                    HEIGHT="105.0">
            <Shape><Polygon POINTS="6 1804 6 1856 103 1856 108 1858 148 1870 150 1870 151 1870 225 1858 234 1856 243 1858 294 1868 295 1870 382 1870 382 1868 384 1868 414 1858 423 1855 534 1855 552 1858 605 1868 606 1868 729 1865 731 1865 752 1858 765 1853 780 1858 803 1867 804 1867 806 1868 907 1868 907 1867 908 1867 928 1858 940 1852 1012 1852 1040 1859 1067 1865 1069 1865 1070 1865 1384 1864 1411 1859 1458 1850 1506 1859 1533 1864 1534 1865 1638 1865 1638 1864 1639 1864 1651 1859 1678 1849 1744 1858 1746 1858 1835 1849 1887 1859 1901 1862 1902 1862 2009 1859 2010 1795 2007 1765 1925 1772 1476 1768 1341 1768 1339 1768 1338 1768 1333 1769 1319 1775 1141 1771 1043 1769 1042 1769 1025 1772 1001 1777 845 1774 702 1771 701 1771 4 1780 6 1804"/></Shape>
	    <String CONTENT=""
                    HPOS="4.0"
                    VPOS="1765.0"
                    WIDTH="2006.0"
                    HEIGHT="105.0"
                    WC="0.9889333499989039"></String>
          </TextLine>

          
          
          <TextLine ID="eSc_line_467d7333"
                    TAGREFS="LT15288"
                    BASELINE="7 1892 2012 1888" 
                    HPOS="6.0"
                    VPOS="1856.0"
                    WIDTH="2006.0"
                    HEIGHT="96.0">
            <Shape><Polygon POINTS="7 1892 7 1939 75 1939 82 1940 145 1952 147 1952 265 1940 279 1939 286 1940 349 1952 351 1952 609 1940 678 1937 803 1937 819 1940 870 1951 872 1951 922 1940 925 1940 926 1940 988 1951 989 1952 1039 1952 1039 1951 1040 1951 1064 1940 1066 1940 1067 1940 1117 1951 1118 1952 1342 1952 1342 1951 1389 1940 1413 1936 1548 1936 1557 1940 1567 1945 1569 1945 1570 1945 1630 1940 1662 1939 1669 1940 1698 1949 1699 1949 1701 1951 1770 1951 1770 1949 1771 1949 1791 1940 1794 1940 1797 1940 1823 1946 1824 1946 1826 1946 1845 1940 1865 1936 1923 1936 1938 1940 1961 1949 1962 1949 1964 1949 2010 1940 2012 1888 2009 1856 6 1862 7 1892"/></Shape>
	    <String CONTENT=""
                    HPOS="6.0"
                    VPOS="1856.0"
                    WIDTH="2006.0"
                    HEIGHT="96.0"
                    WC="0.9669684547267549"></String>
          </TextLine>

          
          
          <TextLine ID="eSc_line_0e6c07a0"
                    TAGREFS="LT15288"
                    BASELINE="6 1981 2015 1975" 
                    HPOS="4.0"
                    VPOS="1949.0"
                    WIDTH="2011.0"
                    HEIGHT="98.0">
            <Shape><Polygon POINTS="6 1981 6 2043 130 2046 132 2046 133 2046 147 2043 168 2037 213 2041 256 2046 258 2046 259 2046 276 2041 294 2035 312 2041 328 2046 330 2046 331 2047 435 2047 435 2046 436 2046 459 2040 489 2031 602 2038 708 2044 710 2044 786 2035 860 2028 876 2035 895 2043 896 2043 898 2043 899 2043 923 2035 928 2034 932 2034 977 2044 979 2044 980 2044 1016 2034 1042 2026 1198 2026 1211 2032 1229 2040 1231 2040 1232 2040 1273 2031 1297 2026 1413 2026 1440 2029 1492 2037 1494 2037 1579 2032 1605 2041 1606 2041 1608 2041 1696 2026 1713 2024 1720 2026 1762 2041 1764 2041 1765 2043 1916 2043 1916 2041 2013 2023 2015 1975 2013 1951 4 1949 6 1981"/></Shape>
	    <String CONTENT=""
                    HPOS="4.0"
                    VPOS="1949.0"
                    WIDTH="2011.0"
                    HEIGHT="98.0"
                    WC="0.9582144324093649"></String>
          </TextLine>

          
          
          <TextLine ID="eSc_line_b812a191"
                    TAGREFS="LT15288"
                    BASELINE="6 2068 2013 2059" 
                    HPOS="4.0"
                    VPOS="2031.0"
                    WIDTH="2009.0"
                    HEIGHT="106.0">
            <Shape><Polygon POINTS="6 2068 6 2119 93 2119 97 2121 154 2137 156 2137 157 2137 303 2125 331 2133 333 2133 334 2133 336 2133 375 2121 379 2119 384 2121 409 2130 411 2130 412 2131 516 2131 516 2130 518 2130 539 2121 546 2118 635 2118 644 2121 660 2128 662 2128 663 2128 665 2128 689 2121 702 2118 714 2121 750 2131 752 2131 753 2131 755 2131 782 2121 797 2116 852 2116 882 2121 946 2133 947 2133 998 2121 1004 2121 1010 2121 1066 2133 1067 2134 1285 2134 1285 2133 1342 2122 1389 2113 1632 2116 1642 2122 1663 2131 1665 2131 1666 2131 1874 2130 1907 2122 1929 2118 1949 2122 1974 2130 1976 2130 1977 2130 2012 2122 2013 2059 2010 2031 4 2044 6 2068"/></Shape>
	    <String CONTENT=""
                    HPOS="4.0"
                    VPOS="2031.0"
                    WIDTH="2009.0"
                    HEIGHT="106.0"
                    WC="0.9863741797943638"></String>
          </TextLine>

          
          
          <TextLine ID="eSc_line_b14bd78e"
                    TAGREFS="LT15288"
                    BASELINE="578 2155 1419 2149" 
                    HPOS="576.0"
                    VPOS="2121.0"
                    WIDTH="843.0"
                    HEIGHT="94.0">
            <Shape><Polygon POINTS="578 2155 578 2199 683 2199 684 2199 696 2209 698 2209 699 2209 701 2209 702 2209 731 2200 786 2215 788 2215 789 2215 791 2215 821 2199 825 2197 831 2199 875 2215 876 2215 878 2215 879 2215 943 2199 952 2197 958 2199 980 2209 982 2209 983 2209 985 2209 986 2209 986 2208 995 2199 998 2196 1006 2199 1037 2214 1039 2214 1040 2215 1133 2215 1133 2214 1135 2214 1136 2214 1144 2208 1153 2214 1154 2214 1156 2214 1157 2214 1321 2212 1322 2212 1324 2212 1324 2211 1336 2199 1342 2194 1375 2194 1380 2199 1390 2208 1390 2209 1392 2209 1393 2209 1395 2209 1396 2209 1419 2199 1419 2149 1416 2121 576 2131 578 2155"/></Shape>
	    <String CONTENT=""
                    HPOS="576.0"
                    VPOS="2121.0"
                    WIDTH="843.0"
                    HEIGHT="94.0"
                    WC="0.9763994832833608"></String>
          </TextLine>

          
          
          <TextLine ID="eSc_line_5b3ac7c6"
                    TAGREFS="LT15288"
                    BASELINE="6 2244 2012 2238" 
                    HPOS="4.0"
                    VPOS="2202.0"
                    WIDTH="2008.0"
                    HEIGHT="109.0">
            <Shape><Polygon POINTS="6 2244 6 2308 106 2299 132 2308 135 2310 136 2310 138 2311 198 2311 198 2310 199 2310 202 2308 246 2292 387 2308 391 2308 393 2308 394 2308 432 2290 507 2290 561 2308 563 2308 564 2308 566 2308 570 2308 672 2290 738 2302 740 2302 741 2302 765 2296 795 2308 797 2308 798 2308 800 2308 801 2308 803 2308 821 2301 925 2308 943 2308 944 2308 946 2308 949 2308 1010 2289 1087 2305 1088 2305 1162 2289 1264 2289 1309 2307 1310 2307 1312 2307 1313 2307 1392 2289 1501 2289 1581 2305 1582 2305 1672 2296 1788 2305 1790 2305 1791 2305 1833 2293 1896 2305 1898 2307 2010 2307 2012 2238 2010 2211 1860 2202 1859 2202 1857 2202 1824 2209 1818 2212 1656 2212 1648 2209 1612 2202 1611 2202 1525 2209 1492 2212 1465 2209 1408 2203 1407 2203 1366 2209 1347 2212 1244 2209 1043 2203 1042 2203 977 2209 925 2214 867 2209 813 2205 812 2205 737 2209 656 2214 641 2209 627 2205 626 2205 624 2205 623 2205 606 2209 587 2214 566 2209 545 2205 543 2205 319 2206 304 2209 270 2215 4 2209 6 2244"/></Shape>
	    <String CONTENT=""
                    HPOS="4.0"
                    VPOS="2202.0"
                    WIDTH="2008.0"
                    HEIGHT="109.0"
                    WC="0.9848371130832727"></String>
          </TextLine>

          
          
          <TextLine ID="eSc_line_1903863c"
                    TAGREFS="LT15288"
                    BASELINE="6 2329 1919 2329" 
                    HPOS="6.0"
                    VPOS="2298.0"
                    WIDTH="1913.0"
                    HEIGHT="94.0">
            <Shape><Polygon POINTS="6 2329 6 2374 70 2391 72 2392 142 2392 142 2391 144 2391 175 2376 177 2376 217 2376 219 2376 253 2391 255 2391 256 2392 330 2392 330 2391 331 2391 369 2377 375 2376 382 2377 444 2391 446 2392 543 2392 543 2391 545 2391 572 2379 579 2376 593 2379 647 2391 648 2391 650 2391 687 2379 690 2379 693 2379 735 2391 737 2391 738 2392 809 2392 809 2391 810 2391 833 2380 837 2379 845 2380 867 2385 869 2385 870 2385 882 2380 898 2376 1052 2376 1069 2382 1073 2383 1075 2383 1076 2383 1102 2382 1180 2376 1220 2383 1268 2391 1270 2392 1325 2392 1325 2391 1327 2391 1350 2383 1369 2377 1396 2383 1426 2391 1428 2392 1590 2392 1590 2391 1591 2391 1614 2385 1653 2376 1695 2386 1719 2391 1720 2391 1722 2391 1735 2386 1761 2376 1812 2386 1836 2391 1838 2391 1919 2386 1919 2329 1917 2299 1743 2307 1686 2298 1678 2298 1677 2298 1657 2298 1512 2307 1264 2298 1238 2298 1237 2298 1235 2298 1234 2298 1202 2308 1105 2308 1081 2299 1079 2299 1078 2299 1040 2307 988 2298 983 2298 982 2298 980 2298 979 2298 953 2308 834 2308 776 2298 773 2298 771 2298 767 2298 711 2305 597 2298 591 2298 590 2298 588 2298 561 2308 423 2308 399 2299 397 2299 396 2299 394 2299 376 2308 63 2308 6 2298 6 2329"/></Shape>
	    <String CONTENT=""
                    HPOS="6.0"
                    VPOS="2298.0"
                    WIDTH="1913.0"
                    HEIGHT="94.0"
                    WC="0.9875590791777958"></String>
          </TextLine>

          
          
          <TextLine ID="eSc_line_16976c5a"
                    TAGREFS="LT15288"
                    BASELINE="6 2418 2016 2412" 
                    HPOS="4.0"
                    VPOS="2385.0"
                    WIDTH="2012.0"
                    HEIGHT="96.0">
            <Shape><Polygon POINTS="6 2418 6 2469 76 2464 91 2470 108 2476 109 2476 184 2478 186 2478 187 2478 207 2470 222 2464 280 2464 298 2470 322 2479 324 2479 325 2481 473 2481 473 2479 474 2479 492 2470 510 2463 566 2463 599 2472 624 2478 626 2478 627 2479 692 2479 692 2478 693 2478 708 2472 725 2464 759 2472 789 2478 791 2478 834 2472 890 2464 920 2472 940 2478 941 2478 943 2479 1010 2479 1010 2478 1160 2476 1184 2473 1258 2461 1417 2461 1446 2472 1447 2472 1449 2472 1450 2472 1476 2460 1638 2460 1698 2473 1699 2473 1762 2460 1821 2475 1823 2475 1824 2476 2015 2476 2016 2412 2015 2388 641 2385 639 2385 599 2392 596 2392 591 2392 524 2385 522 2385 4 2394 6 2418"/></Shape>
	    <String CONTENT=""
                    HPOS="4.0"
                    VPOS="2385.0"
                    WIDTH="2012.0"
                    HEIGHT="96.0"
                    WC="0.9938945131025453"></String>
          </TextLine>

          
          
          <TextLine ID="eSc_line_37605b43"
                    TAGREFS="LT15288"
                    BASELINE="9 2503 2018 2499" 
                    HPOS="9.0"
                    VPOS="2472.0"
                    WIDTH="2009.0"
                    HEIGHT="106.0">
            <Shape><Polygon POINTS="9 2559 223 2559 229 2560 286 2577 288 2577 289 2578 516 2578 516 2577 518 2577 561 2565 594 2574 596 2574 597 2574 599 2574 629 2560 633 2557 680 2557 704 2560 770 2571 771 2571 773 2571 801 2562 843 2571 845 2571 846 2571 867 2562 908 2575 910 2575 911 2577 979 2577 979 2575 1051 2560 1066 2559 1082 2562 1127 2568 1129 2568 1189 2562 1226 2557 1280 2562 1429 2574 1431 2575 1624 2575 1624 2574 1674 2562 1693 2557 1705 2562 1716 2566 1717 2566 1865 2574 1866 2575 1934 2575 1934 2574 1935 2574 1967 2562 1986 2556 2015 2562 2018 2499 2015 2472 1013 2479 861 2472 845 2472 843 2472 830 2472 674 2481 614 2473 612 2473 109 2481 9 2473 9 2503 9 2559"/></Shape>
	    <String CONTENT=""
                    HPOS="9.0"
                    VPOS="2472.0"
                    WIDTH="2009.0"
                    HEIGHT="106.0"
                    WC="0.9901194643618455"></String>
          </TextLine>

          
        </TextBlock>
        

        
      </PrintSpace>
    </Page>
  </Layout>
</alto>
