<?xml version="1.0" encoding="UTF-8"?>
<alto xmlns:xsi="http://www.w3.org/2001/XMLSchema-instance"
      xmlns="http://www.loc.gov/standards/alto/ns-v4#"
      xsi:schemaLocation="http://www.loc.gov/standards/alto/ns-v4# http://www.loc.gov/standards/alto/v4/alto-4-2.xsd">
  <Description>
    <MeasurementUnit>pixel</MeasurementUnit>
    <sourceImageInformation>
      <fileName>IE87719995_00046.jpg</fileName>
      <fileIdentifier>mets//export_doc4366_1col_14_copy_alto_202404261215.zip/IE87719995_00046.jpg</fileIdentifier>
    </sourceImageInformation>
  </Description>
  
  <Tags>
    <OtherTag ID="BT8356" LABEL="MainLeft" DESCRIPTION="block type MainLeft"/><OtherTag ID="BT8355" LABEL="MainRight" DESCRIPTION="block type MainRight"/><OtherTag ID="BT6914" LABEL="Handwritten" DESCRIPTION="block type Handwritten"/><OtherTag ID="BT6913" LABEL="RunningHeader" DESCRIPTION="block type RunningHeader"/><OtherTag ID="BT6912" LABEL="Catchword" DESCRIPTION="block type Catchword"/><OtherTag ID="BT6911" LABEL="Margin" DESCRIPTION="block type Margin"/><OtherTag ID="BT6910" LABEL="FooterCentral" DESCRIPTION="block type FooterCentral"/><OtherTag ID="BT6909" LABEL="MainCentral" DESCRIPTION="block type MainCentral"/><OtherTag ID="BT6908" LABEL="Header" DESCRIPTION="block type Header"/><OtherTag ID="BT4" LABEL="Illustration" DESCRIPTION="block type Illustration"/><OtherTag ID="BT3" LABEL="Commentary" DESCRIPTION="block type Commentary"/><OtherTag ID="BT2" LABEL="Main" DESCRIPTION="block type Main"/><OtherTag ID="BT1" LABEL="Title" DESCRIPTION="block type Title"/>
    <OtherTag ID="LT15938" LABEL="MainLeft" DESCRIPTION="line type MainLeft"/><OtherTag ID="LT15937" LABEL="MainRight" DESCRIPTION="line type MainRight"/><OtherTag ID="LT15289" LABEL="Handwritten" DESCRIPTION="line type Handwritten"/><OtherTag ID="LT15288" LABEL="MainCentral" DESCRIPTION="line type MainCentral"/><OtherTag ID="LT15287" LABEL="NotMain" DESCRIPTION="line type NotMain"/>
  </Tags>
  
  <Layout>
    <Page WIDTH="1285"
          HEIGHT="2084"
          PHYSICAL_IMG_NR="51"
          ID="eSc_dummypage_">
      <PrintSpace HPOS="0"
                  VPOS="0"
                  WIDTH="1285"
                  HEIGHT="2084">
        
        <TextBlock HPOS="92.0"
                   VPOS="106.0"
                   WIDTH="1044.0"
                   HEIGHT="1717.0"
                   ID="eSc_textblock_70da91c8"
                   TAGREFS="BT6909">
          <Shape><Polygon POINTS="111 106 1136 111 1132 1804 1118 1823 92 1814 111 106"/></Shape>
          
          
          <TextLine ID="eSc_line_3b478379"
                    TAGREFS="LT15288"
                    BASELINE="117 126 931 133 1125 141" 
                    HPOS="115.0"
                    VPOS="106.0"
                    WIDTH="1010.0"
                    HEIGHT="69.0">
            <Shape><Polygon POINTS="117 126 115 155 152 165 154 165 155 165 216 159 256 166 257 166 258 166 288 158 295 157 298 159 314 166 315 166 316 166 317 166 318 166 327 159 331 157 333 159 345 167 346 167 347 167 348 167 415 160 448 158 462 162 480 167 482 167 483 167 484 167 498 163 508 159 528 163 561 170 563 171 600 171 600 170 601 170 614 165 624 160 632 165 637 169 638 169 639 169 640 169 654 166 674 162 729 167 757 170 758 170 769 167 793 163 841 169 842 169 885 163 901 171 907 173 908 173 909 173 929 171 989 164 1009 173 1010 173 1011 173 1012 173 1013 173 1016 173 1034 167 1050 173 1053 174 1054 174 1055 175 1122 175 1125 141 1123 112 117 106 117 126"/></Shape>
	    <String CONTENT="מי שברך אבותינו אברהם יצחק ויעקב. הוא יברך את כל הקהל"
                    HPOS="115.0"
                    VPOS="106.0"
                    WIDTH="1010.0"
                    HEIGHT="69.0"
                    WC="0.9911264291516056"></String>
          </TextLine>

          
          
          <TextLine ID="eSc_line_61c14c2a"
                    TAGREFS="LT15288"
                    BASELINE="115 179 1027 184" 
                    HPOS="114.0"
                    VPOS="155.0"
                    WIDTH="913.0"
                    HEIGHT="64.0">
            <Shape><Polygon POINTS="114 204 152 216 154 216 155 217 222 217 222 216 223 216 224 216 235 207 266 216 267 216 268 216 269 216 296 207 318 216 319 216 320 216 360 208 381 216 382 216 383 216 384 216 415 207 424 204 485 207 495 207 508 217 509 217 510 217 512 217 585 207 600 206 610 208 658 218 659 219 683 219 683 218 684 218 704 208 718 218 719 218 720 218 721 218 785 215 786 215 787 215 796 208 799 207 862 208 863 209 885 219 886 219 887 219 888 219 916 209 920 208 924 209 961 219 962 219 964 219 1025 209 1027 184 1026 167 957 159 955 159 875 165 849 166 842 164 828 159 827 159 826 159 824 159 823 159 819 164 818 165 814 164 797 158 796 158 794 158 793 158 777 164 770 165 735 163 668 158 667 158 666 158 654 162 644 165 629 162 616 158 615 158 614 158 600 160 580 165 559 160 542 157 541 157 473 159 354 164 342 157 340 156 339 156 338 156 337 156 336 156 330 157 311 163 276 157 275 157 274 157 273 157 272 157 264 164 137 164 117 155 115 179 114 204"/></Shape>
	    <String CONTENT="הקדוש הזה עם כל קהלות הקדש. הם ונשיהם ובניהם"
                    HPOS="114.0"
                    VPOS="155.0"
                    WIDTH="913.0"
                    HEIGHT="64.0"
                    WC="0.9952859982200291"></String>
          </TextLine>

          
          
          <TextLine ID="eSc_line_67f117af"
                    TAGREFS="LT15288"
                    BASELINE="114 231 1129 240" 
                    HPOS="113.0"
                    VPOS="204.0"
                    WIDTH="1016.0"
                    HEIGHT="70.0">
            <Shape><Polygon POINTS="114 231 113 255 139 266 140 266 141 266 199 257 238 267 239 267 241 268 303 268 303 267 304 267 305 267 320 258 426 268 427 268 428 268 457 259 492 269 493 269 494 269 542 260 621 270 622 270 623 270 654 261 690 267 691 267 772 262 790 272 791 272 792 272 857 262 872 273 873 273 874 273 875 273 1084 268 1108 274 1110 274 1111 274 1112 274 1128 265 1129 240 1128 214 1096 219 1083 214 1082 214 1081 214 1002 219 915 213 874 210 798 210 797 210 796 210 787 213 774 217 761 213 754 210 753 210 751 210 714 213 669 216 662 213 658 209 656 209 655 209 654 209 571 213 512 215 463 213 383 208 382 208 329 213 319 213 317 213 295 206 294 206 293 206 291 206 266 213 264 213 261 213 241 204 239 204 238 204 237 204 212 213 114 213 114 231"/></Shape>
	    <String CONTENT="ובנותיהם וכל אשר להם ומי שמיחדים בתי כנסיות לתפלה. ומי"
                    HPOS="113.0"
                    VPOS="204.0"
                    WIDTH="1016.0"
                    HEIGHT="70.0"
                    WC="0.9927193396969846"></String>
          </TextLine>

          
          
          <TextLine ID="eSc_line_58c3735b"
                    TAGREFS="LT15288"
                    BASELINE="115 283 1128 290" 
                    HPOS="114.0"
                    VPOS="258.0"
                    WIDTH="1014.0"
                    HEIGHT="68.0">
            <Shape><Polygon POINTS="115 283 114 309 136 319 137 319 139 319 165 314 180 320 181 320 282 321 283 321 285 321 286 321 304 310 399 321 400 321 402 321 443 311 469 323 470 323 471 323 514 313 546 321 548 321 549 321 550 321 577 313 608 323 609 323 610 323 611 323 632 312 633 312 637 312 681 321 682 321 683 321 684 321 698 313 701 312 771 312 779 313 823 325 824 325 826 325 891 317 928 325 929 325 958 319 991 326 993 326 994 326 1017 318 1105 326 1106 326 1107 326 1127 317 1128 290 1126 267 961 272 897 266 852 262 851 262 829 266 804 270 798 266 791 261 790 261 789 261 738 261 736 261 735 261 734 261 727 266 721 270 697 270 660 266 602 260 601 260 600 260 583 266 575 268 564 266 542 261 541 261 514 266 499 268 494 266 484 260 483 260 482 260 480 260 462 266 453 268 439 266 403 259 402 259 315 266 290 267 280 266 257 261 256 261 254 261 241 266 238 266 237 266 225 258 224 258 223 258 222 258 184 266 180 266 177 266 158 260 157 260 156 260 115 265 115 283"/></Shape>
	    <String CONTENT="שבאים בתוכם להתפלל. ומי שנותנים נר למאור ויין לקדוש"
                    HPOS="114.0"
                    VPOS="258.0"
                    WIDTH="1014.0"
                    HEIGHT="68.0"
                    WC="0.9925699410615144"></String>
          </TextLine>

          
          
          <TextLine ID="eSc_line_2313e959"
                    TAGREFS="LT15288"
                    BASELINE="113 336 1129 343" 
                    HPOS="112.0"
                    VPOS="310.0"
                    WIDTH="1017.0"
                    HEIGHT="69.0">
            <Shape><Polygon POINTS="112 362 168 373 169 373 242 367 252 373 253 373 254 373 355 375 356 375 358 375 359 375 374 365 391 371 392 371 393 371 422 365 425 365 426 365 449 376 450 376 451 377 472 377 472 376 473 376 475 376 487 367 515 376 516 376 517 376 611 369 624 377 625 377 626 377 628 378 685 378 685 377 687 377 688 377 702 369 704 368 794 368 797 370 807 377 808 377 809 377 811 377 812 377 831 371 841 378 842 378 843 378 844 378 893 370 906 369 910 371 920 375 921 375 922 375 975 371 984 371 986 371 997 379 998 379 999 379 1001 379 1127 372 1129 343 1128 324 1096 316 1094 316 1093 316 1072 323 1071 324 1027 324 1025 321 1017 316 1016 316 1015 316 1013 316 913 320 882 321 879 320 871 314 870 314 869 314 867 314 820 319 793 321 784 319 769 313 768 313 767 313 765 313 755 318 749 320 743 318 733 314 732 314 731 314 729 314 728 314 724 318 718 320 608 320 602 316 597 312 596 312 595 312 594 312 538 316 472 319 449 314 435 311 434 311 417 313 397 317 373 313 359 311 358 311 356 311 353 312 344 318 141 318 114 310 113 336 112 362"/></Shape>
	    <String CONTENT="ולהבדלה ופת לאורחים וצדקה לעניים. חזן: וכל מי שעוסקים בצרכי"
                    HPOS="112.0"
                    VPOS="310.0"
                    WIDTH="1017.0"
                    HEIGHT="69.0"
                    WC="0.9855774394397078"></String>
          </TextLine>

          
          
          <TextLine ID="eSc_line_9a11e262"
                    TAGREFS="LT15288"
                    BASELINE="113 387 1128 395" 
                    HPOS="112.0"
                    VPOS="363.0"
                    WIDTH="1016.0"
                    HEIGHT="67.0">
            <Shape><Polygon POINTS="113 387 112 414 137 424 139 424 140 424 242 423 243 423 260 416 278 426 279 426 280 426 393 417 405 427 406 427 407 427 409 428 462 428 462 427 529 419 546 417 669 419 672 421 681 428 682 428 683 428 684 428 685 428 705 421 711 420 713 422 724 429 725 429 726 429 727 429 728 429 751 422 761 420 775 422 807 429 808 429 841 423 857 421 891 421 896 424 904 430 906 430 907 430 908 430 1126 427 1128 395 1127 377 403 365 402 365 348 365 149 369 113 363 113 387"/></Shape>
	    <String CONTENT="צבור באמונה. הקדוש ברוך הוא ישלם שכרם ויסיר מהם כל"
                    HPOS="112.0"
                    VPOS="363.0"
                    WIDTH="1016.0"
                    HEIGHT="67.0"
                    WC="0.9753178549664361"></String>
          </TextLine>

          
          
          <TextLine ID="eSc_line_9c2ad45d"
                    TAGREFS="LT15288"
                    BASELINE="113 442 1127 449" 
                    HPOS="112.0"
                    VPOS="413.0"
                    WIDTH="1015.0"
                    HEIGHT="73.0">
            <Shape><Polygon POINTS="113 442 112 468 154 479 340 480 341 480 342 480 367 473 373 472 381 473 411 479 412 479 413 479 425 474 429 472 434 474 448 481 449 481 450 481 451 481 468 474 472 473 505 475 555 479 556 479 571 477 588 473 594 477 601 481 602 481 603 481 604 481 632 478 656 474 688 478 720 482 721 482 741 479 768 474 782 480 786 481 787 481 789 481 797 480 820 475 844 481 858 483 859 483 873 481 904 475 929 482 935 483 936 483 937 483 947 482 974 479 990 483 997 485 998 485 999 485 1008 483 1039 477 1054 485 1055 485 1056 485 1057 486 1125 486 1127 449 1126 428 1074 428 1074 427 1055 419 1054 419 1053 419 1052 419 1032 427 1031 428 967 428 959 427 895 417 894 417 807 426 796 426 753 424 690 423 677 416 676 416 675 416 674 416 648 424 646 424 644 424 621 415 619 415 618 415 498 422 485 417 484 417 483 417 482 417 480 417 473 423 472 423 466 423 403 414 374 414 373 414 371 414 370 414 358 422 356 422 198 422 196 421 186 413 185 413 184 413 183 413 181 413 162 421 161 421 113 421 113 442"/></Shape>
	    <String CONTENT="מחלה וירפא לכל גופם ויסלח לכל עונם. וישלח ברכה והצלחה"
                    HPOS="112.0"
                    VPOS="413.0"
                    WIDTH="1015.0"
                    HEIGHT="73.0"
                    WC="0.9790044719712776"></String>
          </TextLine>

          
          
          <TextLine ID="eSc_line_41b120fd"
                    TAGREFS="LT15288"
                    BASELINE="203 495 1033 499" 
                    HPOS="202.0"
                    VPOS="468.0"
                    WIDTH="831.0"
                    HEIGHT="66.0">
            <Shape><Polygon POINTS="203 495 202 521 224 532 225 532 227 533 290 533 290 532 291 532 293 532 304 522 333 529 334 529 336 529 337 529 361 522 363 522 366 523 389 531 390 531 391 531 392 531 417 523 418 523 419 523 435 532 436 532 437 532 439 532 440 532 453 524 456 522 461 524 480 533 482 533 483 534 504 534 504 533 505 533 506 533 515 525 517 523 524 525 548 533 549 533 550 533 551 533 566 526 568 524 571 526 580 533 581 533 582 533 583 534 606 534 606 533 607 533 618 526 622 525 636 527 672 532 673 532 695 527 721 523 780 524 790 530 793 532 794 532 796 532 797 532 798 532 806 530 826 524 841 531 848 533 849 533 850 533 851 533 860 531 875 527 922 532 950 534 951 534 952 534 953 534 955 532 964 526 979 533 982 534 983 534 984 534 1031 533 1033 499 1031 474 988 478 977 474 969 471 968 471 967 471 951 474 936 477 917 474 896 471 895 471 894 471 885 474 873 479 764 479 758 474 753 470 751 470 750 470 749 470 702 474 675 477 660 474 634 470 633 470 632 470 615 474 607 477 604 474 599 470 597 470 596 470 595 470 594 470 593 470 586 474 583 475 570 474 521 470 520 470 465 474 453 475 451 474 444 468 443 468 442 468 352 468 351 468 349 468 324 474 319 475 309 474 259 470 258 470 203 474 203 495"/></Shape>
	    <String CONTENT="בכל מעשה ידיהם עם כל ישראל אחיהם. ונאמר אמן:"
                    HPOS="202.0"
                    VPOS="468.0"
                    WIDTH="831.0"
                    HEIGHT="66.0"
                    WC="0.989604009234387"></String>
          </TextLine>

          
          
          <TextLine ID="eSc_line_4d04c3dd"
                    TAGREFS="LT15288"
                    BASELINE="112 545 1125 555" 
                    HPOS="111.0"
                    VPOS="516.0"
                    WIDTH="1014.0"
                    HEIGHT="80.0">
            <Shape><Polygon POINTS="112 545 111 578 141 588 142 588 143 588 144 588 169 580 185 580 236 580 239 581 250 585 251 585 252 585 297 582 322 580 333 582 364 590 366 590 367 590 368 590 397 583 420 577 492 581 497 584 504 589 505 589 506 589 507 589 534 584 558 581 565 585 567 588 568 588 570 588 571 589 600 589 600 588 601 588 607 585 622 580 658 586 661 586 662 586 665 586 690 581 785 588 786 588 894 582 915 589 916 589 917 589 918 589 935 583 945 590 952 596 953 596 954 596 955 596 1122 592 1125 555 1123 526 1079 533 1045 525 1043 525 1042 525 1041 525 1013 533 981 527 980 527 931 532 902 524 899 523 897 523 896 523 888 523 824 531 790 523 786 522 785 522 732 522 731 522 729 522 728 522 712 530 623 521 617 521 616 521 615 521 597 527 566 521 561 519 560 519 559 519 557 519 536 527 512 519 510 519 509 519 508 519 505 519 449 527 421 522 420 522 396 526 378 518 377 518 376 518 375 518 337 526 112 516 112 545"/></Shape>
	    <String CONTENT=""
                    HPOS="111.0"
                    VPOS="516.0"
                    WIDTH="1014.0"
                    HEIGHT="80.0"
                    WC="0.9778255418855317"></String>
          </TextLine>

          
          
          <TextLine ID="eSc_line_609dc966"
                    TAGREFS="LT15288"
                    BASELINE="112 600 931 598" 
                    HPOS="111.0"
                    VPOS="582.0"
                    WIDTH="820.0"
                    HEIGHT="58.0">
            <Shape><Polygon POINTS="112 600 113 633 127 628 135 633 143 639 144 639 145 639 147 640 200 640 200 639 269 632 309 628 318 632 338 639 339 639 340 639 368 633 380 639 381 639 382 640 466 640 466 639 468 639 469 639 478 630 482 628 493 630 541 637 542 637 543 637 544 637 555 629 559 627 577 629 621 635 622 635 623 635 643 628 647 627 650 628 663 637 665 637 666 637 667 637 668 637 701 628 702 628 703 628 727 637 728 637 729 637 827 630 886 637 887 637 888 637 931 626 931 598 929 582 111 583 112 600"/></Shape>
	    <String CONTENT=""
                    HPOS="111.0"
                    VPOS="582.0"
                    WIDTH="820.0"
                    HEIGHT="58.0"
                    WC="0.9908583866225349"></String>
          </TextLine>

          
          
          <TextLine ID="eSc_line_1fc0ee95"
                    TAGREFS="LT15288"
                    BASELINE="113 651 1125 657" 
                    HPOS="112.0"
                    VPOS="626.0"
                    WIDTH="1013.0"
                    HEIGHT="68.0">
            <Shape><Polygon POINTS="113 651 112 679 152 688 154 688 279 681 297 681 311 683 378 690 380 690 407 684 414 683 434 684 493 690 494 690 495 690 508 685 516 683 535 685 568 691 570 691 688 687 791 685 852 690 880 692 881 692 891 691 920 685 943 691 950 693 951 693 952 693 965 692 994 687 1009 692 1012 693 1013 693 1015 694 1122 694 1125 657 1123 637 918 630 917 630 718 633 528 634 520 630 517 628 516 628 515 628 514 628 466 629 364 633 324 628 315 627 314 627 286 627 141 632 113 626 113 651"/></Shape>
	    <String CONTENT=""
                    HPOS="112.0"
                    VPOS="626.0"
                    WIDTH="1013.0"
                    HEIGHT="68.0"
                    WC="0.9725377219063895"></String>
          </TextLine>

          
          
          <TextLine ID="eSc_line_c128840f"
                    TAGREFS="LT15288"
                    BASELINE="111 706 1126 713" 
                    HPOS="110.0"
                    VPOS="677.0"
                    WIDTH="1016.0"
                    HEIGHT="72.0">
            <Shape><Polygon POINTS="111 706 110 730 139 742 140 742 376 743 377 743 378 743 399 735 409 731 446 731 457 736 463 738 464 738 465 738 486 736 512 734 519 737 526 740 527 740 528 740 549 737 580 732 588 738 594 743 595 743 596 743 597 743 599 743 607 738 617 734 783 734 804 742 814 746 815 746 816 746 818 746 828 743 849 735 864 743 866 745 867 745 869 745 870 745 871 745 872 745 874 744 888 735 921 744 929 746 930 746 931 746 932 746 938 745 950 740 964 745 970 747 972 747 973 747 974 747 975 747 979 745 987 740 1001 746 1005 747 1006 747 1008 747 1009 747 1010 747 1012 746 1023 739 1048 746 1052 747 1053 747 1054 749 1123 749 1126 713 1125 691 942 681 940 681 815 688 799 688 797 688 776 680 775 680 774 680 717 687 714 687 711 687 665 680 663 680 629 686 604 680 603 680 602 680 573 686 556 680 555 680 553 680 552 680 534 686 533 686 526 686 447 680 446 680 391 685 388 685 377 678 376 678 375 678 374 678 316 685 310 685 307 685 281 677 280 677 279 677 278 677 249 684 239 678 238 678 237 678 236 678 198 684 195 684 194 684 179 677 178 677 177 677 176 677 161 684 159 684 111 684 111 706"/></Shape>
	    <String CONTENT=""
                    HPOS="110.0"
                    VPOS="677.0"
                    WIDTH="1016.0"
                    HEIGHT="72.0"
                    WC="0.9836428729551179"></String>
          </TextLine>

          
          
          <TextLine ID="eSc_line_c425e997"
                    TAGREFS="LT15288"
                    BASELINE="112 758 1125 764" 
                    HPOS="111.0"
                    VPOS="732.0"
                    WIDTH="1014.0"
                    HEIGHT="63.0">
            <Shape><Polygon POINTS="112 758 111 788 1121 795 1125 764 1123 745 909 744 909 743 899 736 897 736 896 736 895 736 806 742 771 737 770 737 769 737 757 743 756 743 754 743 719 735 718 735 629 742 623 742 619 742 572 735 571 735 570 735 551 742 549 742 546 742 517 734 516 734 406 734 405 734 404 734 381 740 378 740 374 740 329 735 327 735 258 739 254 739 241 732 239 732 238 732 237 732 236 732 227 739 225 739 112 739 112 758"/></Shape>
	    <String CONTENT=""
                    HPOS="111.0"
                    VPOS="732.0"
                    WIDTH="1014.0"
                    HEIGHT="63.0"
                    WC="0.9802854217466761"></String>
          </TextLine>

          
          
          <TextLine ID="eSc_line_7ab9c702"
                    TAGREFS="LT15288"
                    BASELINE="110 811 1123 815" 
                    HPOS="108.0"
                    VPOS="783.0"
                    WIDTH="1015.0"
                    HEIGHT="66.0">
            <Shape><Polygon POINTS="110 811 108 837 161 847 162 848 229 848 229 847 230 847 246 840 375 847 376 847 377 847 392 839 393 839 398 839 466 848 468 848 502 840 504 840 531 848 533 848 534 848 574 840 579 840 585 840 643 848 644 848 645 848 658 841 660 840 668 841 718 848 719 848 720 848 721 848 731 841 734 840 762 840 767 841 783 849 784 849 785 849 786 849 809 842 811 842 882 849 884 849 885 849 886 849 896 842 900 841 974 841 981 844 1001 849 1002 849 1003 849 1121 844 1123 815 1122 795 994 795 990 793 968 786 967 786 966 786 895 793 875 794 864 791 830 786 829 786 741 791 724 791 705 790 623 784 622 784 558 789 510 793 482 788 447 783 446 783 444 783 431 788 419 793 380 793 371 788 362 783 361 783 360 783 341 787 323 791 312 787 303 783 302 783 301 783 278 787 244 791 206 786 185 783 184 783 183 783 176 786 158 791 110 786 110 811"/></Shape>
	    <String CONTENT=""
                    HPOS="108.0"
                    VPOS="783.0"
                    WIDTH="1015.0"
                    HEIGHT="66.0"
                    WC="0.9712558557589849"></String>
          </TextLine>

          
          
          <TextLine ID="eSc_line_b3686a76"
                    TAGREFS="LT15288"
                    BASELINE="107 863 1123 869" 
                    HPOS="106.0"
                    VPOS="837.0"
                    WIDTH="1017.0"
                    HEIGHT="67.0">
            <Shape><Polygon POINTS="107 863 106 889 134 898 135 898 136 899 181 899 181 898 183 898 184 898 195 891 279 898 280 898 281 898 304 892 309 891 315 892 348 899 349 899 428 893 454 892 457 894 468 899 469 899 470 899 521 894 543 893 550 896 565 900 566 900 567 901 629 901 629 900 646 897 661 893 666 897 670 900 672 900 673 900 674 900 731 898 802 894 829 899 844 901 845 901 847 901 848 901 850 899 858 894 907 894 928 900 935 903 936 903 937 904 988 904 988 903 989 903 991 901 1003 896 1030 901 1034 903 1035 904 1121 904 1123 869 1123 849 994 842 993 842 954 847 917 839 916 839 869 846 821 839 820 839 785 846 761 839 760 839 758 839 625 845 602 838 601 838 600 838 536 845 491 837 490 837 488 837 473 844 448 837 447 837 446 837 444 837 426 842 382 837 381 837 380 837 378 837 368 844 260 844 232 837 231 837 230 837 216 844 107 844 107 863"/></Shape>
	    <String CONTENT=""
                    HPOS="106.0"
                    VPOS="837.0"
                    WIDTH="1017.0"
                    HEIGHT="67.0"
                    WC="0.9739796064667783"></String>
          </TextLine>

          
          
          <TextLine ID="eSc_line_010deea4"
                    TAGREFS="LT15288"
                    BASELINE="107 915 1123 921" 
                    HPOS="106.0"
                    VPOS="889.0"
                    WIDTH="1017.0"
                    HEIGHT="71.0">
            <Shape><Polygon POINTS="107 915 106 942 180 955 181 956 283 956 283 955 285 955 304 945 308 944 311 947 326 954 327 954 329 954 374 949 384 956 385 956 387 956 388 956 419 950 439 955 440 955 441 955 442 955 460 949 469 945 478 949 491 954 492 954 493 954 494 954 509 949 520 947 529 950 545 956 546 956 548 956 549 956 567 950 568 950 578 957 579 957 580 957 581 957 617 956 618 956 619 956 625 951 634 947 711 947 726 954 735 957 736 957 738 957 758 954 786 949 807 955 820 958 821 958 822 958 823 958 824 958 829 955 843 948 888 948 914 956 916 957 917 957 918 957 920 957 922 957 940 950 951 957 954 959 955 959 957 959 958 959 969 957 987 954 993 958 995 959 996 959 997 959 998 960 1121 960 1123 921 1122 901 967 893 966 893 938 900 935 900 932 900 916 892 915 892 914 892 872 899 871 899 865 899 701 892 699 892 541 898 515 898 495 897 392 891 391 891 390 891 368 897 364 897 360 897 310 889 309 889 274 896 273 896 245 890 244 890 213 896 212 896 202 889 201 889 200 889 199 889 198 889 173 896 171 896 107 896 107 915"/></Shape>
	    <String CONTENT=""
                    HPOS="106.0"
                    VPOS="889.0"
                    WIDTH="1017.0"
                    HEIGHT="71.0"
                    WC="0.9926955156158983"></String>
          </TextLine>

          
          
          <TextLine ID="eSc_line_ac3100e8"
                    TAGREFS="LT15288"
                    BASELINE="283 969 945 969" 
                    HPOS="283.0"
                    VPOS="944.0"
                    WIDTH="662.0"
                    HEIGHT="63.0">
            <Shape><Polygon POINTS="283 969 283 996 303 996 314 1004 314 1006 315 1006 316 1006 317 1007 369 1007 369 1006 370 1006 371 1006 371 1004 382 996 411 996 418 1002 418 1003 419 1003 420 1003 421 1003 463 999 472 1006 473 1006 475 1006 476 1006 477 1006 491 1000 512 1006 513 1006 514 1006 515 1006 533 998 555 1004 556 1004 557 1004 558 1004 559 1004 559 1003 568 996 588 996 597 1004 597 1006 599 1006 600 1006 601 1007 680 1007 680 1006 681 1006 702 998 727 998 734 1004 734 1006 735 1006 736 1006 738 1006 739 1006 768 999 799 1006 800 1006 801 1006 802 1006 815 996 858 1006 859 1007 928 1007 928 1006 929 1006 930 1006 945 996 945 969 944 947 775 950 771 948 768 944 767 944 765 944 697 944 696 944 695 944 694 944 694 945 690 948 688 950 676 948 652 944 651 944 629 949 621 950 616 949 606 944 604 944 603 944 578 949 568 950 559 949 527 944 526 944 486 950 480 950 477 950 458 944 457 944 456 944 415 950 414 950 413 950 406 944 405 944 404 944 403 944 339 950 317 944 316 944 315 944 314 944 312 944 307 950 298 944 297 944 296 944 295 944 294 944 283 949 283 969"/></Shape>
	    <String CONTENT=""
                    HPOS="283.0"
                    VPOS="944.0"
                    WIDTH="662.0"
                    HEIGHT="63.0"
                    WC="0.9890008706312913"></String>
          </TextLine>

          
          
          <TextLine ID="eSc_line_9148f09a"
                    TAGREFS="LT15288"
                    BASELINE="106 1020 1119 1026" 
                    HPOS="105.0"
                    VPOS="993.0"
                    WIDTH="1014.0"
                    HEIGHT="72.0">
            <Shape><Polygon POINTS="106 1020 105 1048 111 1053 112 1053 113 1053 114 1053 162 1051 190 1058 191 1058 192 1058 241 1047 246 1046 247 1047 258 1054 259 1054 260 1054 261 1054 286 1050 298 1059 300 1059 301 1059 302 1059 344 1051 400 1055 402 1055 403 1055 404 1055 412 1051 413 1050 414 1051 426 1057 427 1057 428 1057 476 1052 488 1051 491 1052 504 1060 505 1060 506 1060 507 1060 508 1060 531 1053 548 1060 549 1060 550 1060 587 1054 594 1053 602 1054 633 1060 634 1060 636 1060 653 1055 673 1050 714 1057 739 1060 740 1060 741 1060 748 1057 765 1050 900 1060 937 1062 938 1062 939 1062 940 1062 943 1061 952 1055 993 1061 994 1061 995 1061 996 1061 1012 1052 1050 1052 1068 1063 1069 1063 1070 1063 1071 1065 1116 1065 1119 1026 1118 1001 106 993 106 1020"/></Shape>
	    <String CONTENT=""
                    HPOS="105.0"
                    VPOS="993.0"
                    WIDTH="1014.0"
                    HEIGHT="72.0"
                    WC="0.9866646597018609"></String>
          </TextLine>

          
          
          <TextLine ID="eSc_line_fb86b0ab"
                    TAGREFS="LT15288"
                    BASELINE="105 1072 1016 1074" 
                    HPOS="104.0"
                    VPOS="1047.0"
                    WIDTH="912.0"
                    HEIGHT="64.0">
            <Shape><Polygon POINTS="105 1072 104 1099 150 1110 151 1111 334 1111 334 1110 336 1110 349 1103 352 1102 355 1103 376 1110 377 1110 378 1110 447 1104 473 1102 483 1104 500 1110 501 1110 502 1110 504 1110 521 1105 531 1102 544 1105 568 1111 570 1111 571 1111 625 1106 658 1103 670 1106 687 1111 688 1111 689 1111 720 1106 750 1103 775 1107 789 1110 790 1110 791 1110 792 1110 794 1107 801 1103 838 1109 844 1109 845 1109 847 1109 848 1109 860 1103 869 1109 872 1111 873 1111 874 1111 875 1111 904 1109 982 1103 1011 1110 1016 1074 1015 1057 802 1057 801 1055 793 1048 792 1048 791 1048 747 1048 746 1048 745 1048 743 1048 734 1054 732 1055 721 1054 674 1048 673 1048 621 1054 615 1054 614 1054 602 1048 601 1048 600 1048 599 1048 586 1054 581 1055 577 1054 564 1050 563 1050 561 1050 514 1053 500 1054 497 1053 482 1047 480 1047 479 1047 478 1047 462 1053 458 1054 449 1053 419 1048 418 1048 393 1053 385 1054 380 1053 362 1047 361 1047 360 1047 317 1052 300 1054 296 1052 289 1047 288 1047 287 1047 251 1047 250 1047 249 1047 247 1047 241 1052 236 1054 105 1052 105 1072"/></Shape>
	    <String CONTENT=""
                    HPOS="104.0"
                    VPOS="1047.0"
                    WIDTH="912.0"
                    HEIGHT="64.0"
                    WC="0.9929285708894121"></String>
          </TextLine>

          
          
          <TextLine ID="eSc_line_d3857a7a"
                    TAGREFS="LT15288"
                    BASELINE="107 1124 1121 1129" 
                    HPOS="106.0"
                    VPOS="1097.0"
                    WIDTH="1015.0"
                    HEIGHT="68.0">
            <Shape><Polygon POINTS="107 1124 106 1158 266 1161 267 1161 268 1161 272 1158 282 1153 293 1158 295 1161 296 1161 297 1161 298 1161 300 1161 303 1158 311 1155 337 1158 356 1162 358 1162 359 1162 369 1158 381 1156 399 1158 420 1162 421 1162 422 1162 432 1158 450 1153 464 1158 471 1162 472 1162 473 1162 475 1162 483 1158 492 1156 501 1158 515 1163 516 1163 517 1163 546 1158 566 1156 586 1158 600 1161 601 1161 602 1161 607 1158 621 1154 646 1154 654 1158 660 1163 661 1163 662 1163 663 1163 665 1163 677 1158 695 1154 770 1154 779 1158 787 1163 789 1163 790 1163 791 1163 800 1158 808 1155 821 1158 828 1161 829 1161 830 1161 877 1158 939 1156 948 1158 968 1165 969 1165 970 1165 972 1165 986 1158 993 1156 1015 1158 1047 1163 1048 1163 1049 1163 1064 1158 1075 1156 1085 1158 1101 1163 1103 1163 1104 1163 1105 1163 1120 1158 1121 1129 1120 1105 920 1109 786 1103 741 1101 740 1101 739 1101 734 1102 716 1107 694 1102 684 1099 683 1099 682 1099 644 1102 577 1105 542 1101 530 1099 529 1099 485 1101 315 1105 273 1098 259 1097 258 1097 249 1098 223 1104 107 1098 107 1124"/></Shape>
	    <String CONTENT=""
                    HPOS="106.0"
                    VPOS="1097.0"
                    WIDTH="1015.0"
                    HEIGHT="68.0"
                    WC="0.9951278785864512"></String>
          </TextLine>

          
          
          <TextLine ID="eSc_line_72ff9f0b"
                    TAGREFS="LT15288"
                    BASELINE="103 1180 1120 1180" 
                    HPOS="103.0"
                    VPOS="1153.0"
                    WIDTH="1017.0"
                    HEIGHT="63.0">
            <Shape><Polygon POINTS="103 1180 103 1207 148 1215 149 1215 192 1208 195 1208 199 1208 238 1215 239 1216 319 1216 319 1215 320 1215 322 1215 330 1209 331 1208 338 1209 367 1215 368 1215 369 1215 384 1209 390 1208 399 1209 424 1215 425 1215 468 1211 490 1208 510 1211 542 1215 543 1215 567 1212 588 1208 695 1208 704 1213 710 1215 711 1215 712 1215 728 1213 748 1209 755 1213 760 1215 761 1215 762 1215 780 1213 809 1209 858 1214 879 1215 880 1215 881 1215 885 1214 895 1208 1010 1215 1024 1215 1025 1215 1026 1215 1027 1215 1041 1208 1119 1215 1120 1180 1120 1161 1062 1153 1061 1153 1060 1153 1046 1160 1012 1153 1011 1153 974 1160 816 1153 815 1153 662 1160 652 1153 651 1153 650 1153 587 1153 586 1153 585 1153 571 1160 382 1154 381 1154 331 1160 317 1153 316 1153 272 1153 271 1153 269 1153 247 1160 232 1154 231 1154 230 1154 229 1154 216 1161 103 1161 103 1180"/></Shape>
	    <String CONTENT=""
                    HPOS="103.0"
                    VPOS="1153.0"
                    WIDTH="1017.0"
                    HEIGHT="63.0"
                    WC="0.9981283095647704"></String>
          </TextLine>

          
          
          <TextLine ID="eSc_line_4185783b"
                    TAGREFS="LT15288"
                    BASELINE="103 1231 1118 1234" 
                    HPOS="101.0"
                    VPOS="1204.0"
                    WIDTH="1017.0"
                    HEIGHT="66.0">
            <Shape><Polygon POINTS="103 1231 101 1257 119 1265 120 1265 121 1265 150 1260 183 1267 184 1268 308 1268 308 1267 363 1259 376 1258 418 1258 422 1260 435 1266 436 1266 437 1266 482 1260 505 1258 510 1261 519 1267 520 1267 521 1267 522 1267 592 1263 636 1259 650 1263 667 1268 668 1268 669 1268 707 1264 743 1259 751 1264 755 1267 756 1267 757 1267 786 1268 787 1268 807 1265 837 1259 848 1266 852 1268 853 1268 855 1268 856 1268 870 1266 899 1259 911 1266 916 1268 917 1268 918 1270 950 1270 950 1268 951 1268 955 1267 977 1259 999 1267 1002 1268 1003 1268 1004 1270 1115 1270 1118 1234 1118 1213 1086 1205 1085 1205 1084 1205 1083 1205 1063 1212 947 1205 946 1205 891 1212 888 1212 878 1205 877 1205 875 1205 874 1205 837 1212 835 1212 830 1212 748 1205 747 1205 611 1211 586 1205 585 1205 583 1205 557 1211 535 1204 534 1204 533 1204 437 1211 434 1211 431 1211 359 1204 358 1204 324 1211 320 1212 239 1212 237 1211 213 1204 212 1204 210 1204 209 1204 187 1211 184 1211 103 1211 103 1231"/></Shape>
	    <String CONTENT=""
                    HPOS="101.0"
                    VPOS="1204.0"
                    WIDTH="1017.0"
                    HEIGHT="66.0"
                    WC="0.9834931973825422"></String>
          </TextLine>

          
          
          <TextLine ID="eSc_line_bf9d52b6"
                    TAGREFS="LT15288"
                    BASELINE="101 1281 1118 1286" 
                    HPOS="100.0"
                    VPOS="1257.0"
                    WIDTH="1018.0"
                    HEIGHT="67.0">
            <Shape><Polygon POINTS="101 1281 100 1310 122 1319 123 1319 125 1321 267 1321 267 1319 268 1319 286 1311 288 1311 324 1311 331 1312 366 1321 367 1321 368 1321 382 1314 384 1312 387 1314 409 1321 410 1321 411 1321 466 1315 487 1312 519 1315 578 1321 579 1321 580 1321 595 1316 608 1312 629 1317 655 1322 656 1322 658 1322 668 1317 675 1315 696 1317 727 1322 728 1322 729 1322 736 1318 745 1314 757 1318 767 1322 768 1322 769 1322 789 1319 820 1314 831 1319 836 1322 837 1322 838 1322 840 1322 845 1319 862 1314 917 1314 930 1321 932 1322 933 1322 935 1322 936 1322 938 1321 955 1315 975 1322 980 1323 981 1323 982 1323 993 1322 1039 1315 1053 1323 1054 1323 1055 1323 1056 1324 1115 1324 1118 1286 1116 1267 812 1259 811 1259 701 1263 614 1265 586 1261 561 1258 560 1258 559 1258 551 1261 542 1264 531 1260 522 1258 521 1258 520 1258 501 1260 477 1264 464 1260 457 1258 456 1258 455 1258 454 1258 450 1260 442 1264 410 1259 396 1258 395 1258 387 1259 363 1264 329 1259 320 1258 319 1258 293 1258 139 1263 101 1257 101 1281"/></Shape>
	    <String CONTENT=""
                    HPOS="100.0"
                    VPOS="1257.0"
                    WIDTH="1018.0"
                    HEIGHT="67.0"
                    WC="0.9947055784138766"></String>
          </TextLine>

          
          
          <TextLine ID="eSc_line_35546248"
                    TAGREFS="LT15288"
                    BASELINE="98 1334 1115 1339" 
                    HPOS="97.0"
                    VPOS="1309.0"
                    WIDTH="1018.0"
                    HEIGHT="65.0">
            <Shape><Polygon POINTS="98 1334 97 1361 114 1370 115 1370 117 1371 220 1371 220 1370 221 1370 222 1370 234 1362 265 1370 266 1370 267 1370 342 1366 352 1371 353 1371 354 1371 355 1373 405 1373 405 1371 406 1371 422 1365 436 1371 437 1371 439 1373 500 1373 500 1371 501 1371 529 1363 530 1363 531 1363 592 1371 593 1371 629 1365 645 1365 745 1365 747 1365 760 1371 761 1371 762 1371 763 1371 778 1365 779 1365 786 1365 833 1370 834 1370 835 1370 851 1366 855 1365 856 1366 866 1374 867 1374 869 1374 870 1374 871 1374 897 1366 900 1366 902 1366 946 1374 947 1374 979 1367 983 1366 1030 1366 1033 1367 1042 1373 1043 1373 1045 1373 1046 1373 1047 1373 1048 1373 1056 1367 1066 1374 1067 1374 1068 1374 1069 1374 1113 1367 1115 1339 1114 1321 1030 1312 1028 1312 1027 1312 1006 1319 1005 1321 920 1321 914 1319 860 1311 859 1311 828 1317 805 1311 804 1311 802 1311 801 1311 800 1311 790 1318 758 1311 757 1311 643 1316 606 1310 604 1310 548 1317 545 1317 539 1317 339 1309 338 1309 337 1309 323 1316 98 1316 98 1334"/></Shape>
	    <String CONTENT=""
                    HPOS="97.0"
                    VPOS="1309.0"
                    WIDTH="1018.0"
                    HEIGHT="65.0"
                    WC="0.9956322762201417"></String>
          </TextLine>

          
          
          <TextLine ID="eSc_line_ec201059"
                    TAGREFS="LT15288"
                    BASELINE="97 1390 1114 1390" 
                    HPOS="97.0"
                    VPOS="1363.0"
                    WIDTH="1017.0"
                    HEIGHT="68.0">
            <Shape><Polygon POINTS="97 1385 97 1390 97 1422 140 1429 141 1431 369 1431 369 1429 370 1429 371 1429 377 1425 381 1424 399 1425 448 1429 449 1429 498 1426 529 1424 1113 1429 1114 1390 1114 1373 874 1373 873 1371 830 1363 829 1363 746 1371 741 1371 736 1371 654 1366 653 1366 619 1371 617 1371 614 1371 570 1363 568 1363 473 1371 465 1373 369 1373 368 1371 356 1363 355 1363 354 1363 353 1363 291 1371 285 1373 259 1373 257 1371 246 1363 245 1363 244 1363 243 1363 99 1370 97 1385"/></Shape>
	    <String CONTENT=""
                    HPOS="97.0"
                    VPOS="1363.0"
                    WIDTH="1017.0"
                    HEIGHT="68.0"
                    WC="0.9943439651812825"></String>
          </TextLine>

          
          
          <TextLine ID="eSc_line_967a3605"
                    TAGREFS="LT15288"
                    BASELINE="309 1442 897 1440" 
                    HPOS="308.0"
                    VPOS="1415.0"
                    WIDTH="589.0"
                    HEIGHT="70.0">
            <Shape><Polygon POINTS="309 1442 309 1478 395 1485 396 1485 397 1485 398 1485 404 1479 410 1476 439 1476 448 1479 457 1484 458 1484 460 1484 461 1484 469 1480 478 1476 488 1480 498 1484 499 1484 500 1484 501 1484 509 1480 519 1476 577 1480 590 1481 592 1481 599 1480 641 1475 666 1481 675 1484 676 1484 677 1484 692 1481 733 1475 742 1481 743 1483 743 1484 745 1484 746 1484 747 1484 760 1483 786 1478 794 1483 796 1484 797 1484 798 1484 799 1484 800 1484 806 1483 836 1475 860 1483 864 1484 865 1484 866 1484 897 1483 897 1440 896 1422 749 1422 720 1415 719 1415 718 1415 701 1422 699 1422 694 1417 694 1415 692 1415 691 1415 602 1415 601 1415 600 1415 581 1422 577 1425 484 1425 482 1422 476 1417 475 1417 473 1417 472 1417 471 1417 470 1417 470 1418 464 1422 463 1424 460 1422 439 1417 437 1417 436 1417 435 1417 417 1422 412 1424 409 1422 397 1417 396 1417 395 1417 393 1417 392 1417 387 1422 384 1424 371 1422 317 1417 316 1417 315 1417 314 1417 308 1419 309 1442"/></Shape>
	    <String CONTENT=""
                    HPOS="308.0"
                    VPOS="1415.0"
                    WIDTH="589.0"
                    HEIGHT="70.0"
                    WC="0.9879010356962681"></String>
          </TextLine>

          
          
          <TextLine ID="eSc_line_723c2821"
                    TAGREFS="LT15288"
                    BASELINE="426 1547 814 1545" 
                    HPOS="425.0"
                    VPOS="1507.0"
                    WIDTH="389.0"
                    HEIGHT="103.0">
            <Shape><Polygon POINTS="426 1547 426 1595 439 1608 439 1609 440 1609 441 1609 442 1610 479 1610 479 1609 480 1609 502 1600 529 1606 530 1606 531 1606 533 1606 534 1606 534 1605 542 1598 566 1605 567 1605 568 1605 570 1605 571 1605 571 1604 585 1593 610 1593 618 1593 634 1603 636 1603 637 1603 638 1603 639 1603 640 1603 640 1602 651 1591 652 1591 660 1591 676 1593 692 1605 694 1605 695 1605 745 1608 746 1608 747 1608 790 1591 813 1591 814 1545 813 1522 738 1514 736 1514 735 1514 717 1520 703 1508 703 1507 702 1507 701 1507 660 1507 659 1507 658 1507 628 1520 615 1525 585 1525 579 1519 573 1514 573 1513 572 1513 571 1513 570 1513 568 1513 557 1519 551 1521 537 1519 514 1514 513 1514 425 1516 426 1547"/></Shape>
	    <String CONTENT=""
                    HPOS="425.0"
                    VPOS="1507.0"
                    WIDTH="389.0"
                    HEIGHT="103.0"
                    WC="0.9929427570766873"></String>
          </TextLine>

          
          
          <TextLine ID="eSc_line_e7c37b24"
                    TAGREFS="LT15288"
                    BASELINE="96 1645 1094 1649" 
                    HPOS="95.0"
                    VPOS="1610.0"
                    WIDTH="999.0"
                    HEIGHT="80.0">
            <Shape><Polygon POINTS="96 1645 95 1670 151 1688 152 1688 154 1689 218 1689 218 1688 220 1688 237 1681 249 1688 250 1688 251 1688 252 1689 336 1689 336 1688 337 1688 359 1679 391 1688 392 1688 393 1688 395 1688 418 1675 420 1674 421 1675 453 1689 454 1689 455 1690 553 1690 553 1689 555 1689 556 1689 574 1676 577 1675 579 1676 600 1690 601 1690 602 1690 603 1690 604 1690 650 1678 747 1690 748 1690 749 1690 780 1679 791 1676 829 1677 834 1679 849 1688 850 1688 851 1688 852 1688 853 1688 865 1679 871 1676 894 1681 925 1686 926 1686 928 1686 939 1681 951 1676 1077 1676 1089 1683 1094 1649 1092 1616 1074 1624 1010 1617 1009 1617 1008 1617 976 1625 948 1617 939 1613 938 1613 842 1613 841 1613 813 1617 765 1624 748 1618 736 1613 735 1613 734 1613 733 1613 724 1618 711 1625 648 1625 614 1618 585 1613 583 1613 582 1613 565 1618 550 1623 542 1618 530 1612 529 1612 528 1612 527 1612 509 1619 500 1623 493 1619 485 1615 484 1615 409 1611 407 1611 406 1611 388 1619 380 1623 371 1619 359 1615 358 1615 356 1615 327 1619 317 1622 309 1620 273 1610 272 1610 271 1610 269 1610 268 1610 252 1620 251 1622 249 1620 239 1613 238 1613 237 1613 236 1613 235 1613 212 1620 206 1623 145 1623 143 1620 127 1615 126 1615 125 1615 96 1620 96 1645"/></Shape>
	    <String CONTENT=""
                    HPOS="95.0"
                    VPOS="1610.0"
                    WIDTH="999.0"
                    HEIGHT="80.0"
                    WC="0.9629033722129523"></String>
          </TextLine>

          
          
          <TextLine ID="eSc_line_90f0a731"
                    TAGREFS="LT15288"
                    BASELINE="92 1713 945 1708" 
                    HPOS="91.0"
                    VPOS="1682.0"
                    WIDTH="854.0"
                    HEIGHT="73.0">
            <Shape><Polygon POINTS="92 1713 92 1745 112 1745 122 1754 123 1754 125 1754 126 1755 208 1755 208 1754 209 1754 231 1747 245 1752 246 1752 247 1752 249 1752 261 1745 265 1744 281 1747 319 1751 320 1751 322 1751 323 1751 330 1747 334 1743 349 1747 369 1751 370 1751 402 1747 428 1743 441 1748 456 1752 457 1752 458 1752 460 1752 476 1748 490 1743 499 1748 508 1752 509 1752 510 1752 539 1751 541 1751 542 1751 546 1748 555 1742 564 1748 567 1751 568 1751 570 1751 571 1751 602 1748 653 1743 666 1749 672 1751 673 1751 674 1751 688 1749 705 1745 716 1749 721 1751 723 1751 724 1751 725 1751 734 1749 767 1741 798 1749 799 1749 800 1749 851 1741 875 1750 877 1750 878 1750 879 1750 900 1744 943 1750 945 1708 943 1689 842 1689 838 1689 805 1682 804 1682 802 1682 776 1689 774 1689 768 1689 704 1683 703 1683 674 1689 667 1690 661 1689 631 1683 630 1683 545 1689 516 1691 501 1690 470 1685 469 1685 468 1685 450 1690 443 1691 439 1690 426 1684 425 1684 424 1684 347 1690 326 1691 322 1690 307 1685 305 1685 304 1685 274 1690 266 1691 260 1690 241 1685 239 1685 238 1685 215 1690 203 1693 143 1693 139 1690 132 1685 130 1685 129 1685 128 1685 91 1690 92 1713"/></Shape>
	    <String CONTENT=""
                    HPOS="91.0"
                    VPOS="1682.0"
                    WIDTH="854.0"
                    HEIGHT="73.0"
                    WC="0.9804917194626548"></String>
          </TextLine>

          
          
          <TextLine ID="eSc_line_82504a2c"
                    TAGREFS="LT15288"
                    BASELINE="91 1779 1103 1777" 
                    HPOS="91.0"
                    VPOS="1745.0"
                    WIDTH="1012.0"
                    HEIGHT="81.0">
            <Shape><Polygon POINTS="1103 1777 1100 1757 999 1757 998 1757 975 1745 974 1745 896 1745 895 1745 894 1745 880 1752 838 1745 837 1745 836 1745 812 1757 801 1757 758 1756 743 1748 742 1748 741 1748 690 1757 661 1745 660 1745 632 1745 631 1745 630 1745 603 1756 549 1752 548 1752 546 1752 545 1752 538 1758 536 1759 406 1759 404 1758 367 1747 366 1747 282 1747 281 1747 280 1747 244 1758 243 1758 241 1758 172 1751 171 1751 170 1751 149 1758 149 1759 91 1759 91 1779 92 1826 113 1821 181 1825 186 1825 187 1825 188 1825 190 1825 207 1814 263 1814 294 1824 300 1825 301 1825 302 1825 311 1823 347 1815 361 1823 364 1825 366 1825 367 1825 368 1826 390 1826 390 1825 391 1825 392 1825 396 1822 411 1814 435 1814 447 1822 450 1824 451 1824 453 1824 454 1824 477 1821 505 1817 564 1820 656 1824 658 1824 659 1824 674 1818 685 1814 711 1817 755 1824 756 1824 757 1824 774 1817 783 1813 874 1813 885 1815 918 1824 920 1824 921 1824 1027 1814 1063 1824 1064 1824 1066 1824 1067 1824 1103 1811 1103 1777"/></Shape>
	    <String CONTENT=""
                    HPOS="91.0"
                    VPOS="1745.0"
                    WIDTH="1012.0"
                    HEIGHT="81.0"
                    WC="0.9912803367428158"></String>
          </TextLine>

          
        </TextBlock>
        

        
      </PrintSpace>
    </Page>
  </Layout>
</alto>
