<?xml version="1.0" encoding="UTF-8"?>
<alto xmlns:xsi="http://www.w3.org/2001/XMLSchema-instance"
      xmlns="http://www.loc.gov/standards/alto/ns-v4#"
      xsi:schemaLocation="http://www.loc.gov/standards/alto/ns-v4# http://www.loc.gov/standards/alto/v4/alto-4-2.xsd">
  <Description>
    <MeasurementUnit>pixel</MeasurementUnit>
    <sourceImageInformation>
      <fileName>IE87719995_00053.jpg</fileName>
      <fileIdentifier>mets//export_doc4366_1col_14_copy_alto_202404261215.zip/IE87719995_00053.jpg</fileIdentifier>
    </sourceImageInformation>
  </Description>
  
  <Tags>
    <OtherTag ID="BT8356" LABEL="MainLeft" DESCRIPTION="block type MainLeft"/><OtherTag ID="BT8355" LABEL="MainRight" DESCRIPTION="block type MainRight"/><OtherTag ID="BT6914" LABEL="Handwritten" DESCRIPTION="block type Handwritten"/><OtherTag ID="BT6913" LABEL="RunningHeader" DESCRIPTION="block type RunningHeader"/><OtherTag ID="BT6912" LABEL="Catchword" DESCRIPTION="block type Catchword"/><OtherTag ID="BT6911" LABEL="Margin" DESCRIPTION="block type Margin"/><OtherTag ID="BT6910" LABEL="FooterCentral" DESCRIPTION="block type FooterCentral"/><OtherTag ID="BT6909" LABEL="MainCentral" DESCRIPTION="block type MainCentral"/><OtherTag ID="BT6908" LABEL="Header" DESCRIPTION="block type Header"/><OtherTag ID="BT4" LABEL="Illustration" DESCRIPTION="block type Illustration"/><OtherTag ID="BT3" LABEL="Commentary" DESCRIPTION="block type Commentary"/><OtherTag ID="BT2" LABEL="Main" DESCRIPTION="block type Main"/><OtherTag ID="BT1" LABEL="Title" DESCRIPTION="block type Title"/>
    <OtherTag ID="LT15938" LABEL="MainLeft" DESCRIPTION="line type MainLeft"/><OtherTag ID="LT15937" LABEL="MainRight" DESCRIPTION="line type MainRight"/><OtherTag ID="LT15289" LABEL="Handwritten" DESCRIPTION="line type Handwritten"/><OtherTag ID="LT15288" LABEL="MainCentral" DESCRIPTION="line type MainCentral"/><OtherTag ID="LT15287" LABEL="NotMain" DESCRIPTION="line type NotMain"/>
  </Tags>
  
  <Layout>
    <Page WIDTH="1316"
          HEIGHT="2104"
          PHYSICAL_IMG_NR="52"
          ID="eSc_dummypage_">
      <PrintSpace HPOS="0"
                  VPOS="0"
                  WIDTH="1316"
                  HEIGHT="2104">
        
        <TextBlock HPOS="173.0"
                   VPOS="140.0"
                   WIDTH="1044.0"
                   HEIGHT="1719.0"
                   ID="eSc_textblock_1bfb4147"
                   TAGREFS="BT6909">
          <Shape><Polygon POINTS="574 140 1217 149 1217 1738 1199 1855 327 1859 187 1855 173 1841 177 149 574 140"/></Shape>
          
          
          <TextLine ID="eSc_line_9758238c"
                    TAGREFS="LT15288"
                    BASELINE="185 163 1206 165" 
                    HPOS="184.0"
                    VPOS="140.0"
                    WIDTH="1022.0"
                    HEIGHT="62.0">
            <Shape><Polygon POINTS="1202 148 1190 148 1179 148 1167 148 1155 148 1144 148 1132 147 1120 147 1108 147 1097 147 1085 147 1073 147 1062 147 1050 146 1038 146 1027 146 1015 146 1003 146 1000 146 998 146 996 146 991 146 980 146 968 144 956 144 945 144 933 144 921 144 910 144 898 144 886 143 874 143 863 143 851 143 839 143 828 143 816 143 811 142 734 144 707 141 699 141 687 141 676 141 664 141 652 141 641 140 629 140 617 140 605 140 594 140 587 140 514 140 512 141 500 141 488 141 486 141 474 141 465 142 453 142 442 142 430 142 418 143 407 143 395 143 383 143 371 144 360 144 348 144 336 144 325 144 313 146 301 146 290 146 278 146 266 147 255 147 243 147 231 147 219 148 208 148 196 148 185 148 185 163 184 195 193 201 194 201 195 201 196 201 237 195 252 201 253 201 255 202 366 202 366 201 396 194 410 190 423 194 442 199 443 199 444 199 471 194 491 190 506 195 521 199 522 199 524 199 548 195 552 195 554 195 573 201 574 201 575 201 576 201 588 196 601 190 692 190 731 197 752 201 753 201 754 201 765 197 783 191 814 198 823 199 824 199 825 199 827 199 828 198 841 191 901 191 917 199 922 202 924 202 925 202 926 202 933 199 954 191 979 199 982 201 983 201 984 201 989 199 1022 192 1045 199 1046 199 1202 202 1206 165 1204 148 1202 148"/></Shape>
	    <String CONTENT=""
                    HPOS="184.0"
                    VPOS="140.0"
                    WIDTH="1022.0"
                    HEIGHT="62.0"
                    WC="0.9890941865039322"></String>
          </TextLine>

          
          
          <TextLine ID="eSc_line_e2f84616"
                    TAGREFS="LT15288"
                    BASELINE="187 217 1206 217" 
                    HPOS="187.0"
                    VPOS="189.0"
                    WIDTH="1019.0"
                    HEIGHT="64.0">
            <Shape><Polygon POINTS="187 217 187 241 235 241 236 241 258 252 259 252 260 252 313 243 319 241 324 243 360 252 361 252 362 253 383 253 383 252 384 252 386 252 400 243 402 241 415 244 462 251 463 251 464 251 465 251 474 244 478 241 498 244 554 252 555 252 621 245 662 241 690 241 698 246 706 252 707 252 708 252 710 252 711 252 724 246 736 241 756 241 767 247 775 252 776 252 777 252 779 253 855 253 855 252 856 252 857 252 863 247 867 245 880 248 896 252 897 252 898 252 899 252 900 252 906 248 913 244 922 248 931 252 932 252 933 252 961 248 1003 244 1028 250 1039 252 1041 252 1051 250 1086 241 1126 251 1134 252 1135 252 1206 251 1206 217 1206 199 1003 192 1002 192 1001 192 989 198 974 190 973 190 972 190 928 197 889 189 887 189 886 189 866 198 815 190 762 190 761 190 760 190 743 197 722 190 721 190 720 190 646 195 634 189 632 189 631 189 572 196 550 189 549 189 548 189 547 189 519 196 477 189 476 189 395 198 373 189 371 189 370 189 369 189 368 189 352 199 264 199 231 189 230 189 229 189 187 198 187 217"/></Shape>
	    <String CONTENT=""
                    HPOS="187.0"
                    VPOS="189.0"
                    WIDTH="1019.0"
                    HEIGHT="64.0"
                    WC="0.9866974258422851"></String>
          </TextLine>

          
          
          <TextLine ID="eSc_line_d257c3d3"
                    TAGREFS="LT15288"
                    BASELINE="189 268 1206 271" 
                    HPOS="188.0"
                    VPOS="243.0"
                    WIDTH="1018.0"
                    HEIGHT="62.0">
            <Shape><Polygon POINTS="189 268 188 295 362 302 363 302 364 302 379 298 388 294 394 298 401 302 402 302 403 302 404 302 424 298 432 296 455 298 506 302 507 302 508 302 517 299 526 294 565 294 573 299 576 302 577 302 579 302 580 303 605 303 605 302 607 302 617 299 635 294 662 300 676 302 677 302 690 300 711 295 719 300 724 303 725 303 726 303 727 303 728 303 729 303 734 300 742 295 796 295 805 301 807 302 808 302 809 302 876 303 877 303 878 303 879 303 882 301 893 295 944 295 980 302 988 303 989 303 996 302 1025 295 1060 303 1065 303 1066 305 1203 305 1206 271 1204 252 1110 252 1110 251 1086 244 1085 244 1084 244 742 250 697 243 696 243 350 250 314 250 309 250 273 243 272 243 271 243 258 250 257 250 189 250 189 268"/></Shape>
	    <String CONTENT=""
                    HPOS="188.0"
                    VPOS="243.0"
                    WIDTH="1018.0"
                    HEIGHT="62.0"
                    WC="0.9885297645222056"></String>
          </TextLine>

          
          
          <TextLine ID="eSc_line_92b03805"
                    TAGREFS="LT15288"
                    BASELINE="185 320 1206 323" 
                    HPOS="184.0"
                    VPOS="293.0"
                    WIDTH="1022.0"
                    HEIGHT="65.0">
            <Shape><Polygon POINTS="185 320 184 348 198 355 200 355 201 356 267 356 267 355 269 355 298 347 300 347 311 355 312 355 313 355 314 356 355 356 355 355 356 355 357 355 368 347 370 347 380 347 470 355 471 355 472 355 490 348 540 356 541 357 573 357 573 356 574 356 575 356 587 348 610 356 611 356 612 356 659 355 660 355 662 355 672 348 673 348 717 348 718 348 727 355 728 355 729 355 731 355 732 355 748 348 749 348 839 348 841 348 850 355 851 355 852 355 853 355 904 350 922 357 924 357 925 357 965 350 998 357 1000 357 1001 357 1034 349 1065 357 1066 357 1068 358 1158 358 1158 357 1159 357 1160 357 1173 349 1203 349 1206 323 1203 301 1140 303 1130 301 1112 295 1111 295 1110 295 1108 295 1097 301 1090 303 1057 301 1002 295 1001 295 977 301 963 303 948 301 921 295 920 295 859 301 836 302 829 301 810 294 809 294 701 294 700 294 699 294 678 301 676 301 673 301 657 294 656 294 655 294 607 301 591 302 582 301 554 294 553 294 552 294 550 294 541 301 540 301 538 301 521 295 520 295 519 295 518 295 507 301 505 302 401 302 396 301 364 293 363 293 362 293 336 301 334 301 333 301 324 293 322 293 321 293 320 293 319 293 300 300 283 293 281 293 280 293 279 293 278 293 270 299 240 294 239 294 238 294 237 294 229 301 226 301 185 301 185 320"/></Shape>
	    <String CONTENT=""
                    HPOS="184.0"
                    VPOS="293.0"
                    WIDTH="1022.0"
                    HEIGHT="65.0"
                    WC="0.9883047883157376"></String>
          </TextLine>

          
          
          <TextLine ID="eSc_line_03ae1bbb"
                    TAGREFS="LT15288"
                    BASELINE="210 375 1206 375" 
                    HPOS="210.0"
                    VPOS="348.0"
                    WIDTH="996.0"
                    HEIGHT="62.0">
            <Shape><Polygon POINTS="210 375 210 406 278 400 345 406 369 409 370 410 470 410 470 409 471 409 476 406 490 400 519 406 532 409 533 410 533 409 546 406 576 400 657 400 666 406 669 409 670 409 671 409 672 410 703 410 703 409 704 409 705 409 707 406 717 400 797 400 821 406 831 409 832 409 834 410 877 410 877 409 878 409 879 409 883 406 891 400 915 406 928 409 929 410 1045 410 1045 409 1046 409 1048 409 1051 406 1060 400 1096 400 1107 406 1113 409 1114 409 1115 409 1206 405 1206 375 1206 357 1121 357 1111 349 1110 349 1108 349 1107 349 1053 356 1022 348 1021 348 1020 348 534 354 500 348 499 348 438 356 382 348 381 348 380 348 362 357 210 357 210 375"/></Shape>
	    <String CONTENT=""
                    HPOS="210.0"
                    VPOS="348.0"
                    WIDTH="996.0"
                    HEIGHT="62.0"
                    WC="0.9798331205491666"></String>
          </TextLine>

          
          
          <TextLine ID="eSc_line_d85f6188"
                    TAGREFS="LT15288"
                    BASELINE="184 428 1206 428" 
                    HPOS="184.0"
                    VPOS="399.0"
                    WIDTH="1022.0"
                    HEIGHT="66.0">
            <Shape><Polygon POINTS="184 428 184 452 230 464 231 465 312 465 312 464 313 464 334 454 370 464 371 464 373 464 374 464 375 464 391 453 395 453 477 464 478 464 479 464 514 453 518 453 546 453 548 453 565 464 566 464 567 464 568 464 569 464 570 464 582 457 603 464 604 464 605 464 607 464 625 454 628 453 677 453 678 454 692 464 693 464 694 464 696 464 697 464 698 464 712 454 713 453 722 454 780 464 781 464 782 464 803 454 807 453 814 454 849 464 850 464 851 465 929 465 929 464 931 464 958 455 963 453 967 455 979 464 980 464 981 464 982 464 983 464 984 464 998 455 1002 453 1011 455 1048 464 1049 465 1076 465 1076 464 1077 464 1078 464 1089 455 1093 453 1134 454 1137 455 1152 464 1153 464 1154 464 1206 455 1206 428 1206 410 1092 407 1077 399 1076 399 1075 399 1029 409 961 400 960 400 959 400 933 407 915 399 914 399 913 399 869 409 801 407 789 399 788 399 787 399 786 399 710 407 658 400 657 400 656 400 643 407 632 399 631 399 630 399 602 399 601 399 600 399 582 407 531 399 529 399 528 399 506 409 455 400 453 400 391 409 369 400 368 400 367 400 334 407 322 399 321 399 320 399 291 399 290 399 288 399 287 399 273 410 184 410 184 428"/></Shape>
	    <String CONTENT="מזמור לדוד הבו ליהוה בני אלים הבו ליהוה כבוד ועז: הבו ליהוה כבוד"
                    HPOS="184.0"
                    VPOS="399.0"
                    WIDTH="1022.0"
                    HEIGHT="66.0"
                    WC="0.988200935824164"></String>
          </TextLine>

          
          
          <TextLine ID="eSc_line_5d1b6605"
                    TAGREFS="LT15288"
                    BASELINE="183 480 1203 478" 
                    HPOS="183.0"
                    VPOS="450.0"
                    WIDTH="1020.0"
                    HEIGHT="67.0">
            <Shape><Polygon POINTS="183 508 218 516 219 517 286 517 286 516 287 516 311 509 320 507 335 509 370 515 371 515 397 509 416 506 451 509 505 516 506 516 507 516 531 510 547 506 554 510 556 513 557 513 559 513 560 513 593 510 653 506 663 510 669 514 670 514 671 514 672 514 673 514 678 510 685 506 734 504 762 511 777 515 779 515 780 515 781 515 795 511 821 504 843 511 844 511 845 511 846 511 862 504 872 511 874 514 876 514 877 514 878 514 879 514 887 511 900 508 907 511 912 515 913 515 914 515 915 515 917 515 927 511 941 508 948 511 953 515 954 515 955 515 956 515 972 513 987 509 994 513 1000 515 1001 515 1002 516 1097 516 1097 515 1098 515 1104 513 1114 508 1126 513 1128 514 1130 514 1131 514 1132 514 1134 513 1147 508 1160 513 1166 515 1167 515 1168 515 1202 513 1203 478 1201 455 984 459 974 457 952 450 951 450 949 450 948 450 947 450 938 457 933 459 898 457 834 452 832 452 773 458 765 458 762 458 752 450 750 450 749 450 715 450 714 450 713 450 696 458 690 460 672 458 622 451 621 451 619 451 618 451 608 458 605 460 593 458 542 451 541 451 540 451 525 459 511 459 450 460 448 459 437 452 436 452 435 452 396 451 395 451 313 460 306 461 183 461 183 480 183 508"/></Shape>
	    <String CONTENT="שמו השתחוו ליהוה בהדרת־קדש: קול יהוה על־המים אל־הכבוד הרעים"
                    HPOS="183.0"
                    VPOS="450.0"
                    WIDTH="1020.0"
                    HEIGHT="67.0"
                    WC="0.9669690330823263"></String>
          </TextLine>

          
          
          <TextLine ID="eSc_line_6421392f"
                    TAGREFS="LT15288"
                    BASELINE="183 534 1204 531" 
                    HPOS="183.0"
                    VPOS="503.0"
                    WIDTH="1021.0"
                    HEIGHT="65.0">
            <Shape><Polygon POINTS="183 568 327 568 327 566 328 566 335 564 375 554 417 554 436 563 443 566 444 566 445 566 446 566 457 563 481 554 522 562 548 566 549 568 594 568 594 566 595 566 596 566 604 561 614 554 649 559 691 566 692 566 693 566 708 558 718 554 733 558 755 565 756 565 758 565 759 565 789 557 809 552 851 552 862 556 886 565 887 565 889 565 890 565 913 555 921 552 931 555 963 565 965 565 966 566 1045 566 1045 565 1046 565 1048 565 1057 559 1147 565 1148 565 1149 565 1151 565 1169 551 1204 550 1204 531 1202 513 1141 513 1139 513 1113 503 1112 503 1111 503 1110 503 1108 503 1096 513 1091 513 1053 507 1052 507 1022 513 1020 513 1017 513 990 504 989 504 988 504 914 513 911 513 893 503 892 503 848 503 846 503 845 503 844 503 831 513 769 513 750 504 749 504 748 504 747 504 724 513 680 504 679 504 552 510 520 504 519 504 518 504 486 514 485 514 484 514 471 507 470 507 395 504 394 504 329 514 327 515 183 515 183 534 183 568"/></Shape>
	    <String CONTENT="יהוה על־מים רבים: קול־יהוה בכח קול יהוה בהדר: קול יהוה שבר ארזים"
                    HPOS="183.0"
                    VPOS="503.0"
                    WIDTH="1021.0"
                    HEIGHT="65.0"
                    WC="0.9866596100659206"></String>
          </TextLine>

          
          
          <TextLine ID="eSc_line_53a4512c"
                    TAGREFS="LT15288"
                    BASELINE="182 586 1203 583" 
                    HPOS="181.0"
                    VPOS="555.0"
                    WIDTH="1022.0"
                    HEIGHT="69.0">
            <Shape><Polygon POINTS="182 586 182 624 312 624 312 623 313 623 314 623 328 613 355 623 356 623 357 623 359 624 412 624 412 623 414 623 415 623 429 613 460 620 462 620 463 620 484 613 554 619 555 619 556 619 575 612 610 620 611 620 612 620 628 612 658 612 690 621 691 621 692 621 693 621 727 621 750 620 752 620 772 612 887 619 889 619 954 611 973 619 974 619 975 619 1011 611 1036 620 1037 620 1038 620 1039 620 1041 620 1042 620 1062 611 1104 611 1124 620 1125 620 1126 620 1127 620 1203 619 1203 583 1202 565 1168 557 1167 557 1166 557 1165 557 1154 565 1153 566 1056 566 1055 565 1039 559 1038 559 1037 559 1001 565 1000 565 998 565 963 555 962 555 961 555 917 561 862 555 860 555 794 566 789 566 772 566 522 556 521 556 452 562 432 557 431 557 430 557 429 557 410 565 361 557 360 557 302 568 300 569 181 569 182 586"/></Shape>
	    <String CONTENT="וישבר יהוה את־ארזי הלבנון: וירקידם כמו־עגל לבנון ושריון כמו בן־"
                    HPOS="181.0"
                    VPOS="555.0"
                    WIDTH="1022.0"
                    HEIGHT="69.0"
                    WC="0.9824396044015884"></String>
          </TextLine>

          
          
          <TextLine ID="eSc_line_86e6e298"
                    TAGREFS="LT15288"
                    BASELINE="184 638 1203 638" 
                    HPOS="184.0"
                    VPOS="610.0"
                    WIDTH="1019.0"
                    HEIGHT="63.0">
            <Shape><Polygon POINTS="184 638 184 660 209 672 210 672 211 673 276 673 276 672 277 672 278 672 292 661 294 660 305 661 362 672 363 673 389 673 389 672 390 672 391 672 404 662 407 661 409 662 426 672 428 672 429 673 453 673 453 672 455 672 486 663 501 660 513 665 533 672 534 672 535 672 536 672 550 665 560 660 590 660 602 665 616 672 617 672 618 672 619 672 636 666 651 660 694 666 711 668 712 668 728 667 774 661 789 667 800 672 801 672 802 672 803 672 817 668 843 660 884 668 885 668 886 668 887 668 907 660 989 660 1021 670 1027 672 1028 672 1029 672 1030 672 1035 670 1065 660 1083 670 1084 672 1085 672 1086 672 1087 672 1089 672 1092 670 1114 666 1202 672 1203 638 1203 620 1175 613 1174 613 1053 619 980 610 979 610 934 619 908 610 907 610 906 610 865 616 773 610 772 610 656 619 605 610 604 610 548 616 476 610 474 610 473 610 455 619 184 619 184 638"/></Shape>
	    <String CONTENT="ראמים: קול־יהוה חצב להבות אש: קול יהוה יחיל מדבר יחיל יהוה מדבר"
                    HPOS="184.0"
                    VPOS="610.0"
                    WIDTH="1019.0"
                    HEIGHT="63.0"
                    WC="0.9772974817376388"></String>
          </TextLine>

          
          
          <TextLine ID="eSc_line_060ed884"
                    TAGREFS="LT15288"
                    BASELINE="185 691 1203 688" 
                    HPOS="185.0"
                    VPOS="659.0"
                    WIDTH="1018.0"
                    HEIGHT="66.0">
            <Shape><Polygon POINTS="185 713 276 725 277 725 395 722 396 722 397 722 408 715 428 725 429 725 430 725 478 718 486 724 487 724 488 724 490 725 490 724 491 724 492 724 504 716 505 716 545 724 546 724 547 724 562 716 570 713 630 713 643 717 656 722 657 722 658 722 659 722 676 717 687 715 692 717 701 724 703 724 704 724 705 724 706 724 726 718 743 713 755 718 767 724 768 724 769 724 770 724 793 718 804 716 836 720 877 723 878 723 879 723 887 720 905 713 941 720 942 720 994 711 1034 711 1060 721 1066 723 1068 723 1069 723 1084 722 1125 716 1202 722 1203 688 1201 669 1084 669 1080 669 1036 659 1035 659 1034 659 1002 669 1001 669 998 669 908 659 907 659 906 659 877 668 865 660 864 660 863 660 829 660 828 660 827 660 796 670 794 670 788 670 710 660 708 660 707 660 706 660 696 667 610 663 609 663 608 663 582 670 542 661 457 661 456 661 455 661 433 670 397 661 396 661 395 661 394 661 370 672 369 673 185 673 185 691 185 713"/></Shape>
	    <String CONTENT="קדש: קול יהוה יחולל אילות ויחשף יערות ובהיכלו כלו אמר כבוד:"
                    HPOS="185.0"
                    VPOS="659.0"
                    WIDTH="1018.0"
                    HEIGHT="66.0"
                    WC="0.9886115021624807"></String>
          </TextLine>

          
          
          <TextLine ID="eSc_line_e00d11d9"
                    TAGREFS="LT15288"
                    BASELINE="184 745 1202 741" 
                    HPOS="183.0"
                    VPOS="711.0"
                    WIDTH="1019.0"
                    HEIGHT="79.0">
            <Shape><Polygon POINTS="184 745 184 784 236 789 237 789 238 789 239 789 246 784 251 780 256 783 266 789 267 789 269 790 321 790 321 789 322 789 350 781 369 777 375 781 383 787 384 787 386 787 436 789 437 789 438 789 464 779 476 776 490 779 521 787 522 787 524 787 525 787 546 778 562 771 679 771 688 776 697 781 698 781 699 781 700 781 752 774 772 772 776 774 793 781 794 781 846 786 848 786 904 778 934 785 935 785 936 785 938 785 939 785 952 776 976 785 977 785 979 785 980 785 981 785 990 778 1003 785 1004 785 1006 785 1064 778 1124 785 1125 785 1126 785 1168 767 1202 766 1202 741 1200 722 1162 722 1160 722 1145 711 1144 711 1142 711 1141 711 1140 711 1119 721 1038 711 1037 711 1036 711 1035 711 1017 722 1016 722 945 714 944 714 898 723 893 724 845 724 844 723 821 713 820 713 818 713 774 718 692 713 691 713 649 714 648 714 646 714 631 724 630 724 602 716 601 716 600 716 598 716 584 722 574 714 573 714 572 714 570 714 529 721 518 714 517 714 515 714 455 714 453 714 452 714 451 714 436 725 435 725 430 725 391 717 390 717 389 717 388 717 376 725 375 725 367 725 294 720 293 720 183 725 184 745"/></Shape>
	    <String CONTENT="יהוה למבול ישב וישב יהוה מלך לעולם: יהוה עז לעמו יתן יהוה יברך את"
                    HPOS="183.0"
                    VPOS="711.0"
                    WIDTH="1019.0"
                    HEIGHT="79.0"
                    WC="0.974047832447907"></String>
          </TextLine>

          
          
          <TextLine ID="eSc_line_e94645aa"
                    TAGREFS="LT15288"
                    BASELINE="576 790 796 790" 
                    HPOS="576.0"
                    VPOS="764.0"
                    WIDTH="220.0"
                    HEIGHT="63.0">
            <Shape><Polygon POINTS="576 790 576 826 795 827 796 790 796 773 781 765 780 765 779 765 777 765 776 765 765 773 738 765 736 765 735 765 701 773 693 766 692 766 691 766 690 766 688 766 670 771 632 764 631 764 630 764 629 764 629 765 622 772 576 773 576 790"/></Shape>
	    <String CONTENT="־עמו בשלום:"
                    HPOS="576.0"
                    VPOS="764.0"
                    WIDTH="220.0"
                    HEIGHT="63.0"
                    WC="0.9826442539691925"></String>
          </TextLine>

          
          
          <TextLine ID="eSc_line_bc360f2f"
                    TAGREFS="LT15288"
                    BASELINE="180 889 1197 886" 
                    HPOS="178.0"
                    VPOS="842.0"
                    WIDTH="1019.0"
                    HEIGHT="97.0">
            <Shape><Polygon POINTS="180 889 180 939 209 938 210 938 253 916 357 916 422 938 423 938 424 938 425 938 432 938 490 931 510 937 513 938 514 938 515 938 517 938 519 937 548 922 602 921 650 923 665 933 666 933 667 933 669 933 670 933 700 921 734 936 735 936 736 936 738 936 739 936 741 936 790 918 843 921 871 935 874 936 876 936 877 936 878 936 882 935 920 914 956 925 958 925 959 925 960 925 998 914 1036 933 1042 936 1043 936 1044 936 1196 931 1197 886 1196 843 1105 842 1104 842 1103 842 1098 845 1073 859 1063 854 1062 854 1060 854 1059 854 1032 863 940 847 936 847 935 847 934 847 933 847 919 856 905 848 901 845 900 845 899 845 898 845 897 845 889 848 863 859 849 852 848 852 846 852 795 854 787 849 783 847 782 847 781 847 780 847 779 847 770 849 758 855 749 850 740 843 739 843 738 843 708 843 707 843 706 843 688 852 674 857 646 854 645 854 644 854 634 860 621 853 610 846 609 846 608 846 607 846 605 846 604 846 593 853 582 848 581 848 580 848 546 854 480 864 460 855 438 845 437 845 405 845 404 845 403 845 402 845 386 856 373 866 355 867 256 867 242 859 235 855 233 855 232 855 212 859 208 860 207 859 198 853 197 853 196 853 195 853 194 853 178 857 180 889"/></Shape>
	    <String CONTENT=""
                    HPOS="178.0"
                    VPOS="842.0"
                    WIDTH="1019.0"
                    HEIGHT="97.0"
                    WC="0.9737670131631799"></String>
          </TextLine>

          
          
          <TextLine ID="eSc_line_9c1c2e4a"
                    TAGREFS="LT15288"
                    BASELINE="181 953 1020 946" 
                    HPOS="181.0"
                    VPOS="917.0"
                    WIDTH="839.0"
                    HEIGHT="78.0">
            <Shape><Polygon POINTS="181 983 221 983 243 995 244 995 245 995 246 995 247 995 283 985 317 995 318 995 319 995 320 995 352 981 353 981 384 992 386 992 387 992 388 992 415 983 457 994 458 994 459 994 460 994 481 987 554 991 555 991 556 991 557 991 569 980 570 979 598 979 604 980 638 992 639 992 641 992 642 992 659 985 670 992 671 992 672 992 673 992 674 992 676 992 690 980 691 979 697 980 732 988 733 988 734 988 759 980 781 991 782 991 783 992 807 992 807 991 808 991 809 991 824 980 828 978 831 980 851 990 852 990 853 991 919 991 919 990 920 990 941 981 995 990 996 990 997 990 1020 979 1020 946 1017 917 952 921 951 921 949 921 938 928 803 921 762 919 761 919 742 922 696 930 652 924 623 921 622 921 621 921 604 925 582 932 557 932 552 926 547 923 547 922 546 922 545 922 543 922 520 926 512 929 504 928 481 922 480 922 479 922 478 922 458 929 444 932 405 929 327 923 326 923 325 923 324 923 324 924 315 931 312 935 181 935 181 953 181 983"/></Shape>
	    <String CONTENT=""
                    HPOS="181.0"
                    VPOS="917.0"
                    WIDTH="839.0"
                    HEIGHT="78.0"
                    WC="0.9677650871730986"></String>
          </TextLine>

          
          
          <TextLine ID="eSc_line_f208d78b"
                    TAGREFS="LT15288"
                    BASELINE="178 1023 1008 1015" 
                    HPOS="178.0"
                    VPOS="986.0"
                    WIDTH="830.0"
                    HEIGHT="77.0">
            <Shape><Polygon POINTS="178 1052 295 1063 297 1063 367 1050 368 1050 383 1061 384 1061 386 1061 412 1062 414 1062 415 1062 416 1062 430 1049 431 1049 446 1049 448 1049 470 1061 471 1061 472 1062 522 1062 522 1061 524 1061 525 1061 532 1055 569 1060 570 1060 572 1060 596 1048 597 1048 598 1048 651 1060 652 1060 701 1048 711 1056 712 1056 713 1056 714 1056 715 1056 727 1052 768 1059 769 1059 770 1059 772 1059 790 1046 791 1046 794 1046 834 1055 835 1055 836 1055 866 1046 876 1050 877 1050 878 1050 879 1050 880 1050 889 1044 891 1044 1007 1044 1008 1015 1006 994 886 995 882 995 848 986 846 986 845 986 844 986 843 986 832 995 831 997 810 997 809 995 783 986 782 986 781 986 780 986 758 994 710 990 708 990 707 990 687 995 679 988 679 987 678 987 677 987 655 987 653 987 652 987 624 997 541 988 540 988 486 999 483 999 476 999 363 991 362 991 361 991 328 1000 327 1000 297 991 295 991 294 991 293 991 270 1001 269 1002 250 1002 249 1001 236 992 235 992 233 992 232 992 231 992 230 992 215 1001 214 1002 178 1002 178 1023 178 1052"/></Shape>
	    <String CONTENT=""
                    HPOS="178.0"
                    VPOS="986.0"
                    WIDTH="830.0"
                    HEIGHT="77.0"
                    WC="0.9824866762286738"></String>
          </TextLine>

          
          
          <TextLine ID="eSc_line_bdb82815"
                    TAGREFS="LT15288"
                    BASELINE="178 1088 1195 1083" 
                    HPOS="178.0"
                    VPOS="1053.0"
                    WIDTH="1017.0"
                    HEIGHT="79.0">
            <Shape><Polygon POINTS="178 1125 219 1132 221 1132 283 1125 342 1119 356 1125 368 1131 369 1131 370 1131 371 1131 388 1125 395 1124 407 1125 439 1131 441 1131 442 1131 458 1125 481 1118 499 1125 511 1131 512 1131 513 1132 556 1132 556 1131 557 1131 568 1125 583 1118 683 1123 684 1123 733 1117 752 1125 761 1130 762 1130 763 1131 835 1131 835 1130 836 1130 848 1125 864 1120 884 1125 900 1130 901 1130 903 1130 904 1130 915 1125 942 1116 961 1125 967 1129 968 1129 969 1129 970 1129 980 1125 1011 1116 1080 1125 1096 1127 1097 1127 1195 1125 1195 1083 1194 1055 1148 1053 1147 1053 1132 1055 1094 1062 1079 1056 1075 1054 1073 1054 1072 1054 1071 1054 1066 1056 1055 1063 1020 1063 1008 1056 1004 1055 1003 1055 1002 1055 990 1056 975 1060 965 1057 953 1054 952 1054 951 1054 949 1054 940 1057 929 1062 920 1057 912 1054 911 1054 910 1054 853 1059 821 1061 816 1059 810 1054 809 1054 808 1054 775 1054 774 1054 773 1054 759 1060 754 1062 639 1064 634 1061 625 1055 624 1055 623 1055 601 1055 600 1055 598 1055 575 1062 565 1064 555 1062 534 1055 533 1055 532 1055 531 1055 503 1062 498 1063 493 1062 457 1055 456 1055 455 1055 433 1063 430 1064 418 1063 374 1059 373 1059 371 1059 349 1064 342 1067 178 1067 178 1088 178 1125"/></Shape>
	    <String CONTENT=""
                    HPOS="178.0"
                    VPOS="1053.0"
                    WIDTH="1017.0"
                    HEIGHT="79.0"
                    WC="0.9829444548358088"></String>
          </TextLine>

          
          
          <TextLine ID="eSc_line_8c5e92f5"
                    TAGREFS="LT15288"
                    BASELINE="178 1154 1022 1149" 
                    HPOS="177.0"
                    VPOS="1119.0"
                    WIDTH="845.0"
                    HEIGHT="76.0">
            <Shape><Polygon POINTS="178 1154 178 1186 214 1192 215 1192 260 1186 264 1186 265 1186 279 1193 280 1193 281 1193 283 1193 302 1188 326 1195 327 1195 328 1195 361 1188 382 1194 383 1194 384 1194 386 1194 387 1194 397 1185 398 1185 401 1185 445 1194 446 1195 512 1195 512 1194 513 1194 528 1187 566 1193 567 1193 568 1193 569 1193 580 1184 581 1184 588 1184 667 1193 669 1193 670 1193 693 1184 696 1182 697 1184 707 1192 708 1192 710 1192 711 1192 712 1192 741 1184 746 1182 807 1182 808 1182 818 1192 820 1192 821 1192 822 1192 823 1192 857 1184 897 1191 898 1191 899 1191 900 1191 913 1182 914 1181 925 1182 997 1191 998 1191 1000 1191 1022 1181 1022 1149 1020 1127 959 1127 958 1127 946 1119 945 1119 944 1119 942 1119 808 1129 793 1129 790 1129 780 1120 779 1120 777 1120 776 1120 775 1120 756 1129 755 1129 753 1129 714 1120 713 1120 712 1120 685 1129 680 1130 667 1129 596 1122 595 1122 559 1130 555 1130 548 1130 478 1123 477 1123 476 1123 457 1130 436 1123 435 1123 433 1123 398 1130 393 1131 388 1131 347 1123 346 1123 298 1124 297 1124 295 1124 287 1131 285 1132 277 1131 244 1126 243 1126 177 1131 178 1154"/></Shape>
	    <String CONTENT=""
                    HPOS="177.0"
                    VPOS="1119.0"
                    WIDTH="845.0"
                    HEIGHT="76.0"
                    WC="0.9862675980517739"></String>
          </TextLine>

          
          
          <TextLine ID="eSc_line_a83147e0"
                    TAGREFS="LT15288"
                    BASELINE="177 1220 1192 1215" 
                    HPOS="176.0"
                    VPOS="1185.0"
                    WIDTH="1016.0"
                    HEIGHT="79.0">
            <Shape><Polygon POINTS="177 1220 177 1261 231 1264 232 1264 233 1264 240 1261 267 1250 329 1250 355 1261 360 1263 361 1263 362 1263 375 1261 394 1258 402 1261 409 1264 410 1264 411 1264 412 1264 414 1264 417 1261 428 1254 464 1261 474 1263 476 1263 477 1263 480 1261 504 1249 563 1249 608 1261 611 1262 612 1262 614 1263 614 1262 615 1262 618 1261 646 1254 674 1261 681 1263 683 1263 684 1263 685 1263 688 1261 715 1248 750 1248 769 1258 770 1258 772 1258 773 1258 774 1258 814 1248 837 1261 837 1262 838 1262 839 1262 841 1262 842 1262 843 1262 843 1261 864 1248 877 1248 898 1261 898 1262 899 1262 900 1262 901 1263 921 1263 921 1262 986 1261 987 1261 1018 1247 1085 1253 1086 1253 1087 1253 1089 1253 1097 1247 1118 1261 1119 1261 1120 1261 1121 1262 1190 1262 1192 1215 1190 1198 1149 1194 1138 1185 1137 1185 1135 1185 1087 1185 1086 1185 1085 1185 1084 1185 1066 1196 1063 1199 1011 1199 1007 1196 976 1185 975 1185 974 1185 932 1191 914 1186 913 1186 912 1186 911 1186 883 1195 879 1196 867 1195 784 1186 783 1186 736 1195 715 1199 662 1194 623 1192 622 1192 621 1192 619 1192 616 1194 609 1198 520 1194 486 1193 485 1193 476 1194 429 1200 409 1193 396 1189 395 1189 394 1189 393 1189 391 1189 386 1193 376 1199 349 1193 346 1193 345 1193 343 1193 342 1193 314 1202 252 1202 237 1193 231 1188 230 1188 229 1188 228 1188 176 1192 177 1220"/></Shape>
	    <String CONTENT=""
                    HPOS="176.0"
                    VPOS="1185.0"
                    WIDTH="1016.0"
                    HEIGHT="79.0"
                    WC="0.976583809322781"></String>
          </TextLine>

          
          
          <TextLine ID="eSc_line_e0cdd1cb"
                    TAGREFS="LT15288"
                    BASELINE="177 1288 1017 1278" 
                    HPOS="177.0"
                    VPOS="1253.0"
                    WIDTH="840.0"
                    HEIGHT="80.0">
            <Shape><Polygon POINTS="177 1322 269 1326 270 1326 288 1322 297 1320 299 1322 307 1329 308 1329 309 1329 311 1329 312 1329 313 1329 322 1322 335 1332 336 1332 338 1332 339 1333 380 1333 380 1332 381 1332 382 1332 391 1324 412 1331 414 1331 415 1331 416 1331 431 1323 463 1331 464 1331 465 1331 466 1331 484 1322 493 1318 533 1318 543 1322 561 1330 562 1330 563 1331 580 1331 580 1330 581 1330 582 1330 593 1322 601 1317 656 1317 662 1322 669 1329 670 1329 671 1329 672 1329 699 1327 700 1327 701 1327 701 1326 706 1322 713 1316 731 1322 740 1325 741 1325 742 1325 743 1325 745 1325 748 1322 753 1319 756 1322 763 1327 765 1327 766 1327 767 1327 768 1327 780 1322 789 1318 798 1322 808 1326 809 1326 810 1327 911 1327 911 1326 912 1326 924 1322 944 1315 965 1322 967 1323 968 1323 969 1323 1016 1322 1017 1278 1014 1253 993 1258 941 1254 929 1253 928 1253 927 1253 924 1254 908 1260 858 1255 846 1254 845 1254 836 1255 809 1260 793 1256 781 1253 780 1253 779 1253 777 1253 769 1256 756 1261 743 1256 732 1253 731 1253 729 1253 708 1257 683 1262 652 1257 638 1256 637 1256 603 1258 542 1263 520 1260 492 1255 491 1255 490 1255 473 1261 467 1262 455 1261 415 1256 414 1256 412 1256 396 1262 384 1265 357 1262 318 1257 317 1257 283 1263 263 1267 253 1264 237 1258 236 1258 235 1258 233 1258 232 1258 224 1264 219 1267 177 1265 177 1288 177 1322"/></Shape>
	    <String CONTENT=""
                    HPOS="177.0"
                    VPOS="1253.0"
                    WIDTH="840.0"
                    HEIGHT="80.0"
                    WC="0.964199709040778"></String>
          </TextLine>

          
          
          <TextLine ID="eSc_line_5cf87650"
                    TAGREFS="LT15288"
                    BASELINE="177 1354 1192 1347" 
                    HPOS="177.0"
                    VPOS="1319.0"
                    WIDTH="1015.0"
                    HEIGHT="81.0">
            <Shape><Polygon POINTS="1189 1326 1096 1326 1093 1326 1053 1319 1052 1319 1051 1319 1050 1319 1039 1326 946 1322 945 1322 944 1322 927 1327 926 1327 913 1322 912 1322 911 1322 910 1322 892 1327 852 1319 851 1319 812 1329 809 1329 802 1329 720 1320 719 1320 718 1320 717 1320 704 1329 703 1330 660 1331 576 1331 574 1330 527 1322 526 1322 414 1331 409 1331 408 1331 376 1323 375 1323 374 1323 332 1332 327 1333 263 1333 262 1332 251 1324 250 1324 249 1324 223 1324 222 1324 221 1324 219 1324 208 1332 207 1333 177 1333 177 1354 180 1399 200 1387 215 1395 216 1395 217 1395 243 1390 265 1397 266 1397 267 1397 269 1397 301 1382 347 1382 383 1395 384 1395 386 1395 415 1392 424 1397 426 1400 428 1400 429 1400 430 1400 442 1397 483 1389 501 1396 503 1396 504 1396 505 1396 521 1388 562 1393 563 1393 565 1393 566 1393 576 1385 627 1395 628 1395 672 1386 688 1396 690 1396 691 1396 692 1396 693 1396 731 1379 824 1379 870 1396 871 1396 872 1396 873 1396 874 1396 905 1378 933 1390 934 1390 976 1392 977 1392 979 1392 1023 1376 1077 1395 1078 1395 1079 1396 1190 1396 1192 1347 1189 1326"/></Shape>
	    <String CONTENT=""
                    HPOS="177.0"
                    VPOS="1319.0"
                    WIDTH="1015.0"
                    HEIGHT="81.0"
                    WC="0.952105559732603"></String>
          </TextLine>

          
          
          <TextLine ID="eSc_line_ade9cd2c"
                    TAGREFS="LT15288"
                    BASELINE="178 1421 1015 1412" 
                    HPOS="178.0"
                    VPOS="1382.0"
                    WIDTH="837.0"
                    HEIGHT="81.0">
            <Shape><Polygon POINTS="178 1454 209 1463 210 1463 211 1463 212 1463 214 1463 228 1454 229 1452 283 1452 286 1454 305 1462 306 1462 307 1462 308 1462 328 1455 386 1462 387 1462 388 1462 389 1462 401 1454 403 1452 411 1454 479 1461 480 1461 548 1458 549 1458 561 1452 563 1451 568 1452 590 1459 591 1459 593 1459 594 1459 595 1459 605 1452 607 1451 608 1452 616 1458 617 1458 618 1458 619 1459 663 1459 663 1458 664 1458 665 1458 674 1452 680 1449 692 1452 712 1457 713 1457 714 1457 715 1457 717 1457 724 1451 731 1448 755 1448 762 1451 769 1457 770 1457 772 1457 773 1457 774 1457 791 1451 809 1447 843 1447 852 1451 862 1456 863 1456 864 1456 885 1451 910 1445 928 1451 940 1455 941 1455 942 1455 1014 1450 1015 1412 1014 1390 977 1382 976 1382 975 1382 974 1382 965 1390 963 1390 962 1390 924 1385 922 1385 921 1385 905 1392 903 1393 812 1393 787 1393 776 1383 775 1383 774 1383 725 1383 724 1383 722 1383 703 1394 687 1394 536 1395 535 1395 522 1386 521 1386 520 1386 492 1386 491 1386 437 1393 401 1388 400 1388 398 1388 382 1397 381 1397 374 1397 298 1388 297 1388 295 1388 294 1388 281 1399 280 1399 276 1399 235 1390 233 1390 232 1390 231 1390 221 1399 219 1400 178 1400 178 1421 178 1454"/></Shape>
	    <String CONTENT=""
                    HPOS="178.0"
                    VPOS="1382.0"
                    WIDTH="837.0"
                    HEIGHT="81.0"
                    WC="0.9720874515975394"></String>
          </TextLine>

          
          
          <TextLine ID="eSc_line_d67b33c0"
                    TAGREFS="LT15288"
                    BASELINE="178 1485 1192 1478" 
                    HPOS="177.0"
                    VPOS="1448.0"
                    WIDTH="1015.0"
                    HEIGHT="82.0">
            <Shape><Polygon POINTS="178 1485 180 1527 196 1519 208 1527 209 1528 210 1528 211 1528 212 1530 245 1530 245 1528 246 1528 247 1528 249 1527 266 1516 291 1516 313 1526 314 1526 315 1526 390 1516 426 1526 430 1527 431 1527 432 1527 433 1527 438 1526 485 1514 524 1526 525 1526 526 1526 527 1527 569 1527 569 1526 570 1526 572 1526 590 1513 649 1520 650 1520 651 1520 684 1512 700 1524 701 1524 703 1524 731 1525 747 1525 748 1525 752 1525 853 1511 901 1524 903 1524 904 1524 941 1518 977 1524 979 1524 980 1524 981 1524 1023 1510 1075 1523 1076 1523 1077 1524 1113 1524 1113 1523 1114 1523 1148 1510 1168 1523 1169 1523 1170 1523 1172 1524 1190 1524 1192 1478 1190 1457 1117 1448 1044 1448 1043 1448 1042 1448 1018 1458 1016 1458 1014 1458 984 1449 983 1449 852 1449 851 1449 850 1449 827 1459 824 1459 814 1459 684 1450 683 1450 644 1451 643 1451 642 1451 629 1461 628 1461 619 1461 493 1452 492 1452 491 1452 462 1462 459 1462 453 1462 395 1456 394 1456 393 1456 379 1462 379 1463 177 1463 178 1485"/></Shape>
	    <String CONTENT=""
                    HPOS="177.0"
                    VPOS="1448.0"
                    WIDTH="1015.0"
                    HEIGHT="82.0"
                    WC="0.9674927008152008"></String>
          </TextLine>

          
          
          <TextLine ID="eSc_line_7bd2ae97"
                    TAGREFS="LT15288"
                    BASELINE="180 1553 1021 1541" 
                    HPOS="178.0"
                    VPOS="1513.0"
                    WIDTH="843.0"
                    HEIGHT="81.0">
            <Shape><Polygon POINTS="180 1553 180 1575 236 1594 237 1594 238 1594 239 1594 240 1594 240 1593 260 1575 265 1570 424 1570 436 1576 470 1592 471 1592 472 1592 555 1586 649 1589 650 1589 651 1589 674 1576 693 1566 712 1576 725 1583 726 1583 727 1583 728 1583 729 1583 736 1578 756 1588 758 1588 759 1588 787 1587 788 1587 789 1587 801 1576 816 1565 842 1565 860 1576 867 1582 869 1582 870 1582 894 1586 896 1587 925 1587 925 1586 926 1586 927 1586 927 1585 936 1576 949 1566 962 1576 972 1585 973 1585 974 1585 975 1585 1021 1576 1021 1541 1016 1513 990 1528 959 1518 958 1518 956 1518 955 1518 954 1518 940 1528 893 1528 860 1518 852 1516 851 1516 850 1516 849 1516 839 1518 808 1528 780 1520 768 1517 767 1517 766 1517 740 1521 688 1531 639 1524 600 1519 598 1519 597 1519 574 1526 562 1530 554 1526 538 1520 536 1520 535 1520 478 1521 477 1521 452 1530 429 1538 272 1538 267 1534 255 1525 253 1525 252 1525 226 1525 225 1525 224 1525 178 1537 180 1553"/></Shape>
	    <String CONTENT=""
                    HPOS="178.0"
                    VPOS="1513.0"
                    WIDTH="843.0"
                    HEIGHT="81.0"
                    WC="0.9898975130283472"></String>
          </TextLine>

          
          
          <TextLine ID="eSc_line_0526b01f"
                    TAGREFS="LT15288"
                    BASELINE="181 1615 1192 1608" 
                    HPOS="181.0"
                    VPOS="1580.0"
                    WIDTH="1011.0"
                    HEIGHT="83.0">
            <Shape><Polygon POINTS="181 1643 211 1643 212 1643 247 1662 249 1662 250 1663 319 1663 319 1662 320 1662 321 1662 346 1644 367 1653 368 1653 369 1653 431 1653 448 1660 449 1660 450 1660 493 1655 505 1660 506 1660 507 1660 508 1660 510 1660 522 1651 538 1659 539 1659 540 1659 597 1651 638 1657 639 1657 641 1657 642 1657 655 1648 665 1639 685 1639 711 1649 738 1658 739 1658 740 1658 804 1656 831 1650 882 1638 935 1651 963 1657 965 1657 966 1657 980 1651 984 1650 1003 1651 1013 1652 1014 1652 1015 1652 1016 1652 1037 1637 1149 1639 1188 1653 1192 1608 1189 1580 1138 1582 1137 1582 1135 1582 1118 1595 1007 1595 972 1586 970 1586 969 1586 906 1593 896 1586 891 1582 890 1582 889 1582 853 1582 852 1582 814 1583 812 1583 811 1583 807 1587 801 1590 769 1588 710 1583 708 1583 707 1583 694 1589 687 1593 676 1590 652 1585 651 1585 650 1585 649 1585 639 1590 635 1594 630 1590 627 1589 625 1589 624 1589 611 1592 586 1596 570 1593 553 1587 552 1587 550 1587 549 1587 531 1593 513 1599 501 1594 491 1589 490 1589 488 1589 487 1589 469 1594 451 1599 430 1595 421 1594 419 1594 374 1596 313 1600 308 1597 299 1592 298 1592 297 1592 295 1592 294 1592 267 1599 260 1601 181 1601 181 1615 181 1643"/></Shape>
	    <String CONTENT=""
                    HPOS="181.0"
                    VPOS="1580.0"
                    WIDTH="1011.0"
                    HEIGHT="83.0"
                    WC="0.994211216767629"></String>
          </TextLine>

          
          
          <TextLine ID="eSc_line_9db627c3"
                    TAGREFS="LT15288"
                    BASELINE="180 1683 1024 1678" 
                    HPOS="180.0"
                    VPOS="1650.0"
                    WIDTH="844.0"
                    HEIGHT="77.0">
            <Shape><Polygon POINTS="180 1720 281 1715 308 1720 347 1727 348 1727 349 1727 350 1727 359 1720 361 1718 367 1720 381 1725 382 1725 383 1725 384 1725 386 1725 391 1720 397 1714 410 1720 417 1722 418 1722 419 1722 421 1722 422 1722 425 1720 436 1714 476 1714 491 1719 508 1726 510 1726 511 1727 601 1727 601 1726 602 1726 614 1720 665 1725 666 1725 667 1725 669 1725 677 1719 701 1725 703 1725 704 1725 705 1725 724 1719 729 1717 747 1718 786 1722 787 1722 788 1722 797 1718 804 1715 812 1718 831 1724 832 1724 834 1724 1023 1717 1024 1678 1023 1660 1001 1650 1000 1650 974 1650 973 1650 972 1650 970 1650 956 1660 939 1651 938 1651 936 1651 809 1658 788 1651 787 1651 786 1651 784 1651 756 1660 712 1655 711 1655 710 1655 685 1663 657 1653 656 1653 655 1653 653 1653 616 1663 596 1655 595 1655 594 1655 593 1655 576 1664 574 1665 528 1665 527 1664 515 1656 514 1656 513 1656 512 1656 511 1656 510 1656 497 1664 495 1665 444 1665 444 1664 428 1652 426 1652 425 1652 390 1652 389 1652 319 1653 318 1653 317 1653 302 1665 301 1666 253 1666 252 1665 235 1655 233 1655 232 1655 231 1655 230 1655 229 1655 215 1665 215 1666 180 1666 180 1683 180 1720"/></Shape>
	    <String CONTENT=""
                    HPOS="180.0"
                    VPOS="1650.0"
                    WIDTH="844.0"
                    HEIGHT="77.0"
                    WC="0.9476714744800474"></String>
          </TextLine>

          
          
          <TextLine ID="eSc_line_21ae7f0f"
                    TAGREFS="LT15288"
                    BASELINE="181 1749 1190 1740" 
                    HPOS="181.0"
                    VPOS="1713.0"
                    WIDTH="1009.0"
                    HEIGHT="83.0">
            <Shape><Polygon POINTS="181 1790 233 1786 251 1790 270 1796 271 1796 272 1796 273 1796 286 1790 311 1779 328 1790 334 1795 335 1795 336 1795 338 1796 373 1796 373 1795 374 1795 386 1790 415 1779 441 1790 444 1791 445 1791 446 1791 448 1791 449 1791 450 1790 463 1782 514 1777 539 1790 546 1794 547 1794 548 1794 683 1793 684 1793 690 1789 714 1777 754 1789 761 1791 762 1791 763 1791 765 1791 773 1789 834 1774 886 1774 907 1789 908 1790 910 1790 911 1790 912 1790 919 1789 961 1780 981 1789 982 1789 983 1789 984 1789 989 1789 1011 1786 1013 1786 1014 1786 1034 1772 1065 1772 1110 1772 1152 1788 1153 1788 1154 1789 1189 1789 1190 1740 1189 1720 1128 1713 1127 1713 1126 1713 1112 1720 1104 1725 974 1725 962 1720 960 1719 959 1719 958 1719 956 1719 953 1720 931 1726 917 1720 911 1718 910 1718 908 1718 907 1718 899 1720 877 1726 853 1720 841 1717 839 1717 838 1717 837 1717 829 1720 820 1724 788 1720 775 1719 774 1719 773 1719 770 1720 761 1725 741 1720 725 1717 724 1717 722 1717 715 1720 704 1726 637 1721 636 1721 635 1721 619 1729 547 1729 532 1720 531 1720 529 1720 479 1719 478 1719 477 1719 471 1720 442 1728 428 1720 426 1720 425 1720 391 1720 390 1720 389 1720 388 1720 371 1729 331 1725 329 1725 328 1725 304 1732 181 1721 181 1749 181 1790"/></Shape>
	    <String CONTENT=""
                    HPOS="181.0"
                    VPOS="1713.0"
                    WIDTH="1009.0"
                    HEIGHT="83.0"
                    WC="0.9778190429617719"></String>
          </TextLine>

          
          
          <TextLine ID="eSc_line_994605dd"
                    TAGREFS="LT15288"
                    BASELINE="180 1816 1022 1807" 
                    HPOS="178.0"
                    VPOS="1776.0"
                    WIDTH="844.0"
                    HEIGHT="96.0">
            <Shape><Polygon POINTS="180 1816 180 1866 198 1866 198 1865 200 1865 201 1865 226 1849 362 1849 412 1866 431 1872 432 1872 433 1872 463 1866 469 1865 474 1866 492 1871 493 1871 494 1871 495 1871 497 1871 503 1866 508 1862 532 1866 535 1866 536 1866 538 1866 539 1866 546 1860 560 1866 567 1869 568 1869 569 1869 582 1866 598 1862 600 1862 601 1862 615 1849 648 1859 649 1859 650 1859 651 1859 676 1851 711 1863 712 1863 713 1863 714 1863 752 1850 793 1866 798 1869 800 1869 801 1869 811 1866 862 1855 887 1866 890 1867 891 1867 892 1867 911 1866 988 1862 1020 1866 1022 1807 1020 1788 1003 1789 1000 1788 975 1776 974 1776 973 1776 972 1776 941 1788 939 1789 932 1789 849 1777 848 1777 846 1777 845 1777 831 1787 804 1784 803 1784 802 1784 801 1784 791 1790 784 1795 754 1795 748 1791 722 1779 721 1779 720 1779 719 1779 697 1788 669 1782 667 1782 666 1782 665 1782 652 1790 634 1783 632 1783 631 1783 630 1783 598 1794 591 1795 583 1794 547 1786 546 1786 545 1786 519 1793 490 1782 488 1782 397 1782 396 1782 395 1782 362 1796 357 1800 260 1800 256 1798 233 1784 232 1784 231 1784 230 1784 229 1784 228 1784 211 1798 178 1798 180 1816"/></Shape>
	    <String CONTENT=""
                    HPOS="178.0"
                    VPOS="1776.0"
                    WIDTH="844.0"
                    HEIGHT="96.0"
                    WC="0.9684158353244557"></String>
          </TextLine>

          
        </TextBlock>
        

        
      </PrintSpace>
    </Page>
  </Layout>
</alto>
