<?xml version="1.0" encoding="UTF-8"?>
<alto xmlns:xsi="http://www.w3.org/2001/XMLSchema-instance"
      xmlns="http://www.loc.gov/standards/alto/ns-v4#"
      xsi:schemaLocation="http://www.loc.gov/standards/alto/ns-v4# http://www.loc.gov/standards/alto/v4/alto-4-2.xsd">
  <Description>
    <MeasurementUnit>pixel</MeasurementUnit>
    <sourceImageInformation>
      <fileName>IE35481905_00024.jpg</fileName>
      <fileIdentifier>mets//export_doc4367_test4matthieu_alto_202404261220.zip/IE35481905_00024.jpg</fileIdentifier>
    </sourceImageInformation>
  </Description>
  
  <Tags>
    <OtherTag ID="BT6914" LABEL="Handwritten" DESCRIPTION="block type Handwritten"/><OtherTag ID="BT6913" LABEL="RunningHeader" DESCRIPTION="block type RunningHeader"/><OtherTag ID="BT6912" LABEL="Catchword" DESCRIPTION="block type Catchword"/><OtherTag ID="BT6911" LABEL="Margin" DESCRIPTION="block type Margin"/><OtherTag ID="BT6910" LABEL="FooterCentral" DESCRIPTION="block type FooterCentral"/><OtherTag ID="BT6909" LABEL="MainCentral" DESCRIPTION="block type MainCentral"/><OtherTag ID="BT6908" LABEL="Header" DESCRIPTION="block type Header"/><OtherTag ID="BT4" LABEL="Illustration" DESCRIPTION="block type Illustration"/><OtherTag ID="BT3" LABEL="Commentary" DESCRIPTION="block type Commentary"/><OtherTag ID="BT2" LABEL="Main" DESCRIPTION="block type Main"/><OtherTag ID="BT1" LABEL="Title" DESCRIPTION="block type Title"/>
    <OtherTag ID="LT15289" LABEL="Handwritten" DESCRIPTION="line type Handwritten"/><OtherTag ID="LT15288" LABEL="MainCentral" DESCRIPTION="line type MainCentral"/><OtherTag ID="LT15287" LABEL="NotMain" DESCRIPTION="line type NotMain"/>
  </Tags>
  
  <Layout>
    <Page WIDTH="1205"
          HEIGHT="1591"
          PHYSICAL_IMG_NR="13"
          ID="eSc_dummypage_">
      <PrintSpace HPOS="0"
                  VPOS="0"
                  WIDTH="1205"
                  HEIGHT="1591">
        
        <TextBlock HPOS="14.0"
                   VPOS="195.0"
                   WIDTH="948.0"
                   HEIGHT="1212.0"
                   ID="eSc_textblock_b28ad8a9"
                   TAGREFS="BT6909">
          <Shape><Polygon POINTS="14 205 17 1407 962 1394 936 195"/></Shape>
          
          
          <TextLine ID="eSc_line_732fb524"
                    TAGREFS="LT15288"
                    BASELINE="18 234 899 220" 
                    HPOS="15.0"
                    VPOS="196.0"
                    WIDTH="883.0"
                    HEIGHT="79.0">
            <Shape><Polygon POINTS="825 196 812 196 802 196 797 200 792 202 708 202 703 200 699 197 692 197 679 197 666 198 652 198 639 198 626 198 615 198 610 200 585 204 575 200 573 198 560 198 546 198 533 200 520 200 518 200 513 202 492 200 480 200 467 200 453 200 440 200 436 200 428 204 408 200 400 201 387 201 374 201 371 201 363 209 314 209 303 201 294 201 281 201 268 202 254 202 241 202 228 202 216 202 163 212 135 202 135 204 122 204 108 204 95 204 82 204 70 204 47 206 34 204 29 204 15 204 17 233 17 275 65 266 82 274 83 274 84 275 106 275 176 275 176 274 177 274 183 273 205 265 220 271 224 273 225 273 226 273 237 271 273 263 307 269 326 271 327 271 329 271 330 271 334 269 347 261 427 266 463 267 464 267 465 267 467 267 467 266 469 265 480 254 530 254 540 262 541 262 542 262 544 262 548 262 615 253 629 259 640 266 642 266 643 266 644 266 646 266 654 259 656 257 667 258 696 265 698 265 699 265 719 257 739 250 765 250 772 255 777 259 777 261 779 261 780 261 781 261 782 261 784 261 792 255 800 250 809 254 814 257 816 257 817 257 898 251 898 218 897 200 836 200 828 196 825 196"/></Shape>
	    <String CONTENT="ברכות כה מאה ברכו ענין כללות ק&#x27;ברכות"
                    HPOS="15.0"
                    VPOS="196.0"
                    WIDTH="883.0"
                    HEIGHT="79.0"
                    WC="0.9829342249366972"></String>
          </TextLine>

          
          
          <TextLine ID="eSc_line_85599df4"
                    TAGREFS="LT15288"
                    BASELINE="23 298 351 297 901 287" 
                    HPOS="21.0"
                    VPOS="251.0"
                    WIDTH="878.0"
                    HEIGHT="87.0">
            <Shape><Polygon POINTS="22 296 22 330 196 338 197 338 199 338 225 330 289 336 290 336 291 336 293 336 293 335 301 328 350 335 351 335 353 335 372 327 378 326 388 327 431 334 432 334 471 326 488 323 497 326 513 332 514 332 516 332 573 330 574 330 575 330 581 326 587 322 625 324 667 328 668 328 670 328 671 328 675 324 680 320 716 320 724 324 732 330 733 330 735 330 736 330 773 323 801 319 897 322 899 286 898 262 767 251 765 251 662 254 660 254 637 265 634 265 627 265 585 259 583 259 582 259 565 265 561 266 556 265 510 255 509 255 464 266 457 267 452 266 422 257 420 257 419 257 376 267 367 269 354 267 302 261 301 261 299 261 273 269 265 271 102 273 84 270 45 263 43 263 42 263 21 270 22 296"/></Shape>
	    <String CONTENT="שרש&#x27;הם שם ס&quot;ג ובמילוי שלו ל&#x27;זהרי ק&#x27;וכשמתחברי&#x27;"
                    HPOS="21.0"
                    VPOS="251.0"
                    WIDTH="878.0"
                    HEIGHT="87.0"
                    WC="0.9865486886766222"></String>
          </TextLine>

          
          
          <TextLine ID="eSc_line_f9480d71"
                    TAGREFS="LT15288"
                    BASELINE="22 365 274 365 898 353" 
                    HPOS="19.0"
                    VPOS="320.0"
                    WIDTH="878.0"
                    HEIGHT="84.0">
            <Shape><Polygon POINTS="21 364 21 395 46 403 47 403 49 403 91 396 100 403 102 403 103 403 104 403 106 403 138 395 139 395 180 404 181 404 183 404 200 395 220 403 221 403 222 403 301 393 306 393 307 393 326 401 327 401 329 401 330 401 356 395 398 400 399 400 400 400 402 400 410 393 414 391 435 393 492 399 493 399 495 399 496 399 496 397 501 392 506 388 521 392 540 397 541 397 542 397 602 392 656 387 715 391 733 392 735 392 736 392 737 392 739 391 747 384 759 391 760 391 761 391 764 391 793 384 895 389 897 352 894 331 804 331 744 320 743 320 741 320 719 327 690 322 688 322 687 322 662 334 662 335 647 335 626 335 609 323 607 323 606 323 605 323 504 324 359 334 349 327 347 327 346 327 345 327 343 327 309 340 297 340 260 340 256 340 144 332 143 332 86 343 72 332 71 332 70 332 39 332 38 332 37 332 35 332 19 342 21 364"/></Shape>
	    <String CONTENT="בשם אדני או גם הוא בסוד ק&#x27; ברכות והוא כי א&#x27;"
                    HPOS="19.0"
                    VPOS="320.0"
                    WIDTH="878.0"
                    HEIGHT="84.0"
                    WC="0.9889969839606174"></String>
          </TextLine>

          
          
          <TextLine ID="eSc_line_5f53022f"
                    TAGREFS="LT15288"
                    BASELINE="18 433 410 431 902 419" 
                    HPOS="15.0"
                    VPOS="387.0"
                    WIDTH="886.0"
                    HEIGHT="84.0">
            <Shape><Polygon POINTS="17 432 17 465 171 471 172 471 173 471 175 471 185 462 187 462 189 462 237 470 238 470 240 470 260 461 264 460 273 461 310 468 311 468 354 460 355 460 366 468 367 468 368 468 370 469 406 469 406 468 407 468 408 468 422 458 424 458 485 466 487 466 488 466 506 457 509 456 518 457 587 465 589 465 590 465 591 465 607 454 614 461 615 461 617 461 618 461 651 454 660 462 662 462 663 462 664 462 666 462 694 453 695 453 696 453 724 462 725 462 727 462 728 462 753 452 756 452 760 452 806 461 808 461 809 461 840 450 842 450 845 450 878 457 879 457 881 457 901 449 901 418 898 387 816 388 810 388 752 401 712 392 703 389 702 389 700 389 699 389 692 392 670 404 537 404 528 397 524 393 522 393 521 393 464 393 463 393 419 400 375 407 367 401 356 395 355 395 354 395 353 395 318 403 311 404 305 403 270 397 269 397 268 397 266 397 258 404 252 411 213 411 204 407 181 397 180 397 179 397 78 400 76 400 75 400 63 411 61 412 59 411 47 403 46 403 45 403 43 403 42 403 15 411 17 432"/></Shape>
	    <String CONTENT="סל אדני תציירנו כך יו&#x27;&quot;ישהוא ד&#x27;ו וד&quot;י כמו שהם הרי"
                    HPOS="15.0"
                    VPOS="387.0"
                    WIDTH="886.0"
                    HEIGHT="84.0"
                    WC="0.9652932724174188"></String>
          </TextLine>

          
          
          <TextLine ID="eSc_line_db153c46"
                    TAGREFS="LT15288"
                    BASELINE="22 502 903 487" 
                    HPOS="19.0"
                    VPOS="457.0"
                    WIDTH="883.0"
                    HEIGHT="83.0">
            <Shape><Polygon POINTS="21 501 21 531 98 540 99 540 143 539 144 539 145 539 155 531 199 538 200 538 201 538 221 529 222 529 257 538 258 538 260 538 261 538 281 527 282 527 297 527 468 534 469 534 471 534 472 534 481 526 516 532 517 532 618 522 622 522 640 531 642 531 643 531 757 521 775 527 776 527 777 527 779 527 780 527 789 519 830 527 832 527 833 527 834 527 849 518 866 525 867 525 869 525 901 517 902 486 901 466 861 457 859 457 858 457 840 466 838 468 834 468 806 460 805 460 804 460 802 460 801 460 790 468 788 470 736 470 732 469 715 461 713 461 712 461 711 461 709 461 709 462 702 469 700 470 698 469 680 465 679 465 678 465 585 471 562 473 560 471 549 464 548 464 546 464 545 464 544 464 528 473 525 474 471 474 468 474 440 464 439 464 437 464 436 464 435 464 419 474 416 477 384 477 382 475 342 465 341 465 339 465 264 473 242 468 241 468 240 468 238 468 237 468 221 478 205 468 204 468 203 468 201 468 148 478 100 469 99 469 41 470 39 470 19 479 21 501"/></Shape>
	    <String CONTENT="מ&#x27; ונ&#x27; שהוא סודי&#x27; ונ&#x27; כי ראשהנ&#x27;י&#x27; הרי כמנין ק&#x27;:"
                    HPOS="19.0"
                    VPOS="457.0"
                    WIDTH="883.0"
                    HEIGHT="83.0"
                    WC="0.9622113730045075"></String>
          </TextLine>

          
          
          <TextLine ID="eSc_line_a2b85a32"
                    TAGREFS="LT15288"
                    BASELINE="22 568 263 567 900 554" 
                    HPOS="21.0"
                    VPOS="518.0"
                    WIDTH="878.0"
                    HEIGHT="86.0">
            <Shape><Polygon POINTS="21 596 116 603 118 603 119 603 138 596 140 595 141 596 148 601 148 603 149 603 151 603 229 604 230 604 232 604 233 604 242 597 291 603 293 603 294 603 323 595 331 593 339 595 370 601 371 601 425 595 475 588 520 593 552 597 553 597 554 597 565 593 586 586 610 593 621 596 622 596 623 596 625 596 637 593 667 584 684 592 687 593 688 593 690 595 745 595 745 593 747 593 752 592 793 582 898 591 899 552 898 518 863 518 862 518 861 518 859 518 836 535 646 538 630 526 627 523 626 523 625 523 579 523 578 523 557 527 498 540 416 531 368 527 367 527 333 534 307 539 280 536 229 530 228 530 226 530 212 538 200 544 171 539 134 532 132 532 131 532 110 540 95 547 21 544 21 567 21 596"/></Shape>
	    <String CONTENT="בו תזהר בכל פעם שתברך ותוציא שם הוי&quot;ה"
                    HPOS="21.0"
                    VPOS="518.0"
                    WIDTH="878.0"
                    HEIGHT="86.0"
                    WC="0.9775386033831416"></String>
          </TextLine>

          
          
          <TextLine ID="eSc_line_966c1379"
                    TAGREFS="LT15288"
                    BASELINE="22 635 383 632 905 621" 
                    HPOS="19.0"
                    VPOS="582.0"
                    WIDTH="884.0"
                    HEIGHT="90.0">
            <Shape><Polygon POINTS="21 633 21 665 132 672 134 672 179 664 185 662 196 662 269 669 270 669 272 669 298 661 301 661 302 661 347 669 349 669 350 669 368 661 388 668 390 668 391 668 428 658 432 658 437 658 483 665 484 665 533 657 536 657 537 657 556 665 557 665 558 665 595 658 736 662 737 662 776 653 779 653 781 653 833 661 834 661 902 650 903 620 901 596 763 596 711 582 709 582 708 582 594 583 593 583 574 591 528 584 526 584 525 584 508 592 457 586 456 586 455 586 398 603 355 596 354 596 353 596 351 596 351 597 350 597 347 601 331 592 330 592 329 592 327 592 326 592 306 603 276 596 274 596 273 596 262 601 252 592 252 591 250 591 249 591 248 591 246 591 228 596 217 589 216 589 214 589 213 589 153 603 143 595 143 593 141 593 140 593 139 593 90 604 51 597 50 597 49 597 19 608 21 633"/></Shape>
	    <String CONTENT="מפיך חמין לכלול לעולם יחדשם הוי&quot;ה ואדני כי"
                    HPOS="19.0"
                    VPOS="582.0"
                    WIDTH="884.0"
                    HEIGHT="90.0"
                    WC="0.9730396909373147"></String>
          </TextLine>

          
          
          <TextLine ID="eSc_line_a9334eec"
                    TAGREFS="LT15288"
                    BASELINE="31 700 239 700 906 688" 
                    HPOS="29.0"
                    VPOS="652.0"
                    WIDTH="876.0"
                    HEIGHT="89.0">
            <Shape><Polygon POINTS="30 698 30 730 58 739 59 739 61 739 119 733 152 741 153 741 155 741 156 741 173 731 188 739 189 739 250 741 252 741 253 741 254 741 272 729 274 727 276 729 290 735 291 735 293 735 294 735 318 729 322 727 325 729 346 739 347 739 349 739 408 738 410 738 411 738 425 729 448 737 449 737 451 737 517 733 518 733 520 733 520 731 525 727 529 723 556 723 560 726 569 734 569 735 570 735 571 735 573 735 618 726 638 722 658 726 667 727 668 727 670 727 674 726 684 721 690 726 694 729 695 729 696 729 698 729 715 726 737 721 743 725 752 733 753 733 755 733 756 733 813 725 861 718 903 723 905 686 903 654 845 652 844 652 842 652 841 652 837 654 824 664 760 658 759 658 757 658 756 658 748 666 561 668 546 661 540 657 538 657 537 657 536 657 526 661 521 664 489 662 435 658 433 658 432 658 423 664 412 669 398 664 387 660 386 660 384 660 351 665 329 668 290 666 225 662 224 662 222 662 208 668 203 669 188 668 145 664 144 664 29 670 30 698"/></Shape>
	    <String CONTENT="כתבו הוא הויה ובקריאתו אדני וזה הוא קשר המלכו&#x27;"
                    HPOS="29.0"
                    VPOS="652.0"
                    WIDTH="876.0"
                    HEIGHT="89.0"
                    WC="0.9873897225960441"></String>
          </TextLine>

          
          
          <TextLine ID="eSc_line_9ebb77eb"
                    TAGREFS="LT15288"
                    BASELINE="26 768 907 754" 
                    HPOS="23.0"
                    VPOS="721.0"
                    WIDTH="883.0"
                    HEIGHT="85.0">
            <Shape><Polygon POINTS="25 767 25 802 144 806 145 806 176 798 191 795 201 798 214 802 216 802 217 802 218 802 220 802 226 796 230 794 237 796 256 804 257 804 258 804 343 803 345 803 371 794 382 790 392 792 422 800 423 800 424 802 483 802 483 800 542 790 583 796 585 796 586 796 587 796 598 787 601 786 642 786 643 786 662 798 663 798 664 798 666 798 740 783 744 783 747 783 779 792 780 792 781 792 840 783 879 794 881 794 882 794 883 794 885 794 906 780 906 753 903 721 871 722 870 722 848 734 790 723 788 723 786 723 785 723 784 723 767 737 743 737 666 731 664 731 611 738 598 729 598 727 597 727 595 727 594 727 593 727 591 727 590 729 577 739 509 739 463 733 439 729 437 729 436 729 435 729 431 733 427 735 391 734 330 731 329 731 327 731 326 731 319 735 306 743 285 737 265 731 264 731 262 731 261 731 248 738 233 745 218 739 203 733 201 733 183 733 181 733 180 733 179 733 179 734 171 741 164 746 141 741 110 734 108 734 23 743 25 767"/></Shape>
	    <String CONTENT="עם ז&quot;א כז צמח : אעפ&#x27;י שבכוונה היה העונה"
                    HPOS="23.0"
                    VPOS="721.0"
                    WIDTH="883.0"
                    HEIGHT="85.0"
                    WC="0.9822721786988087"></String>
          </TextLine>

          
          
          <TextLine ID="eSc_line_3717dce1"
                    TAGREFS="LT15288"
                    BASELINE="26 837 909 821" 
                    HPOS="23.0"
                    VPOS="782.0"
                    WIDTH="884.0"
                    HEIGHT="93.0">
            <Shape><Polygon POINTS="25 836 26 875 51 867 88 873 91 873 92 873 102 873 188 864 220 869 234 872 236 872 237 872 238 872 238 871 241 869 248 863 281 868 299 871 301 871 302 871 309 868 319 861 398 865 463 868 464 868 506 863 541 857 590 860 664 864 666 864 667 864 686 857 694 855 729 856 832 861 833 861 907 851 907 820 905 782 862 790 717 784 706 784 704 784 703 784 702 784 668 795 650 788 648 788 647 788 646 788 644 788 629 799 538 800 516 788 514 788 513 788 512 788 510 788 498 798 491 791 489 791 488 791 487 791 445 798 303 792 302 792 301 792 299 792 287 803 264 796 262 796 261 796 260 796 228 806 195 798 193 798 192 798 191 798 168 807 23 796 25 836"/></Shape>
	    <String CONTENT="אמן כמו המברך הנה כיון שהעונ&#x27; יוצא מפיו ב&#x27;שמות"
                    HPOS="23.0"
                    VPOS="782.0"
                    WIDTH="884.0"
                    HEIGHT="93.0"
                    WC="0.9754733054534249"></String>
          </TextLine>

          
          
          <TextLine ID="eSc_line_2d9d5f09"
                    TAGREFS="LT15288"
                    BASELINE="28 904 330 901 908 887" 
                    HPOS="26.0"
                    VPOS="849.0"
                    WIDTH="881.0"
                    HEIGHT="93.0">
            <Shape><Polygon POINTS="27 902 27 934 148 942 149 942 151 942 152 942 152 941 160 934 163 932 205 932 209 933 224 941 225 941 226 941 228 941 250 933 260 930 278 933 310 937 311 937 313 937 314 937 321 932 326 929 335 932 354 938 355 938 356 938 425 937 455 932 479 926 509 930 537 934 538 934 540 934 548 930 560 924 671 929 680 929 682 929 683 929 684 929 709 921 736 929 743 930 744 930 745 930 747 930 751 929 765 920 834 918 906 926 907 886 906 853 893 849 891 849 890 849 889 849 887 849 879 855 871 861 859 856 854 853 853 853 851 853 850 853 849 853 845 856 837 861 826 857 814 852 813 852 812 852 810 852 800 857 797 859 784 859 712 853 711 853 709 853 692 861 674 871 635 871 627 863 619 856 618 856 617 856 558 856 557 856 556 856 554 856 541 865 530 873 489 875 429 875 424 869 412 860 411 860 410 860 408 860 338 861 337 861 299 873 286 877 265 875 196 864 195 864 193 864 156 877 149 880 134 879 74 872 72 872 71 872 70 872 59 881 58 883 26 883 27 902"/></Shape>
	    <String CONTENT="שהוא אמן א&quot;כ גדול מן המברך שאינו מוציא מפיו כי"
                    HPOS="26.0"
                    VPOS="849.0"
                    WIDTH="881.0"
                    HEIGHT="93.0"
                    WC="0.9835774924444116"></String>
          </TextLine>

          
          
          <TextLine ID="eSc_line_e0b5e826"
                    TAGREFS="LT15288"
                    BASELINE="32 971 911 955" 
                    HPOS="30.0"
                    VPOS="924.0"
                    WIDTH="880.0"
                    HEIGHT="84.0">
            <Shape><Polygon POINTS="31 970 31 993 102 1008 103 1008 208 995 246 1006 248 1006 249 1006 330 995 363 1003 364 1003 366 1003 411 993 433 1002 435 1002 436 1003 460 1003 460 1002 461 1002 463 1002 463 1001 472 993 493 1001 495 1001 496 1001 497 1001 498 1001 514 986 516 985 544 985 574 985 577 986 591 998 593 998 594 998 595 998 597 998 598 998 607 990 637 998 638 998 639 998 640 998 682 985 691 982 713 983 824 995 825 995 910 981 910 954 907 925 824 937 796 928 785 924 784 924 782 924 745 925 744 925 743 925 743 926 739 929 725 942 687 942 640 932 617 926 615 926 614 926 599 933 574 945 541 946 416 946 386 938 363 932 362 932 360 932 359 932 358 932 350 940 339 949 314 949 224 946 217 942 203 934 201 934 200 934 50 937 49 937 30 945 31 970"/></Shape>
	    <String CONTENT="אסשם א&#x27; כח ברוך הוא וברוך שמו יכוין כי"
                    HPOS="30.0"
                    VPOS="924.0"
                    WIDTH="880.0"
                    HEIGHT="84.0"
                    WC="0.9893569663951272"></String>
          </TextLine>

          
          
          <TextLine ID="eSc_line_6f097659"
                    TAGREFS="LT15288"
                    BASELINE="37 1035 434 1033 913 1020" 
                    HPOS="34.0"
                    VPOS="983.0"
                    WIDTH="877.0"
                    HEIGHT="92.0">
            <Shape><Polygon POINTS="35 1034 35 1064 104 1075 106 1075 107 1075 108 1075 122 1064 134 1072 135 1072 136 1072 138 1073 258 1073 258 1072 356 1069 358 1069 359 1069 368 1061 372 1060 390 1061 457 1068 459 1068 544 1060 589 1056 599 1060 609 1063 610 1063 611 1063 613 1063 623 1059 634 1056 637 1059 642 1064 643 1064 644 1064 646 1064 647 1064 648 1064 655 1059 660 1055 682 1059 704 1063 706 1063 744 1059 794 1052 813 1058 825 1061 826 1061 828 1061 911 1056 911 1019 910 983 866 983 865 983 863 983 862 983 838 1002 768 1002 741 986 740 986 739 986 737 986 736 986 735 987 704 1003 683 987 682 987 680 987 679 987 623 989 622 989 621 989 605 999 581 990 577 989 575 989 574 989 573 989 571 989 569 990 544 1007 530 1007 513 991 512 990 510 990 509 990 508 990 506 990 501 993 471 1008 447 1008 423 994 420 991 419 991 418 991 416 991 415 991 407 994 367 1010 331 1011 265 1011 233 998 225 995 224 995 222 995 111 998 110 998 108 998 104 1001 91 1008 69 1002 55 998 54 998 53 998 51 998 34 1002 35 1034"/></Shape>
	    <String CONTENT="ברוך הואשם אהי&quot;ה מלבוש לג&#x27; יודין דמילוי ס&quot;ג&#x27;וי&#x27;"
                    HPOS="34.0"
                    VPOS="983.0"
                    WIDTH="877.0"
                    HEIGHT="92.0"
                    WC="0.9811818574337249"></String>
          </TextLine>

          
          
          <TextLine ID="eSc_line_0408fc0f"
                    TAGREFS="LT15288"
                    BASELINE="35 1103 280 1103 914 1088" 
                    HPOS="33.0"
                    VPOS="1050.0"
                    WIDTH="880.0"
                    HEIGHT="92.0">
            <Shape><Polygon POINTS="34 1101 34 1138 84 1142 86 1142 126 1137 165 1130 173 1136 180 1140 181 1140 183 1140 184 1140 185 1140 205 1134 216 1132 225 1133 244 1138 245 1138 246 1138 248 1138 266 1133 278 1129 325 1130 429 1136 431 1136 468 1126 472 1126 476 1126 512 1133 513 1133 514 1133 529 1125 532 1124 548 1125 627 1132 629 1132 630 1132 655 1121 658 1121 662 1121 692 1128 694 1128 695 1128 696 1128 706 1120 707 1120 709 1120 756 1129 757 1129 840 1117 889 1126 890 1126 891 1126 913 1115 913 1087 910 1059 761 1060 694 1050 692 1050 640 1058 631 1051 630 1051 629 1051 627 1051 564 1052 562 1052 561 1052 548 1061 537 1054 536 1054 534 1054 533 1054 489 1063 440 1058 439 1058 437 1058 419 1065 408 1056 407 1056 406 1056 363 1056 362 1056 360 1056 359 1056 359 1058 351 1064 333 1060 331 1060 330 1060 301 1069 299 1069 298 1069 257 1060 256 1060 218 1068 54 1067 53 1067 51 1067 33 1073 34 1101"/></Shape>
	    <String CONTENT="עם שם הוי&quot;ה (ובס&quot;א כתוב עם שם מה&quot;) וברוך"
                    HPOS="33.0"
                    VPOS="1050.0"
                    WIDTH="880.0"
                    HEIGHT="92.0"
                    WC="0.9899663612246513"></String>
          </TextLine>

          
          
          <TextLine ID="eSc_line_a89bf584"
                    TAGREFS="LT15288"
                    BASELINE="33 1171 444 1167 914 1154" 
                    HPOS="30.0"
                    VPOS="1117.0"
                    WIDTH="883.0"
                    HEIGHT="92.0">
            <Shape><Polygon POINTS="31 1170 31 1201 47 1209 49 1209 50 1209 51 1209 53 1209 53 1207 61 1199 80 1207 82 1207 83 1207 193 1198 230 1195 260 1195 262 1198 270 1203 270 1205 272 1205 273 1205 274 1205 356 1203 358 1203 359 1203 359 1202 366 1197 370 1193 411 1197 463 1201 464 1201 465 1201 479 1195 487 1193 496 1195 508 1199 509 1199 510 1199 512 1199 524 1195 541 1190 569 1195 575 1195 577 1195 585 1195 633 1187 650 1194 656 1197 658 1197 659 1197 684 1194 755 1185 802 1193 812 1194 813 1194 826 1193 873 1186 911 1191 913 1153 910 1117 855 1119 854 1119 853 1119 797 1137 728 1137 713 1124 711 1121 709 1121 708 1121 688 1121 687 1121 686 1121 684 1121 680 1125 676 1128 651 1126 633 1125 631 1125 630 1125 629 1125 626 1126 613 1136 598 1128 590 1124 589 1124 587 1124 487 1125 485 1125 484 1125 484 1126 476 1133 465 1144 402 1144 368 1137 330 1129 329 1129 327 1129 326 1129 315 1138 306 1146 136 1149 128 1145 103 1133 102 1133 100 1133 99 1133 70 1142 55 1136 54 1136 53 1136 51 1136 30 1146 31 1170"/></Shape>
	    <String CONTENT="שמו אדני מלבוש מילוי אלפים כט גם כוונת"
                    HPOS="30.0"
                    VPOS="1117.0"
                    WIDTH="883.0"
                    HEIGHT="92.0"
                    WC="0.951509703146784"></String>
          </TextLine>

          
          
          <TextLine ID="eSc_line_f7c9b68b"
                    TAGREFS="LT15288"
                    BASELINE="45 1234 271 1235 916 1222" 
                    HPOS="42.0"
                    VPOS="1190.0"
                    WIDTH="873.0"
                    HEIGHT="85.0">
            <Shape><Polygon POINTS="43 1233 43 1264 78 1264 95 1275 96 1275 98 1275 99 1275 100 1275 120 1264 140 1271 141 1271 143 1271 144 1271 145 1271 157 1263 236 1272 237 1272 238 1272 277 1260 287 1270 287 1271 289 1271 290 1271 291 1272 333 1272 333 1271 363 1270 364 1270 366 1270 366 1268 378 1259 404 1266 406 1266 407 1266 408 1266 431 1258 491 1268 492 1268 524 1262 536 1267 537 1267 538 1267 540 1267 541 1267 550 1259 560 1266 560 1267 561 1267 562 1267 564 1267 565 1267 566 1267 583 1256 595 1262 597 1262 598 1262 599 1262 619 1255 638 1264 639 1264 640 1264 682 1258 716 1264 717 1264 719 1264 745 1252 756 1262 757 1262 759 1262 760 1262 761 1262 763 1262 777 1252 809 1262 810 1262 812 1262 915 1248 915 1221 914 1193 871 1191 870 1191 869 1191 867 1191 867 1193 866 1193 854 1203 747 1203 735 1195 723 1190 721 1190 720 1190 719 1190 704 1197 703 1197 699 1197 644 1191 643 1191 642 1191 640 1191 640 1193 639 1193 635 1198 634 1199 627 1198 591 1193 590 1193 589 1193 575 1199 557 1210 510 1210 501 1201 496 1197 496 1195 495 1195 493 1195 428 1195 427 1195 425 1195 424 1195 424 1197 418 1203 408 1213 173 1215 163 1209 153 1201 152 1201 151 1201 149 1201 57 1202 55 1202 54 1202 42 1207 43 1233"/></Shape>
	    <String CONTENT="אחרות כנגד ד&#x27; אותיות הוי&quot;ה ברוך כנגד אות י&#x27;"
                    HPOS="42.0"
                    VPOS="1190.0"
                    WIDTH="873.0"
                    HEIGHT="85.0"
                    WC="0.9677951862645704"></String>
          </TextLine>

          
          
          <TextLine ID="eSc_line_09c1a3db"
                    TAGREFS="LT15288"
                    BASELINE="46 1305 437 1301 917 1288" 
                    HPOS="43.0"
                    VPOS="1254.0"
                    WIDTH="872.0"
                    HEIGHT="83.0">
            <Shape><Polygon POINTS="45 1304 45 1337 915 1323 915 1287 914 1263 853 1254 851 1254 850 1254 849 1254 849 1255 840 1263 834 1268 785 1268 773 1264 749 1255 748 1255 747 1255 745 1255 723 1264 716 1267 709 1264 686 1256 684 1256 683 1256 682 1256 644 1266 622 1271 599 1266 566 1259 565 1259 564 1259 562 1259 554 1267 545 1274 521 1267 493 1260 492 1260 491 1260 489 1260 473 1268 457 1275 396 1268 387 1268 386 1268 384 1268 383 1268 362 1279 298 1279 286 1270 282 1267 281 1267 280 1267 236 1266 234 1266 207 1267 205 1267 204 1267 200 1271 187 1282 107 1283 90 1272 87 1270 86 1270 84 1270 83 1270 43 1272 45 1304"/></Shape>
	    <String CONTENT="ומלת הוא ה&#x27; ראשונה שלהשם ושם אהי&quot;ה וברוך ו&#x27;"
                    HPOS="43.0"
                    VPOS="1254.0"
                    WIDTH="872.0"
                    HEIGHT="83.0"
                    WC="0.9877205851466156"></String>
          </TextLine>

          
          
          <TextLine ID="eSc_line_49c713ef"
                    TAGREFS="LT15288"
                    BASELINE="43 1373 335 1370 915 1355" 
                    HPOS="41.0"
                    VPOS="1320.0"
                    WIDTH="873.0"
                    HEIGHT="94.0">
            <Shape><Polygon POINTS="42 1372 42 1408 136 1414 138 1414 139 1414 157 1406 165 1402 209 1402 222 1406 241 1412 242 1412 244 1412 245 1412 257 1405 266 1401 282 1405 298 1409 299 1409 301 1409 302 1409 314 1405 327 1400 350 1404 376 1409 378 1409 379 1409 400 1404 422 1398 455 1402 484 1406 485 1406 487 1406 488 1406 493 1402 502 1396 540 1401 556 1404 557 1404 575 1401 622 1393 660 1400 670 1401 671 1401 672 1401 674 1401 675 1400 684 1393 785 1398 802 1398 804 1398 805 1398 806 1398 825 1388 913 1396 914 1353 913 1335 878 1320 877 1320 875 1320 771 1323 769 1323 768 1323 749 1336 747 1339 740 1336 723 1331 721 1331 720 1331 719 1331 717 1331 711 1336 706 1341 683 1341 675 1337 655 1325 654 1325 652 1325 651 1325 650 1325 633 1337 626 1341 597 1343 575 1337 557 1332 556 1332 554 1332 553 1332 537 1337 518 1344 500 1337 496 1336 495 1336 493 1336 492 1336 487 1337 461 1345 445 1337 431 1331 429 1331 428 1331 427 1331 404 1337 371 1349 203 1352 179 1339 177 1337 176 1337 175 1337 151 1337 149 1337 148 1337 147 1337 145 1339 126 1353 103 1347 102 1347 100 1347 99 1347 87 1353 72 1340 71 1340 70 1340 41 1340 42 1372"/></Shape>
	    <String CONTENT="של השם שמו ה&#x27; תתאה והיא אדני כי שם יי&#x27; אקרא"
                    HPOS="41.0"
                    VPOS="1320.0"
                    WIDTH="873.0"
                    HEIGHT="94.0"
                    WC="0.9653943423614946"></String>
          </TextLine>

          
        </TextBlock>
        

        
      </PrintSpace>
    </Page>
  </Layout>
</alto>
