<?xml version="1.0" encoding="UTF-8"?>
<alto xmlns:xsi="http://www.w3.org/2001/XMLSchema-instance"
      xmlns="http://www.loc.gov/standards/alto/ns-v4#"
      xsi:schemaLocation="http://www.loc.gov/standards/alto/ns-v4# http://www.loc.gov/standards/alto/v4/alto-4-2.xsd">
  <Description>
    <MeasurementUnit>pixel</MeasurementUnit>
    <sourceImageInformation>
      <fileName>IE103409244_00025.jpg</fileName>
      <fileIdentifier>mets//export_doc4367_test4matthieu_alto_202404261220.zip/IE103409244_00025.jpg</fileIdentifier>
    </sourceImageInformation>
  </Description>
  
  <Tags>
    <OtherTag ID="BT8356" LABEL="MainLeft" DESCRIPTION="block type MainLeft"/><OtherTag ID="BT8355" LABEL="MainRight" DESCRIPTION="block type MainRight"/><OtherTag ID="BT6914" LABEL="Handwritten" DESCRIPTION="block type Handwritten"/><OtherTag ID="BT6913" LABEL="RunningHeader" DESCRIPTION="block type RunningHeader"/><OtherTag ID="BT6912" LABEL="Catchword" DESCRIPTION="block type Catchword"/><OtherTag ID="BT6911" LABEL="Margin" DESCRIPTION="block type Margin"/><OtherTag ID="BT6910" LABEL="FooterCentral" DESCRIPTION="block type FooterCentral"/><OtherTag ID="BT6909" LABEL="MainCentral" DESCRIPTION="block type MainCentral"/><OtherTag ID="BT6908" LABEL="Header" DESCRIPTION="block type Header"/><OtherTag ID="BT4" LABEL="Illustration" DESCRIPTION="block type Illustration"/><OtherTag ID="BT3" LABEL="Commentary" DESCRIPTION="block type Commentary"/><OtherTag ID="BT2" LABEL="Main" DESCRIPTION="block type Main"/><OtherTag ID="BT1" LABEL="Title" DESCRIPTION="block type Title"/>
    <OtherTag ID="LT15938" LABEL="MainLeft" DESCRIPTION="line type MainLeft"/><OtherTag ID="LT15937" LABEL="MainRight" DESCRIPTION="line type MainRight"/><OtherTag ID="LT15289" LABEL="Handwritten" DESCRIPTION="line type Handwritten"/><OtherTag ID="LT15288" LABEL="MainCentral" DESCRIPTION="line type MainCentral"/><OtherTag ID="LT15287" LABEL="NotMain" DESCRIPTION="line type NotMain"/>
  </Tags>
  
  <Layout>
    <Page WIDTH="1472"
          HEIGHT="2400"
          PHYSICAL_IMG_NR="2"
          ID="eSc_dummypage_">
      <PrintSpace HPOS="0"
                  VPOS="0"
                  WIDTH="1472"
                  HEIGHT="2400">
        
        <TextBlock HPOS="133.0"
                   VPOS="165.0"
                   WIDTH="1129.0"
                   HEIGHT="2100.0"
                   ID="eSc_textblock_769d627c"
                   TAGREFS="BT6909">
          <Shape><Polygon POINTS="672 165 1262 176 1246 2265 149 2265 133 2249 133 176 672 165"/></Shape>
          
          
          <TextLine ID="eSc_line_7d8fadd0"
                    TAGREFS="LT15288"
                    BASELINE="136 194 1258 194" 
                    HPOS="136.0"
                    VPOS="166.0"
                    WIDTH="1122.0"
                    HEIGHT="78.0">
            <Shape><Polygon POINTS="1256 176 1242 176 1229 176 1216 176 1202 176 1189 174 1176 174 1162 174 1149 174 1136 174 1122 173 1109 173 1096 173 1082 173 1069 173 1056 172 1042 172 1029 172 1016 172 1002 172 998 170 985 173 937 170 936 170 930 169 920 169 909 169 896 169 882 169 869 169 860 168 834 170 800 173 777 170 740 166 738 166 696 172 674 173 670 172 660 166 658 166 657 166 508 172 466 173 458 172 441 169 429 170 416 170 406 170 397 173 392 173 385 173 370 170 362 172 349 172 336 172 325 172 321 173 318 174 242 174 229 174 216 174 202 174 189 176 176 176 162 176 149 176 136 176 136 194 136 226 220 242 221 242 222 242 262 230 330 242 332 242 333 242 358 228 360 228 366 228 410 234 412 234 476 229 492 228 494 229 514 242 516 242 517 242 518 244 580 244 580 242 581 242 582 242 601 229 604 228 645 228 654 230 697 242 698 242 700 242 701 242 724 230 725 229 726 230 742 242 744 242 745 242 746 242 806 241 808 241 833 230 838 229 849 230 906 242 908 244 949 244 949 242 950 242 952 242 969 232 977 228 1068 228 1080 232 1108 242 1109 242 1110 242 1156 236 1166 242 1168 242 1169 242 1170 244 1242 244 1242 242 1244 242 1245 242 1258 234 1258 194 1257 176 1256 176"/></Shape>
	    <String CONTENT="שנה ויולד את תרח : ויחי נחור אחרי הולידו את תרח"
                    HPOS="136.0"
                    VPOS="166.0"
                    WIDTH="1122.0"
                    HEIGHT="78.0"
                    WC="0.9850860574971074"></String>
          </TextLine>

          
          
          <TextLine ID="eSc_line_df1e76a3"
                    TAGREFS="LT15288"
                    BASELINE="188 268 1260 269" 
                    HPOS="186.0"
                    VPOS="237.0"
                    WIDTH="1074.0"
                    HEIGHT="83.0">
            <Shape><Polygon POINTS="188 268 186 298 228 308 229 308 309 301 376 318 377 318 378 320 410 320 410 318 412 318 413 318 441 301 506 318 508 318 509 320 546 320 546 318 548 318 574 304 596 318 597 318 598 318 600 318 661 312 708 318 709 318 741 316 742 316 744 316 766 301 808 318 809 318 810 320 866 320 866 318 868 318 894 306 926 318 928 318 929 320 973 320 973 318 974 318 976 318 998 301 1032 318 1033 318 1034 320 1129 320 1129 318 1130 318 1132 318 1152 306 1210 310 1212 310 1213 310 1214 310 1226 301 1257 301 1260 269 1258 245 1072 237 1070 237 1009 245 1006 245 1005 245 996 237 994 237 993 237 992 237 990 237 989 237 978 244 936 237 934 237 933 237 901 245 889 248 857 245 761 237 760 237 692 246 674 248 669 246 648 237 646 237 585 237 584 237 582 237 556 246 553 246 550 246 522 240 521 240 420 246 394 248 392 246 376 238 374 238 373 238 334 246 326 248 188 248 188 268"/></Shape>
	    <String CONTENT="תשע עשרה שנה ומאת שנה ויולד בנים ובנות :"
                    HPOS="186.0"
                    VPOS="237.0"
                    WIDTH="1074.0"
                    HEIGHT="83.0"
                    WC="0.9780094361886745"></String>
          </TextLine>

          
          
          <TextLine ID="eSc_line_73de073b"
                    TAGREFS="LT15288"
                    BASELINE="138 341 1256 344" 
                    HPOS="137.0"
                    VPOS="313.0"
                    WIDTH="1119.0"
                    HEIGHT="80.0">
            <Shape><Polygon POINTS="138 341 137 372 213 390 214 392 256 392 256 390 257 390 258 390 280 374 320 390 321 390 322 392 364 392 364 390 365 390 366 390 378 382 438 390 440 390 441 390 442 390 462 376 512 390 513 390 514 390 516 390 517 390 530 381 569 384 570 384 572 384 573 384 582 377 586 374 606 377 654 382 656 382 657 382 677 377 690 374 694 377 712 392 713 392 714 392 716 392 717 392 753 378 781 392 782 392 784 393 866 393 866 392 868 392 869 392 889 380 896 376 908 380 944 392 945 392 946 393 997 393 997 392 998 392 1000 392 1017 381 1028 376 1089 376 1101 381 1117 392 1118 392 1120 392 1121 392 1144 390 1145 390 1146 390 1157 382 1168 376 1186 376 1197 382 1209 392 1210 392 1212 392 1213 392 1253 382 1256 344 1254 322 1186 314 1185 314 669 320 668 320 658 313 657 313 656 313 654 313 588 320 585 320 581 320 437 313 436 313 385 320 380 320 138 320 138 341"/></Shape>
	    <String CONTENT="ויחי תרח שבעים שנה ויולד את אברם את נחור ואת"
                    HPOS="137.0"
                    VPOS="313.0"
                    WIDTH="1119.0"
                    HEIGHT="80.0"
                    WC="0.987709563308292"></String>
          </TextLine>

          
          
          <TextLine ID="eSc_line_80f11829"
                    TAGREFS="LT15288"
                    BASELINE="138 416 1256 418" 
                    HPOS="137.0"
                    VPOS="386.0"
                    WIDTH="1119.0"
                    HEIGHT="79.0">
            <Shape><Polygon POINTS="138 416 137 444 188 458 189 458 190 458 249 453 298 462 300 464 373 464 373 462 374 462 408 453 457 462 458 462 460 462 461 462 478 449 484 446 550 446 558 450 564 454 565 454 566 454 568 454 590 450 617 446 641 452 696 464 697 465 722 465 722 464 724 464 725 464 741 453 749 448 760 453 781 464 782 464 784 465 821 465 821 464 822 464 824 464 837 454 848 448 1045 448 1078 458 1097 464 1098 464 1100 465 1129 465 1129 464 1130 464 1132 464 1140 458 1150 452 1162 460 1169 464 1170 464 1172 464 1173 464 1253 460 1256 418 1254 398 1174 389 1173 389 1172 389 1170 389 1158 397 1156 400 1126 400 1116 397 1042 388 1041 388 997 397 992 398 986 397 950 388 949 388 886 388 885 388 836 397 829 398 821 397 773 388 772 388 714 394 694 388 693 388 692 388 602 397 597 397 577 386 576 386 517 386 516 386 514 386 485 397 482 397 478 397 430 389 429 389 428 389 426 389 416 396 401 389 400 389 398 389 365 397 361 398 206 398 204 397 189 389 188 389 186 389 138 396 138 416"/></Shape>
	    <String CONTENT="הרן : ואלה תולדת תרח תרח הוליד את אברם את"
                    HPOS="137.0"
                    VPOS="386.0"
                    WIDTH="1119.0"
                    HEIGHT="79.0"
                    WC="0.9755619837016594"></String>
          </TextLine>

          
          
          <TextLine ID="eSc_line_e973f319"
                    TAGREFS="LT15288"
                    BASELINE="136 493 1253 493" 
                    HPOS="136.0"
                    VPOS="462.0"
                    WIDTH="1117.0"
                    HEIGHT="83.0">
            <Shape><Polygon POINTS="136 493 136 526 188 544 189 544 190 544 192 544 228 528 230 528 232 528 268 541 269 541 270 541 272 541 292 534 304 544 305 544 306 544 308 545 362 545 362 544 364 544 365 544 382 530 386 528 396 530 438 544 440 544 441 544 476 542 477 542 500 532 509 528 572 528 578 533 593 544 594 544 596 544 597 544 598 544 626 534 645 528 665 534 670 536 672 536 673 536 685 534 736 528 750 536 765 544 766 544 768 545 768 544 769 544 784 536 800 528 836 528 850 537 860 544 861 544 862 544 864 545 1025 545 1025 544 1026 544 1038 540 1070 528 1113 541 1125 544 1126 544 1128 544 1129 544 1130 544 1134 541 1158 528 1220 528 1250 542 1253 493 1253 473 1212 464 1210 464 1105 472 1072 462 1070 462 1069 462 994 464 953 472 933 464 932 464 930 464 848 470 757 462 756 462 677 472 580 462 578 462 577 462 560 472 437 464 436 464 386 472 364 464 362 464 361 464 360 464 341 473 273 473 228 462 226 462 225 462 201 472 176 464 174 464 173 464 136 472 136 493"/></Shape>
	    <String CONTENT="נחור ואת הרן והרן הוליד את לוט : וימת הרן על פני"
                    HPOS="136.0"
                    VPOS="462.0"
                    WIDTH="1117.0"
                    HEIGHT="83.0"
                    WC="0.9941421354070623"></String>
          </TextLine>

          
          
          <TextLine ID="eSc_line_82745404"
                    TAGREFS="LT15288"
                    BASELINE="137 568 1253 568" 
                    HPOS="137.0"
                    VPOS="538.0"
                    WIDTH="1116.0"
                    HEIGHT="82.0">
            <Shape><Polygon POINTS="137 568 137 602 170 618 172 618 173 620 246 620 246 618 248 618 249 618 272 605 280 600 288 605 309 618 310 618 312 618 313 620 332 620 332 618 333 618 370 606 392 600 465 600 477 608 478 608 480 608 481 608 484 608 520 601 530 609 545 618 546 618 548 618 549 620 577 620 577 618 578 618 580 618 593 609 598 605 656 600 673 610 681 616 682 616 684 616 726 618 728 618 729 618 742 612 765 600 800 600 821 613 826 617 828 617 829 617 830 617 832 617 845 613 881 601 916 614 928 618 929 618 930 618 932 618 941 614 953 609 961 614 965 618 966 618 968 618 969 620 1028 620 1028 618 1029 618 1030 618 1033 616 1056 601 1089 617 1093 618 1094 618 1096 618 1097 618 1098 618 1100 617 1110 609 1125 617 1126 617 1128 617 1129 617 1165 601 1202 618 1204 618 1205 618 1206 620 1253 620 1253 568 1252 545 1066 546 1056 545 1024 538 1022 538 1021 538 1008 545 1002 545 945 540 944 540 910 545 901 546 896 545 876 538 874 538 778 538 777 538 776 538 758 545 756 548 613 548 604 546 530 538 529 538 468 546 465 546 464 546 453 538 452 538 450 538 408 538 406 538 405 538 385 546 384 548 194 548 194 546 178 540 177 540 176 540 137 546 137 568"/></Shape>
	    <String CONTENT="תרח אביו בארץ מולדתו באור כשדים : ויקח אברם"
                    HPOS="137.0"
                    VPOS="538.0"
                    WIDTH="1116.0"
                    HEIGHT="82.0"
                    WC="0.9808809943497181"></String>
          </TextLine>

          
          
          <TextLine ID="eSc_line_503ad4b8"
                    TAGREFS="LT15288"
                    BASELINE="137 642 1253 642" 
                    HPOS="137.0"
                    VPOS="621.0"
                    WIDTH="1116.0"
                    HEIGHT="72.0">
            <Shape><Polygon POINTS="137 642 137 678 172 678 173 678 212 692 213 692 214 693 242 693 242 692 244 692 268 680 270 678 273 680 300 692 301 692 302 693 349 693 349 692 350 692 352 692 366 681 372 678 398 678 404 681 418 692 420 692 421 692 422 693 465 693 465 692 466 692 468 692 481 682 486 678 496 682 517 692 518 692 520 693 553 693 553 692 554 692 572 684 580 680 590 684 613 692 614 692 616 693 661 693 661 692 662 692 678 685 693 678 744 685 745 685 746 685 761 678 778 686 785 689 786 689 788 689 801 686 833 678 852 688 861 692 862 692 864 692 884 688 924 678 942 688 949 692 950 692 952 693 1005 693 1005 692 1006 692 1008 692 1010 689 1029 678 1045 678 1062 690 1064 692 1065 692 1066 692 1068 692 1082 690 1168 678 1190 692 1192 692 1193 692 1194 693 1253 693 1253 642 1253 621 137 621 137 642"/></Shape>
	    <String CONTENT="ונחור להם נשים שם אשת אברם שרי ושם אשת נחור"
                    HPOS="137.0"
                    VPOS="621.0"
                    WIDTH="1116.0"
                    HEIGHT="72.0"
                    WC="0.985371143318886"></String>
          </TextLine>

          
          
          <TextLine ID="eSc_line_2cf79fc3"
                    TAGREFS="LT15288"
                    BASELINE="136 718 1254 716" 
                    HPOS="136.0"
                    VPOS="685.0"
                    WIDTH="1118.0"
                    HEIGHT="83.0">
            <Shape><Polygon POINTS="136 756 153 756 154 756 168 766 169 766 170 766 172 768 305 768 305 766 306 766 308 766 316 760 333 766 334 766 336 766 337 766 338 766 353 756 354 756 377 756 378 756 392 766 393 766 394 766 396 766 464 765 465 765 466 765 478 756 480 756 514 756 516 756 530 766 532 766 533 766 534 766 612 758 693 766 694 766 696 766 721 754 724 754 725 754 753 765 754 765 756 766 797 766 797 765 798 765 800 765 813 754 814 754 866 754 868 754 882 765 884 765 885 765 886 765 888 765 905 757 922 765 924 765 925 766 1026 766 1026 765 1028 765 1052 754 1148 754 1170 765 1172 765 1173 765 1174 765 1176 765 1192 754 1253 754 1254 716 1253 694 1197 685 1150 685 1149 685 1148 685 1146 685 1134 694 1133 696 1009 696 1008 694 997 688 996 688 994 688 993 688 928 694 925 694 924 694 913 686 912 686 910 686 909 686 908 686 897 692 768 685 766 685 765 685 764 685 749 694 721 694 690 697 657 697 656 696 646 688 645 688 644 688 642 688 641 688 640 688 628 696 626 696 618 696 552 688 550 688 549 688 548 688 537 696 536 697 448 697 440 696 328 686 326 686 325 686 324 686 312 696 277 696 268 696 266 696 254 686 253 686 252 686 250 686 249 686 229 696 229 697 136 697 136 718 136 756"/></Shape>
	    <String CONTENT="מלכה בת הרן אבי מלכה ואבי יסכה : ותהי שרי עקרה"
                    HPOS="136.0"
                    VPOS="685.0"
                    WIDTH="1118.0"
                    HEIGHT="83.0"
                    WC="0.9849319126870897"></String>
          </TextLine>

          
          
          <TextLine ID="eSc_line_d88eb2ad"
                    TAGREFS="LT15288"
                    BASELINE="136 792 1254 792" 
                    HPOS="136.0"
                    VPOS="762.0"
                    WIDTH="1118.0"
                    HEIGHT="83.0">
            <Shape><Polygon POINTS="136 792 136 833 149 844 150 844 152 844 153 844 196 837 213 844 214 844 216 844 217 844 218 844 232 834 266 844 268 844 269 844 270 844 272 844 290 830 293 830 338 830 341 832 365 844 366 844 368 844 369 844 370 844 389 832 393 830 421 830 425 832 448 844 449 844 450 844 504 833 516 830 520 833 534 842 536 842 537 842 538 842 540 842 568 833 577 830 588 833 625 844 626 844 628 845 662 845 662 844 664 844 686 834 694 830 837 830 848 834 866 844 868 844 869 844 870 844 872 844 884 836 893 830 910 830 918 836 929 844 930 844 932 844 933 844 934 844 960 837 1064 844 1065 844 1066 844 1093 837 1116 830 1136 837 1156 844 1157 844 1158 844 1254 837 1254 792 1254 769 1133 762 1132 762 1130 762 1105 769 1093 772 1089 769 1081 762 1080 762 1078 762 1018 762 1017 762 1016 762 1014 762 1004 769 1002 770 996 769 974 765 973 765 972 765 956 769 948 772 944 769 930 762 929 762 928 762 876 770 868 770 862 770 833 762 832 762 830 762 829 762 800 770 792 772 770 770 713 765 712 765 658 770 644 772 641 770 629 765 628 765 626 765 536 770 517 772 514 770 500 765 498 765 497 765 453 772 446 772 445 772 430 764 429 764 428 764 426 764 413 770 338 762 337 762 336 762 306 772 305 772 302 772 258 765 257 765 256 765 238 772 238 773 136 773 136 792"/></Shape>
	    <String CONTENT="אין לה ולד : ויקח תרח את אברם בנו ואת לוט בן הרן"
                    HPOS="136.0"
                    VPOS="762.0"
                    WIDTH="1118.0"
                    HEIGHT="83.0"
                    WC="0.9958735552239926"></String>
          </TextLine>

          
          
          <TextLine ID="eSc_line_6938c137"
                    TAGREFS="LT15288"
                    BASELINE="136 865 1254 868" 
                    HPOS="134.0"
                    VPOS="837.0"
                    WIDTH="1120.0"
                    HEIGHT="79.0">
            <Shape><Polygon POINTS="136 865 134 898 181 914 182 914 184 914 226 912 228 912 248 901 249 901 257 901 305 901 321 914 322 914 324 914 325 916 366 916 366 914 368 914 396 904 409 914 410 914 412 914 413 916 456 916 456 914 457 914 458 914 474 904 478 901 486 904 517 914 518 914 520 916 577 916 577 914 578 914 602 905 617 901 644 906 693 916 694 916 740 912 741 912 742 912 748 908 756 902 809 904 816 909 824 914 825 914 826 914 828 914 852 909 884 902 925 910 954 916 956 916 957 916 969 910 989 902 1030 902 1056 912 1065 916 1066 916 1068 916 1069 916 1078 913 1106 902 1141 913 1149 916 1150 916 1152 916 1153 916 1160 914 1186 905 1198 914 1200 916 1201 916 1202 916 1204 916 1252 914 1254 868 1254 845 1245 838 1244 838 1242 838 1241 838 1152 846 1150 846 1128 840 1126 840 1125 840 1124 840 1104 846 1096 849 1081 846 1037 840 1036 840 1005 846 996 849 985 846 953 838 952 838 950 838 890 846 873 849 866 846 845 838 844 838 780 838 778 838 777 838 776 838 765 846 762 849 749 846 710 840 709 840 632 846 620 848 617 846 608 840 606 840 605 840 604 840 558 844 517 837 516 837 514 837 494 846 492 848 484 846 418 838 417 838 416 838 398 848 397 848 393 848 365 840 364 840 362 840 317 848 310 848 306 848 280 840 278 840 277 840 276 840 274 840 264 848 261 848 249 848 172 841 170 841 136 846 136 865"/></Shape>
	    <String CONTENT="בן בנו ואת שרי כלתו אשת אברם בנו ויצאו אתם"
                    HPOS="134.0"
                    VPOS="837.0"
                    WIDTH="1120.0"
                    HEIGHT="79.0"
                    WC="0.9972330828507742"></String>
          </TextLine>

          
          
          <TextLine ID="eSc_line_1a2843a9"
                    TAGREFS="LT15288"
                    BASELINE="134 940 1254 944" 
                    HPOS="133.0"
                    VPOS="910.0"
                    WIDTH="1121.0"
                    HEIGHT="82.0">
            <Shape><Polygon POINTS="134 940 133 970 193 989 194 989 196 990 344 990 344 989 345 989 346 989 373 973 418 985 420 985 421 985 422 985 449 973 505 990 506 990 508 990 562 978 580 990 581 990 582 990 584 990 622 984 657 990 658 990 660 990 661 990 686 974 733 990 734 990 736 990 854 974 877 992 878 992 880 992 881 992 882 992 901 982 941 992 942 992 944 992 945 992 970 976 1025 976 1052 992 1053 992 1054 992 1056 992 1057 992 1081 982 1094 988 1096 988 1097 988 1098 988 1100 988 1117 976 1208 976 1228 984 1229 984 1230 985 1230 984 1232 984 1253 974 1254 944 1253 924 1168 914 1166 914 1118 922 1116 922 1114 922 1053 913 1052 913 1050 913 1033 921 981 916 980 916 978 916 958 922 957 922 944 913 942 913 941 913 880 912 878 912 877 912 853 921 796 921 778 912 777 912 776 912 774 912 773 912 761 920 741 912 740 912 738 912 693 921 690 922 617 922 616 921 596 913 594 913 593 913 557 921 553 921 549 921 506 910 505 910 446 920 445 920 404 910 402 910 365 918 344 910 342 910 341 910 281 920 276 920 134 920 134 940"/></Shape>
	    <String CONTENT="מאור כשדים ללכת ארצה כנען ויבאו עד חרן וישבו"
                    HPOS="133.0"
                    VPOS="910.0"
                    WIDTH="1121.0"
                    HEIGHT="82.0"
                    WC="0.9933944032950834"></String>
          </TextLine>

          
          
          <TextLine ID="eSc_line_772a3fe4"
                    TAGREFS="LT15288"
                    BASELINE="134 1016 1257 1016" 
                    HPOS="134.0"
                    VPOS="989.0"
                    WIDTH="1123.0"
                    HEIGHT="83.0">
            <Shape><Polygon POINTS="134 1016 134 1057 156 1057 177 1070 178 1070 180 1070 181 1072 221 1072 221 1070 222 1070 258 1058 274 1070 276 1070 277 1070 278 1072 336 1072 336 1070 337 1070 338 1070 356 1057 412 1070 413 1072 433 1072 433 1070 434 1070 436 1070 453 1057 454 1057 472 1057 473 1057 489 1069 490 1069 492 1069 493 1069 494 1069 518 1057 520 1057 521 1057 546 1064 548 1064 549 1064 585 1057 589 1057 606 1070 608 1070 609 1070 610 1070 612 1070 654 1057 657 1057 702 1057 704 1057 721 1070 722 1070 724 1070 725 1072 781 1072 781 1070 782 1070 820 1058 824 1057 829 1058 892 1070 893 1070 894 1070 930 1058 934 1057 940 1058 994 1070 996 1070 997 1070 1029 1062 1040 1070 1041 1070 1042 1070 1044 1072 1086 1072 1086 1070 1138 1058 1146 1057 1186 1057 1192 1058 1225 1070 1226 1070 1228 1070 1229 1070 1257 1058 1257 1016 1257 996 1202 989 1201 989 1142 996 1124 997 1108 996 1060 989 1058 989 1024 996 1014 997 1005 996 972 989 970 989 930 996 920 997 886 996 768 990 766 990 765 990 746 996 742 997 738 996 717 990 716 990 714 990 677 997 670 997 669 997 660 989 658 989 657 989 604 989 602 989 521 997 512 997 497 997 345 989 344 989 342 989 314 996 278 990 277 990 276 990 274 990 264 997 262 998 134 998 134 1016"/></Shape>
	    <String CONTENT="שם : ויהיו ימי תרח חמש שנים ומאתים שנה וימת"
                    HPOS="134.0"
                    VPOS="989.0"
                    WIDTH="1123.0"
                    HEIGHT="83.0"
                    WC="0.99769846030644"></String>
          </TextLine>

          
          
          <TextLine ID="eSc_line_2f6d36dc"
                    TAGREFS="LT15288"
                    BASELINE="982 1093 1248 1092" 
                    HPOS="981.0"
                    VPOS="1064.0"
                    WIDTH="267.0"
                    HEIGHT="82.0">
            <Shape><Polygon POINTS="982 1093 982 1124 1010 1124 1013 1125 1037 1146 1038 1146 1040 1146 1041 1146 1088 1140 1113 1146 1114 1146 1116 1146 1117 1146 1144 1134 1168 1124 1198 1138 1217 1146 1218 1146 1220 1146 1248 1141 1248 1092 1246 1072 1184 1064 1182 1064 1142 1073 1133 1074 1129 1073 1106 1064 1105 1064 1040 1064 1038 1064 981 1074 982 1093"/></Shape>
	    <String CONTENT="תרח בחרן"
                    HPOS="981.0"
                    VPOS="1064.0"
                    WIDTH="267.0"
                    HEIGHT="82.0"
                    WC="0.9984496235847473"></String>
          </TextLine>

          
          
          <TextLine ID="eSc_line_c8ce431c"
                    TAGREFS="LT15288"
                    BASELINE="445 1166 945 1164" 
                    HPOS="444.0"
                    VPOS="1134.0"
                    WIDTH="501.0"
                    HEIGHT="67.0">
            <Shape><Polygon POINTS="445 1166 445 1201 469 1201 469 1200 470 1200 472 1200 472 1198 492 1181 524 1181 548 1200 549 1200 550 1200 552 1201 584 1201 584 1200 585 1200 586 1200 586 1198 605 1181 644 1181 661 1198 662 1198 662 1200 664 1200 665 1200 666 1201 693 1201 693 1200 694 1200 696 1200 696 1198 697 1197 717 1180 760 1180 780 1197 781 1197 781 1198 782 1198 784 1198 785 1200 804 1200 804 1198 805 1198 806 1198 808 1197 829 1180 860 1180 882 1196 885 1198 886 1198 888 1198 889 1198 944 1194 945 1164 942 1134 884 1136 882 1136 881 1136 881 1137 872 1146 861 1137 861 1136 860 1136 858 1136 833 1136 832 1136 830 1136 829 1136 829 1137 816 1148 802 1137 802 1136 801 1136 800 1136 777 1136 776 1136 774 1136 773 1136 772 1137 750 1153 708 1153 693 1140 693 1138 692 1138 690 1138 689 1138 688 1138 685 1140 657 1154 604 1154 582 1141 576 1137 574 1137 573 1137 572 1137 570 1137 569 1137 561 1142 541 1153 484 1153 476 1144 470 1140 470 1138 469 1138 468 1138 466 1138 465 1138 444 1144 445 1166"/></Shape>
	    <String CONTENT=""
                    HPOS="444.0"
                    VPOS="1134.0"
                    WIDTH="501.0"
                    HEIGHT="67.0"
                    WC="0.9899603625138601"></String>
          </TextLine>

          
          
          <TextLine ID="eSc_line_69a98f0b"
                    TAGREFS="LT15288"
                    BASELINE="134 1241 1248 1245" 
                    HPOS="133.0"
                    VPOS="1202.0"
                    WIDTH="1115.0"
                    HEIGHT="92.0">
            <Shape><Polygon POINTS="133 1274 188 1292 189 1292 190 1293 248 1293 248 1292 249 1292 272 1282 286 1292 288 1292 289 1292 290 1292 341 1282 361 1292 362 1292 364 1292 365 1292 402 1281 426 1292 428 1292 429 1292 430 1292 462 1278 465 1277 469 1278 502 1293 504 1293 505 1294 550 1294 550 1293 552 1293 553 1293 566 1285 581 1293 582 1293 584 1294 700 1294 700 1293 701 1293 702 1293 718 1281 722 1278 729 1281 758 1293 760 1293 761 1293 817 1282 838 1278 845 1282 857 1292 858 1292 860 1292 890 1294 892 1294 893 1294 925 1284 937 1280 962 1280 970 1284 984 1294 985 1294 986 1294 988 1294 989 1294 1012 1285 1022 1280 1037 1285 1057 1292 1058 1292 1060 1292 1061 1292 1073 1285 1085 1280 1142 1280 1154 1286 1162 1292 1164 1292 1165 1292 1166 1292 1168 1292 1178 1286 1185 1282 1244 1286 1248 1245 1246 1214 1018 1206 1017 1206 1016 1206 1001 1212 994 1213 980 1210 949 1206 948 1206 946 1206 945 1206 938 1210 926 1217 845 1217 794 1209 764 1205 762 1205 761 1205 753 1209 737 1216 700 1208 682 1205 681 1205 680 1205 678 1205 674 1208 660 1216 514 1216 501 1206 500 1206 498 1206 497 1206 496 1206 417 1214 401 1205 400 1204 398 1204 397 1204 350 1204 349 1204 342 1204 277 1214 252 1204 250 1204 249 1204 248 1204 166 1214 136 1202 134 1241 133 1274"/></Shape>
	    <String CONTENT="ויאמר יהוה אל אברם לך לך מארצך וממולדתך ומבית"
                    HPOS="133.0"
                    VPOS="1202.0"
                    WIDTH="1115.0"
                    HEIGHT="92.0"
                    WC="0.9956767280896505"></String>
          </TextLine>

          
          
          <TextLine ID="eSc_line_035b2f25"
                    TAGREFS="LT15288"
                    BASELINE="136 1314 1249 1317" 
                    HPOS="134.0"
                    VPOS="1285.0"
                    WIDTH="1115.0"
                    HEIGHT="83.0">
            <Shape><Polygon POINTS="134 1354 162 1366 164 1366 165 1368 252 1368 252 1366 253 1366 270 1357 289 1366 290 1366 292 1366 293 1366 314 1356 376 1356 392 1366 393 1366 394 1366 396 1366 397 1366 422 1356 448 1366 449 1366 450 1366 452 1366 468 1360 481 1366 482 1366 484 1366 485 1366 486 1366 501 1356 532 1366 533 1366 534 1366 573 1358 648 1366 649 1366 650 1366 677 1356 678 1356 680 1356 702 1368 704 1368 705 1368 750 1361 785 1368 786 1368 788 1368 809 1357 833 1357 834 1357 848 1368 849 1368 850 1368 852 1368 853 1368 886 1360 937 1368 938 1368 1006 1366 1008 1366 1009 1366 1018 1358 1038 1366 1040 1366 1041 1366 1042 1366 1044 1366 1054 1358 1057 1357 1096 1357 1098 1358 1108 1365 1109 1365 1110 1365 1112 1365 1113 1365 1137 1358 1144 1357 1145 1358 1157 1368 1158 1368 1160 1368 1161 1368 1246 1358 1249 1317 1248 1297 1100 1286 1002 1286 1001 1286 1000 1286 974 1294 968 1296 952 1294 912 1289 910 1289 909 1289 908 1289 901 1293 897 1296 894 1293 881 1286 880 1286 878 1286 837 1293 818 1297 701 1297 697 1292 694 1290 694 1289 693 1289 692 1289 690 1289 662 1292 636 1294 624 1292 605 1286 604 1286 602 1286 601 1286 600 1286 594 1292 592 1293 582 1292 556 1285 554 1285 553 1285 540 1290 532 1294 517 1290 494 1285 493 1285 492 1285 464 1290 440 1294 410 1290 394 1288 393 1288 392 1288 385 1289 368 1294 353 1289 341 1285 340 1285 301 1285 300 1285 298 1285 290 1289 278 1294 206 1288 196 1288 194 1288 189 1288 152 1294 137 1288 136 1314 134 1354"/></Shape>
	    <String CONTENT="אביך אל הארץ אשר אראך : ואעשך לגוי גדול ואברכך"
                    HPOS="134.0"
                    VPOS="1285.0"
                    WIDTH="1115.0"
                    HEIGHT="83.0"
                    WC="0.9879720146241395"></String>
          </TextLine>

          
          
          <TextLine ID="eSc_line_3db70421"
                    TAGREFS="LT15288"
                    BASELINE="134 1389 1249 1394" 
                    HPOS="133.0"
                    VPOS="1358.0"
                    WIDTH="1116.0"
                    HEIGHT="87.0">
            <Shape><Polygon POINTS="134 1389 133 1424 156 1425 177 1441 178 1441 180 1441 181 1441 237 1434 274 1441 276 1441 277 1441 278 1441 290 1433 302 1441 304 1441 305 1441 306 1442 372 1442 372 1441 373 1441 374 1441 393 1428 394 1426 396 1428 429 1442 430 1442 432 1442 433 1442 434 1442 444 1436 457 1442 458 1442 460 1442 550 1441 552 1441 553 1441 570 1429 573 1428 580 1429 618 1440 620 1440 621 1440 698 1437 709 1444 710 1444 712 1444 713 1444 714 1444 750 1430 756 1429 760 1432 785 1444 786 1444 788 1444 789 1444 824 1433 858 1442 860 1442 861 1442 862 1442 864 1442 877 1432 882 1429 966 1429 976 1433 1001 1445 1002 1445 1004 1445 1065 1441 1066 1441 1068 1441 1076 1434 1081 1430 1098 1434 1129 1442 1130 1442 1132 1442 1133 1442 1146 1436 1149 1434 1150 1436 1166 1442 1168 1442 1169 1442 1170 1442 1172 1442 1181 1436 1188 1430 1197 1436 1210 1442 1212 1442 1213 1442 1246 1436 1249 1394 1246 1366 1180 1372 1160 1366 1149 1362 1148 1362 1146 1362 1064 1366 992 1369 968 1366 938 1362 937 1362 920 1366 901 1370 893 1366 888 1364 886 1364 885 1364 828 1366 744 1370 737 1366 733 1362 732 1362 730 1362 729 1362 728 1362 712 1366 705 1368 698 1366 676 1360 674 1360 673 1360 672 1360 645 1366 633 1370 445 1370 398 1366 261 1358 260 1358 134 1366 134 1389"/></Shape>
	    <String CONTENT="ואגדלה שמך והיה ברכה : ואברכה מברכיך ומקללך אאר"
                    HPOS="133.0"
                    VPOS="1358.0"
                    WIDTH="1116.0"
                    HEIGHT="87.0"
                    WC="0.9955391456251559"></String>
          </TextLine>

          
          
          <TextLine ID="eSc_line_15c3737b"
                    TAGREFS="LT15288"
                    BASELINE="134 1465 1249 1468" 
                    HPOS="133.0"
                    VPOS="1436.0"
                    WIDTH="1116.0"
                    HEIGHT="82.0">
            <Shape><Polygon POINTS="134 1465 133 1501 164 1502 189 1516 190 1516 192 1516 193 1516 233 1504 234 1504 258 1504 260 1504 276 1516 277 1516 278 1516 280 1516 281 1516 309 1509 342 1516 344 1516 345 1516 373 1505 377 1504 384 1505 428 1516 429 1516 484 1513 485 1513 497 1506 502 1504 508 1506 525 1516 526 1516 528 1517 584 1517 584 1516 585 1516 605 1508 617 1504 642 1504 650 1509 660 1516 661 1516 662 1516 664 1516 665 1516 686 1509 694 1506 698 1509 708 1517 709 1517 710 1517 712 1518 776 1518 776 1517 777 1517 778 1517 786 1510 794 1505 813 1505 822 1510 830 1517 832 1517 833 1517 834 1518 904 1518 904 1517 925 1512 956 1505 978 1505 990 1513 996 1517 997 1517 998 1517 1000 1517 1001 1517 1009 1513 1024 1505 1044 1513 1053 1517 1054 1517 1056 1517 1057 1517 1069 1514 1101 1505 1120 1514 1125 1517 1126 1517 1128 1517 1129 1517 1137 1514 1160 1508 1173 1514 1174 1514 1176 1514 1177 1514 1178 1514 1192 1505 1245 1516 1249 1468 1248 1444 1196 1437 1194 1437 1154 1442 1148 1444 1145 1442 1130 1437 1129 1437 1128 1437 1073 1442 1048 1445 1016 1442 944 1437 942 1437 941 1437 940 1437 933 1442 930 1445 845 1445 838 1442 824 1437 822 1437 821 1437 770 1442 745 1445 740 1442 729 1437 728 1437 726 1437 725 1437 704 1442 692 1445 677 1442 641 1436 640 1436 638 1436 637 1436 628 1442 625 1445 588 1445 584 1442 574 1436 573 1436 572 1436 570 1436 522 1442 508 1444 134 1442 134 1465"/></Shape>
	    <String CONTENT="ונברכו בך כל משפחת האדמה : וילך אברם כאשר דבר"
                    HPOS="133.0"
                    VPOS="1436.0"
                    WIDTH="1116.0"
                    HEIGHT="82.0"
                    WC="0.9762552830908033"></String>
          </TextLine>

          
          
          <TextLine ID="eSc_line_b81ef53d"
                    TAGREFS="LT15288"
                    BASELINE="133 1540 1246 1544" 
                    HPOS="132.0"
                    VPOS="1508.0"
                    WIDTH="1114.0"
                    HEIGHT="82.0">
            <Shape><Polygon POINTS="133 1540 132 1570 182 1588 184 1588 185 1589 300 1589 300 1588 301 1588 336 1573 377 1588 378 1588 380 1588 381 1588 424 1573 425 1573 426 1573 454 1588 456 1588 457 1588 458 1588 486 1578 500 1589 501 1589 502 1589 504 1589 505 1589 530 1581 541 1589 542 1589 544 1589 545 1590 582 1590 582 1589 584 1589 613 1577 634 1577 652 1589 653 1589 654 1589 656 1589 709 1582 734 1589 736 1589 737 1589 738 1589 740 1589 757 1576 758 1576 802 1574 888 1574 892 1577 898 1582 900 1582 901 1582 902 1582 904 1582 921 1577 929 1576 932 1577 949 1590 950 1590 952 1590 953 1590 1028 1589 1029 1589 1030 1589 1044 1578 1046 1577 1050 1578 1078 1590 1080 1590 1081 1590 1082 1590 1110 1580 1120 1576 1156 1576 1165 1580 1186 1589 1188 1589 1189 1589 1244 1580 1246 1544 1246 1520 1212 1510 1210 1510 1209 1510 1126 1517 1077 1510 1076 1510 1074 1510 1073 1510 1061 1520 1057 1522 1034 1522 1018 1520 961 1510 960 1510 958 1510 936 1520 929 1521 913 1520 861 1512 860 1512 858 1512 842 1520 841 1520 840 1520 826 1509 825 1509 824 1509 788 1509 786 1509 785 1509 757 1520 754 1520 752 1520 729 1512 728 1512 726 1512 725 1512 709 1520 706 1520 702 1520 676 1513 674 1513 600 1520 586 1520 584 1520 569 1513 568 1513 566 1513 514 1520 505 1520 501 1520 464 1508 462 1508 461 1508 460 1508 437 1518 373 1512 372 1512 286 1518 269 1512 268 1512 266 1512 265 1512 248 1520 136 1520 133 1540"/></Shape>
	    <String CONTENT="אליו יהוה וילך אתו לוט ואברם בן חמש שנים ושבעים"
                    HPOS="132.0"
                    VPOS="1508.0"
                    WIDTH="1114.0"
                    HEIGHT="82.0"
                    WC="0.9881501755815871"></String>
          </TextLine>

          
          
          <TextLine ID="eSc_line_2a4b29ee"
                    TAGREFS="LT15288"
                    BASELINE="132 1614 1246 1618" 
                    HPOS="130.0"
                    VPOS="1586.0"
                    WIDTH="1116.0"
                    HEIGHT="80.0">
            <Shape><Polygon POINTS="132 1614 130 1648 154 1657 156 1657 157 1657 234 1649 272 1662 273 1662 274 1664 321 1664 321 1662 322 1662 350 1649 381 1662 382 1662 384 1662 460 1650 468 1649 470 1650 500 1664 501 1664 502 1664 504 1664 545 1650 548 1650 554 1650 597 1657 598 1657 624 1652 630 1650 637 1652 678 1664 680 1664 681 1664 770 1653 774 1653 790 1664 792 1664 793 1664 794 1665 846 1665 846 1664 848 1664 870 1654 872 1653 873 1654 890 1665 892 1665 893 1665 894 1666 988 1666 988 1665 989 1665 990 1665 1005 1656 1012 1652 1085 1652 1094 1656 1112 1665 1113 1665 1114 1665 1116 1665 1136 1657 1148 1652 1164 1657 1189 1665 1190 1665 1192 1665 1244 1657 1246 1618 1245 1589 1200 1596 1181 1589 1180 1589 1178 1589 1146 1596 1096 1589 1094 1589 1014 1589 1013 1589 1012 1589 1010 1589 1000 1596 920 1589 916 1589 914 1589 909 1589 824 1594 816 1589 814 1588 813 1588 812 1588 810 1588 797 1589 757 1594 724 1589 713 1588 712 1588 700 1589 661 1594 444 1594 429 1589 417 1586 416 1586 414 1586 394 1589 373 1593 358 1589 348 1586 346 1586 345 1586 344 1586 336 1589 328 1593 132 1590 132 1614"/></Shape>
	    <String CONTENT="שנה בצאתו מחרן : ויקח אברם את שרי אשתו ואת לוט"
                    HPOS="130.0"
                    VPOS="1586.0"
                    WIDTH="1116.0"
                    HEIGHT="80.0"
                    WC="0.9966548797876938"></String>
          </TextLine>

          
          
          <TextLine ID="eSc_line_d7af5a8b"
                    TAGREFS="LT15288"
                    BASELINE="132 1689 1246 1692" 
                    HPOS="130.0"
                    VPOS="1661.0"
                    WIDTH="1116.0"
                    HEIGHT="81.0">
            <Shape><Polygon POINTS="132 1689 130 1722 178 1724 202 1741 204 1741 205 1741 206 1742 258 1742 258 1741 260 1741 261 1741 280 1726 317 1741 318 1741 320 1742 362 1742 362 1741 364 1741 400 1725 401 1725 417 1732 418 1732 420 1732 421 1732 432 1726 461 1741 462 1741 464 1742 500 1742 500 1741 501 1741 502 1741 521 1726 522 1726 606 1741 608 1741 609 1741 641 1729 658 1741 660 1741 661 1741 688 1742 689 1742 690 1742 712 1732 738 1742 740 1742 741 1742 742 1742 769 1728 770 1728 772 1728 797 1740 798 1740 800 1740 848 1729 860 1726 864 1729 882 1742 884 1742 885 1742 886 1742 888 1742 920 1729 924 1728 926 1729 946 1742 948 1742 949 1742 950 1742 952 1742 953 1742 972 1730 978 1726 1036 1728 1040 1730 1056 1741 1057 1741 1058 1741 1060 1741 1061 1741 1062 1741 1078 1730 1085 1726 1108 1732 1161 1742 1162 1742 1164 1742 1165 1742 1181 1732 1197 1742 1198 1742 1200 1742 1201 1742 1244 1732 1246 1692 1246 1669 1224 1662 1222 1662 1221 1662 1032 1669 1025 1669 1022 1669 978 1662 977 1662 945 1669 942 1669 941 1669 901 1662 900 1662 898 1662 897 1662 888 1669 886 1670 740 1670 733 1669 689 1661 688 1661 642 1669 637 1669 400 1669 397 1668 370 1661 369 1661 368 1661 366 1661 340 1668 337 1668 336 1668 306 1661 305 1661 304 1661 284 1668 281 1668 132 1668 132 1689"/></Shape>
	    <String CONTENT="בן אחיו ואת כל רכושם אשר רכשו ואת הנפש אשר"
                    HPOS="130.0"
                    VPOS="1661.0"
                    WIDTH="1116.0"
                    HEIGHT="81.0"
                    WC="0.9791568157284759"></String>
          </TextLine>

          
          
          <TextLine ID="eSc_line_48e7134d"
                    TAGREFS="LT15288"
                    BASELINE="132 1768 1244 1765" 
                    HPOS="130.0"
                    VPOS="1734.0"
                    WIDTH="1114.0"
                    HEIGHT="83.0">
            <Shape><Polygon POINTS="132 1768 132 1805 161 1817 162 1817 164 1817 165 1817 182 1810 236 1817 237 1817 238 1817 240 1817 254 1806 256 1805 261 1806 304 1814 305 1814 330 1809 344 1817 345 1817 346 1817 348 1817 349 1817 388 1806 394 1805 401 1806 421 1812 422 1812 424 1812 425 1812 437 1806 442 1805 446 1806 472 1817 473 1817 474 1817 580 1810 608 1817 609 1817 610 1817 612 1817 613 1817 626 1808 630 1805 662 1805 666 1808 680 1817 681 1817 682 1817 684 1817 737 1816 738 1816 756 1808 765 1804 824 1804 832 1808 842 1816 844 1816 845 1816 846 1817 874 1817 874 1816 876 1816 877 1816 886 1808 894 1804 937 1804 949 1809 966 1816 968 1816 969 1816 970 1816 997 1809 1006 1806 1014 1809 1033 1816 1034 1816 1036 1817 1132 1817 1132 1816 1133 1816 1134 1816 1142 1809 1150 1804 1161 1809 1173 1816 1174 1816 1176 1816 1242 1809 1244 1765 1242 1741 1229 1736 1228 1736 1226 1736 1225 1736 1209 1742 1202 1745 1197 1742 1181 1734 1180 1734 1178 1734 1137 1742 1124 1745 1114 1742 1090 1736 1089 1736 1088 1736 1037 1744 1022 1745 1014 1744 988 1736 986 1736 985 1736 920 1744 906 1745 904 1744 892 1734 890 1734 889 1734 825 1734 824 1734 822 1734 805 1744 804 1745 765 1745 762 1745 752 1736 750 1736 749 1736 748 1736 716 1742 692 1734 690 1734 689 1734 688 1734 646 1745 638 1748 573 1748 569 1745 546 1737 545 1737 544 1737 542 1737 541 1737 530 1745 529 1746 522 1745 492 1740 490 1740 404 1746 393 1746 392 1746 382 1740 381 1740 380 1740 378 1740 337 1744 278 1736 277 1736 276 1736 253 1746 229 1736 228 1736 226 1736 225 1736 202 1744 172 1736 170 1736 169 1736 168 1736 130 1746 132 1768"/></Shape>
	    <String CONTENT="עשו בחרן ויצאו ללכת ארצה כנען ויבאו ארצה כנען :"
                    HPOS="130.0"
                    VPOS="1734.0"
                    WIDTH="1114.0"
                    HEIGHT="83.0"
                    WC="0.9817318721957828"></String>
          </TextLine>

          
          
          <TextLine ID="eSc_line_7fdeada0"
                    TAGREFS="LT15288"
                    BASELINE="132 1840 1244 1844" 
                    HPOS="130.0"
                    VPOS="1812.0"
                    WIDTH="1114.0"
                    HEIGHT="80.0">
            <Shape><Polygon POINTS="132 1840 130 1872 184 1888 185 1888 186 1889 298 1889 298 1888 300 1888 301 1888 318 1874 320 1874 413 1874 416 1876 432 1888 433 1888 434 1888 436 1888 437 1888 438 1888 458 1876 461 1874 465 1876 500 1888 501 1888 502 1888 504 1888 530 1877 532 1876 533 1877 552 1889 553 1889 554 1889 556 1889 557 1889 589 1877 594 1876 604 1877 657 1889 658 1889 660 1889 661 1889 677 1878 680 1877 709 1877 710 1878 724 1889 725 1889 726 1889 728 1890 782 1890 782 1889 784 1889 785 1889 797 1880 802 1876 822 1880 872 1890 873 1892 973 1892 973 1890 974 1890 1000 1881 1009 1878 1018 1882 1037 1890 1038 1890 1040 1890 1088 1882 1125 1877 1157 1877 1170 1884 1184 1890 1185 1890 1186 1890 1241 1884 1244 1844 1244 1821 1222 1814 1221 1814 1220 1814 953 1821 922 1821 901 1821 733 1813 732 1813 730 1813 708 1820 706 1820 705 1820 656 1813 654 1813 653 1813 652 1813 641 1820 640 1821 504 1821 501 1820 481 1812 480 1812 478 1812 421 1818 420 1818 132 1818 132 1840"/></Shape>
	    <String CONTENT="ויעבר אברם בארץ עד מקום שכם עד אלון מורה והכנעני"
                    HPOS="130.0"
                    VPOS="1812.0"
                    WIDTH="1114.0"
                    HEIGHT="80.0"
                    WC="0.9982037345568339"></String>
          </TextLine>

          
          
          <TextLine ID="eSc_line_d7739f42"
                    TAGREFS="LT15288"
                    BASELINE="132 1914 1245 1918" 
                    HPOS="130.0"
                    VPOS="1885.0"
                    WIDTH="1115.0"
                    HEIGHT="85.0">
            <Shape><Polygon POINTS="132 1914 130 1946 176 1949 200 1966 201 1966 202 1966 204 1968 308 1968 308 1966 309 1966 310 1966 329 1953 348 1966 349 1966 350 1966 352 1968 444 1968 444 1966 445 1966 446 1966 468 1950 470 1949 494 1949 497 1950 518 1968 520 1968 521 1968 522 1968 524 1968 556 1953 564 1960 565 1960 566 1960 568 1960 645 1956 662 1968 664 1968 665 1968 666 1968 668 1968 730 1952 738 1950 841 1950 846 1953 868 1968 869 1968 870 1968 872 1968 873 1968 874 1968 896 1953 900 1952 948 1952 952 1954 973 1969 974 1969 976 1969 977 1969 1040 1957 1064 1969 1065 1969 1066 1970 1142 1970 1142 1969 1144 1969 1178 1956 1180 1956 1206 1966 1208 1966 1209 1966 1210 1966 1244 1956 1245 1918 1245 1898 1176 1898 1176 1897 1152 1888 1150 1888 1149 1888 1148 1888 1132 1894 1064 1888 1062 1888 1061 1888 1060 1888 1045 1897 1040 1897 966 1889 965 1889 926 1896 874 1886 873 1886 872 1886 846 1896 777 1886 776 1886 645 1896 636 1896 629 1896 560 1886 558 1886 557 1886 556 1886 545 1896 542 1896 509 1896 506 1896 494 1886 493 1886 492 1886 490 1886 489 1886 468 1894 456 1885 454 1885 453 1885 401 1885 400 1885 398 1885 378 1894 378 1896 280 1896 278 1894 270 1888 269 1888 268 1888 266 1888 265 1888 250 1894 249 1894 132 1894 132 1914"/></Shape>
	    <String CONTENT="אז בארץ : וירא יהוה אל אברם ויאמר לזרעך אתן את"
                    HPOS="130.0"
                    VPOS="1885.0"
                    WIDTH="1115.0"
                    HEIGHT="85.0"
                    WC="0.9728933041510375"></String>
          </TextLine>

          
          
          <TextLine ID="eSc_line_3231af54"
                    TAGREFS="LT15288"
                    BASELINE="129 1990 1242 1993" 
                    HPOS="128.0"
                    VPOS="1961.0"
                    WIDTH="1114.0"
                    HEIGHT="83.0">
            <Shape><Polygon POINTS="129 1990 128 2037 232 2041 233 2041 234 2041 242 2037 252 2032 289 2037 322 2041 324 2041 349 2036 390 2028 404 2036 410 2041 412 2041 413 2041 414 2042 485 2042 485 2041 518 2036 560 2028 569 2034 577 2041 578 2041 580 2041 581 2041 582 2041 601 2034 617 2029 632 2034 649 2041 650 2041 652 2041 653 2041 668 2034 684 2028 717 2034 762 2042 764 2042 765 2042 785 2033 797 2029 841 2029 848 2033 856 2040 857 2040 858 2040 860 2040 861 2040 878 2033 888 2029 893 2033 906 2042 908 2042 909 2042 910 2044 932 2044 932 2042 933 2042 965 2033 978 2029 1076 2029 1086 2032 1122 2042 1124 2042 1125 2044 1206 2044 1206 2042 1208 2042 1241 2030 1242 1993 1242 1966 1153 1962 1152 1962 1126 1966 1097 1970 1069 1966 1044 1962 1042 1962 989 1966 934 1970 906 1966 877 1962 876 1962 854 1966 834 1972 721 1972 673 1968 594 1961 593 1961 544 1968 528 1969 524 1968 510 1961 509 1961 508 1961 408 1968 381 1969 366 1968 309 1961 308 1961 306 1961 305 1961 296 1968 293 1969 129 1969 129 1990"/></Shape>
	    <String CONTENT="הארץ הזאת ויבן שם מזבח ליהוה הנראה אליו : ויעתק"
                    HPOS="128.0"
                    VPOS="1961.0"
                    WIDTH="1114.0"
                    HEIGHT="83.0"
                    WC="0.9814674099286397"></String>
          </TextLine>

          
          
          <TextLine ID="eSc_line_4360b634"
                    TAGREFS="LT15288"
                    BASELINE="129 2066 1242 2066" 
                    HPOS="129.0"
                    VPOS="2037.0"
                    WIDTH="1113.0"
                    HEIGHT="81.0">
            <Shape><Polygon POINTS="129 2066 129 2105 150 2117 152 2117 153 2117 154 2117 182 2110 224 2117 225 2117 226 2117 228 2117 241 2106 276 2117 277 2117 278 2117 280 2117 320 2105 340 2117 341 2117 342 2117 344 2117 345 2117 386 2105 428 2105 445 2117 446 2117 448 2117 449 2117 450 2117 481 2105 512 2117 513 2117 514 2118 641 2118 641 2117 642 2117 685 2105 710 2117 712 2117 713 2117 714 2117 742 2105 782 2105 801 2116 802 2116 804 2116 805 2116 806 2116 833 2105 890 2105 908 2117 909 2117 910 2117 912 2117 1022 2105 1040 2117 1041 2117 1042 2117 1044 2118 1106 2118 1106 2117 1108 2117 1130 2105 1170 2116 1172 2116 1173 2116 1174 2116 1197 2105 1242 2105 1242 2066 1242 2046 1197 2038 1196 2038 1194 2038 1193 2038 1182 2046 1180 2048 922 2048 914 2046 822 2037 821 2037 820 2037 798 2046 797 2048 733 2048 728 2046 660 2037 658 2037 573 2046 570 2046 568 2046 509 2037 508 2037 466 2046 465 2046 462 2046 402 2040 401 2040 400 2040 398 2040 389 2046 317 2037 316 2037 314 2037 280 2046 280 2048 129 2048 129 2066"/></Shape>
	    <String CONTENT="משם ההרה מקדם לבית אל ויט אהלה בית אל מים והעי"
                    HPOS="129.0"
                    VPOS="2037.0"
                    WIDTH="1113.0"
                    HEIGHT="81.0"
                    WC="0.9769155065218608"></String>
          </TextLine>

          
          
          <TextLine ID="eSc_line_fc63e47c"
                    TAGREFS="LT15288"
                    BASELINE="130 2138 1241 2142" 
                    HPOS="129.0"
                    VPOS="2113.0"
                    WIDTH="1112.0"
                    HEIGHT="80.0">
            <Shape><Polygon POINTS="130 2138 129 2176 174 2178 188 2189 189 2189 190 2189 192 2190 249 2190 249 2189 250 2189 252 2189 264 2180 305 2189 306 2189 361 2178 430 2189 432 2189 433 2189 434 2189 450 2178 485 2178 500 2190 501 2190 502 2190 504 2190 541 2182 572 2190 573 2190 574 2190 576 2190 577 2190 589 2181 610 2190 612 2190 613 2192 674 2192 674 2190 676 2190 712 2180 737 2190 738 2190 740 2190 741 2190 774 2180 796 2190 797 2190 798 2190 800 2190 837 2180 881 2192 882 2192 884 2192 937 2181 958 2181 974 2192 976 2192 977 2192 978 2192 980 2192 1012 2182 1036 2192 1037 2192 1038 2193 1084 2193 1084 2192 1085 2192 1124 2181 1206 2192 1208 2192 1209 2192 1240 2180 1241 2142 1241 2124 1216 2116 1214 2116 973 2116 972 2116 889 2122 877 2122 872 2122 838 2114 837 2114 596 2121 566 2121 558 2121 492 2113 490 2113 133 2118 130 2138"/></Shape>
	    <String CONTENT="מקדם ויבן שם מזבח ליהוה ויקרא בשם יהוה : ויסע אברם"
                    HPOS="129.0"
                    VPOS="2113.0"
                    WIDTH="1112.0"
                    HEIGHT="80.0"
                    WC="0.9891546499729157"></String>
          </TextLine>

          
          
          <TextLine ID="eSc_line_86354d8e"
                    TAGREFS="LT15288"
                    BASELINE="132 2212 1244 2218" 
                    HPOS="130.0"
                    VPOS="2185.0"
                    WIDTH="1114.0"
                    HEIGHT="93.0">
            <Shape><Polygon POINTS="132 2212 130 2260 236 2273 237 2273 238 2273 240 2273 257 2260 265 2254 281 2260 320 2273 321 2273 322 2273 361 2268 370 2274 372 2274 373 2274 374 2276 470 2276 470 2274 472 2274 473 2274 496 2260 505 2254 534 2254 545 2260 573 2273 574 2273 576 2273 577 2273 608 2264 677 2276 678 2276 680 2276 681 2276 705 2258 710 2256 796 2256 856 2256 858 2258 884 2277 885 2277 886 2277 888 2277 889 2277 913 2265 946 2273 948 2273 949 2273 950 2273 988 2261 997 2268 998 2268 1000 2268 1001 2268 1029 2264 1056 2278 1057 2278 1058 2278 1060 2278 1092 2270 1104 2278 1105 2278 1106 2278 1108 2278 1109 2278 1126 2270 1186 2278 1188 2278 1189 2278 1242 2257 1244 2218 1244 2197 1229 2189 1228 2189 1226 2189 1137 2189 1136 2189 1134 2189 1120 2197 1110 2189 1109 2189 1108 2189 1106 2189 1068 2196 1048 2189 1046 2189 1045 2189 1006 2197 994 2200 986 2197 960 2188 958 2188 916 2188 914 2188 913 2188 912 2188 902 2196 873 2190 872 2190 870 2190 869 2190 860 2197 854 2200 770 2197 534 2186 533 2186 532 2186 512 2196 506 2197 496 2196 456 2188 454 2188 394 2194 374 2197 366 2194 348 2188 346 2188 345 2188 344 2188 326 2194 325 2194 304 2188 302 2188 301 2188 220 2194 210 2194 209 2194 186 2185 185 2185 184 2185 132 2193 132 2212"/></Shape>
	    <String CONTENT="הלוך ונסוע הנגבה : ויהי רעב בארץ וירד אברם"
                    HPOS="130.0"
                    VPOS="2185.0"
                    WIDTH="1114.0"
                    HEIGHT="93.0"
                    WC="0.9868821182916331"></String>
          </TextLine>

          
        </TextBlock>
        

        
      </PrintSpace>
    </Page>
  </Layout>
</alto>
