<?xml version="1.0" encoding="UTF-8"?>
<alto xmlns:xsi="http://www.w3.org/2001/XMLSchema-instance"
      xmlns="http://www.loc.gov/standards/alto/ns-v4#"
      xsi:schemaLocation="http://www.loc.gov/standards/alto/ns-v4# http://www.loc.gov/standards/alto/v4/alto-4-2.xsd">
  <Description>
    <MeasurementUnit>pixel</MeasurementUnit>
    <sourceImageInformation>
      <fileName>IE103402206_00014.jpg</fileName>
      <fileIdentifier>mets//export_doc4367_test4matthieu_alto_202404261220.zip/IE103402206_00014.jpg</fileIdentifier>
    </sourceImageInformation>
  </Description>
  
  <Tags>
    <OtherTag ID="BT8356" LABEL="MainLeft" DESCRIPTION="block type MainLeft"/><OtherTag ID="BT8355" LABEL="MainRight" DESCRIPTION="block type MainRight"/><OtherTag ID="BT6914" LABEL="Handwritten" DESCRIPTION="block type Handwritten"/><OtherTag ID="BT6913" LABEL="RunningHeader" DESCRIPTION="block type RunningHeader"/><OtherTag ID="BT6912" LABEL="Catchword" DESCRIPTION="block type Catchword"/><OtherTag ID="BT6911" LABEL="Margin" DESCRIPTION="block type Margin"/><OtherTag ID="BT6910" LABEL="FooterCentral" DESCRIPTION="block type FooterCentral"/><OtherTag ID="BT6909" LABEL="MainCentral" DESCRIPTION="block type MainCentral"/><OtherTag ID="BT6908" LABEL="Header" DESCRIPTION="block type Header"/><OtherTag ID="BT4" LABEL="Illustration" DESCRIPTION="block type Illustration"/><OtherTag ID="BT3" LABEL="Commentary" DESCRIPTION="block type Commentary"/><OtherTag ID="BT2" LABEL="Main" DESCRIPTION="block type Main"/><OtherTag ID="BT1" LABEL="Title" DESCRIPTION="block type Title"/>
    <OtherTag ID="LT15938" LABEL="MainLeft" DESCRIPTION="line type MainLeft"/><OtherTag ID="LT15937" LABEL="MainRight" DESCRIPTION="line type MainRight"/><OtherTag ID="LT15289" LABEL="Handwritten" DESCRIPTION="line type Handwritten"/><OtherTag ID="LT15288" LABEL="MainCentral" DESCRIPTION="line type MainCentral"/><OtherTag ID="LT15287" LABEL="NotMain" DESCRIPTION="line type NotMain"/>
  </Tags>
  
  <Layout>
    <Page WIDTH="1709"
          HEIGHT="2509"
          PHYSICAL_IMG_NR="1"
          ID="eSc_dummypage_">
      <PrintSpace HPOS="0"
                  VPOS="0"
                  WIDTH="1709"
                  HEIGHT="2509">
        
        <TextBlock HPOS="262.0"
                   VPOS="250.0"
                   WIDTH="1162.0"
                   HEIGHT="969.0"
                   ID="eSc_textblock_11cd7539"
                   TAGREFS="BT6909">
          <Shape><Polygon POINTS="1424 267 1413 1219 262 1214 262 262 1315 250"/></Shape>
          
          
          <TextLine ID="eSc_line_ef2156dc"
                    TAGREFS="LT15288"
                    BASELINE="253 284 1392 281" 
                    HPOS="252.0"
                    VPOS="250.0"
                    WIDTH="1140.0"
                    HEIGHT="90.0">
            <Shape><Polygon POINTS="1381 260 1367 257 1353 256 1339 253 1325 252 1311 250 1297 250 1283 250 1269 250 1260 255 1244 260 1236 255 1229 250 1228 250 1214 250 1208 255 1205 256 1187 255 1148 252 1144 252 1130 252 1116 252 1102 252 1088 252 1080 252 1070 256 1055 264 1041 257 1034 253 1032 253 1018 253 1005 253 991 253 977 253 963 253 949 253 935 253 921 253 907 255 894 255 885 259 869 266 807 266 795 260 786 255 782 256 768 256 759 256 755 260 747 267 546 267 538 263 524 257 517 259 503 259 489 259 475 259 461 259 458 259 453 260 436 259 433 259 419 259 405 259 391 259 377 260 363 260 349 260 335 260 328 260 322 263 312 260 308 260 294 260 280 260 266 260 264 259 252 266 253 284 253 340 334 333 384 338 386 338 387 338 429 321 451 338 453 338 454 338 455 340 533 340 538 340 538 338 539 338 540 338 554 328 567 334 568 334 570 334 571 334 572 334 602 313 623 327 624 327 625 327 662 330 663 330 664 330 698 313 748 313 770 326 772 326 773 326 775 326 776 326 823 312 879 312 961 330 963 330 964 330 989 316 1023 334 1024 334 1025 334 1027 334 1070 317 1087 323 1088 323 1090 323 1254 312 1288 335 1289 337 1290 337 1292 337 1293 337 1391 334 1392 281 1391 262 1381 260"/></Shape>
	    <String CONTENT="אלף וחמש מאות : לבני שמעון"
                    HPOS="252.0"
                    VPOS="250.0"
                    WIDTH="1140.0"
                    HEIGHT="90.0"
                    WC="0.985560180619359"></String>
          </TextLine>

          
          
          <TextLine ID="eSc_line_f2b31e01"
                    TAGREFS="LT15288"
                    BASELINE="255 390 1398 387" 
                    HPOS="253.0"
                    VPOS="345.0"
                    WIDTH="1145.0"
                    HEIGHT="99.0">
            <Shape><Polygon POINTS="255 390 255 423 273 433 274 433 276 433 277 433 294 425 317 443 319 443 320 443 322 444 416 444 416 443 494 425 533 426 547 437 549 437 550 437 552 437 553 437 584 425 648 425 692 443 694 443 695 444 804 444 804 443 805 443 833 427 854 437 855 437 857 437 858 437 897 423 932 436 933 436 935 436 998 423 1052 430 1053 430 1151 423 1170 437 1172 437 1173 437 1175 437 1176 437 1233 423 1322 441 1324 441 1325 441 1367 422 1398 420 1398 387 1396 359 1248 345 1247 345 1246 345 1215 359 1207 363 1191 359 1168 354 1166 354 1165 354 1163 354 1162 354 1154 361 1151 363 1147 361 1127 345 1126 345 1124 345 1062 345 1060 345 1059 345 1025 361 1020 363 1005 361 975 356 974 356 972 356 957 361 950 363 945 362 914 348 913 348 911 348 910 348 880 362 878 363 874 362 864 356 862 356 861 356 832 362 830 362 808 347 807 347 805 347 747 347 745 347 744 347 708 363 705 363 702 363 676 355 674 355 673 355 671 355 656 363 652 366 592 366 586 363 563 355 561 355 560 355 558 355 529 363 524 365 517 363 464 355 462 355 461 355 460 355 447 365 446 366 319 366 319 365 296 358 295 358 294 358 253 365 255 390"/></Shape>
	    <String CONTENT="תולדתם למשפחתם לבית אבתם פקדיו"
                    HPOS="253.0"
                    VPOS="345.0"
                    WIDTH="1145.0"
                    HEIGHT="99.0"
                    WC="0.9892088810602824"></String>
          </TextLine>

          
          
          <TextLine ID="eSc_line_e3838709"
                    TAGREFS="LT15288"
                    BASELINE="257 500 1395 493" 
                    HPOS="256.0"
                    VPOS="453.0"
                    WIDTH="1139.0"
                    HEIGHT="100.0">
            <Shape><Polygon POINTS="257 500 257 553 317 553 317 551 319 551 320 551 373 528 430 528 451 538 453 538 454 538 543 526 578 547 582 550 584 550 585 550 586 551 613 551 613 550 614 550 616 550 620 547 648 526 692 545 694 545 695 545 696 545 738 528 782 545 794 549 795 549 797 550 933 550 933 549 935 549 936 549 945 542 960 529 993 540 995 540 996 540 998 540 1024 526 1052 540 1066 547 1067 547 1069 547 1070 547 1099 540 1169 522 1289 538 1310 539 1311 539 1313 539 1321 536 1335 532 1393 535 1395 493 1393 469 1360 461 1359 461 1321 469 1313 471 1308 469 1293 461 1292 461 1246 459 1244 459 1183 469 1173 471 1172 469 1154 458 1152 458 1151 458 1150 458 1148 458 1119 469 1112 472 1099 469 1049 459 1048 459 1046 459 1023 471 1017 473 956 473 952 471 922 453 921 453 920 453 805 453 804 453 802 453 801 453 790 461 780 453 779 453 777 453 720 453 719 453 717 453 671 471 662 476 618 476 611 472 582 454 581 454 579 454 528 454 526 454 525 454 524 454 514 461 507 455 506 455 504 455 503 455 501 455 500 455 475 472 471 475 458 472 426 465 425 465 423 465 409 472 401 478 369 478 361 472 352 466 351 466 349 466 348 466 256 472 257 500"/></Shape>
	    <String CONTENT="במספר שמות לגלגלתם כל זכר מבן"
                    HPOS="256.0"
                    VPOS="453.0"
                    WIDTH="1139.0"
                    HEIGHT="100.0"
                    WC="0.9607325772444407"></String>
          </TextLine>

          
          
          <TextLine ID="eSc_line_57b828f3"
                    TAGREFS="LT15288"
                    BASELINE="262 618 745 604 1402 600" 
                    HPOS="262.0"
                    VPOS="558.0"
                    WIDTH="1140.0"
                    HEIGHT="106.0">
            <Shape><Polygon POINTS="262 618 262 648 271 655 273 655 274 655 276 655 359 645 388 642 400 645 453 664 454 664 455 664 457 664 479 655 494 662 496 662 497 662 499 662 500 662 521 646 529 639 552 639 563 646 584 662 585 662 586 662 588 663 625 663 625 662 627 662 628 662 648 646 660 638 705 638 720 648 722 648 723 648 724 648 733 648 818 637 844 648 867 657 868 657 869 659 943 659 943 657 945 657 975 649 1025 634 1064 649 1066 649 1138 655 1140 655 1141 655 1143 655 1150 649 1179 631 1193 631 1225 650 1229 653 1230 653 1232 653 1233 653 1235 653 1242 650 1283 630 1308 645 1310 645 1311 645 1313 645 1336 641 1349 650 1350 650 1352 650 1353 652 1402 652 1402 600 1400 578 1313 558 1311 558 1211 581 1191 581 1159 563 1158 563 1156 563 1155 563 1154 563 1137 575 1113 572 1112 572 1110 572 1109 572 1098 581 1064 575 1063 575 1007 582 974 568 972 568 971 568 970 568 928 582 903 564 901 564 900 564 851 564 850 564 848 564 847 564 811 586 782 586 741 567 740 567 680 567 678 567 677 567 676 567 664 577 639 568 638 568 637 568 635 568 599 579 568 577 567 577 565 577 564 577 549 589 506 571 504 571 503 571 436 572 434 572 433 572 418 584 369 578 368 578 366 578 365 578 347 593 263 593 262 618"/></Shape>
	    <String CONTENT="עשרים שנה ומעלה כל יצא צבא :"
                    HPOS="262.0"
                    VPOS="558.0"
                    WIDTH="1140.0"
                    HEIGHT="106.0"
                    WC="0.9856712371110916"></String>
          </TextLine>

          
          
          <TextLine ID="eSc_line_1a938346"
                    TAGREFS="LT15288"
                    BASELINE="260 715 1399 710" 
                    HPOS="259.0"
                    VPOS="670.0"
                    WIDTH="1140.0"
                    HEIGHT="102.0">
            <Shape><Polygon POINTS="260 715 260 752 289 770 291 770 292 770 294 772 383 772 383 770 384 770 386 770 405 756 439 761 440 761 441 761 443 761 455 751 457 751 493 751 496 752 528 765 529 765 531 765 532 765 558 752 561 751 638 751 639 752 662 769 663 769 664 769 666 770 730 770 730 769 731 769 765 752 770 749 776 752 805 769 807 769 808 770 855 770 855 769 857 769 858 769 879 752 885 749 979 749 995 754 1012 758 1013 758 1014 758 1016 758 1017 758 1021 754 1027 748 1067 748 1077 754 1087 761 1088 761 1090 761 1091 761 1123 756 1138 768 1140 768 1141 768 1143 768 1144 768 1197 754 1222 748 1283 748 1293 754 1310 768 1311 768 1313 768 1314 769 1381 769 1381 768 1382 768 1384 768 1399 755 1399 710 1396 683 1212 683 1211 683 1169 670 1168 670 1115 670 1113 670 1112 670 1110 670 1091 683 1048 684 1007 684 1005 684 972 671 971 671 970 671 968 671 940 684 939 685 857 685 855 684 843 676 841 676 840 676 839 676 837 676 819 684 812 684 639 677 638 677 592 685 588 685 584 685 487 673 486 673 485 673 457 684 419 676 418 676 363 685 347 673 345 673 344 673 288 673 287 673 285 673 259 685 260 715"/></Shape>
	    <String CONTENT="פקדיהם למטה שמעון תשעה וחמשים אלף"
                    HPOS="259.0"
                    VPOS="670.0"
                    WIDTH="1140.0"
                    HEIGHT="102.0"
                    WC="0.9992469007318671"></String>
          </TextLine>

          
          
          <TextLine ID="eSc_line_4fd03d12"
                    TAGREFS="LT15288"
                    BASELINE="259 822 1400 818" 
                    HPOS="259.0"
                    VPOS="779.0"
                    WIDTH="1141.0"
                    HEIGHT="96.0">
            <Shape><Polygon POINTS="259 822 259 861 282 866 284 866 285 866 299 861 328 851 359 851 376 861 393 873 394 873 395 873 397 875 429 875 429 873 430 873 432 873 451 861 454 860 526 851 542 861 558 873 560 873 561 873 563 873 694 872 695 872 713 864 733 872 734 872 736 872 737 872 738 872 752 861 756 858 761 861 775 872 776 872 777 872 779 872 825 866 826 866 828 866 834 861 853 850 900 850 918 861 929 869 931 869 932 869 933 869 935 869 949 861 971 848 1020 848 1046 861 1060 868 1062 868 1063 868 1064 868 1077 861 1084 858 1101 861 1130 868 1131 868 1133 868 1134 868 1143 861 1154 853 1176 861 1198 871 1200 871 1201 871 1202 871 1204 871 1218 861 1228 855 1262 861 1269 862 1271 862 1272 862 1274 862 1274 861 1290 848 1317 861 1318 862 1320 862 1321 862 1399 861 1400 818 1399 794 1371 780 1370 780 1368 780 1367 780 1334 788 1321 779 1320 779 1318 779 1272 779 1271 779 1269 779 1232 797 1223 801 1212 797 1170 784 1169 784 1168 784 1069 797 1055 791 1053 791 1052 791 1051 791 1027 800 1017 804 961 804 956 800 933 788 932 788 931 788 929 788 928 788 913 801 908 804 769 804 768 802 738 780 737 780 736 780 687 780 685 780 617 795 568 781 567 781 565 781 564 781 506 801 475 787 473 787 472 787 443 791 376 781 374 781 373 781 344 793 271 794 270 794 269 794 269 795 260 801 259 822"/></Shape>
	    <String CONTENT="ושלש מאות : לבני גד תולדתם"
                    HPOS="259.0"
                    VPOS="779.0"
                    WIDTH="1141.0"
                    HEIGHT="96.0"
                    WC="0.9984661738077799"></String>
          </TextLine>

          
          
          <TextLine ID="eSc_line_2f261a2d"
                    TAGREFS="LT15288"
                    BASELINE="260 928 1405 924" 
                    HPOS="259.0"
                    VPOS="886.0"
                    WIDTH="1146.0"
                    HEIGHT="98.0">
            <Shape><Polygon POINTS="260 928 260 963 330 974 331 974 425 965 482 961 529 968 639 984 641 984 642 984 669 970 687 960 706 971 716 975 717 975 719 975 720 975 733 971 765 960 791 968 793 968 794 968 901 960 924 974 931 979 932 979 933 979 1006 982 1007 982 1009 982 1010 982 1020 975 1023 975 1052 981 1053 981 1055 981 1056 981 1062 977 1087 958 1134 968 1136 968 1137 968 1175 958 1230 979 1236 981 1237 981 1239 982 1403 982 1405 924 1403 896 1389 886 1388 886 1386 886 1385 886 1334 893 1299 886 1297 886 1296 886 1272 899 1262 903 1236 899 1169 886 1168 886 1166 886 1165 886 1147 899 1143 901 1137 899 1124 893 1123 893 1122 893 1120 893 1098 899 1083 903 1077 899 1060 886 1059 886 1058 886 1021 886 1020 886 1018 886 978 899 963 904 950 900 942 896 940 896 939 896 938 896 936 896 932 900 924 906 878 906 869 900 861 894 860 894 858 894 772 887 770 887 769 887 745 900 741 903 734 900 720 896 719 896 717 896 716 896 715 896 709 900 702 904 657 900 610 897 609 897 607 897 596 901 589 903 582 901 557 894 556 894 554 894 553 894 552 894 542 901 539 903 535 901 514 894 512 894 511 894 510 894 508 894 500 901 496 904 492 901 483 897 482 897 480 897 479 897 465 901 453 906 447 901 429 889 427 889 426 889 404 889 402 889 401 889 400 889 379 901 370 907 337 907 328 901 302 889 301 889 299 889 298 889 259 901 260 928"/></Shape>
	    <String CONTENT="למשפחתם לבית אבתם במספר שמות"
                    HPOS="259.0"
                    VPOS="886.0"
                    WIDTH="1146.0"
                    HEIGHT="98.0"
                    WC="0.9978824513299125"></String>
          </TextLine>

          
          
          <TextLine ID="eSc_line_0fd733ae"
                    TAGREFS="LT15288"
                    BASELINE="262 1037 1403 1032" 
                    HPOS="262.0"
                    VPOS="996.0"
                    WIDTH="1141.0"
                    HEIGHT="102.0">
            <Shape><Polygon POINTS="262 1037 263 1098 308 1080 333 1096 334 1096 335 1096 337 1096 338 1096 340 1096 372 1087 388 1095 391 1096 393 1096 394 1096 395 1096 397 1096 398 1095 432 1073 466 1094 471 1096 472 1096 473 1096 475 1098 506 1098 506 1096 507 1096 508 1096 514 1092 547 1073 584 1073 604 1087 606 1087 607 1087 609 1087 684 1071 730 1088 749 1095 751 1095 752 1096 893 1096 893 1095 894 1095 896 1095 910 1084 918 1077 1030 1070 1101 1077 1102 1077 1104 1077 1117 1070 1183 1070 1194 1078 1219 1094 1221 1094 1222 1094 1223 1095 1258 1095 1258 1094 1260 1094 1261 1094 1274 1084 1290 1094 1292 1094 1293 1095 1350 1095 1350 1094 1352 1094 1403 1073 1403 1032 1402 1013 1377 998 1375 998 1374 998 1373 998 1371 998 1335 1011 1301 1004 1300 1004 1299 1004 1271 1013 1255 1000 1254 1000 1253 1000 1211 999 1209 999 1208 999 1207 999 1190 1010 1119 1003 1117 1003 1063 1013 1032 996 1031 996 1030 996 1028 996 1027 996 1009 1009 991 1004 989 1004 988 1004 986 1004 967 1014 967 1016 886 1016 885 1014 857 998 855 998 854 998 853 998 800 1006 788 998 787 998 786 998 729 998 727 998 726 998 695 1014 692 1014 649 1013 624 999 623 999 563 999 561 999 560 999 558 999 540 1013 521 1000 519 1000 518 1000 517 1000 515 1000 514 1000 492 1014 490 1016 420 1016 418 1014 408 1007 407 1007 405 1007 404 1007 263 1014 262 1037"/></Shape>
	    <String CONTENT="מבן עשרים שנה ומעלה כל יצא צבא"
                    HPOS="262.0"
                    VPOS="996.0"
                    WIDTH="1141.0"
                    HEIGHT="102.0"
                    WC="0.9920145138617484"></String>
          </TextLine>

          
          
          <TextLine ID="eSc_line_1461f045"
                    TAGREFS="LT15288"
                    BASELINE="262 1144 1189 1144 1402 1152" 
                    HPOS="260.0"
                    VPOS="1109.0"
                    WIDTH="1142.0"
                    HEIGHT="103.0">
            <Shape><Polygon POINTS="262 1144 260 1194 299 1194 322 1205 323 1205 324 1205 370 1198 386 1209 387 1209 388 1209 390 1209 475 1197 499 1208 500 1208 501 1208 503 1208 504 1208 526 1194 578 1209 579 1209 581 1209 582 1209 628 1194 646 1205 648 1205 649 1205 702 1207 703 1207 705 1207 706 1207 726 1195 752 1195 773 1211 775 1211 776 1211 777 1212 819 1212 819 1211 821 1211 848 1195 903 1211 904 1211 906 1212 932 1212 932 1211 933 1211 935 1211 949 1200 968 1211 970 1211 971 1211 972 1211 974 1211 989 1201 1018 1211 1020 1211 1021 1211 1023 1211 1024 1211 1045 1195 1076 1195 1097 1211 1098 1211 1099 1211 1101 1212 1172 1212 1172 1211 1173 1211 1175 1211 1187 1201 1197 1209 1198 1209 1200 1209 1271 1211 1272 1211 1274 1211 1304 1195 1357 1195 1371 1205 1373 1205 1374 1205 1375 1205 1377 1205 1400 1194 1402 1152 1400 1126 1290 1126 1289 1124 1269 1109 1268 1109 1267 1109 1265 1109 1110 1116 1097 1109 1095 1109 1094 1109 1092 1109 1067 1123 1066 1124 1063 1123 1038 1109 1037 1109 1035 1109 899 1120 876 1113 875 1113 874 1113 872 1113 871 1113 860 1122 855 1124 837 1122 770 1110 769 1110 768 1110 747 1122 740 1124 733 1122 722 1116 720 1116 719 1116 698 1120 667 1110 666 1110 664 1110 625 1119 582 1109 581 1109 579 1109 550 1120 540 1123 512 1120 430 1109 429 1109 351 1119 347 1119 331 1109 330 1109 328 1109 327 1109 326 1109 305 1119 294 1123 264 1119 262 1144"/></Shape>
	    <String CONTENT=": פקדיהם למטה גד חמשה וארבעים"
                    HPOS="260.0"
                    VPOS="1109.0"
                    WIDTH="1142.0"
                    HEIGHT="103.0"
                    WC="0.9838366162392401"></String>
          </TextLine>

          
        </TextBlock>
        
        <TextBlock HPOS="273.0"
                   VPOS="1307.0"
                   WIDTH="1146.0"
                   HEIGHT="553.0"
                   ID="eSc_textblock_feba6aab"
                   TAGREFS="BT6909">
          <Shape><Polygon POINTS="294 1307 1386 1314 1419 1354 1419 1860 273 1849 284 1488"/></Shape>
          
          
          <TextLine ID="eSc_line_f61fa4cb"
                    TAGREFS="LT15288"
                    BASELINE="766 1359 918 1359" 
                    HPOS="766.0"
                    VPOS="1326.0"
                    WIDTH="152.0"
                    HEIGHT="58.0">
            <Shape><Polygon POINTS="780 1357 779 1340 766 1340 766 1359 766 1382 917 1384 918 1359 915 1332 899 1340 889 1333 886 1331 885 1331 883 1331 882 1331 855 1335 854 1335 853 1335 822 1326 821 1326 819 1326 818 1326 816 1326 816 1328 805 1338 802 1340 794 1340 794 1357"/></Shape>
	    <String CONTENT=""
                    HPOS="766.0"
                    VPOS="1326.0"
                    WIDTH="152.0"
                    HEIGHT="58.0"
                    WC="0.9961653232574463"></String>
          </TextLine>

          
          
          <TextLine ID="eSc_line_fe0a9dc6"
                    TAGREFS="LT15288"
                    BASELINE="282 1417 1180 1416 1396 1421" 
                    HPOS="282.0"
                    VPOS="1381.0"
                    WIDTH="1114.0"
                    HEIGHT="67.0">
            <Shape><Polygon POINTS="309 1417 323 1417 337 1417 351 1417 365 1417 379 1417 393 1417 407 1417 420 1417 434 1417 448 1417 462 1417 476 1417 490 1417 504 1417 518 1417 532 1418 546 1418 560 1418 574 1418 588 1418 602 1418 616 1418 630 1418 644 1418 657 1418 671 1418 685 1418 699 1418 713 1418 727 1418 741 1418 755 1418 769 1418 776 1444 779 1445 784 1446 786 1446 787 1448 1076 1448 1076 1446 1077 1446 1080 1446 1101 1439 1109 1446 1110 1446 1112 1446 1113 1446 1141 1446 1329 1439 1392 1446 1396 1421 1395 1392 1345 1381 1343 1381 759 1391 736 1382 734 1382 733 1382 684 1389 652 1381 650 1381 649 1381 648 1381 646 1381 632 1392 600 1392 577 1381 575 1381 574 1381 540 1388 461 1381 460 1381 391 1391 365 1381 363 1381 362 1381 361 1381 341 1392 282 1392 282 1417 284 1442 288 1439 295 1417"/></Shape>
	    <String CONTENT=""
                    HPOS="282.0"
                    VPOS="1381.0"
                    WIDTH="1114.0"
                    HEIGHT="67.0"
                    WC="0.892056193202734"></String>
          </TextLine>

          
          
          <TextLine ID="eSc_line_ea9ab44a"
                    TAGREFS="LT15288"
                    BASELINE="278 1469 1395 1471" 
                    HPOS="277.0"
                    VPOS="1437.0"
                    WIDTH="1118.0"
                    HEIGHT="57.0">
            <Shape><Polygon POINTS="811 1442 800 1448 776 1442 772 1441 770 1441 769 1441 768 1441 766 1441 766 1442 752 1451 747 1449 737 1469 724 1467 710 1467 696 1466 683 1464 669 1462 655 1460 641 1459 634 1444 560 1439 550 1439 549 1439 547 1439 546 1439 532 1449 501 1444 500 1444 457 1451 443 1441 441 1441 440 1441 439 1441 437 1441 436 1441 423 1452 388 1452 341 1438 340 1438 338 1438 337 1438 315 1446 280 1437 278 1469 277 1494 561 1494 570 1470 584 1470 591 1494 1392 1494 1395 1471 1395 1449 1366 1439 1364 1439 1363 1439 1276 1446 1229 1441 1228 1441 1226 1441 1214 1446 1208 1449 1201 1446 1180 1439 1179 1439 1177 1439 1147 1446 1137 1448 1119 1445 1092 1442 1091 1442 1090 1442 1083 1445 1070 1451 1058 1445 1045 1439 1044 1439 1042 1439 1041 1439 1023 1445 998 1453 901 1453 885 1444 879 1439 878 1439 876 1439 822 1438 818 1438"/></Shape>
	    <String CONTENT=""
                    HPOS="277.0"
                    VPOS="1437.0"
                    WIDTH="1118.0"
                    HEIGHT="57.0"
                    WC="0.9662550255175559"></String>
          </TextLine>

          
          
          <TextLine ID="eSc_line_e8f0a4f9"
                    TAGREFS="LT15288"
                    BASELINE="277 1516 1400 1520" 
                    HPOS="276.0"
                    VPOS="1488.0"
                    WIDTH="1124.0"
                    HEIGHT="53.0">
            <Shape><Polygon POINTS="621 1490 617 1494 613 1497 602 1494 596 1492 584 1492 579 1492 578 1494 572 1498 493 1498 487 1494 483 1491 472 1491 469 1491 465 1494 461 1497 453 1494 443 1490 433 1490 423 1494 415 1497 277 1495 277 1516 276 1541 1398 1540 1400 1520 1398 1491 1356 1499 1325 1491 1324 1491 1202 1491 1201 1491 1200 1491 1198 1491 1189 1499 1148 1491 1144 1491 1143 1491 1141 1491 1140 1491 1120 1501 1044 1501 1030 1492 1027 1490 1025 1490 1024 1490 1023 1490 993 1492 925 1498 882 1492 869 1491 868 1491 857 1492 822 1498 811 1492 805 1490 804 1490 802 1490 801 1490 788 1492 766 1498 758 1492 754 1490 752 1490 751 1490 667 1490 666 1490 664 1490 663 1490 657 1494 652 1497 644 1494 631 1488 625 1490"/></Shape>
	    <String CONTENT=""
                    HPOS="276.0"
                    VPOS="1488.0"
                    WIDTH="1124.0"
                    HEIGHT="53.0"
                    WC="0.9742713641312163"></String>
          </TextLine>

          
          
          <TextLine ID="eSc_line_623d98e9"
                    TAGREFS="LT15288"
                    BASELINE="280 1569 1398 1566" 
                    HPOS="278.0"
                    VPOS="1538.0"
                    WIDTH="1120.0"
                    HEIGHT="59.0">
            <Shape><Polygon POINTS="280 1591 1350 1597 1352 1597 1353 1597 1373 1590 1393 1597 1398 1566 1393 1538 1373 1548 1346 1540 1345 1540 1343 1540 1286 1550 1221 1550 1209 1540 1208 1540 1207 1540 1205 1540 1204 1540 1202 1540 1183 1548 1101 1541 1084 1540 1083 1540 1081 1540 1076 1541 1046 1548 879 1548 871 1543 868 1540 867 1540 865 1540 864 1540 850 1543 821 1550 791 1543 779 1541 777 1541 763 1544 730 1550 695 1544 676 1541 674 1541 673 1541 660 1544 639 1550 578 1545 540 1543 539 1543 538 1543 528 1545 514 1550 504 1545 493 1541 492 1541 490 1541 489 1541 478 1545 469 1550 462 1545 453 1541 451 1541 450 1541 448 1541 430 1547 420 1548 407 1547 370 1541 369 1541 278 1547 280 1569"/></Shape>
	    <String CONTENT=""
                    HPOS="278.0"
                    VPOS="1538.0"
                    WIDTH="1120.0"
                    HEIGHT="59.0"
                    WC="0.9676578919092814"></String>
          </TextLine>

          
          
          <TextLine ID="eSc_line_27170f99"
                    TAGREFS="LT15288"
                    BASELINE="278 1618 1400 1619" 
                    HPOS="277.0"
                    VPOS="1596.0"
                    WIDTH="1123.0"
                    HEIGHT="47.0">
            <Shape><Polygon POINTS="277 1640 1396 1643 1400 1619 1399 1597 278 1596 278 1618"/></Shape>
	    <String CONTENT=""
                    HPOS="277.0"
                    VPOS="1596.0"
                    WIDTH="1123.0"
                    HEIGHT="47.0"
                    WC="0.9848849773406982"></String>
          </TextLine>

          
          
          <TextLine ID="eSc_line_54cf0499"
                    TAGREFS="LT15288"
                    BASELINE="276 1665 1399 1669" 
                    HPOS="274.0"
                    VPOS="1637.0"
                    WIDTH="1125.0"
                    HEIGHT="59.0">
            <Shape><Polygon POINTS="274 1686 313 1694 315 1694 588 1689 649 1696 650 1696 1396 1690 1399 1669 1398 1644 1294 1640 1293 1640 1275 1644 1248 1650 1237 1644 1230 1640 1229 1640 1228 1640 1193 1644 1145 1650 1091 1644 1046 1640 1045 1640 1044 1640 1035 1644 1025 1650 1016 1644 1007 1640 1006 1640 1005 1640 1003 1640 989 1644 975 1648 953 1644 918 1639 917 1639 915 1639 899 1644 887 1648 858 1644 808 1639 807 1639 805 1639 793 1646 786 1648 779 1646 765 1639 763 1639 762 1639 761 1639 759 1639 751 1646 748 1647 741 1646 720 1639 719 1639 717 1639 677 1646 664 1647 656 1646 621 1637 620 1637 618 1637 598 1646 593 1647 478 1647 476 1646 466 1639 465 1639 464 1639 462 1639 461 1639 437 1646 432 1647 412 1646 330 1640 328 1640 276 1646 276 1665"/></Shape>
	    <String CONTENT=""
                    HPOS="274.0"
                    VPOS="1637.0"
                    WIDTH="1125.0"
                    HEIGHT="59.0"
                    WC="0.9643901788419292"></String>
          </TextLine>

          
          
          <TextLine ID="eSc_line_f914b3f3"
                    TAGREFS="LT15288"
                    BASELINE="277 1717 1402 1720" 
                    HPOS="276.0"
                    VPOS="1687.0"
                    WIDTH="1126.0"
                    HEIGHT="55.0">
            <Shape><Polygon POINTS="277 1717 276 1742 1399 1739 1402 1720 1399 1692 1211 1697 1194 1692 1184 1689 1183 1689 1182 1689 1180 1689 1168 1692 1150 1697 1141 1692 1137 1689 1136 1689 1134 1689 1133 1689 1088 1693 1048 1696 1042 1693 1034 1689 1032 1689 1031 1689 1030 1689 1020 1693 1007 1697 984 1693 967 1690 966 1690 964 1690 963 1690 960 1693 953 1699 897 1699 892 1693 886 1689 885 1689 883 1689 882 1689 724 1694 669 1696 664 1694 646 1687 645 1687 644 1687 510 1696 494 1696 493 1696 483 1687 482 1687 480 1687 479 1687 405 1694 354 1687 352 1687 281 1696 277 1711"/></Shape>
	    <String CONTENT=""
                    HPOS="276.0"
                    VPOS="1687.0"
                    WIDTH="1126.0"
                    HEIGHT="55.0"
                    WC="0.957780976096789"></String>
          </TextLine>

          
          
          <TextLine ID="eSc_line_b7bc1a03"
                    TAGREFS="LT15288"
                    BASELINE="278 1768 1402 1768" 
                    HPOS="278.0"
                    VPOS="1743.0"
                    WIDTH="1124.0"
                    HEIGHT="52.0">
            <Shape><Polygon POINTS="278 1795 1402 1795 1402 1768 1400 1743 278 1743 278 1768"/></Shape>
	    <String CONTENT=""
                    HPOS="278.0"
                    VPOS="1743.0"
                    WIDTH="1124.0"
                    HEIGHT="52.0"
                    WC="0.9541092989966273"></String>
          </TextLine>

          
          
          <TextLine ID="eSc_line_0e37295f"
                    TAGREFS="LT15288"
                    BASELINE="277 1820 688 1816 1407 1820" 
                    HPOS="276.0"
                    VPOS="1788.0"
                    WIDTH="1131.0"
                    HEIGHT="74.0">
            <Shape><Polygon POINTS="276 1852 285 1859 287 1859 288 1859 289 1860 327 1860 327 1859 328 1859 330 1859 345 1849 347 1848 362 1849 471 1859 472 1859 473 1859 496 1849 499 1848 577 1848 579 1849 595 1859 596 1859 598 1859 599 1860 638 1860 638 1859 639 1859 660 1849 663 1848 664 1849 696 1860 698 1860 699 1860 744 1853 814 1860 815 1860 816 1860 818 1860 829 1852 871 1860 872 1860 936 1849 970 1860 971 1860 972 1860 974 1860 1009 1849 1025 1860 1027 1860 1028 1860 1030 1862 1150 1862 1150 1860 1151 1860 1152 1860 1168 1849 1219 1849 1236 1860 1237 1860 1239 1860 1240 1862 1315 1862 1315 1860 1317 1860 1318 1860 1328 1852 1363 1859 1364 1859 1366 1859 1406 1848 1407 1820 1407 1800 1385 1789 1384 1789 1382 1789 1329 1800 1297 1800 1282 1789 1281 1789 1279 1789 1278 1789 1201 1799 1099 1789 1098 1789 1020 1800 929 1800 904 1800 904 1799 885 1791 883 1791 882 1791 837 1799 783 1789 782 1789 780 1789 747 1799 734 1789 733 1789 731 1789 730 1789 729 1789 702 1798 664 1788 663 1788 662 1788 602 1798 584 1788 582 1788 535 1788 533 1788 532 1788 500 1798 469 1788 468 1788 466 1788 402 1796 299 1788 298 1788 296 1788 277 1798 277 1820"/></Shape>
	    <String CONTENT=""
                    HPOS="276.0"
                    VPOS="1788.0"
                    WIDTH="1131.0"
                    HEIGHT="74.0"
                    WC="0.9644861908282264"></String>
          </TextLine>

          
        </TextBlock>
        

        
      </PrintSpace>
    </Page>
  </Layout>
</alto>
