<?xml version="1.0" encoding="UTF-8"?>
<alto xmlns:xsi="http://www.w3.org/2001/XMLSchema-instance"
      xmlns="http://www.loc.gov/standards/alto/ns-v4#"
      xsi:schemaLocation="http://www.loc.gov/standards/alto/ns-v4# http://www.loc.gov/standards/alto/v4/alto-4-2.xsd">
  <Description>
    <MeasurementUnit>pixel</MeasurementUnit>
    <sourceImageInformation>
      <fileName>IE21442926_00014.jpg</fileName>
      <fileIdentifier>mets//export_doc4518_2col_01_copy_alto_202406140443.zip/IE21442926_00014.jpg</fileIdentifier>
    </sourceImageInformation>
  </Description>
  
  <Tags>
    <OtherTag ID="BT8356" LABEL="MainLeft" DESCRIPTION="block type MainLeft"/><OtherTag ID="BT8355" LABEL="MainRight" DESCRIPTION="block type MainRight"/><OtherTag ID="BT6914" LABEL="Handwritten" DESCRIPTION="block type Handwritten"/><OtherTag ID="BT6913" LABEL="RunningHeader" DESCRIPTION="block type RunningHeader"/><OtherTag ID="BT6912" LABEL="Catchword" DESCRIPTION="block type Catchword"/><OtherTag ID="BT6911" LABEL="Margin" DESCRIPTION="block type Margin"/><OtherTag ID="BT6910" LABEL="FooterCentral" DESCRIPTION="block type FooterCentral"/><OtherTag ID="BT6909" LABEL="MainCentral" DESCRIPTION="block type MainCentral"/><OtherTag ID="BT6908" LABEL="Header" DESCRIPTION="block type Header"/><OtherTag ID="BT4" LABEL="Illustration" DESCRIPTION="block type Illustration"/><OtherTag ID="BT3" LABEL="Commentary" DESCRIPTION="block type Commentary"/><OtherTag ID="BT2" LABEL="Main" DESCRIPTION="block type Main"/><OtherTag ID="BT1" LABEL="Title" DESCRIPTION="block type Title"/>
    <OtherTag ID="LT15938" LABEL="MainLeft" DESCRIPTION="line type MainLeft"/><OtherTag ID="LT15937" LABEL="MainRight" DESCRIPTION="line type MainRight"/><OtherTag ID="LT15289" LABEL="Handwritten" DESCRIPTION="line type Handwritten"/><OtherTag ID="LT15288" LABEL="MainCentral" DESCRIPTION="line type MainCentral"/><OtherTag ID="LT15287" LABEL="NotMain" DESCRIPTION="line type NotMain"/>
  </Tags>
  
  <Layout>
    <Page WIDTH="2239"
          HEIGHT="3164"
          PHYSICAL_IMG_NR="66"
          ID="eSc_dummypage_">
      <PrintSpace HPOS="0"
                  VPOS="0"
                  WIDTH="2239"
                  HEIGHT="3164">
        
        <TextBlock HPOS="955.0"
                   VPOS="161.0"
                   WIDTH="925.0"
                   HEIGHT="2867.0"
                   ID="eSc_textblock_da7dd609"
                   TAGREFS="BT8355">
          <Shape><Polygon POINTS="976 161 1880 182 1880 2859 1873 3014 1852 3028 955 3021 976 161"/></Shape>
          
          
          <TextLine ID="eSc_line_d33a4583"
                    TAGREFS="LT15937"
                    BASELINE="967 186 1874 196" 
                    HPOS="965.0"
                    VPOS="161.0"
                    WIDTH="909.0"
                    HEIGHT="88.0">
            <Shape><Polygon POINTS="1864 181 1846 181 1829 181 1811 181 1794 179 1776 179 1758 179 1741 179 1723 177 1706 177 1688 177 1670 177 1653 177 1635 175 1618 175 1600 175 1582 175 1565 174 1547 174 1530 174 1512 174 1495 172 1477 172 1459 172 1442 172 1424 170 1407 170 1389 170 1371 170 1354 170 1336 168 1319 168 1301 168 1283 168 1266 166 1248 166 1231 166 1213 166 1196 165 1178 165 1160 165 1143 165 1125 165 1108 163 1090 163 1072 163 1055 163 1044 161 967 161 967 186 965 221 1071 235 1072 235 1129 226 1134 226 1159 244 1160 244 1162 244 1164 244 1245 230 1247 230 1266 246 1268 246 1269 246 1271 247 1320 247 1320 246 1322 246 1324 246 1340 232 1341 232 1392 228 1431 235 1503 247 1672 249 1674 249 1676 249 1704 242 1735 233 1772 244 1785 247 1786 247 1788 247 1790 247 1797 244 1820 233 1830 244 1830 246 1832 246 1834 246 1836 247 1871 247 1874 196 1873 181 1864 181"/></Shape>
	    <String CONTENT="אשר אררה יהוה : ויחי למך אחרי"
                    HPOS="965.0"
                    VPOS="161.0"
                    WIDTH="909.0"
                    HEIGHT="88.0"
                    WC="0.984654330781528"></String>
          </TextLine>

          
          
          <TextLine ID="eSc_line_8bffb61d"
                    TAGREFS="LT15937"
                    BASELINE="969 274 1878 284" 
                    HPOS="967.0"
                    VPOS="244.0"
                    WIDTH="911.0"
                    HEIGHT="91.0">
            <Shape><Polygon POINTS="969 274 967 314 974 319 976 319 977 319 979 319 1053 312 1067 323 1069 323 1071 323 1072 323 1145 314 1203 328 1204 328 1206 328 1287 316 1361 328 1363 328 1364 328 1366 328 1366 326 1377 318 1384 323 1384 325 1385 325 1387 325 1389 325 1419 319 1463 332 1465 332 1466 332 1468 332 1500 319 1502 319 1535 332 1537 332 1538 332 1540 332 1542 332 1542 330 1553 321 1554 319 1556 321 1570 333 1572 333 1574 333 1575 333 1630 323 1670 333 1672 333 1674 335 1718 335 1718 333 1720 333 1721 333 1732 325 1743 333 1743 335 1744 335 1746 335 1748 335 1874 326 1878 284 1878 261 1683 249 1681 249 1679 249 1649 258 1646 258 1305 256 1296 254 1229 244 1227 244 969 249 969 274"/></Shape>
	    <String CONTENT="הולידו את נח חמש ותשעים שנה"
                    HPOS="967.0"
                    VPOS="244.0"
                    WIDTH="911.0"
                    HEIGHT="91.0"
                    WC="0.9896682302157084"></String>
          </TextLine>

          
          
          <TextLine ID="eSc_line_9af7fbe7"
                    TAGREFS="LT15937"
                    BASELINE="967 363 1876 376" 
                    HPOS="965.0"
                    VPOS="328.0"
                    WIDTH="911.0"
                    HEIGHT="97.0">
            <Shape><Polygon POINTS="967 363 965 402 977 413 977 414 979 414 981 414 983 414 1037 402 1095 414 1097 414 1160 404 1164 404 1166 404 1199 416 1201 416 1203 416 1204 416 1206 416 1220 406 1224 404 1227 406 1254 418 1255 418 1257 418 1315 409 1334 406 1340 409 1350 416 1352 416 1354 416 1356 416 1357 416 1375 411 1382 407 1385 411 1394 418 1394 420 1396 420 1398 420 1400 420 1401 420 1403 420 1415 411 1422 407 1435 413 1451 418 1452 418 1454 418 1456 418 1466 413 1472 411 1473 413 1480 420 1480 421 1482 421 1484 421 1486 421 1528 414 1567 409 1575 416 1581 420 1581 421 1582 421 1584 421 1586 421 1588 421 1589 421 1595 418 1602 411 1621 418 1635 423 1637 423 1639 423 1688 420 1743 416 1788 423 1804 425 1806 425 1808 425 1809 425 1809 423 1823 413 1869 425 1876 376 1871 342 1630 348 1561 341 1528 337 1526 337 1524 337 1510 341 1487 346 1475 341 1461 333 1459 333 1458 333 1456 333 1454 333 1445 341 1438 344 1398 339 1327 332 1326 332 1324 332 1322 332 1322 333 1315 339 1312 342 1146 342 1127 339 1055 328 1053 328 967 337 967 363"/></Shape>
	    <String CONTENT="וחמש מאת שנה ויולד בנים ובנות :"
                    HPOS="965.0"
                    VPOS="328.0"
                    WIDTH="911.0"
                    HEIGHT="97.0"
                    WC="0.9942655503749848"></String>
          </TextLine>

          
          
          <TextLine ID="eSc_line_caf1ef7f"
                    TAGREFS="LT15937"
                    BASELINE="965 453 1871 462" 
                    HPOS="963.0"
                    VPOS="420.0"
                    WIDTH="908.0"
                    HEIGHT="91.0">
            <Shape><Polygon POINTS="965 453 963 488 995 502 997 502 999 502 1050 495 1065 506 1067 506 1069 506 1071 506 1187 492 1196 492 1199 492 1241 507 1243 507 1245 509 1312 509 1312 507 1313 507 1315 507 1329 497 1343 507 1345 507 1347 507 1349 507 1350 507 1352 507 1364 497 1368 493 1373 497 1398 509 1400 509 1401 509 1517 507 1519 507 1535 500 1546 495 1558 500 1565 504 1567 504 1568 504 1593 502 1651 495 1670 504 1686 511 1688 511 1690 511 1718 504 1751 497 1783 506 1794 509 1795 509 1797 509 1799 509 1804 507 1822 497 1837 507 1841 511 1843 511 1845 511 1846 511 1867 507 1871 462 1871 441 1692 441 1690 439 1656 425 1655 425 1653 425 1524 437 1519 437 1507 425 1507 423 1505 423 1503 423 1502 423 1396 435 1257 423 1255 423 1254 423 1252 423 1252 425 1241 434 1169 423 1167 423 1166 423 1148 432 1083 420 977 420 976 420 974 420 972 420 972 421 965 428 965 453"/></Shape>
	    <String CONTENT="ויהי כל ימי למך שבע ושבעים"
                    HPOS="963.0"
                    VPOS="420.0"
                    WIDTH="908.0"
                    HEIGHT="91.0"
                    WC="0.9931489109992981"></String>
          </TextLine>

          
          
          <TextLine ID="eSc_line_1c070f95"
                    TAGREFS="LT15937"
                    BASELINE="1130 543 1873 550" 
                    HPOS="1129.0"
                    VPOS="513.0"
                    WIDTH="744.0"
                    HEIGHT="82.0">
            <Shape><Polygon POINTS="1130 543 1129 576 1169 590 1171 590 1173 590 1174 590 1176 590 1190 580 1210 590 1211 590 1213 590 1264 580 1266 580 1269 580 1326 592 1327 594 1392 594 1392 592 1394 592 1396 592 1408 581 1410 581 1435 592 1436 592 1438 592 1484 583 1498 581 1514 585 1561 594 1563 594 1565 594 1567 594 1579 585 1581 585 1584 585 1612 594 1614 594 1616 594 1618 594 1619 594 1630 587 1637 583 1734 585 1735 588 1743 594 1743 595 1744 595 1746 595 1748 595 1869 590 1873 550 1873 530 1816 518 1815 518 1750 529 1744 529 1739 529 1686 518 1684 518 1574 527 1563 527 1546 516 1544 516 1542 516 1540 516 1538 516 1519 527 1517 527 1491 515 1489 515 1487 515 1486 515 1442 525 1440 525 1436 525 1303 513 1301 513 1130 522 1130 543"/></Shape>
	    <String CONTENT="שנה ושבע מאות שנה וימת"
                    HPOS="1129.0"
                    VPOS="513.0"
                    WIDTH="744.0"
                    HEIGHT="82.0"
                    WC="0.9806428226557645"></String>
          </TextLine>

          
          
          <TextLine ID="eSc_line_9892d711"
                    TAGREFS="LT15937"
                    BASELINE="1560 638 1723 641" 
                    HPOS="1558.0"
                    VPOS="611.0"
                    WIDTH="165.0"
                    HEIGHT="65.0">
            <Shape><Polygon POINTS="1560 638 1558 662 1718 676 1723 641 1720 611 1670 625 1633 611 1632 611 1630 611 1628 611 1626 611 1625 611 1607 624 1560 613 1560 638"/></Shape>
	    <String CONTENT=""
                    HPOS="1558.0"
                    VPOS="611.0"
                    WIDTH="165.0"
                    HEIGHT="65.0"
                    WC="0.9061578035354614"></String>
          </TextLine>

          
          
          <TextLine ID="eSc_line_a78f5129"
                    TAGREFS="LT15937"
                    BASELINE="970 631 1509 638" 
                    HPOS="969.0"
                    VPOS="601.0"
                    WIDTH="540.0"
                    HEIGHT="89.0">
            <Shape><Polygon POINTS="970 631 969 662 976 669 976 671 977 671 979 671 1102 687 1104 687 1210 671 1238 683 1239 683 1241 683 1285 674 1301 687 1303 687 1305 687 1306 687 1308 687 1310 687 1326 676 1394 690 1396 690 1398 690 1400 690 1400 689 1422 667 1505 667 1509 638 1509 622 1364 618 1340 604 1338 604 1336 604 1247 616 1245 616 1224 601 1222 601 1220 601 1218 601 1180 609 1171 602 1171 601 1169 601 1167 601 981 601 979 601 977 601 976 601 976 602 970 606 970 631"/></Shape>
	    <String CONTENT="ויהי נח בן חמש"
                    HPOS="969.0"
                    VPOS="601.0"
                    WIDTH="540.0"
                    HEIGHT="89.0"
                    WC="0.983154684305191"></String>
          </TextLine>

          
          
          <TextLine ID="eSc_line_bba5bf3e"
                    TAGREFS="LT15937"
                    BASELINE="965 717 1871 729" 
                    HPOS="963.0"
                    VPOS="683.0"
                    WIDTH="908.0"
                    HEIGHT="92.0">
            <Shape><Polygon POINTS="965 717 963 752 1143 764 1145 764 1194 759 1210 757 1211 759 1220 766 1220 768 1222 768 1224 768 1225 768 1308 761 1349 759 1361 762 1373 768 1375 768 1377 768 1408 764 1438 761 1458 766 1479 771 1480 771 1482 771 1519 768 1554 762 1561 768 1565 771 1567 771 1568 771 1866 775 1871 729 1869 701 1832 706 1808 699 1785 694 1783 694 1781 694 1779 694 1769 699 1755 706 1711 699 1695 697 1693 697 1676 699 1633 704 1619 699 1609 694 1607 694 1484 689 1482 689 1480 689 1458 697 1449 701 1285 701 1280 697 1269 689 1268 689 1266 689 1264 689 1167 696 1143 697 1136 696 1097 683 1095 683 1093 683 965 694 965 717"/></Shape>
	    <String CONTENT="מאות שנה ויולד נח את שם את"
                    HPOS="963.0"
                    VPOS="683.0"
                    WIDTH="908.0"
                    HEIGHT="92.0"
                    WC="0.9810387315573516"></String>
          </TextLine>

          
          
          <TextLine ID="eSc_line_37dd6fdb"
                    TAGREFS="LT15937"
                    BASELINE="967 808 1867 819" 
                    HPOS="965.0"
                    VPOS="773.0"
                    WIDTH="902.0"
                    HEIGHT="95.0">
            <Shape><Polygon POINTS="967 808 965 838 1014 850 1016 850 1018 850 1035 841 1058 854 1060 854 1062 854 1106 843 1111 843 1261 843 1271 849 1283 857 1285 857 1287 857 1289 857 1290 857 1319 850 1327 849 1333 850 1350 863 1352 863 1354 863 1356 864 1392 864 1392 863 1394 863 1396 863 1396 861 1405 854 1408 850 1410 854 1421 863 1421 864 1422 864 1424 864 1426 864 1428 864 1429 864 1440 854 1451 847 1475 847 1509 856 1510 856 1512 856 1514 856 1535 849 1565 859 1581 864 1582 864 1584 864 1605 861 1639 852 1651 861 1651 863 1653 863 1655 863 1656 863 1658 863 1660 863 1677 856 1692 863 1699 866 1700 866 1862 868 1867 819 1866 791 1735 794 1683 789 1632 783 1630 783 1628 783 1619 789 1611 792 1591 789 1546 778 1544 778 1475 787 1449 791 1421 787 1334 775 1333 775 1331 775 1329 775 1312 787 1306 789 1231 785 1196 785 1181 773 1180 773 1178 773 1125 773 1123 773 1122 773 1120 773 1120 775 1106 785 1106 787 1020 787 1018 785 1006 776 1004 776 1002 776 1000 776 967 783 967 808"/></Shape>
	    <String CONTENT="חם ואת יפת : ויהי כי החל האדם"
                    HPOS="965.0"
                    VPOS="773.0"
                    WIDTH="902.0"
                    HEIGHT="95.0"
                    WC="0.9947656882660729"></String>
          </TextLine>

          
          
          <TextLine ID="eSc_line_2b3a643e"
                    TAGREFS="LT15937"
                    BASELINE="967 896 1867 907" 
                    HPOS="965.0"
                    VPOS="861.0"
                    WIDTH="902.0"
                    HEIGHT="96.0">
            <Shape><Polygon POINTS="967 896 965 928 1085 929 1111 950 1113 950 1115 950 1116 950 1118 950 1120 950 1143 933 1217 949 1218 949 1299 936 1317 950 1319 950 1320 950 1322 950 1324 950 1326 950 1326 949 1343 935 1380 935 1384 935 1421 950 1422 950 1424 950 1426 950 1463 936 1477 949 1477 950 1479 950 1480 950 1482 950 1581 943 1618 956 1619 956 1714 957 1716 957 1718 957 1720 957 1720 956 1728 949 1737 957 1739 957 1741 957 1743 957 1795 947 1829 957 1830 957 1832 957 1834 957 1866 940 1867 907 1867 884 1837 870 1836 870 1834 870 1776 884 1727 884 1718 871 1716 871 1716 870 1714 870 1713 870 1711 870 1709 870 1688 880 1677 870 1677 868 1676 868 1674 868 1672 868 1595 880 1593 880 1482 880 1482 878 1470 868 1468 868 1466 868 1465 868 1231 875 1206 875 1204 875 1194 864 1192 864 1190 864 1188 864 1141 873 1132 875 1120 873 1062 861 1060 861 967 870 967 896"/></Shape>
	    <String CONTENT="לרב על פני האדמה ובנות ילדו"
                    HPOS="965.0"
                    VPOS="861.0"
                    WIDTH="902.0"
                    HEIGHT="96.0"
                    WC="0.9848425984382629"></String>
          </TextLine>

          
          
          <TextLine ID="eSc_line_f88170f0"
                    TAGREFS="LT15937"
                    BASELINE="965 986 1873 993" 
                    HPOS="963.0"
                    VPOS="952.0"
                    WIDTH="910.0"
                    HEIGHT="81.0">
            <Shape><Polygon POINTS="965 986 963 1030 1867 1033 1873 993 1873 972 1848 957 1846 957 1845 957 1843 957 1758 972 1531 961 1530 961 1422 970 1396 954 1394 954 1392 954 1391 954 1327 963 1290 954 1289 954 1287 954 1285 954 1247 965 1183 952 1181 952 1035 963 979 952 977 952 976 952 974 952 974 954 965 963 965 986"/></Shape>
	    <String CONTENT="להם : ויראו בני האלהים את"
                    HPOS="963.0"
                    VPOS="952.0"
                    WIDTH="910.0"
                    HEIGHT="81.0"
                    WC="0.9931468566258749"></String>
          </TextLine>

          
          
          <TextLine ID="eSc_line_278e3230"
                    TAGREFS="LT15937"
                    BASELINE="965 1074 1867 1084" 
                    HPOS="963.0"
                    VPOS="1044.0"
                    WIDTH="904.0"
                    HEIGHT="91.0">
            <Shape><Polygon POINTS="965 1074 963 1112 1046 1124 1048 1124 1130 1117 1132 1117 1143 1126 1143 1128 1145 1128 1146 1128 1148 1128 1236 1119 1262 1117 1268 1121 1280 1128 1282 1128 1283 1128 1285 1128 1354 1123 1391 1119 1396 1123 1403 1130 1405 1130 1407 1130 1408 1130 1461 1124 1502 1121 1509 1126 1516 1132 1517 1132 1519 1132 1521 1132 1523 1132 1535 1126 1540 1124 1556 1126 1595 1133 1597 1133 1598 1133 1600 1133 1605 1128 1611 1123 1618 1128 1625 1133 1626 1133 1628 1133 1630 1135 1864 1135 1867 1084 1867 1054 965 1044 965 1074"/></Shape>
	    <String CONTENT="בנות האדם כי טבת הנה ויקחו להם"
                    HPOS="963.0"
                    VPOS="1044.0"
                    WIDTH="904.0"
                    HEIGHT="91.0"
                    WC="0.9879074931144715"></String>
          </TextLine>

          
          
          <TextLine ID="eSc_line_82c7dc99"
                    TAGREFS="LT15937"
                    BASELINE="965 1163 1869 1175" 
                    HPOS="963.0"
                    VPOS="1130.0"
                    WIDTH="906.0"
                    HEIGHT="95.0">
            <Shape><Polygon POINTS="965 1163 963 1211 965 1212 967 1212 967 1214 969 1214 970 1214 972 1216 1039 1216 1039 1214 1041 1214 1042 1214 1042 1212 1053 1202 1055 1202 1057 1202 1065 1211 1067 1211 1069 1211 1071 1211 1072 1211 1074 1211 1085 1204 1092 1200 1127 1205 1197 1214 1199 1214 1201 1214 1215 1207 1220 1205 1225 1207 1250 1218 1252 1218 1254 1218 1255 1218 1276 1209 1290 1204 1343 1204 1350 1211 1352 1214 1354 1214 1354 1216 1356 1216 1357 1216 1359 1216 1361 1216 1363 1216 1368 1211 1377 1205 1392 1212 1403 1216 1405 1216 1407 1216 1428 1212 1472 1205 1479 1214 1480 1214 1480 1216 1482 1216 1484 1216 1486 1216 1503 1216 1567 1211 1579 1218 1584 1221 1586 1221 1588 1221 1589 1221 1591 1221 1602 1218 1611 1214 1616 1218 1619 1221 1619 1223 1621 1223 1623 1223 1797 1225 1799 1225 1801 1225 1802 1225 1802 1223 1816 1216 1864 1225 1869 1175 1869 1151 1848 1142 1846 1142 1845 1142 1646 1147 1611 1137 1609 1137 1607 1137 1487 1146 1424 1135 1422 1135 1356 1144 1276 1133 1275 1133 1201 1140 983 1130 981 1130 979 1130 977 1130 965 1137 965 1163"/></Shape>
	    <String CONTENT="נשים מכל אשר בחרו : ויאמר יהוה"
                    HPOS="963.0"
                    VPOS="1130.0"
                    WIDTH="906.0"
                    HEIGHT="95.0"
                    WC="0.9933193862438202"></String>
          </TextLine>

          
          
          <TextLine ID="eSc_line_9c1e9280"
                    TAGREFS="LT15937"
                    BASELINE="965 1251 1873 1267" 
                    HPOS="963.0"
                    VPOS="1216.0"
                    WIDTH="910.0"
                    HEIGHT="102.0">
            <Shape><Polygon POINTS="965 1251 963 1286 979 1298 981 1298 983 1298 984 1298 1042 1295 1081 1306 1083 1306 1085 1306 1164 1290 1268 1304 1269 1304 1271 1304 1292 1291 1310 1304 1312 1304 1313 1304 1315 1304 1317 1304 1364 1291 1412 1304 1414 1304 1415 1304 1456 1298 1468 1311 1468 1313 1470 1313 1472 1313 1473 1313 1567 1295 1595 1314 1597 1314 1598 1314 1600 1316 1649 1316 1649 1314 1651 1314 1653 1314 1653 1313 1665 1302 1679 1313 1681 1313 1683 1313 1684 1313 1686 1313 1688 1313 1688 1311 1702 1298 1739 1313 1741 1313 1743 1313 1744 1313 1746 1313 1767 1298 1832 1318 1834 1318 1836 1318 1837 1318 1839 1318 1871 1298 1873 1267 1873 1240 1850 1230 1848 1230 1846 1230 1795 1240 1781 1242 1737 1239 1644 1230 1642 1230 1611 1235 1591 1239 1570 1233 1537 1226 1535 1226 1533 1226 1531 1226 1523 1233 1519 1235 1491 1232 1426 1225 1424 1225 1398 1230 1370 1235 1285 1226 1208 1219 1206 1219 1204 1219 1190 1225 1171 1232 1162 1223 1157 1219 1157 1218 1155 1218 1153 1218 1152 1218 1116 1223 1090 1226 1079 1221 1069 1216 1067 1216 1065 1216 1042 1221 1014 1226 965 1219 965 1251"/></Shape>
	    <String CONTENT="לא ידון רוחי באדם לעלם"
                    HPOS="963.0"
                    VPOS="1216.0"
                    WIDTH="910.0"
                    HEIGHT="102.0"
                    WC="0.9882214367389679"></String>
          </TextLine>

          
          
          <TextLine ID="eSc_line_41988155"
                    TAGREFS="LT15937"
                    BASELINE="965 1342 1867 1355" 
                    HPOS="963.0"
                    VPOS="1311.0"
                    WIDTH="904.0"
                    HEIGHT="91.0">
            <Shape><Polygon POINTS="965 1342 963 1378 1046 1378 1058 1383 1081 1392 1083 1392 1085 1392 1086 1392 1113 1385 1129 1379 1137 1385 1152 1392 1153 1392 1155 1392 1187 1385 1217 1379 1224 1386 1231 1393 1231 1395 1232 1395 1234 1395 1236 1395 1276 1388 1310 1381 1347 1390 1368 1393 1370 1393 1371 1393 1373 1393 1378 1390 1389 1385 1396 1390 1400 1393 1400 1395 1401 1395 1403 1395 1405 1395 1428 1392 1466 1383 1475 1392 1479 1395 1479 1397 1480 1397 1482 1397 1484 1397 1486 1397 1502 1393 1512 1390 1517 1393 1526 1399 1528 1399 1530 1399 1531 1399 1574 1395 1605 1392 1619 1395 1633 1400 1635 1400 1637 1402 1864 1402 1867 1355 1867 1328 965 1311 965 1342"/></Shape>
	    <String CONTENT="בשגם הוא בשר והיו ימיו מאה"
                    HPOS="963.0"
                    VPOS="1311.0"
                    WIDTH="904.0"
                    HEIGHT="91.0"
                    WC="0.9489543506732354"></String>
          </TextLine>

          
          
          <TextLine ID="eSc_line_c1a28d17"
                    TAGREFS="LT15937"
                    BASELINE="963 1430 1869 1444" 
                    HPOS="962.0"
                    VPOS="1400.0"
                    WIDTH="907.0"
                    HEIGHT="95.0">
            <Shape><Polygon POINTS="963 1430 962 1481 1004 1483 1006 1483 1007 1483 1009 1483 1034 1467 1081 1481 1083 1481 1085 1481 1086 1481 1129 1469 1145 1480 1146 1480 1148 1480 1150 1480 1194 1471 1247 1487 1250 1487 1252 1487 1254 1487 1255 1487 1257 1487 1275 1471 1290 1483 1292 1483 1294 1483 1296 1483 1394 1473 1407 1483 1407 1485 1408 1485 1410 1485 1412 1485 1414 1485 1415 1485 1429 1474 1472 1474 1547 1490 1551 1490 1553 1490 1556 1490 1635 1476 1648 1488 1648 1490 1649 1490 1651 1490 1653 1490 1721 1478 1743 1494 1744 1494 1746 1494 1748 1495 1866 1495 1869 1444 1867 1413 1774 1420 1743 1411 1734 1409 1732 1409 1730 1409 1716 1411 1681 1418 1674 1411 1672 1411 1672 1409 1670 1409 1669 1409 1667 1409 1665 1409 1660 1411 1642 1418 1626 1411 1616 1406 1614 1406 1612 1406 1611 1406 1609 1406 1609 1407 1604 1411 1598 1416 1421 1416 1408 1409 1387 1402 1385 1402 1384 1402 1343 1409 1336 1411 1331 1409 1303 1400 1301 1400 1299 1400 1236 1409 1222 1411 1208 1409 1153 1400 1152 1400 963 1407 963 1430"/></Shape>
	    <String CONTENT="ועשרים שנה : הנפלים היו בארץ"
                    HPOS="962.0"
                    VPOS="1400.0"
                    WIDTH="907.0"
                    HEIGHT="95.0"
                    WC="0.9770276325720327"></String>
          </TextLine>

          
          
          <TextLine ID="eSc_line_051aae43"
                    TAGREFS="LT15937"
                    BASELINE="962 1522 1866 1536" 
                    HPOS="960.0"
                    VPOS="1488.0"
                    WIDTH="906.0"
                    HEIGHT="101.0">
            <Shape><Polygon POINTS="962 1522 960 1560 988 1567 990 1567 991 1567 1006 1562 1018 1557 1025 1562 1042 1574 1044 1574 1046 1574 1048 1574 1050 1574 1051 1574 1064 1562 1072 1557 1109 1564 1127 1566 1129 1566 1143 1564 1176 1559 1218 1564 1218 1566 1234 1578 1234 1580 1236 1580 1238 1580 1239 1582 1292 1582 1292 1580 1294 1580 1296 1580 1296 1578 1310 1567 1315 1562 1350 1562 1356 1567 1361 1571 1361 1573 1363 1573 1364 1573 1366 1573 1412 1567 1456 1564 1480 1569 1542 1585 1544 1585 1546 1585 1621 1573 1639 1587 1640 1587 1642 1587 1644 1587 1646 1587 1648 1587 1662 1578 1750 1589 1751 1589 1753 1589 1802 1574 1809 1573 1813 1574 1827 1582 1829 1582 1830 1582 1862 1574 1866 1536 1866 1508 1414 1492 1412 1492 1324 1499 1303 1501 1296 1499 1271 1490 1269 1490 1268 1490 1231 1499 1225 1499 1220 1499 1188 1488 1187 1488 1185 1488 1183 1488 1181 1488 1171 1497 1169 1497 962 1495 962 1522"/></Shape>
	    <String CONTENT="בימים ההם וגם אחרי כן אשר יבאו"
                    HPOS="960.0"
                    VPOS="1488.0"
                    WIDTH="906.0"
                    HEIGHT="101.0"
                    WC="0.9906791508197784"></String>
          </TextLine>

          
          
          <TextLine ID="eSc_line_95012240"
                    TAGREFS="LT15937"
                    BASELINE="958 1610 1864 1627" 
                    HPOS="956.0"
                    VPOS="1569.0"
                    WIDTH="908.0"
                    HEIGHT="107.0">
            <Shape><Polygon POINTS="958 1610 956 1647 1018 1661 1020 1661 1021 1661 1044 1650 1046 1650 1048 1650 1081 1662 1083 1662 1085 1662 1192 1655 1222 1654 1224 1657 1231 1664 1232 1664 1232 1666 1234 1666 1236 1666 1238 1666 1283 1659 1303 1655 1308 1659 1315 1664 1317 1664 1319 1664 1320 1664 1366 1661 1398 1659 1401 1662 1408 1668 1408 1669 1410 1669 1412 1669 1414 1669 1444 1664 1468 1659 1482 1664 1498 1671 1500 1671 1502 1671 1537 1666 1556 1664 1577 1668 1602 1673 1604 1673 1605 1673 1618 1669 1635 1662 1644 1669 1646 1671 1646 1673 1648 1673 1649 1673 1651 1673 1676 1671 1748 1664 1758 1673 1760 1673 1762 1673 1764 1673 1765 1673 1781 1666 1859 1676 1864 1627 1862 1606 1804 1596 1802 1596 1801 1596 1771 1603 1679 1582 1677 1582 1676 1582 1612 1599 1563 1589 1561 1589 1521 1597 1500 1580 1500 1578 1498 1578 1496 1578 1495 1578 1401 1594 1347 1580 1345 1580 1343 1580 1341 1580 1340 1580 1322 1592 1303 1583 1301 1583 1299 1583 1178 1589 1148 1578 1146 1578 1145 1578 1076 1587 1050 1569 1048 1569 1046 1569 979 1569 977 1569 976 1569 974 1569 958 1580 958 1610"/></Shape>
	    <String CONTENT="בני האלהים אל בנות האדם וילדו"
                    HPOS="956.0"
                    VPOS="1569.0"
                    WIDTH="908.0"
                    HEIGHT="107.0"
                    WC="0.9756792187690735"></String>
          </TextLine>

          
          
          <TextLine ID="eSc_line_dca16331"
                    TAGREFS="LT15937"
                    BASELINE="962 1699 1862 1713" 
                    HPOS="960.0"
                    VPOS="1668.0"
                    WIDTH="902.0"
                    HEIGHT="96.0">
            <Shape><Polygon POINTS="960 1747 1857 1764 1862 1713 1862 1689 1850 1680 1848 1680 1846 1680 1845 1680 1751 1689 1500 1685 1496 1682 1479 1675 1477 1675 1475 1675 1382 1680 1322 1682 1296 1676 1268 1671 1266 1671 1239 1675 1208 1680 1196 1673 1187 1669 1185 1669 1183 1669 1118 1671 993 1676 963 1668 962 1699 960 1747"/></Shape>
	    <String CONTENT="להם המה הגברים אשר מעולם"
                    HPOS="960.0"
                    VPOS="1668.0"
                    WIDTH="902.0"
                    HEIGHT="96.0"
                    WC="0.9849268371860186"></String>
          </TextLine>

          
          
          <TextLine ID="eSc_line_8943cf9a"
                    TAGREFS="LT15937"
                    BASELINE="1487 1803 1860 1805" 
                    HPOS="1486.0"
                    VPOS="1771.0"
                    WIDTH="374.0"
                    HEIGHT="83.0">
            <Shape><Polygon POINTS="1487 1803 1486 1833 1542 1847 1544 1847 1546 1847 1568 1836 1570 1836 1609 1854 1611 1854 1612 1854 1662 1845 1711 1850 1713 1850 1714 1850 1716 1850 1727 1843 1734 1838 1741 1843 1753 1854 1755 1854 1757 1854 1758 1854 1857 1847 1860 1805 1859 1780 1792 1771 1790 1771 1739 1780 1721 1784 1718 1780 1709 1773 1709 1771 1707 1771 1706 1771 1584 1771 1582 1771 1487 1782 1487 1803"/></Shape>
	    <String CONTENT="אנשי השם :"
                    HPOS="1486.0"
                    VPOS="1771.0"
                    WIDTH="374.0"
                    HEIGHT="83.0"
                    WC="0.9995727837085724"></String>
          </TextLine>

          
          
          <TextLine ID="eSc_line_33727741"
                    TAGREFS="LT15937"
                    BASELINE="960 1882 1867 1898" 
                    HPOS="958.0"
                    VPOS="1845.0"
                    WIDTH="909.0"
                    HEIGHT="102.0">
            <Shape><Polygon POINTS="960 1882 958 1930 1030 1921 1085 1933 1086 1933 1088 1933 1116 1923 1183 1923 1196 1935 1197 1935 1199 1935 1201 1935 1203 1935 1257 1924 1269 1935 1271 1935 1273 1935 1275 1935 1276 1935 1306 1926 1319 1937 1319 1938 1320 1938 1322 1938 1361 1940 1363 1940 1403 1938 1544 1930 1563 1940 1570 1944 1572 1944 1574 1944 1595 1940 1633 1935 1683 1942 1709 1945 1711 1945 1713 1945 1714 1945 1714 1944 1716 1942 1727 1933 1755 1944 1767 1947 1769 1947 1771 1947 1864 1944 1867 1898 1867 1870 1565 1856 1563 1856 1480 1859 1405 1861 1384 1856 1370 1852 1368 1852 1366 1852 1276 1852 1067 1856 960 1845 960 1882"/></Shape>
	    <String CONTENT="וירא יהוה כי רבה רעת האדם בארץ"
                    HPOS="958.0"
                    VPOS="1845.0"
                    WIDTH="909.0"
                    HEIGHT="102.0"
                    WC="0.969793307370153"></String>
          </TextLine>

          
          
          <TextLine ID="eSc_line_77a1a9d1"
                    TAGREFS="LT15937"
                    BASELINE="962 1970 1866 1984" 
                    HPOS="960.0"
                    VPOS="1935.0"
                    WIDTH="906.0"
                    HEIGHT="100.0">
            <Shape><Polygon POINTS="962 1970 960 2009 967 2016 967 2017 969 2017 970 2017 972 2017 1034 2014 1071 2024 1072 2024 1074 2024 1076 2024 1078 2024 1101 2009 1145 2024 1146 2024 1148 2024 1247 2012 1257 2010 1259 2012 1273 2024 1273 2026 1275 2026 1276 2026 1278 2026 1340 2014 1349 2012 1356 2014 1378 2023 1380 2023 1382 2023 1435 2016 1456 2014 1479 2017 1561 2031 1563 2031 1565 2031 1582 2023 1640 2031 1642 2031 1644 2031 1646 2031 1646 2030 1655 2021 1660 2017 1672 2023 1706 2033 1707 2033 1709 2033 1711 2033 1713 2033 1727 2024 1735 2017 1748 2024 1769 2035 1771 2035 1772 2035 1862 2026 1866 1984 1866 1961 1753 1947 1751 1947 1750 1947 1748 1947 1737 1956 1734 1958 1670 1954 1558 1949 1556 1949 1554 1949 1547 1951 1533 1956 1528 1951 1524 1947 1523 1947 1521 1947 1519 1947 1502 1949 1479 1954 1472 1949 1468 1945 1466 1945 1465 1945 1463 1945 1445 1949 1415 1954 1385 1947 1370 1942 1368 1942 1366 1942 1273 1944 1048 1947 1032 1937 1030 1937 1028 1937 962 1935 962 1970"/></Shape>
	    <String CONTENT="וכל יצר מחשבת לבו רק רע כל"
                    HPOS="960.0"
                    VPOS="1935.0"
                    WIDTH="906.0"
                    HEIGHT="100.0"
                    WC="0.9736202152875754"></String>
          </TextLine>

          
          
          <TextLine ID="eSc_line_e2496053"
                    TAGREFS="LT15937"
                    BASELINE="962 2061 1867 2074" 
                    HPOS="960.0"
                    VPOS="2037.0"
                    WIDTH="907.0"
                    HEIGHT="89.0">
            <Shape><Polygon POINTS="962 2054 962 2061 960 2104 962 2105 963 2105 963 2107 965 2107 967 2107 969 2107 970 2107 991 2098 1109 2098 1130 2114 1132 2114 1134 2114 1136 2114 1197 2104 1215 2118 1217 2118 1218 2118 1220 2118 1222 2118 1268 2104 1278 2102 1287 2105 1299 2111 1301 2111 1303 2111 1324 2107 1338 2104 1347 2107 1373 2119 1375 2119 1377 2119 1422 2116 1424 2116 1426 2116 1426 2114 1431 2111 1438 2105 1444 2111 1449 2114 1449 2116 1451 2116 1452 2116 1454 2116 1456 2116 1466 2112 1475 2109 1491 2112 1528 2121 1530 2121 1531 2121 1533 2121 1540 2114 1549 2109 1558 2114 1565 2121 1567 2121 1568 2121 1570 2121 1572 2121 1588 2116 1591 2114 1593 2116 1602 2123 1604 2123 1605 2123 1607 2123 1609 2123 1621 2118 1642 2107 1683 2107 1727 2121 1739 2125 1741 2125 1743 2126 1864 2126 1867 2074 1866 2042 1760 2049 1737 2040 1735 2040 1734 2040 1732 2040 1721 2040 1632 2047 1495 2039 1449 2037 965 2037 962 2054"/></Shape>
	    <String CONTENT="היום : וינחם יהוה כי עשה את"
                    HPOS="960.0"
                    VPOS="2037.0"
                    WIDTH="907.0"
                    HEIGHT="89.0"
                    WC="0.9808225012742556"></String>
          </TextLine>

          
          
          <TextLine ID="eSc_line_a32cc376"
                    TAGREFS="LT15937"
                    BASELINE="1069 2151 1867 2163" 
                    HPOS="1067.0"
                    VPOS="2116.0"
                    WIDTH="800.0"
                    HEIGHT="98.0">
            <Shape><Polygon POINTS="1069 2151 1067 2186 1194 2204 1196 2204 1250 2193 1257 2191 1264 2193 1301 2207 1303 2207 1305 2207 1377 2200 1412 2209 1414 2209 1415 2209 1468 2200 1495 2195 1503 2200 1519 2211 1521 2211 1523 2211 1524 2213 1553 2213 1553 2211 1554 2211 1556 2211 1556 2209 1563 2202 1570 2197 1628 2200 1632 2204 1639 2211 1639 2213 1640 2213 1642 2213 1644 2213 1728 2209 1730 2209 1732 2209 1734 2207 1746 2198 1758 2209 1765 2214 1767 2214 1769 2214 1771 2214 1864 2211 1867 2163 1867 2140 1435 2133 1356 2121 1354 2121 1352 2121 1315 2130 1183 2116 1181 2116 1180 2116 1178 2116 1178 2118 1167 2128 1069 2128 1069 2151"/></Shape>
	    <String CONTENT="האדם בארץ ויתעצב אל לבו :"
                    HPOS="1067.0"
                    VPOS="2116.0"
                    WIDTH="800.0"
                    HEIGHT="98.0"
                    WC="0.9860567624370257"></String>
          </TextLine>

          
          
          <TextLine ID="eSc_line_c7e787ab"
                    TAGREFS="LT15937"
                    BASELINE="958 2241 1867 2251" 
                    HPOS="956.0"
                    VPOS="2211.0"
                    WIDTH="911.0"
                    HEIGHT="91.0">
            <Shape><Polygon POINTS="958 2241 956 2274 995 2288 997 2288 999 2288 1071 2278 1078 2278 1083 2278 1123 2290 1125 2290 1127 2290 1129 2290 1148 2281 1150 2279 1152 2281 1171 2288 1173 2288 1174 2288 1213 2283 1231 2279 1236 2283 1245 2290 1247 2290 1248 2290 1250 2290 1306 2285 1350 2281 1361 2286 1370 2293 1371 2293 1373 2293 1375 2293 1401 2288 1408 2286 1410 2288 1422 2297 1424 2297 1426 2297 1428 2297 1429 2297 1431 2297 1442 2288 1447 2286 1451 2290 1459 2295 1459 2297 1461 2297 1463 2297 1465 2297 1528 2292 1551 2290 1554 2292 1560 2297 1560 2299 1561 2299 1563 2299 1565 2300 1663 2300 1663 2299 1665 2299 1667 2299 1667 2297 1669 2295 1681 2285 1709 2285 1723 2297 1727 2299 1727 2300 1728 2300 1730 2300 1732 2302 1864 2302 1867 2251 1867 2228 1827 2218 1825 2218 1823 2218 1262 2220 1238 2211 1236 2211 1234 2211 958 2216 958 2241"/></Shape>
	    <String CONTENT="ויאמר יהוה אמחה את האדם אשר"
                    HPOS="956.0"
                    VPOS="2211.0"
                    WIDTH="911.0"
                    HEIGHT="91.0"
                    WC="0.9875778710400617"></String>
          </TextLine>

          
          
          <TextLine ID="eSc_line_ad386536"
                    TAGREFS="LT15937"
                    BASELINE="956 2330 1866 2343" 
                    HPOS="955.0"
                    VPOS="2302.0"
                    WIDTH="911.0"
                    HEIGHT="95.0">
            <Shape><Polygon POINTS="956 2330 955 2371 986 2385 988 2385 990 2385 1060 2373 1064 2373 1079 2383 1081 2383 1083 2383 1085 2383 1086 2383 1104 2374 1106 2374 1268 2374 1303 2380 1391 2390 1392 2390 1394 2390 1408 2383 1419 2378 1465 2378 1544 2387 1604 2394 1605 2394 1633 2390 1662 2385 1686 2392 1697 2394 1699 2394 1700 2394 1702 2394 1704 2394 1706 2392 1720 2383 1758 2394 1767 2395 1769 2395 1771 2395 1772 2395 1776 2394 1799 2383 1811 2394 1811 2395 1813 2395 1815 2395 1816 2397 1862 2397 1866 2343 1866 2313 956 2302 956 2330"/></Shape>
	    <String CONTENT="בראתי מעל פני האדמה מאדם עד"
                    HPOS="955.0"
                    VPOS="2302.0"
                    WIDTH="911.0"
                    HEIGHT="95.0"
                    WC="0.9918756065545259"></String>
          </TextLine>

          
          
          <TextLine ID="eSc_line_e9dde72d"
                    TAGREFS="LT15937"
                    BASELINE="956 2422 1862 2434" 
                    HPOS="955.0"
                    VPOS="2392.0"
                    WIDTH="907.0"
                    HEIGHT="95.0">
            <Shape><Polygon POINTS="956 2422 955 2460 999 2471 1000 2471 1111 2466 1159 2464 1204 2467 1204 2469 1217 2480 1217 2481 1218 2481 1220 2481 1222 2483 1303 2483 1303 2481 1305 2481 1326 2473 1340 2466 1349 2473 1363 2483 1364 2483 1366 2483 1368 2483 1405 2481 1407 2481 1408 2481 1408 2480 1415 2474 1421 2469 1487 2469 1500 2478 1503 2480 1505 2480 1507 2480 1509 2480 1510 2480 1519 2478 1553 2469 1600 2471 1612 2480 1619 2487 1621 2487 1623 2487 1625 2487 1655 2481 1695 2474 1857 2487 1862 2434 1862 2402 956 2392 956 2422"/></Shape>
	    <String CONTENT="בהמה עד רמש ועד עוף השמים"
                    HPOS="955.0"
                    VPOS="2392.0"
                    WIDTH="907.0"
                    HEIGHT="95.0"
                    WC="0.9736840033531189"></String>
          </TextLine>

          
          
          <TextLine ID="eSc_line_05cff8fd"
                    TAGREFS="LT15937"
                    BASELINE="953 2511 1866 2522" 
                    HPOS="951.0"
                    VPOS="2483.0"
                    WIDTH="915.0"
                    HEIGHT="92.0">
            <Shape><Polygon POINTS="953 2511 951 2561 981 2552 1002 2561 1004 2561 1006 2561 1076 2552 1111 2562 1125 2568 1127 2568 1129 2568 1130 2568 1141 2562 1155 2557 1169 2562 1176 2566 1178 2566 1180 2566 1181 2566 1183 2566 1183 2564 1185 2562 1201 2550 1254 2550 1285 2550 1305 2564 1313 2569 1315 2569 1317 2569 1319 2569 1370 2564 1422 2557 1465 2564 1512 2571 1514 2571 1516 2571 1517 2571 1517 2569 1524 2564 1535 2554 1574 2564 1604 2571 1605 2571 1607 2571 1640 2564 1649 2562 1655 2564 1677 2573 1679 2573 1837 2575 1839 2575 1841 2575 1864 2564 1866 2522 1866 2499 1852 2490 1850 2490 1848 2490 1846 2490 1781 2501 1769 2492 1767 2492 1765 2492 1764 2492 1679 2497 1653 2489 1651 2489 1649 2489 1542 2497 1535 2497 1530 2497 1473 2487 1472 2487 1429 2496 1417 2497 1403 2496 1343 2485 1341 2485 1340 2485 1338 2485 1327 2494 1324 2496 1203 2496 1201 2492 1192 2485 1192 2483 1190 2483 1188 2483 1187 2483 953 2487 953 2511"/></Shape>
	    <String CONTENT="כי נחמתי כי עשיתם : ונח מצא"
                    HPOS="951.0"
                    VPOS="2483.0"
                    WIDTH="915.0"
                    HEIGHT="92.0"
                    WC="0.9740161681175232"></String>
          </TextLine>

          
          
          <TextLine ID="eSc_line_8b81c922"
                    TAGREFS="LT15937"
                    BASELINE="1201 2606 1857 2613" 
                    HPOS="1199.0"
                    VPOS="2583.0"
                    WIDTH="658.0"
                    HEIGHT="88.0">
            <Shape><Polygon POINTS="1201 2606 1199 2638 1454 2634 1472 2650 1472 2652 1473 2652 1475 2652 1477 2652 1479 2652 1489 2647 1500 2654 1509 2661 1510 2661 1512 2661 1514 2661 1554 2657 1558 2657 1575 2668 1577 2668 1579 2668 1581 2668 1621 2661 1653 2654 1672 2663 1688 2670 1690 2670 1692 2671 1853 2671 1857 2613 1855 2583 1201 2587 1201 2606"/></Shape>
	    <String CONTENT="חן בעיני יהוה"
                    HPOS="1199.0"
                    VPOS="2583.0"
                    WIDTH="658.0"
                    HEIGHT="88.0"
                    WC="0.9902145266532898"></String>
          </TextLine>

          
          
          <TextLine ID="eSc_line_21efb559"
                    TAGREFS="LT15937"
                    BASELINE="1160 2606 1173 2606" 
                    HPOS="1160.0"
                    VPOS="2583.0"
                    WIDTH="13.0"
                    HEIGHT="57.0">
            <Shape><Polygon POINTS="1160 2606 1160 2636 1169 2640 1173 2606 1169 2583 1160 2585 1160 2606"/></Shape>
	    <String CONTENT=""
                    HPOS="1160.0"
                    VPOS="2583.0"
                    WIDTH="13.0"
                    HEIGHT="57.0"></String>
          </TextLine>

          
          
          <TextLine ID="eSc_line_8e6cbbb0"
                    TAGREFS="LT15937"
                    BASELINE="1743 2738 1867 2742" 
                    HPOS="1741.0"
                    VPOS="2706.0"
                    WIDTH="126.0"
                    HEIGHT="76.0">
            <Shape><Polygon POINTS="1743 2738 1741 2764 1802 2782 1804 2782 1806 2782 1864 2780 1867 2742 1867 2719 1743 2706 1743 2738"/></Shape>
	    <String CONTENT=""
                    HPOS="1741.0"
                    VPOS="2706.0"
                    WIDTH="126.0"
                    HEIGHT="76.0"
                    WC="0.8642888307571411"></String>
          </TextLine>

          
          
          <TextLine ID="eSc_line_0224df6a"
                    TAGREFS="LT15937"
                    BASELINE="949 2779 1472 2786 1860 2801" 
                    HPOS="948.0"
                    VPOS="2740.0"
                    WIDTH="912.0"
                    HEIGHT="109.0">
            <Shape><Polygon POINTS="949 2779 948 2828 1030 2831 1032 2831 1034 2831 1035 2831 1035 2830 1042 2822 1060 2831 1062 2831 1217 2835 1218 2835 1220 2835 1252 2822 1282 2835 1283 2835 1285 2835 1287 2835 1326 2822 1364 2837 1366 2837 1368 2837 1426 2826 1452 2838 1454 2838 1456 2838 1458 2838 1498 2828 1554 2840 1556 2840 1558 2840 1582 2830 1612 2840 1614 2840 1616 2840 1669 2831 1737 2847 1743 2847 1744 2847 1746 2847 1748 2847 1781 2833 1855 2849 1860 2801 1860 2775 1706 2752 1704 2752 1702 2752 1665 2766 1628 2756 1626 2756 1625 2756 1623 2756 1621 2756 1621 2757 1611 2768 1598 2768 1577 2768 1575 2766 1551 2750 1549 2750 1547 2750 1477 2747 1392 2745 1391 2745 1389 2745 1363 2757 1292 2749 1290 2749 1289 2749 1287 2749 1287 2750 1278 2759 1276 2759 1264 2757 1169 2747 1167 2747 1129 2754 1111 2740 1109 2740 1108 2740 1106 2740 1104 2740 1102 2740 1083 2752 1076 2747 1076 2745 1074 2745 1072 2745 1071 2745 1069 2745 1067 2745 1060 2752 1057 2754 949 2750 949 2779"/></Shape>
	    <String CONTENT="לה תולדת נח נח איש"
                    HPOS="948.0"
                    VPOS="2740.0"
                    WIDTH="912.0"
                    HEIGHT="109.0"
                    WC="0.9621928698486752"></String>
          </TextLine>

          
          
          <TextLine ID="eSc_line_f9718250"
                    TAGREFS="LT15937"
                    BASELINE="949 2872 1867 2888" 
                    HPOS="948.0"
                    VPOS="2840.0"
                    WIDTH="919.0"
                    HEIGHT="104.0">
            <Shape><Polygon POINTS="949 2872 948 2928 983 2930 984 2930 986 2930 988 2930 988 2928 1021 2905 1037 2905 1065 2928 1067 2930 1069 2930 1071 2930 1072 2930 1113 2928 1116 2926 1118 2926 1120 2926 1137 2912 1155 2926 1159 2930 1160 2930 1162 2930 1164 2930 1201 2928 1203 2928 1208 2926 1254 2909 1287 2909 1303 2924 1303 2926 1305 2926 1306 2926 1308 2926 1310 2926 1313 2926 1359 2912 1400 2912 1410 2921 1410 2923 1412 2923 1414 2923 1415 2923 1417 2923 1435 2914 1465 2924 1477 2928 1479 2928 1480 2928 1503 2924 1540 2916 1551 2923 1568 2937 1570 2937 1572 2937 1574 2937 1575 2937 1618 2923 1639 2916 1649 2923 1681 2942 1683 2942 1684 2942 1686 2944 1760 2944 1760 2942 1762 2942 1764 2942 1788 2924 1829 2944 1830 2944 1832 2944 1834 2944 1836 2944 1866 2921 1867 2888 1867 2865 1744 2863 1743 2861 1709 2849 1707 2849 1706 2849 1655 2858 1531 2849 1530 2849 1447 2856 1438 2856 1436 2856 1426 2845 1424 2845 1422 2845 1421 2845 1298 2851 1262 2840 1261 2840 1187 2840 1185 2840 1183 2840 1181 2840 1166 2851 1162 2852 1143 2851 1074 2840 1072 2840 1071 2840 1069 2840 1058 2849 1055 2851 949 2847 949 2872"/></Shape>
	    <String CONTENT="צדיק תמים היה בדרתיו"
                    HPOS="948.0"
                    VPOS="2840.0"
                    WIDTH="919.0"
                    HEIGHT="104.0"
                    WC="0.9861026346683502"></String>
          </TextLine>

          
          
          <TextLine ID="eSc_line_dd91676d"
                    TAGREFS="LT15937"
                    BASELINE="951 2965 1866 2981" 
                    HPOS="949.0"
                    VPOS="2928.0"
                    WIDTH="917.0"
                    HEIGHT="107.0">
            <Shape><Polygon POINTS="951 2965 949 3005 983 3023 984 3023 986 3023 1021 3016 1064 3025 1065 3025 1067 3025 1095 3009 1097 3009 1101 3009 1164 3026 1166 3026 1167 3026 1169 3026 1210 3016 1252 3028 1254 3028 1255 3028 1363 3018 1398 3016 1405 3019 1421 3030 1422 3030 1424 3030 1426 3030 1428 3030 1445 3021 1451 3019 1487 3023 1558 3030 1560 3030 1581 3026 1621 3018 1684 3030 1699 3032 1700 3032 1702 3032 1704 3032 1704 3030 1716 3019 1760 3019 1860 3035 1866 2981 1866 2956 1665 2954 1644 2951 1537 2937 1535 2937 1486 2947 1475 2949 1459 2947 1391 2935 1389 2935 1340 2944 1331 2946 1319 2944 1255 2931 1254 2931 1252 2931 1211 2942 1208 2942 1206 2942 1185 2931 1183 2931 1181 2931 1129 2940 1111 2944 1079 2944 1076 2939 1069 2933 1069 2931 1067 2931 1065 2931 1064 2931 1062 2931 1041 2939 1032 2940 1025 2937 1006 2928 1004 2928 1002 2928 951 2935 951 2965"/></Shape>
	    <String CONTENT="את האלהים התהלך נח : ויולד"
                    HPOS="949.0"
                    VPOS="2928.0"
                    WIDTH="917.0"
                    HEIGHT="107.0"
                    WC="0.9992473796010017"></String>
          </TextLine>

          
        </TextBlock>
        
        <TextBlock HPOS="7.0"
                   VPOS="147.0"
                   WIDTH="911.0"
                   HEIGHT="2881.0"
                   ID="eSc_textblock_bdc25df2"
                   TAGREFS="BT8356">
          <Shape><Polygon POINTS="274 147 847 154 911 161 918 189 911 3007 875 3028 182 3028 21 3021 7 3000 7 175 274 147"/></Shape>
          
          
          <TextLine ID="eSc_line_ecf23178"
                    TAGREFS="LT15938"
                    BASELINE="5 188 912 181" 
                    HPOS="5.0"
                    VPOS="156.0"
                    WIDTH="907.0"
                    HEIGHT="74.0">
            <Shape><Polygon POINTS="900 159 882 158 867 156 133 159 126 161 109 163 91 165 73 166 56 168 38 170 21 172 7 172 5 188 5 230 911 230 912 181 909 163 900 159"/></Shape>
	    <String CONTENT="נח שלשה בנים את שם את חם ואת"
                    HPOS="5.0"
                    VPOS="156.0"
                    WIDTH="907.0"
                    HEIGHT="74.0"
                    WC="0.9819371019090924"></String>
          </TextLine>

          
          
          <TextLine ID="eSc_line_80f35e7b"
                    TAGREFS="LT15938"
                    BASELINE="5 279 914 272" 
                    HPOS="3.0"
                    VPOS="239.0"
                    WIDTH="911.0"
                    HEIGHT="89.0">
            <Shape><Polygon POINTS="5 279 5 319 216 328 218 328 219 328 239 318 244 316 272 318 385 326 386 326 388 326 390 326 390 325 399 316 401 316 409 316 513 325 515 325 517 325 518 325 518 323 527 314 529 314 598 314 606 321 606 323 608 323 610 323 612 323 654 314 664 323 666 323 668 323 670 323 671 323 692 314 696 312 698 312 722 323 724 323 726 323 728 323 747 312 763 323 765 323 766 323 768 323 828 314 879 323 881 323 882 323 914 311 914 272 911 249 661 249 652 247 619 240 617 240 615 240 601 247 598 249 594 247 571 239 569 239 568 239 566 239 538 247 525 251 504 247 462 240 460 240 406 247 364 253 350 247 332 240 330 240 258 240 256 240 255 240 240 247 226 256 149 256 140 247 137 244 137 242 135 242 133 242 131 242 96 247 51 253 3 247 5 279"/></Shape>
	    <String CONTENT="יפת : ותשחת הארץ לפני האלהים"
                    HPOS="3.0"
                    VPOS="239.0"
                    WIDTH="911.0"
                    HEIGHT="89.0"
                    WC="0.9979388426851343"></String>
          </TextLine>

          
          
          <TextLine ID="eSc_line_5f633d91"
                    TAGREFS="LT15938"
                    BASELINE="3 369 916 362" 
                    HPOS="3.0"
                    VPOS="328.0"
                    WIDTH="913.0"
                    HEIGHT="90.0">
            <Shape><Polygon POINTS="3 369 3 400 31 413 33 413 35 413 36 413 73 402 87 413 87 414 89 414 91 414 93 414 94 414 96 414 109 404 130 418 131 418 133 418 135 418 323 406 399 416 401 416 402 416 404 416 404 414 415 406 420 400 436 406 464 414 466 414 467 414 469 414 471 414 481 407 494 399 534 407 546 409 548 409 550 409 552 409 554 407 569 399 615 399 627 407 627 409 629 409 631 409 633 409 634 409 638 409 656 400 664 409 671 414 673 414 675 414 677 414 678 414 689 409 712 397 751 409 759 413 761 413 763 413 793 411 861 404 914 411 916 362 914 342 738 328 736 328 735 328 733 328 715 341 531 330 529 330 527 330 525 330 525 332 513 342 411 332 409 332 350 344 332 332 330 332 328 332 242 332 240 332 239 332 212 346 59 337 58 337 7 348 3 369"/></Shape>
	    <String CONTENT="ותמלא הארץ חמס : וירא"
                    HPOS="3.0"
                    VPOS="328.0"
                    WIDTH="913.0"
                    HEIGHT="90.0"
                    WC="0.9912516117095947"></String>
          </TextLine>

          
          
          <TextLine ID="eSc_line_0a799c9c"
                    TAGREFS="LT15938"
                    BASELINE="3 457 914 449" 
                    HPOS="3.0"
                    VPOS="418.0"
                    WIDTH="911.0"
                    HEIGHT="89.0">
            <Shape><Polygon POINTS="3 457 3 497 19 507 21 507 22 507 24 507 26 507 73 495 84 493 100 495 172 506 174 506 228 495 249 492 274 495 299 499 300 499 302 499 304 499 304 497 307 495 311 490 321 495 342 506 344 506 346 506 450 502 452 502 473 495 497 488 550 488 561 495 569 504 571 504 573 504 575 504 576 504 594 495 612 488 661 488 670 495 675 500 675 502 677 502 678 502 680 502 710 495 722 493 733 495 754 502 756 502 758 502 759 502 761 502 772 495 777 492 780 495 787 502 789 502 791 502 793 502 912 495 914 449 912 427 691 418 689 418 687 418 670 427 656 427 492 420 490 420 488 420 459 427 453 430 7 430 3 457"/></Shape>
	    <String CONTENT="אלהים את הארץ והנה נשחתה"
                    HPOS="3.0"
                    VPOS="418.0"
                    WIDTH="911.0"
                    HEIGHT="89.0"
                    WC="0.9958103050788244"></String>
          </TextLine>

          
          
          <TextLine ID="eSc_line_8e381b84"
                    TAGREFS="LT15938"
                    BASELINE="5 543 916 539" 
                    HPOS="5.0"
                    VPOS="504.0"
                    WIDTH="911.0"
                    HEIGHT="90.0">
            <Shape><Polygon POINTS="5 583 22 592 24 592 26 592 86 583 138 592 140 592 142 592 144 592 158 581 198 581 200 581 221 592 223 592 225 592 318 581 328 590 328 592 330 592 332 592 334 594 381 594 381 592 383 592 385 592 401 580 446 580 539 580 541 580 552 590 554 590 555 590 557 590 663 580 664 580 696 590 698 590 700 592 794 592 794 590 796 590 798 590 809 581 817 588 817 590 819 590 821 590 823 590 824 590 847 581 881 590 882 590 884 590 886 590 916 578 916 539 914 516 861 504 860 504 751 515 715 516 659 513 538 504 536 504 534 504 532 504 522 511 515 516 432 520 218 520 170 507 161 506 160 506 158 506 156 506 156 507 144 518 52 518 5 506 5 543 5 583"/></Shape>
	    <String CONTENT="כי השחית כל בשר את דרכו על"
                    HPOS="5.0"
                    VPOS="504.0"
                    WIDTH="911.0"
                    HEIGHT="90.0"
                    WC="0.9488958835601806"></String>
          </TextLine>

          
          
          <TextLine ID="eSc_line_47be7282"
                    TAGREFS="LT15938"
                    BASELINE="3 634 916 625" 
                    HPOS="3.0"
                    VPOS="594.0"
                    WIDTH="913.0"
                    HEIGHT="89.0">
            <Shape><Polygon POINTS="3 634 3 669 26 667 29 669 42 682 42 683 43 683 45 683 47 683 110 682 112 682 114 682 130 667 133 666 147 667 225 680 226 680 228 680 230 680 230 678 244 666 247 664 272 666 316 669 318 669 320 669 328 666 339 660 346 664 360 671 362 671 364 671 365 671 367 671 374 664 385 657 471 657 478 662 495 678 497 678 499 678 501 678 503 678 504 678 504 676 522 662 527 655 585 655 631 660 638 660 654 676 654 678 656 678 657 678 659 680 722 680 722 678 724 678 726 678 726 676 743 659 765 676 766 676 768 676 770 678 823 678 823 676 824 676 826 676 849 657 853 653 858 657 895 676 897 676 898 676 900 676 902 676 902 674 916 659 916 625 914 611 831 608 817 595 817 594 816 594 814 594 812 594 810 594 789 606 773 595 772 595 770 595 768 595 663 609 643 613 589 613 585 609 571 597 569 597 568 597 439 597 437 597 436 597 392 608 365 615 284 608 198 601 196 601 195 601 179 608 156 616 96 608 52 601 51 601 7 606 3 634"/></Shape>
	    <String CONTENT=""
                    HPOS="3.0"
                    VPOS="594.0"
                    WIDTH="913.0"
                    HEIGHT="89.0"
                    WC="0.998971913009882"></String>
          </TextLine>

          
          
          <TextLine ID="eSc_line_67a066b6"
                    TAGREFS="LT15938"
                    BASELINE="3 724 914 713" 
                    HPOS="3.0"
                    VPOS="676.0"
                    WIDTH="911.0"
                    HEIGHT="99.0">
            <Shape><Polygon POINTS="3 724 3 764 14 773 15 773 17 773 19 773 73 762 133 775 135 775 137 775 138 775 161 761 167 761 272 768 274 768 330 759 332 759 334 759 371 771 372 771 374 773 457 773 457 771 459 771 460 771 460 769 473 757 497 769 499 769 501 771 566 771 566 769 568 769 608 755 610 755 615 755 715 768 717 768 817 764 819 764 840 754 902 766 904 766 905 766 907 766 907 764 909 764 914 757 914 713 912 696 856 685 854 685 814 694 789 676 787 676 786 676 784 676 782 676 719 694 633 683 631 683 629 683 603 694 589 682 589 680 587 680 585 680 506 680 504 680 503 680 501 680 501 682 487 692 307 682 306 682 189 699 167 692 165 692 163 692 161 692 160 692 145 703 84 692 82 692 80 692 38 703 26 692 24 692 22 692 21 692 19 692 17 692 7 699 3 724"/></Shape>
	    <String CONTENT="אלהים לנח קץ כל בשר בא"
                    HPOS="3.0"
                    VPOS="676.0"
                    WIDTH="911.0"
                    HEIGHT="99.0"
                    WC="0.9774385264941624"></String>
          </TextLine>

          
          
          <TextLine ID="eSc_line_9a96e8d2"
                    TAGREFS="LT15938"
                    BASELINE="3 812 916 805" 
                    HPOS="3.0"
                    VPOS="766.0"
                    WIDTH="913.0"
                    HEIGHT="97.0">
            <Shape><Polygon POINTS="3 812 3 852 15 861 17 861 19 861 21 863 196 863 196 861 198 861 230 849 232 849 237 849 309 859 311 859 313 859 351 849 362 859 364 859 365 859 367 861 408 861 408 859 409 859 411 859 411 857 422 849 590 857 592 857 594 857 622 847 684 857 685 857 687 857 724 845 728 845 731 845 775 856 777 856 914 843 916 805 912 766 777 782 684 782 673 771 670 769 670 768 668 768 666 768 599 768 598 768 596 768 594 768 587 773 582 778 576 775 566 768 564 768 562 768 561 768 559 768 543 775 534 780 323 783 314 782 281 769 279 769 277 769 276 769 246 783 242 783 216 783 17 778 15 778 14 778 12 778 8 780 3 812"/></Shape>
	    <String CONTENT="לפני כי מלאה הארץ חמס מפניהם"
                    HPOS="3.0"
                    VPOS="766.0"
                    WIDTH="913.0"
                    HEIGHT="97.0"
                    WC="0.9778113280023847"></String>
          </TextLine>

          
          
          <TextLine ID="eSc_line_e99d9cd9"
                    TAGREFS="LT15938"
                    BASELINE="3 899 916 894" 
                    HPOS="3.0"
                    VPOS="863.0"
                    WIDTH="913.0"
                    HEIGHT="86.0">
            <Shape><Polygon POINTS="911 877 756 877 743 864 743 863 742 863 740 863 692 863 691 863 689 863 687 863 677 873 654 863 652 863 650 863 494 866 492 866 490 866 490 868 481 877 459 866 457 866 455 866 346 873 332 864 330 864 328 864 327 864 276 875 262 868 260 868 258 868 256 868 255 868 255 870 244 878 56 866 54 866 52 866 7 878 3 899 3 935 14 945 15 945 17 945 19 945 21 945 22 945 22 943 35 935 56 949 58 949 59 949 61 949 63 949 84 938 123 949 124 949 126 949 128 949 130 949 151 933 279 949 281 949 283 949 284 949 307 931 309 931 409 947 411 947 413 947 444 935 474 945 476 945 608 947 610 947 612 947 613 947 613 945 615 945 622 935 696 929 698 929 786 943 787 943 851 929 888 942 889 942 891 942 893 942 895 942 916 928 916 894 914 892 911 877"/></Shape>
	    <String CONTENT="והנני משחיתם את הארץ : עשה"
                    HPOS="3.0"
                    VPOS="863.0"
                    WIDTH="913.0"
                    HEIGHT="86.0"
                    WC="0.9638911008834838"></String>
          </TextLine>

          
          
          <TextLine ID="eSc_line_d54e9521"
                    TAGREFS="LT15938"
                    BASELINE="3 987 916 982" 
                    HPOS="3.0"
                    VPOS="949.0"
                    WIDTH="913.0"
                    HEIGHT="91.0">
            <Shape><Polygon POINTS="911 949 794 963 685 963 670 952 668 952 666 952 664 952 555 963 534 952 532 952 531 952 529 952 515 954 436 963 402 954 392 952 390 952 388 952 372 956 346 961 337 956 330 950 328 950 327 950 325 950 323 950 313 956 295 965 167 965 160 957 154 954 153 954 151 954 149 954 147 954 128 959 102 966 54 966 47 959 40 954 40 952 38 952 36 952 35 952 33 952 7 957 3 987 3 1031 102 1023 123 1030 144 1038 145 1038 147 1040 263 1040 263 1038 265 1038 267 1038 283 1028 291 1023 321 1028 341 1030 342 1030 344 1030 346 1030 350 1026 355 1021 371 1026 402 1037 404 1037 406 1037 408 1037 409 1037 409 1035 420 1026 425 1021 469 1021 474 1024 481 1031 481 1033 483 1033 485 1033 487 1033 550 1031 552 1031 554 1031 566 1023 569 1021 582 1023 638 1035 640 1035 641 1035 675 1021 680 1019 682 1021 689 1028 689 1030 691 1030 692 1030 694 1030 696 1030 715 1023 779 1031 780 1031 782 1031 784 1031 796 1023 875 1035 877 1035 879 1035 916 1017 916 982 912 950 911 949"/></Shape>
	    <String CONTENT="לך תבת עצי גפר קנים תעשה את"
                    HPOS="3.0"
                    VPOS="949.0"
                    WIDTH="913.0"
                    HEIGHT="91.0"
                    WC="0.9842432825653641"></String>
          </TextLine>

          
          
          <TextLine ID="eSc_line_bc89a383"
                    TAGREFS="LT15938"
                    BASELINE="5 1075 914 1075" 
                    HPOS="5.0"
                    VPOS="1040.0"
                    WIDTH="909.0"
                    HEIGHT="90.0">
            <Shape><Polygon POINTS="5 1075 5 1130 49 1130 49 1128 51 1128 52 1128 73 1112 198 1117 204 1124 207 1126 207 1128 209 1128 211 1128 212 1128 214 1128 221 1124 244 1112 302 1121 304 1121 418 1112 450 1119 480 1126 481 1126 483 1126 485 1126 497 1119 503 1116 508 1119 524 1126 525 1126 527 1126 529 1126 531 1126 539 1117 548 1112 589 1112 598 1117 612 1126 613 1126 615 1126 617 1126 705 1114 722 1112 726 1114 745 1128 747 1128 749 1128 751 1130 889 1130 889 1128 891 1128 893 1128 914 1112 914 1075 912 1040 772 1054 747 1045 745 1045 743 1045 742 1045 707 1056 631 1045 619 1044 617 1044 599 1045 524 1056 464 1047 441 1045 439 1045 437 1045 430 1049 422 1052 413 1049 388 1040 386 1040 385 1040 383 1040 360 1051 353 1052 344 1051 311 1040 309 1040 307 1040 306 1040 281 1051 277 1054 5 1056 5 1075"/></Shape>
	    <String CONTENT="התבה וכפרת אתה מבית ומחוץ"
                    HPOS="5.0"
                    VPOS="1040.0"
                    WIDTH="909.0"
                    HEIGHT="90.0"
                    WC="0.9997519326210021"></String>
          </TextLine>

          
          
          <TextLine ID="eSc_line_e3610f74"
                    TAGREFS="LT15938"
                    BASELINE="3 1165 914 1165" 
                    HPOS="3.0"
                    VPOS="1132.0"
                    WIDTH="911.0"
                    HEIGHT="84.0">
            <Shape><Polygon POINTS="3 1165 3 1198 52 1200 65 1212 65 1214 66 1214 68 1214 70 1214 72 1214 73 1214 87 1204 140 1214 142 1214 144 1214 145 1214 163 1200 325 1200 327 1200 367 1214 369 1214 371 1214 446 1200 453 1200 460 1200 534 1211 536 1211 594 1202 606 1212 606 1214 608 1214 610 1214 612 1216 754 1216 754 1214 756 1214 758 1214 766 1207 773 1212 773 1214 775 1214 777 1214 779 1216 893 1216 893 1214 895 1214 897 1214 914 1204 914 1165 914 1144 160 1132 158 1132 110 1142 100 1133 100 1132 98 1132 96 1132 54 1132 52 1132 7 1142 3 1165"/></Shape>
	    <String CONTENT="בכפר : וזה אשר תעשה אתה שלש"
                    HPOS="3.0"
                    VPOS="1132.0"
                    WIDTH="911.0"
                    HEIGHT="84.0"
                    WC="0.9677236767915579"></String>
          </TextLine>

          
          
          <TextLine ID="eSc_line_3cc2639a"
                    TAGREFS="LT15938"
                    BASELINE="5 1242 912 1253" 
                    HPOS="3.0"
                    VPOS="1223.0"
                    WIDTH="909.0"
                    HEIGHT="81.0">
            <Shape><Polygon POINTS="5 1242 3 1277 22 1288 24 1288 26 1288 304 1281 367 1295 369 1295 437 1283 453 1298 453 1300 455 1300 457 1300 459 1302 576 1302 576 1300 578 1300 608 1284 638 1284 654 1300 654 1302 656 1302 657 1302 659 1302 731 1293 828 1304 830 1304 831 1304 833 1304 844 1295 893 1300 895 1300 897 1300 898 1300 898 1298 911 1284 912 1253 912 1233 5 1223 5 1242"/></Shape>
	    <String CONTENT="מאות אמה ארך התבה חמשים"
                    HPOS="3.0"
                    VPOS="1223.0"
                    WIDTH="909.0"
                    HEIGHT="81.0"
                    WC="0.9882761732391689"></String>
          </TextLine>

          
          
          <TextLine ID="eSc_line_9a30a141"
                    TAGREFS="LT15938"
                    BASELINE="5 1346 914 1341" 
                    HPOS="3.0"
                    VPOS="1306.0"
                    WIDTH="911.0"
                    HEIGHT="94.0">
            <Shape><Polygon POINTS="5 1346 5 1386 168 1386 170 1386 182 1397 182 1399 184 1399 186 1399 188 1400 226 1400 226 1399 228 1399 230 1399 247 1386 255 1386 314 1397 316 1399 453 1399 453 1397 455 1397 457 1397 467 1388 473 1385 476 1388 487 1397 488 1397 490 1397 492 1397 536 1388 559 1385 576 1388 605 1397 606 1397 608 1397 610 1397 612 1397 612 1395 619 1390 624 1383 641 1390 661 1395 663 1395 664 1395 666 1395 684 1390 701 1383 710 1390 714 1393 715 1393 717 1393 719 1393 721 1393 722 1393 722 1392 726 1390 733 1383 759 1390 775 1393 777 1393 779 1393 780 1393 782 1393 786 1390 793 1385 798 1390 803 1393 803 1395 805 1395 807 1395 809 1395 914 1390 914 1341 911 1318 714 1318 712 1318 650 1306 649 1306 647 1306 596 1320 592 1320 583 1320 443 1307 441 1307 439 1307 413 1320 353 1307 351 1307 350 1307 327 1320 277 1313 276 1313 175 1321 142 1309 140 1309 138 1309 137 1309 135 1309 123 1318 61 1309 59 1309 58 1309 40 1318 21 1309 19 1309 17 1309 15 1309 14 1309 14 1311 3 1320 5 1346"/></Shape>
	    <String CONTENT="אמה רחבה ושלשים אמה קומתה :"
                    HPOS="3.0"
                    VPOS="1306.0"
                    WIDTH="911.0"
                    HEIGHT="94.0"
                    WC="0.9833927475489103"></String>
          </TextLine>

          
          
          <TextLine ID="eSc_line_9f418017"
                    TAGREFS="LT15938"
                    BASELINE="14 1437 912 1430" 
                    HPOS="12.0"
                    VPOS="1399.0"
                    WIDTH="900.0"
                    HEIGHT="86.0">
            <Shape><Polygon POINTS="14 1437 14 1471 38 1485 40 1485 42 1485 43 1485 45 1485 65 1469 66 1469 221 1481 223 1481 225 1481 255 1467 281 1483 283 1483 284 1483 286 1485 367 1485 367 1483 369 1483 371 1483 371 1481 383 1473 393 1481 393 1483 395 1483 397 1483 439 1485 441 1485 443 1485 504 1465 543 1483 545 1483 546 1483 548 1483 566 1474 582 1483 583 1483 585 1483 587 1483 610 1474 684 1483 685 1483 786 1469 803 1481 805 1481 807 1481 809 1483 872 1483 872 1481 874 1481 912 1462 912 1430 911 1411 640 1402 638 1402 585 1413 582 1413 580 1413 534 1399 532 1399 531 1399 360 1413 344 1400 342 1400 341 1400 247 1400 246 1400 244 1400 211 1416 207 1416 198 1416 135 1407 133 1407 12 1416 14 1437"/></Shape>
	    <String CONTENT="צהר תעשה לתבה ואל אמה"
                    HPOS="12.0"
                    VPOS="1399.0"
                    WIDTH="900.0"
                    HEIGHT="86.0"
                    WC="0.978029001326788"></String>
          </TextLine>

          
          
          <TextLine ID="eSc_line_943c7269"
                    TAGREFS="LT15938"
                    BASELINE="12 1522 912 1522" 
                    HPOS="12.0"
                    VPOS="1488.0"
                    WIDTH="900.0"
                    HEIGHT="86.0">
            <Shape><Polygon POINTS="12 1522 12 1557 117 1567 119 1567 209 1559 216 1559 218 1559 226 1567 226 1569 228 1569 230 1569 232 1569 233 1569 235 1569 247 1560 263 1573 265 1573 267 1573 269 1573 270 1573 291 1564 364 1573 365 1573 367 1573 393 1560 397 1559 409 1560 487 1573 488 1574 596 1574 596 1573 598 1573 599 1573 612 1564 671 1573 673 1573 675 1573 677 1573 677 1571 687 1562 691 1559 703 1562 751 1573 752 1573 912 1562 912 1522 912 1502 770 1488 768 1488 766 1488 745 1499 664 1490 663 1490 661 1490 638 1501 576 1488 575 1488 573 1488 534 1501 462 1488 460 1488 459 1488 434 1502 153 1502 144 1494 144 1492 142 1492 140 1492 138 1492 137 1492 116 1499 45 1488 43 1488 42 1488 12 1501 12 1522"/></Shape>
	    <String CONTENT="תכלנה מלמעלה ופתח התבה"
                    HPOS="12.0"
                    VPOS="1488.0"
                    WIDTH="900.0"
                    HEIGHT="86.0"
                    WC="0.9699990424242887"></String>
          </TextLine>

          
          
          <TextLine ID="eSc_line_3582ac8b"
                    TAGREFS="LT15938"
                    BASELINE="17 1606 902 1611" 
                    HPOS="15.0"
                    VPOS="1583.0"
                    WIDTH="887.0"
                    HEIGHT="76.0">
            <Shape><Polygon POINTS="17 1606 15 1643 116 1655 117 1655 256 1647 309 1657 311 1657 448 1648 626 1659 627 1659 671 1650 689 1659 691 1659 692 1659 694 1659 729 1650 731 1650 733 1650 810 1659 812 1659 898 1650 902 1611 898 1583 17 1583 17 1606"/></Shape>
	    <String CONTENT="בצדה תשים תחתים שנים"
                    HPOS="15.0"
                    VPOS="1583.0"
                    WIDTH="887.0"
                    HEIGHT="76.0"
                    WC="0.9792845594255548"></String>
          </TextLine>

          
          
          <TextLine ID="eSc_line_7ecdc023"
                    TAGREFS="LT15938"
                    BASELINE="12 1698 909 1701" 
                    HPOS="10.0"
                    VPOS="1668.0"
                    WIDTH="899.0"
                    HEIGHT="84.0">
            <Shape><Polygon POINTS="12 1698 10 1734 128 1745 130 1745 230 1740 269 1738 272 1740 284 1750 286 1750 288 1750 290 1750 425 1743 504 1740 520 1745 539 1752 541 1752 543 1752 638 1747 726 1743 780 1750 798 1752 800 1752 809 1750 856 1740 902 1752 909 1701 907 1682 816 1669 814 1669 476 1678 437 1668 436 1668 434 1668 432 1668 430 1668 418 1678 378 1668 376 1668 374 1668 372 1668 346 1678 346 1680 295 1680 295 1678 284 1669 284 1668 283 1668 281 1668 279 1668 12 1676 12 1698"/></Shape>
	    <String CONTENT="ושלשים תעשה : ואני הנני מביא"
                    HPOS="10.0"
                    VPOS="1668.0"
                    WIDTH="899.0"
                    HEIGHT="84.0"
                    WC="0.973105236336037"></String>
          </TextLine>

          
          
          <TextLine ID="eSc_line_19082cc7"
                    TAGREFS="LT15938"
                    BASELINE="14 1789 904 1792" 
                    HPOS="12.0"
                    VPOS="1756.0"
                    WIDTH="892.0"
                    HEIGHT="94.0">
            <Shape><Polygon POINTS="14 1789 12 1826 124 1828 156 1840 158 1840 160 1840 161 1840 181 1831 195 1842 196 1842 198 1842 200 1842 202 1842 204 1842 216 1835 230 1847 230 1849 232 1849 233 1849 235 1850 299 1850 299 1849 300 1849 350 1833 381 1849 383 1849 457 1850 459 1850 460 1850 497 1831 531 1845 532 1845 534 1845 613 1835 677 1847 678 1847 680 1847 717 1836 772 1850 773 1850 775 1850 900 1829 904 1792 902 1771 612 1757 610 1757 608 1757 606 1757 590 1768 583 1761 582 1761 580 1761 578 1761 504 1770 494 1770 488 1770 443 1756 441 1756 372 1756 371 1756 369 1756 367 1756 367 1757 353 1768 353 1770 263 1770 262 1768 216 1756 214 1756 179 1756 177 1756 175 1756 174 1756 174 1757 161 1768 153 1768 58 1759 56 1759 14 1766 14 1789"/></Shape>
	    <String CONTENT="את המבול מים על הארץ לשחת"
                    HPOS="12.0"
                    VPOS="1756.0"
                    WIDTH="892.0"
                    HEIGHT="94.0"
                    WC="0.9907228660583496"></String>
          </TextLine>

          
          
          <TextLine ID="eSc_line_d672b55a"
                    TAGREFS="LT15938"
                    BASELINE="8 1882 907 1882" 
                    HPOS="8.0"
                    VPOS="1849.0"
                    WIDTH="899.0"
                    HEIGHT="89.0">
            <Shape><Polygon POINTS="8 1882 8 1921 56 1921 72 1935 72 1937 73 1937 75 1937 77 1937 149 1926 219 1937 221 1937 223 1937 225 1937 246 1921 267 1937 269 1937 270 1937 272 1938 307 1938 307 1937 309 1937 311 1937 311 1935 325 1923 341 1937 342 1937 344 1937 346 1937 348 1937 350 1937 360 1928 420 1937 422 1937 423 1937 425 1937 444 1921 506 1933 508 1933 510 1933 557 1921 573 1935 575 1935 576 1935 578 1935 580 1935 612 1921 638 1935 640 1935 641 1935 643 1935 698 1921 796 1937 798 1937 800 1937 802 1937 802 1935 814 1924 821 1930 823 1930 824 1930 826 1930 907 1919 907 1882 907 1861 872 1849 870 1849 868 1849 751 1859 712 1849 710 1849 708 1849 640 1861 351 1852 350 1852 293 1861 274 1849 272 1849 270 1849 269 1849 267 1849 237 1863 149 1863 56 1849 54 1849 52 1849 8 1861 8 1882"/></Shape>
	    <String CONTENT="כל בשר אשר בו רוח חיים מתחת"
                    HPOS="8.0"
                    VPOS="1849.0"
                    WIDTH="899.0"
                    HEIGHT="89.0"
                    WC="0.9986981065184982"></String>
          </TextLine>

          
          
          <TextLine ID="eSc_line_68aba7f4"
                    TAGREFS="LT15938"
                    BASELINE="7 1972 907 1968" 
                    HPOS="7.0"
                    VPOS="1940.0"
                    WIDTH="900.0"
                    HEIGHT="86.0">
            <Shape><Polygon POINTS="7 1972 7 2010 40 2026 42 2026 43 2026 45 2026 80 2010 82 2010 126 2026 128 2026 130 2026 131 2026 133 2026 145 2016 205 2026 207 2026 209 2026 211 2026 211 2024 225 2012 249 2026 251 2026 253 2026 255 2026 256 2026 286 2017 344 2026 346 2026 348 2026 350 2026 350 2024 364 2012 399 2019 401 2019 476 2009 480 2009 483 2009 543 2019 545 2019 546 2019 589 2009 603 2019 603 2021 605 2021 606 2021 608 2021 743 2016 877 2024 879 2024 881 2024 882 2024 907 2007 907 1968 905 1952 536 1940 534 1940 532 1940 531 1940 517 1951 448 1942 446 1942 219 1952 198 1942 196 1942 195 1942 193 1942 165 1952 130 1942 128 1942 126 1942 124 1942 123 1942 110 1954 47 1954 35 1942 33 1942 31 1942 29 1942 28 1942 10 1951 7 1972"/></Shape>
	    <String CONTENT="השמים כל אשר בארץ יגוע :"
                    HPOS="7.0"
                    VPOS="1940.0"
                    WIDTH="900.0"
                    HEIGHT="86.0"
                    WC="0.9918352287748585"></String>
          </TextLine>

          
          
          <TextLine ID="eSc_line_1fbca335"
                    TAGREFS="LT15938"
                    BASELINE="3 2067 907 2058" 
                    HPOS="3.0"
                    VPOS="2031.0"
                    WIDTH="904.0"
                    HEIGHT="90.0">
            <Shape><Polygon POINTS="3 2067 3 2109 86 2105 103 2109 167 2121 168 2121 170 2121 196 2107 214 2119 216 2119 218 2119 219 2119 221 2119 251 2107 274 2119 276 2119 277 2121 357 2121 357 2119 358 2119 360 2119 381 2104 385 2102 515 2102 536 2118 538 2118 539 2118 541 2118 543 2118 582 2102 641 2111 643 2111 691 2102 707 2114 707 2116 708 2116 710 2116 712 2116 714 2116 715 2116 731 2105 867 2114 868 2114 870 2114 907 2095 907 2058 905 2039 390 2031 388 2031 386 2031 353 2044 244 2044 195 2033 193 2033 191 2033 189 2033 172 2044 28 2037 26 2037 24 2037 7 2044 3 2067"/></Shape>
	    <String CONTENT="והקמתי את בריתי אתך ובאת אל"
                    HPOS="3.0"
                    VPOS="2031.0"
                    WIDTH="904.0"
                    HEIGHT="90.0"
                    WC="0.9822418645576194"></String>
          </TextLine>

          
          
          <TextLine ID="eSc_line_50e92538"
                    TAGREFS="LT15938"
                    BASELINE="5 2156 904 2151" 
                    HPOS="3.0"
                    VPOS="2121.0"
                    WIDTH="901.0"
                    HEIGHT="90.0">
            <Shape><Polygon POINTS="5 2156 5 2195 86 2206 87 2206 89 2206 116 2197 117 2195 119 2197 131 2207 131 2209 133 2209 135 2209 137 2211 165 2211 165 2209 167 2209 168 2209 168 2207 179 2198 195 2207 196 2207 198 2207 200 2207 274 2197 302 2193 316 2197 341 2206 342 2206 344 2206 346 2206 369 2197 371 2197 383 2207 385 2207 386 2207 388 2209 513 2209 513 2207 564 2198 603 2191 641 2198 656 2200 657 2200 670 2198 694 2193 705 2198 717 2206 719 2206 721 2206 722 2206 724 2206 731 2198 740 2193 747 2198 751 2202 752 2202 754 2202 756 2202 902 2198 904 2151 902 2128 374 2121 372 2121 350 2125 299 2132 130 2123 116 2123 114 2123 112 2123 110 2123 110 2125 103 2132 87 2123 86 2123 84 2123 82 2123 63 2132 3 2123 5 2156"/></Shape>
	    <String CONTENT="התבה אתה ובניך ואשתך ונשי"
                    HPOS="3.0"
                    VPOS="2121.0"
                    WIDTH="901.0"
                    HEIGHT="90.0"
                    WC="0.9947936081886292"></String>
          </TextLine>

          
          
          <TextLine ID="eSc_line_962122cf"
                    TAGREFS="LT15938"
                    BASELINE="5 2244 904 2239" 
                    HPOS="3.0"
                    VPOS="2204.0"
                    WIDTH="901.0"
                    HEIGHT="95.0">
            <Shape><Polygon POINTS="5 2244 5 2286 237 2299 239 2299 240 2299 263 2286 283 2299 284 2299 286 2299 288 2299 290 2299 291 2299 291 2297 304 2285 306 2285 311 2285 376 2297 378 2297 379 2297 381 2297 381 2295 393 2285 395 2285 399 2285 455 2295 457 2295 571 2285 598 2297 599 2297 601 2297 603 2297 633 2283 636 2283 650 2283 777 2295 779 2295 902 2281 904 2239 902 2220 782 2211 780 2211 708 2216 671 2220 664 2216 638 2204 636 2204 634 2204 633 2204 601 2214 590 2207 589 2207 587 2207 585 2207 583 2207 582 2207 571 2216 566 2220 559 2216 546 2206 545 2206 543 2206 541 2206 499 2214 478 2220 471 2214 460 2206 459 2206 457 2206 360 2206 358 2206 357 2206 355 2206 355 2207 348 2213 342 2218 265 2214 263 2214 262 2214 260 2214 260 2216 251 2225 174 2225 161 2211 158 2209 158 2207 156 2207 154 2207 153 2207 151 2207 138 2211 114 2220 3 2211 5 2244"/></Shape>
	    <String CONTENT="בניך אתך : ומכל החי מכל בשר"
                    HPOS="3.0"
                    VPOS="2204.0"
                    WIDTH="901.0"
                    HEIGHT="95.0"
                    WC="0.9812492772384926"></String>
          </TextLine>

          
          
          <TextLine ID="eSc_line_db4070cc"
                    TAGREFS="LT15938"
                    BASELINE="5 2332 904 2332" 
                    HPOS="5.0"
                    VPOS="2299.0"
                    WIDTH="899.0"
                    HEIGHT="91.0">
            <Shape><Polygon POINTS="5 2332 5 2380 151 2388 153 2388 154 2388 177 2380 184 2376 186 2380 195 2387 195 2388 196 2388 198 2388 200 2390 281 2390 281 2388 283 2388 302 2378 304 2378 311 2378 360 2387 362 2387 364 2387 365 2387 365 2385 372 2378 376 2376 401 2378 476 2385 478 2385 480 2385 506 2378 513 2376 531 2378 636 2388 638 2388 735 2376 740 2376 745 2376 823 2388 824 2388 904 2374 904 2332 904 2313 610 2299 608 2299 504 2306 441 2311 411 2306 379 2299 378 2299 376 2299 374 2299 367 2304 357 2313 167 2313 142 2302 133 2299 131 2299 130 2299 128 2299 126 2299 126 2300 124 2300 114 2313 75 2313 5 2300 5 2332"/></Shape>
	    <String CONTENT="שנים מכל תביא אל התבה להחית"
                    HPOS="5.0"
                    VPOS="2299.0"
                    WIDTH="899.0"
                    HEIGHT="91.0"
                    WC="0.9974687364366319"></String>
          </TextLine>

          
          
          <TextLine ID="eSc_line_f046caa5"
                    TAGREFS="LT15938"
                    BASELINE="3 2425 900 2422" 
                    HPOS="3.0"
                    VPOS="2392.0"
                    WIDTH="897.0"
                    HEIGHT="91.0">
            <Shape><Polygon POINTS="3 2425 3 2476 140 2480 142 2480 144 2480 163 2474 204 2462 218 2473 221 2476 221 2478 223 2478 225 2478 226 2478 228 2478 239 2473 253 2466 262 2473 272 2481 274 2481 276 2481 277 2483 335 2483 335 2481 337 2481 339 2481 339 2480 348 2471 358 2462 425 2462 450 2469 481 2480 483 2480 485 2481 543 2481 543 2480 545 2480 546 2480 546 2478 559 2467 564 2462 619 2460 629 2466 641 2476 643 2476 645 2476 647 2476 691 2469 745 2480 747 2480 749 2480 751 2480 751 2478 765 2464 766 2464 793 2471 794 2471 796 2471 844 2462 851 2462 853 2462 875 2474 877 2474 879 2474 881 2474 882 2474 900 2462 900 2422 898 2406 663 2392 661 2392 369 2394 367 2394 348 2401 334 2406 313 2401 291 2395 290 2395 288 2395 286 2395 272 2401 255 2406 7 2399 3 2425"/></Shape>
	    <String CONTENT="אתך זכר ונקבה יהיו : מהעוף"
                    HPOS="3.0"
                    VPOS="2392.0"
                    WIDTH="897.0"
                    HEIGHT="91.0"
                    WC="0.9895989584922791"></String>
          </TextLine>

          
          
          <TextLine ID="eSc_line_97709dd2"
                    TAGREFS="LT15938"
                    BASELINE="3 2513 904 2510" 
                    HPOS="3.0"
                    VPOS="2480.0"
                    WIDTH="901.0"
                    HEIGHT="91.0">
            <Shape><Polygon POINTS="3 2513 3 2550 61 2568 63 2568 65 2568 175 2552 214 2569 216 2569 218 2571 293 2571 293 2569 295 2569 297 2569 321 2554 341 2568 342 2568 344 2568 413 2569 415 2569 416 2569 418 2569 443 2554 455 2564 455 2566 457 2566 459 2566 460 2566 462 2566 464 2566 478 2557 587 2568 589 2568 649 2555 663 2568 664 2568 666 2568 668 2568 670 2568 671 2568 698 2550 847 2568 849 2568 851 2568 904 2547 904 2510 902 2490 867 2480 865 2480 821 2480 819 2480 817 2480 816 2480 816 2481 805 2490 430 2481 429 2481 427 2481 404 2492 279 2481 277 2481 276 2481 274 2481 274 2483 263 2492 186 2483 184 2483 94 2492 84 2483 84 2481 82 2481 80 2481 24 2481 22 2481 21 2481 19 2481 7 2489 3 2513"/></Shape>
	    <String CONTENT=""
                    HPOS="3.0"
                    VPOS="2480.0"
                    WIDTH="901.0"
                    HEIGHT="91.0"
                    WC="0.9726197742498838"></String>
          </TextLine>

          
          
          <TextLine ID="eSc_line_bda9c649"
                    TAGREFS="LT15938"
                    BASELINE="5 2601 900 2605" 
                    HPOS="3.0"
                    VPOS="2566.0"
                    WIDTH="897.0"
                    HEIGHT="90.0">
            <Shape><Polygon POINTS="5 2601 3 2640 61 2654 63 2654 260 2652 262 2652 279 2643 295 2654 297 2654 299 2654 300 2654 562 2645 606 2656 608 2656 610 2656 703 2647 712 2654 712 2656 714 2656 715 2656 717 2656 777 2645 831 2656 833 2656 897 2643 900 2605 898 2585 798 2573 796 2573 680 2583 673 2583 649 2571 647 2571 645 2571 596 2582 554 2573 552 2573 503 2578 453 2566 452 2566 300 2566 299 2566 297 2566 295 2566 270 2582 269 2583 138 2583 137 2582 116 2573 114 2573 112 2573 110 2573 93 2582 91 2582 5 2582 5 2601"/></Shape>
	    <String CONTENT="רמש האדמה למינהו שנים מכל"
                    HPOS="3.0"
                    VPOS="2566.0"
                    WIDTH="897.0"
                    HEIGHT="90.0"
                    WC="0.9953476214408874"></String>
          </TextLine>

          
          
          <TextLine ID="eSc_line_e1d9c9c7"
                    TAGREFS="LT15938"
                    BASELINE="5 2692 895 2692" 
                    HPOS="5.0"
                    VPOS="2664.0"
                    WIDTH="890.0"
                    HEIGHT="88.0">
            <Shape><Polygon POINTS="5 2692 5 2752 45 2752 45 2750 47 2750 49 2750 49 2749 65 2733 86 2745 87 2745 89 2745 91 2745 93 2745 110 2733 151 2733 181 2750 182 2750 184 2750 186 2750 188 2750 189 2750 189 2749 211 2733 246 2733 267 2747 269 2747 270 2747 272 2749 332 2749 332 2747 334 2747 335 2747 355 2733 381 2747 386 2750 388 2750 390 2750 392 2750 399 2747 416 2740 513 2747 582 2750 583 2750 585 2750 587 2750 587 2749 592 2745 603 2735 627 2745 640 2750 641 2750 643 2750 714 2745 802 2736 814 2743 819 2747 821 2747 823 2747 824 2747 895 2742 895 2692 895 2668 5 2664 5 2692"/></Shape>
	    <String CONTENT="יבאו אליך להחיות : ואתה קח"
                    HPOS="5.0"
                    VPOS="2664.0"
                    WIDTH="890.0"
                    HEIGHT="88.0"
                    WC="0.9727321540315946"></String>
          </TextLine>

          
          
          <TextLine ID="eSc_line_de5bcb6c"
                    TAGREFS="LT15938"
                    BASELINE="8 2784 902 2779" 
                    HPOS="7.0"
                    VPOS="2747.0"
                    WIDTH="895.0"
                    HEIGHT="97.0">
            <Shape><Polygon POINTS="8 2784 8 2826 112 2840 114 2840 116 2840 151 2826 177 2842 179 2842 181 2842 182 2844 267 2844 267 2842 339 2824 344 2824 448 2824 453 2824 536 2840 538 2840 539 2840 582 2830 756 2838 758 2838 759 2838 794 2824 809 2837 809 2838 810 2838 812 2838 814 2840 851 2840 851 2838 853 2838 854 2838 854 2837 870 2822 900 2822 902 2779 898 2761 874 2761 872 2761 858 2749 858 2747 856 2747 854 2747 853 2747 765 2761 759 2761 758 2761 740 2747 738 2747 736 2747 649 2747 647 2747 645 2747 601 2761 599 2761 583 2750 582 2750 580 2750 578 2750 576 2750 557 2759 494 2749 492 2749 490 2749 488 2749 469 2761 422 2749 420 2749 418 2749 416 2749 415 2749 397 2761 397 2763 395 2761 388 2756 386 2756 385 2756 383 2756 318 2761 281 2764 274 2761 249 2750 247 2750 246 2750 244 2750 202 2761 188 2764 52 2764 49 2763 36 2754 35 2754 33 2754 31 2754 29 2754 7 2761 8 2784"/></Shape>
	    <String CONTENT="לך מכל מאכל אשר יאכל ואספת"
                    HPOS="7.0"
                    VPOS="2747.0"
                    WIDTH="895.0"
                    HEIGHT="97.0"
                    WC="0.9672251091553614"></String>
          </TextLine>

          
          
          <TextLine ID="eSc_line_2407b1f6"
                    TAGREFS="LT15938"
                    BASELINE="26 2879 900 2873" 
                    HPOS="24.0"
                    VPOS="2837.0"
                    WIDTH="876.0"
                    HEIGHT="100.0">
            <Shape><Polygon POINTS="26 2879 26 2919 191 2933 193 2933 195 2933 223 2921 290 2931 291 2931 293 2931 295 2931 313 2919 314 2917 316 2919 325 2926 327 2926 328 2926 436 2930 437 2930 439 2930 473 2919 474 2919 518 2935 520 2935 522 2937 606 2937 606 2935 608 2935 668 2919 680 2916 685 2919 708 2933 710 2933 712 2933 714 2933 860 2930 861 2930 863 2930 877 2917 881 2916 897 2917 900 2873 897 2851 826 2851 824 2851 812 2838 812 2837 810 2837 809 2837 782 2837 780 2837 779 2837 777 2837 761 2851 742 2840 740 2840 738 2840 736 2840 708 2851 703 2851 700 2851 673 2842 671 2842 670 2842 617 2851 598 2852 594 2851 578 2838 576 2838 575 2838 573 2838 522 2851 510 2852 504 2851 487 2838 485 2838 483 2838 452 2838 450 2838 448 2838 446 2838 446 2840 436 2851 434 2852 314 2852 313 2851 300 2840 299 2840 297 2840 295 2840 293 2840 265 2851 251 2856 181 2856 174 2851 161 2840 160 2840 158 2840 156 2840 24 2849 26 2879"/></Shape>
	    <String CONTENT="אליך והיה לך ולהם לאכלה"
                    HPOS="24.0"
                    VPOS="2837.0"
                    WIDTH="876.0"
                    HEIGHT="100.0"
                    WC="0.9897805478261865"></String>
          </TextLine>

          
          
          <TextLine ID="eSc_line_aeaf1e3a"
                    TAGREFS="LT15938"
                    BASELINE="14 2968 904 2965" 
                    HPOS="12.0"
                    VPOS="2931.0"
                    WIDTH="892.0"
                    HEIGHT="94.0">
            <Shape><Polygon POINTS="14 2968 14 3012 193 3025 195 3025 378 3023 379 3023 401 3012 404 3012 409 3012 444 3021 446 3021 448 3021 473 3012 481 3011 490 3012 524 3023 525 3023 527 3023 606 3012 617 3012 624 3012 666 3021 668 3021 670 3021 671 3021 680 3012 682 3012 691 3021 691 3023 692 3023 694 3023 696 3025 868 3025 868 3023 870 3023 904 3012 904 2965 900 2947 707 2947 689 2944 647 2931 645 2931 545 2931 543 2931 501 2940 483 2944 464 2940 459 2939 457 2939 455 2939 453 2939 452 2939 452 2940 450 2940 443 2951 313 2951 299 2937 297 2937 297 2935 295 2935 293 2935 291 2935 290 2935 286 2937 267 2946 249 2939 247 2939 246 2939 144 2949 119 2933 117 2933 116 2933 12 2933 14 2968"/></Shape>
	    <String CONTENT=": ויעש נח ככל אשר צוה אתו אלהים"
                    HPOS="12.0"
                    VPOS="2931.0"
                    WIDTH="892.0"
                    HEIGHT="94.0"
                    WC="0.9830418910299029"></String>
          </TextLine>

          
        </TextBlock>
        

        
      </PrintSpace>
    </Page>
  </Layout>
</alto>
