<?xml version="1.0" encoding="UTF-8"?>
<alto xmlns:xsi="http://www.w3.org/2001/XMLSchema-instance"
      xmlns="http://www.loc.gov/standards/alto/ns-v4#"
      xsi:schemaLocation="http://www.loc.gov/standards/alto/ns-v4# http://www.loc.gov/standards/alto/v4/alto-4-2.xsd">
  <Description>
    <MeasurementUnit>pixel</MeasurementUnit>
    <sourceImageInformation>
      <fileName>IE36628376_00046.jpg</fileName>
      <fileIdentifier>mets//export_doc4518_2col_01_copy_alto_202406140443.zip/IE36628376_00046.jpg</fileIdentifier>
    </sourceImageInformation>
  </Description>
  
  <Tags>
    <OtherTag ID="BT8356" LABEL="MainLeft" DESCRIPTION="block type MainLeft"/><OtherTag ID="BT8355" LABEL="MainRight" DESCRIPTION="block type MainRight"/><OtherTag ID="BT6914" LABEL="Handwritten" DESCRIPTION="block type Handwritten"/><OtherTag ID="BT6913" LABEL="RunningHeader" DESCRIPTION="block type RunningHeader"/><OtherTag ID="BT6912" LABEL="Catchword" DESCRIPTION="block type Catchword"/><OtherTag ID="BT6911" LABEL="Margin" DESCRIPTION="block type Margin"/><OtherTag ID="BT6910" LABEL="FooterCentral" DESCRIPTION="block type FooterCentral"/><OtherTag ID="BT6909" LABEL="MainCentral" DESCRIPTION="block type MainCentral"/><OtherTag ID="BT6908" LABEL="Header" DESCRIPTION="block type Header"/><OtherTag ID="BT4" LABEL="Illustration" DESCRIPTION="block type Illustration"/><OtherTag ID="BT3" LABEL="Commentary" DESCRIPTION="block type Commentary"/><OtherTag ID="BT2" LABEL="Main" DESCRIPTION="block type Main"/><OtherTag ID="BT1" LABEL="Title" DESCRIPTION="block type Title"/>
    <OtherTag ID="LT15938" LABEL="MainLeft" DESCRIPTION="line type MainLeft"/><OtherTag ID="LT15937" LABEL="MainRight" DESCRIPTION="line type MainRight"/><OtherTag ID="LT15289" LABEL="Handwritten" DESCRIPTION="line type Handwritten"/><OtherTag ID="LT15288" LABEL="MainCentral" DESCRIPTION="line type MainCentral"/><OtherTag ID="LT15287" LABEL="NotMain" DESCRIPTION="line type NotMain"/>
  </Tags>
  
  <Layout>
    <Page WIDTH="2212"
          HEIGHT="2849"
          PHYSICAL_IMG_NR="67"
          ID="eSc_dummypage_">
      <PrintSpace HPOS="0"
                  VPOS="0"
                  WIDTH="2212"
                  HEIGHT="2849">
        
        <TextBlock HPOS="88.0"
                   VPOS="94.0"
                   WIDTH="1731.0"
                   HEIGHT="352.0"
                   ID="eSc_textblock_897f7817"
                   TAGREFS="BT6909">
          <Shape><Polygon POINTS="88 446 88 94 1803 94 1819 404"/></Shape>
          
          
          <TextLine ID="eSc_line_75afbcb0"
                    TAGREFS="LT15288"
                    BASELINE="120 166 1771 134" 
                    HPOS="118.0"
                    VPOS="85.0"
                    WIDTH="1652.0"
                    HEIGHT="135.0">
            <Shape><Polygon POINTS="118 206 242 220 244 220 247 220 287 208 399 216 401 216 403 216 432 204 437 201 441 204 472 216 475 216 477 216 479 216 529 201 536 201 544 201 620 213 622 213 800 199 888 192 978 197 1130 204 1133 204 1135 204 1138 204 1149 194 1157 187 1187 194 1225 201 1228 201 1230 201 1256 192 1273 187 1316 192 1382 199 1385 199 1387 199 1389 199 1401 189 1416 182 1765 185 1770 132 1762 87 1727 99 1665 87 1641 85 1639 85 1563 90 1354 106 1292 94 1275 92 1273 92 1166 94 1164 94 1161 94 1159 97 1142 109 1071 99 1054 97 1052 97 1050 97 1043 99 990 113 898 102 876 99 874 99 871 99 864 102 829 116 791 104 784 102 781 102 779 102 755 104 617 121 415 109 384 109 382 109 361 111 211 130 142 130 123 113 118 163 118 206"/></Shape>
	    <String CONTENT=""
                    HPOS="118.0"
                    VPOS="85.0"
                    WIDTH="1652.0"
                    HEIGHT="135.0"
                    WC="0.9344735984291349"></String>
          </TextLine>

          
          
          <TextLine ID="eSc_line_5e427187"
                    TAGREFS="LT15288"
                    BASELINE="114 235 134 235 1776 199" 
                    HPOS="109.0"
                    VPOS="173.0"
                    WIDTH="1665.0"
                    HEIGHT="104.0">
            <Shape><Polygon POINTS="111 232 111 277 1772 249 1774 197 1770 173 109 206 111 232"/></Shape>
	    <String CONTENT=""
                    HPOS="109.0"
                    VPOS="173.0"
                    WIDTH="1665.0"
                    HEIGHT="104.0"
                    WC="0.9733211784200235"></String>
          </TextLine>

          
          
          <TextLine ID="eSc_line_67768c0d"
                    TAGREFS="LT15288"
                    BASELINE="137 302 1782 267" 
                    HPOS="133.0"
                    VPOS="235.0"
                    WIDTH="1648.0"
                    HEIGHT="118.0">
            <Shape><Polygon POINTS="135 301 135 353 681 346 762 337 814 332 845 334 898 341 900 341 1012 330 1052 327 1090 327 1209 334 1211 334 1413 320 1449 318 1463 318 1558 327 1560 327 1781 308 1781 265 1777 235 133 265 135 301"/></Shape>
	    <String CONTENT=""
                    HPOS="133.0"
                    VPOS="235.0"
                    WIDTH="1648.0"
                    HEIGHT="118.0"
                    WC="0.9574371017943853"></String>
          </TextLine>

          
          
          <TextLine ID="eSc_line_69188d4d"
                    TAGREFS="LT15288"
                    BASELINE="123 371 1781 338" 
                    HPOS="123.0"
                    VPOS="305.0"
                    WIDTH="1658.0"
                    HEIGHT="125.0">
            <Shape><Polygon POINTS="123 365 123 371 123 430 281 416 334 416 354 425 356 427 357 427 359 427 370 425 432 414 478 422 495 425 497 425 590 424 592 424 601 419 620 408 685 408 755 408 769 414 779 419 780 419 782 419 983 416 984 416 1000 408 1014 400 1071 398 1239 397 1261 402 1306 409 1307 409 1309 409 1350 398 1364 394 1518 392 1529 394 1573 402 1575 402 1577 402 1600 392 1698 402 1700 402 1702 402 1736 387 1738 387 1779 387 1781 338 1779 308 1738 305 1736 305 1735 305 1733 305 1729 308 1717 314 1672 310 1621 305 1619 305 1583 313 1542 321 1516 314 1496 308 1494 308 1493 308 1280 313 1279 313 1265 321 1255 326 1231 321 1204 316 1203 316 1173 322 1144 329 1106 324 1052 318 1051 318 1013 327 989 332 969 327 934 319 932 319 931 319 929 319 915 329 905 335 831 335 807 332 753 322 752 322 690 335 669 340 435 343 411 341 305 332 304 332 148 346 137 351"/></Shape>
	    <String CONTENT=""
                    HPOS="123.0"
                    VPOS="305.0"
                    WIDTH="1658.0"
                    HEIGHT="125.0"
                    WC="0.9579774011140583"></String>
          </TextLine>

          
        </TextBlock>
        
        <TextBlock HPOS="1151.0"
                   VPOS="464.0"
                   WIDTH="680.0"
                   HEIGHT="1389.0"
                   ID="eSc_textblock_476ae7a5"
                   TAGREFS="BT8355">
          <Shape><Polygon POINTS="1806 468 1831 1838 1170 1853 1176 1703 1170 1638 1151 464 1804 464"/></Shape>
          
          
          <TextLine ID="eSc_line_1e6127b8"
                    TAGREFS="LT15937"
                    BASELINE="1157 503 1792 484" 
                    HPOS="1155.0"
                    VPOS="443.0"
                    WIDTH="637.0"
                    HEIGHT="115.0">
            <Shape><Polygon POINTS="1157 503 1157 544 1206 558 1208 558 1209 558 1211 558 1244 544 1247 542 1277 541 1284 544 1298 555 1299 555 1301 555 1303 555 1304 555 1345 544 1369 538 1412 538 1423 544 1432 550 1434 550 1436 550 1437 550 1439 550 1440 550 1450 542 1461 536 1485 542 1505 549 1507 549 1508 549 1572 547 1573 547 1575 547 1575 546 1580 542 1583 539 1600 542 1622 546 1624 546 1626 546 1627 546 1627 544 1630 542 1637 536 1643 542 1645 544 1646 544 1648 544 1649 544 1665 542 1719 533 1732 539 1733 539 1735 539 1736 539 1738 539 1738 538 1740 538 1746 530 1789 541 1792 484 1790 454 1755 443 1754 443 1752 443 1683 457 1672 459 1665 457 1632 444 1630 444 1629 444 1627 444 1626 444 1603 457 1599 460 1584 459 1524 447 1523 447 1521 447 1486 460 1469 465 1448 460 1415 452 1388 452 1387 452 1385 452 1383 452 1372 462 1361 468 1318 462 1293 459 1292 459 1290 459 1277 462 1252 471 1227 463 1217 460 1216 460 1214 460 1212 460 1211 460 1211 462 1208 463 1198 473 1155 465 1157 503"/></Shape>
	    <String CONTENT=""
                    HPOS="1155.0"
                    VPOS="443.0"
                    WIDTH="637.0"
                    HEIGHT="115.0"
                    WC="0.9615011552105779"></String>
          </TextLine>

          
          
          <TextLine ID="eSc_line_04a0cc08"
                    TAGREFS="LT15937"
                    BASELINE="1157 577 1792 566" 
                    HPOS="1155.0"
                    VPOS="530.0"
                    WIDTH="637.0"
                    HEIGHT="111.0">
            <Shape><Polygon POINTS="1157 577 1157 636 1246 629 1273 637 1274 637 1276 637 1277 637 1279 637 1282 637 1311 629 1318 636 1323 641 1325 641 1326 641 1328 641 1330 641 1344 636 1360 631 1364 636 1368 639 1369 639 1371 639 1372 639 1477 637 1478 637 1480 637 1483 634 1496 626 1508 634 1512 637 1513 637 1515 637 1516 637 1518 637 1526 634 1551 625 1610 631 1611 631 1651 623 1790 631 1792 566 1790 546 1755 530 1754 530 1700 530 1698 530 1697 530 1695 530 1695 531 1678 549 1648 531 1646 531 1619 531 1618 531 1616 531 1615 531 1584 550 1583 552 1543 552 1526 552 1501 534 1499 534 1497 534 1496 534 1494 534 1451 552 1432 546 1431 546 1429 546 1428 546 1410 553 1394 538 1394 536 1393 536 1391 536 1350 536 1349 536 1347 536 1345 536 1322 555 1320 555 1312 555 1209 547 1208 547 1155 557 1157 577"/></Shape>
	    <String CONTENT=""
                    HPOS="1155.0"
                    VPOS="530.0"
                    WIDTH="637.0"
                    HEIGHT="111.0"
                    WC="0.9725241184234619"></String>
          </TextLine>

          
          
          <TextLine ID="eSc_line_b4971daf"
                    TAGREFS="LT15937"
                    BASELINE="1162 660 1793 652" 
                    HPOS="1160.0"
                    VPOS="620.0"
                    WIDTH="633.0"
                    HEIGHT="103.0">
            <Shape><Polygon POINTS="1162 660 1162 713 1276 723 1277 723 1279 723 1295 713 1309 705 1317 713 1325 720 1325 721 1326 721 1328 721 1330 721 1331 721 1350 713 1372 704 1393 713 1409 721 1410 721 1412 721 1413 721 1432 713 1456 704 1464 713 1470 718 1470 720 1472 720 1474 720 1475 720 1505 713 1513 712 1516 713 1531 720 1532 720 1534 720 1535 720 1537 720 1546 713 1565 701 1588 712 1589 712 1591 712 1592 712 1594 712 1594 710 1605 699 1664 699 1675 709 1675 710 1676 710 1678 710 1679 710 1681 710 1713 701 1743 713 1744 713 1746 713 1748 713 1793 712 1793 652 1792 631 1722 620 1721 620 1638 633 1632 633 1630 633 1611 620 1610 620 1608 620 1561 620 1559 620 1558 620 1556 620 1535 634 1534 634 1531 634 1485 622 1483 622 1482 622 1480 622 1478 622 1459 634 1456 634 1388 626 1387 626 1266 637 1254 637 1249 637 1198 625 1197 625 1195 625 1193 625 1193 626 1181 637 1181 639 1160 639 1162 660"/></Shape>
	    <String CONTENT=""
                    HPOS="1160.0"
                    VPOS="620.0"
                    WIDTH="633.0"
                    HEIGHT="103.0"
                    WC="0.9833231398037502"></String>
          </TextLine>

          
          
          <TextLine ID="eSc_line_6581a747"
                    TAGREFS="LT15937"
                    BASELINE="1160 740 1800 735" 
                    HPOS="1159.0"
                    VPOS="696.0"
                    WIDTH="641.0"
                    HEIGHT="104.0">
            <Shape><Polygon POINTS="1160 740 1160 785 1211 785 1212 785 1230 799 1231 799 1233 799 1235 800 1325 800 1325 799 1326 799 1328 799 1337 791 1345 797 1345 799 1347 799 1349 799 1350 799 1450 797 1451 797 1480 785 1486 783 1562 783 1565 785 1580 797 1581 797 1583 797 1584 797 1586 797 1588 797 1588 796 1599 785 1602 781 1616 785 1660 794 1662 794 1664 794 1684 785 1687 783 1687 785 1698 794 1698 796 1700 796 1702 796 1703 796 1763 788 1774 796 1776 796 1778 796 1779 796 1781 796 1782 796 1800 785 1800 735 1798 715 1779 701 1778 701 1776 701 1613 696 1611 696 1610 696 1608 696 1608 698 1594 710 1558 698 1556 698 1554 698 1553 698 1551 698 1516 720 1515 720 1501 720 1413 713 1412 713 1377 720 1371 721 1368 720 1347 710 1345 710 1344 710 1342 710 1341 710 1333 716 1309 699 1307 699 1306 699 1304 699 1303 699 1301 699 1265 721 1263 723 1159 723 1160 740"/></Shape>
	    <String CONTENT=""
                    HPOS="1159.0"
                    VPOS="696.0"
                    WIDTH="641.0"
                    HEIGHT="104.0"
                    WC="0.9444208860397338"></String>
          </TextLine>

          
          
          <TextLine ID="eSc_line_66ff2e46"
                    TAGREFS="LT15937"
                    BASELINE="1157 826 1800 819" 
                    HPOS="1155.0"
                    VPOS="785.0"
                    WIDTH="645.0"
                    HEIGHT="101.0">
            <Shape><Polygon POINTS="1157 826 1157 876 1280 886 1282 886 1284 886 1314 876 1318 875 1322 876 1339 884 1341 884 1342 886 1379 886 1379 884 1380 884 1382 884 1382 883 1390 876 1391 875 1399 876 1442 883 1444 883 1445 883 1469 876 1474 875 1480 875 1516 883 1518 883 1599 875 1635 872 1640 875 1648 881 1649 881 1651 881 1653 881 1684 875 1698 872 1710 875 1729 880 1730 880 1732 880 1798 873 1800 819 1798 797 1748 785 1746 785 1744 785 1743 785 1729 797 1710 789 1708 789 1706 789 1660 796 1637 785 1635 785 1634 785 1632 785 1596 799 1553 799 1526 799 1513 788 1513 786 1512 786 1510 786 1477 786 1475 786 1474 786 1472 786 1451 800 1448 800 1418 792 1417 792 1415 792 1349 800 1315 788 1314 788 1312 788 1311 788 1271 802 1155 802 1157 826"/></Shape>
	    <String CONTENT=""
                    HPOS="1155.0"
                    VPOS="785.0"
                    WIDTH="645.0"
                    HEIGHT="101.0"
                    WC="0.9845318712971427"></String>
          </TextLine>

          
          
          <TextLine ID="eSc_line_b9c6364d"
                    TAGREFS="LT15937"
                    BASELINE="1165 906 1801 902" 
                    HPOS="1163.0"
                    VPOS="872.0"
                    WIDTH="638.0"
                    HEIGHT="96.0">
            <Shape><Polygon POINTS="1165 906 1165 951 1185 951 1189 952 1204 967 1206 967 1208 967 1209 967 1211 967 1238 952 1242 951 1254 954 1312 967 1314 968 1375 968 1375 967 1377 967 1412 955 1431 951 1444 957 1459 965 1461 965 1463 967 1518 967 1518 965 1520 965 1539 959 1565 949 1600 960 1613 963 1615 963 1616 963 1618 963 1624 960 1649 948 1694 948 1722 962 1725 963 1727 963 1729 963 1730 963 1735 962 1770 951 1797 963 1801 902 1800 881 1786 872 1784 872 1782 872 1781 872 1657 881 1591 872 1589 872 1447 884 1445 884 1352 876 1350 876 1349 876 1322 886 1320 887 1163 887 1165 906"/></Shape>
	    <String CONTENT=""
                    HPOS="1163.0"
                    VPOS="872.0"
                    WIDTH="638.0"
                    HEIGHT="96.0"
                    WC="0.992732048034668"></String>
          </TextLine>

          
          
          <TextLine ID="eSc_line_243b3418"
                    TAGREFS="LT15937"
                    BASELINE="1165 990 1803 984" 
                    HPOS="1163.0"
                    VPOS="952.0"
                    WIDTH="640.0"
                    HEIGHT="98.0">
            <Shape><Polygon POINTS="1165 990 1165 1038 1200 1038 1201 1038 1212 1049 1212 1050 1214 1050 1216 1050 1217 1050 1288 1043 1350 1049 1352 1049 1353 1049 1355 1049 1355 1047 1368 1036 1391 1036 1406 1047 1406 1049 1407 1049 1409 1049 1410 1050 1480 1050 1480 1049 1482 1049 1483 1049 1496 1039 1515 1047 1516 1047 1518 1047 1520 1047 1542 1036 1558 1047 1559 1047 1561 1047 1562 1049 1611 1049 1611 1047 1683 1033 1695 1044 1695 1046 1697 1046 1698 1046 1700 1046 1748 1036 1770 1046 1771 1046 1773 1046 1774 1046 1803 1030 1803 984 1801 959 1670 952 1668 952 1667 952 1651 960 1646 963 1426 967 1423 965 1412 955 1410 955 1409 955 1361 955 1360 955 1358 955 1317 967 1309 968 1301 967 1269 957 1268 957 1266 957 1265 957 1263 957 1263 959 1254 968 1252 970 1163 970 1165 990"/></Shape>
	    <String CONTENT=""
                    HPOS="1163.0"
                    VPOS="952.0"
                    WIDTH="640.0"
                    HEIGHT="98.0"
                    WC="0.9523554682731629"></String>
          </TextLine>

          
          
          <TextLine ID="eSc_line_82af837d"
                    TAGREFS="LT15937"
                    BASELINE="1171 1074 1809 1065" 
                    HPOS="1170.0"
                    VPOS="1030.0"
                    WIDTH="639.0"
                    HEIGHT="106.0">
            <Shape><Polygon POINTS="1171 1074 1171 1136 1197 1136 1198 1136 1200 1136 1200 1134 1211 1123 1273 1136 1274 1136 1276 1136 1277 1136 1277 1134 1293 1122 1350 1122 1364 1134 1366 1134 1368 1134 1369 1134 1423 1133 1425 1133 1426 1133 1444 1120 1534 1130 1535 1130 1537 1130 1559 1119 1586 1128 1588 1128 1589 1128 1591 1128 1611 1117 1637 1130 1638 1130 1640 1130 1774 1122 1806 1128 1809 1065 1808 1047 1757 1047 1744 1036 1743 1036 1741 1036 1740 1036 1738 1036 1713 1046 1697 1031 1697 1030 1695 1030 1694 1030 1670 1030 1668 1030 1667 1030 1605 1047 1596 1049 1570 1047 1515 1043 1513 1043 1475 1047 1451 1050 1444 1047 1409 1033 1407 1033 1406 1033 1355 1035 1353 1035 1352 1035 1337 1047 1333 1052 1320 1047 1298 1041 1296 1041 1295 1041 1249 1047 1242 1049 1241 1047 1228 1038 1228 1036 1227 1036 1225 1036 1223 1036 1170 1047 1171 1074"/></Shape>
	    <String CONTENT=""
                    HPOS="1170.0"
                    VPOS="1030.0"
                    WIDTH="639.0"
                    HEIGHT="106.0"
                    WC="0.9764365840841223"></String>
          </TextLine>

          
          
          <TextLine ID="eSc_line_1367833a"
                    TAGREFS="LT15937"
                    BASELINE="1176 1157 1809 1147" 
                    HPOS="1174.0"
                    VPOS="1122.0"
                    WIDTH="635.0"
                    HEIGHT="93.0">
            <Shape><Polygon POINTS="1176 1157 1176 1199 1223 1199 1236 1209 1236 1210 1238 1210 1239 1210 1284 1215 1285 1215 1287 1215 1288 1215 1306 1201 1309 1198 1317 1201 1360 1215 1361 1215 1363 1215 1455 1213 1456 1213 1478 1202 1491 1194 1501 1202 1512 1212 1513 1212 1515 1212 1516 1213 1562 1213 1562 1212 1564 1212 1565 1212 1565 1210 1573 1204 1583 1194 1607 1194 1616 1204 1622 1209 1622 1210 1624 1210 1626 1210 1627 1210 1629 1210 1649 1204 1667 1199 1686 1206 1698 1209 1700 1209 1702 1209 1703 1209 1713 1206 1740 1193 1755 1206 1757 1207 1759 1207 1760 1207 1762 1207 1809 1206 1809 1147 1808 1131 1729 1122 1727 1122 1640 1133 1634 1133 1627 1133 1570 1125 1569 1125 1567 1125 1539 1134 1534 1134 1527 1134 1478 1126 1477 1126 1475 1126 1474 1126 1464 1134 1456 1128 1455 1128 1453 1128 1451 1128 1394 1136 1388 1136 1387 1136 1366 1128 1364 1128 1363 1128 1361 1128 1360 1128 1350 1136 1347 1139 1174 1139 1176 1157"/></Shape>
	    <String CONTENT=""
                    HPOS="1174.0"
                    VPOS="1122.0"
                    WIDTH="635.0"
                    HEIGHT="93.0"
                    WC="0.9897999953139912"></String>
          </TextLine>

          
          
          <TextLine ID="eSc_line_d83e8c09"
                    TAGREFS="LT15937"
                    BASELINE="1168 1240 1814 1231" 
                    HPOS="1166.0"
                    VPOS="1198.0"
                    WIDTH="648.0"
                    HEIGHT="104.0">
            <Shape><Polygon POINTS="1168 1240 1168 1286 1223 1286 1236 1296 1236 1297 1238 1297 1239 1297 1241 1297 1314 1291 1325 1301 1325 1302 1326 1302 1328 1302 1330 1302 1489 1301 1491 1301 1493 1301 1507 1288 1516 1282 1550 1282 1558 1288 1561 1291 1562 1291 1564 1291 1565 1291 1580 1288 1619 1280 1630 1289 1641 1297 1643 1297 1645 1297 1646 1297 1648 1297 1673 1289 1705 1278 1724 1289 1733 1296 1735 1296 1736 1296 1738 1296 1814 1289 1814 1231 1812 1213 1770 1198 1768 1198 1706 1198 1705 1198 1703 1198 1683 1207 1627 1199 1626 1199 1624 1199 1591 1217 1527 1209 1526 1209 1418 1218 1385 1202 1383 1202 1382 1202 1380 1202 1379 1202 1352 1220 1233 1212 1231 1212 1166 1223 1168 1240"/></Shape>
	    <String CONTENT=""
                    HPOS="1166.0"
                    VPOS="1198.0"
                    WIDTH="648.0"
                    HEIGHT="104.0"
                    WC="0.9834249455195206"></String>
          </TextLine>

          
          
          <TextLine ID="eSc_line_eb380e04"
                    TAGREFS="LT15937"
                    BASELINE="1185 1323 1814 1313" 
                    HPOS="1184.0"
                    VPOS="1278.0"
                    WIDTH="630.0"
                    HEIGHT="103.0">
            <Shape><Polygon POINTS="1185 1323 1185 1375 1209 1381 1211 1381 1212 1381 1214 1381 1214 1380 1220 1375 1222 1373 1223 1375 1230 1380 1231 1380 1233 1380 1235 1380 1236 1380 1238 1380 1238 1378 1244 1373 1252 1364 1318 1364 1336 1370 1353 1378 1355 1378 1356 1378 1358 1378 1377 1369 1390 1364 1406 1369 1432 1377 1434 1377 1436 1377 1437 1377 1439 1377 1453 1367 1459 1362 1464 1367 1478 1378 1480 1378 1482 1378 1483 1378 1548 1377 1550 1377 1589 1362 1594 1361 1597 1362 1616 1375 1618 1375 1619 1375 1621 1375 1622 1375 1624 1375 1638 1364 1703 1375 1705 1375 1814 1354 1814 1313 1809 1278 1768 1293 1727 1280 1721 1278 1719 1278 1717 1278 1716 1278 1714 1278 1713 1280 1694 1293 1611 1289 1610 1289 1608 1289 1592 1297 1569 1283 1561 1278 1559 1278 1558 1278 1505 1278 1504 1278 1502 1278 1501 1278 1501 1280 1494 1285 1480 1299 1432 1291 1431 1291 1429 1291 1428 1291 1417 1299 1394 1293 1393 1293 1391 1293 1285 1302 1257 1291 1239 1283 1238 1283 1236 1283 1184 1291 1185 1323"/></Shape>
	    <String CONTENT=""
                    HPOS="1184.0"
                    VPOS="1278.0"
                    WIDTH="630.0"
                    HEIGHT="103.0"
                    WC="0.970572292804718"></String>
          </TextLine>

          
          
          <TextLine ID="eSc_line_a2e0913d"
                    TAGREFS="LT15937"
                    BASELINE="1181 1405 1817 1399" 
                    HPOS="1179.0"
                    VPOS="1369.0"
                    WIDTH="638.0"
                    HEIGHT="99.0">
            <Shape><Polygon POINTS="1181 1405 1181 1457 1193 1465 1195 1465 1197 1465 1198 1465 1255 1459 1265 1467 1266 1467 1268 1467 1269 1468 1337 1468 1337 1467 1339 1467 1366 1454 1445 1465 1447 1465 1448 1465 1450 1465 1450 1464 1466 1451 1515 1464 1516 1464 1518 1464 1520 1464 1521 1464 1535 1452 1599 1464 1600 1464 1602 1464 1603 1464 1621 1451 1653 1464 1654 1464 1656 1464 1657 1464 1679 1456 1703 1462 1705 1462 1706 1462 1708 1462 1710 1462 1730 1446 1817 1445 1817 1399 1816 1377 1675 1369 1673 1369 1672 1369 1654 1378 1649 1381 1524 1381 1521 1380 1485 1372 1483 1372 1482 1372 1455 1380 1450 1381 1444 1381 1398 1372 1396 1372 1394 1372 1372 1381 1372 1383 1277 1383 1273 1383 1208 1373 1206 1373 1204 1373 1179 1381 1181 1405"/></Shape>
	    <String CONTENT=""
                    HPOS="1179.0"
                    VPOS="1369.0"
                    WIDTH="638.0"
                    HEIGHT="99.0"
                    WC="0.9915074681242307"></String>
          </TextLine>

          
          
          <TextLine ID="eSc_line_73b89fa6"
                    TAGREFS="LT15937"
                    BASELINE="1193 1489 1819 1481" 
                    HPOS="1192.0"
                    VPOS="1454.0"
                    WIDTH="627.0"
                    HEIGHT="95.0">
            <Shape><Polygon POINTS="1193 1489 1193 1541 1344 1549 1345 1549 1380 1546 1382 1546 1383 1546 1393 1538 1399 1532 1450 1532 1461 1536 1488 1547 1489 1547 1491 1547 1493 1547 1494 1547 1494 1546 1507 1535 1512 1532 1534 1532 1539 1535 1559 1547 1561 1547 1562 1547 1564 1547 1672 1533 1738 1544 1740 1544 1741 1544 1774 1528 1819 1527 1819 1481 1816 1454 1192 1467 1193 1489"/></Shape>
	    <String CONTENT=""
                    HPOS="1192.0"
                    VPOS="1454.0"
                    WIDTH="627.0"
                    HEIGHT="95.0"
                    WC="0.972864282131195"></String>
          </TextLine>

          
          
          <TextLine ID="eSc_line_3cc86530"
                    TAGREFS="LT15937"
                    BASELINE="1185 1573 1817 1560" 
                    HPOS="1184.0"
                    VPOS="1528.0"
                    WIDTH="633.0"
                    HEIGHT="107.0">
            <Shape><Polygon POINTS="1185 1573 1185 1619 1220 1619 1222 1619 1244 1635 1246 1635 1247 1635 1249 1635 1309 1630 1311 1630 1334 1619 1344 1616 1355 1619 1390 1631 1391 1631 1393 1631 1447 1630 1448 1630 1469 1620 1472 1619 1480 1620 1521 1628 1523 1628 1524 1628 1540 1620 1556 1612 1580 1620 1597 1627 1599 1627 1600 1627 1602 1627 1616 1620 1630 1616 1665 1620 1667 1620 1668 1620 1670 1620 1679 1612 1694 1622 1698 1625 1700 1625 1702 1625 1703 1625 1725 1622 1771 1614 1816 1622 1817 1560 1816 1541 1787 1528 1786 1528 1784 1528 1782 1528 1754 1540 1736 1533 1735 1533 1733 1533 1732 1533 1730 1533 1719 1543 1714 1544 1691 1541 1605 1532 1603 1532 1602 1532 1577 1541 1562 1546 1537 1541 1521 1538 1520 1538 1505 1541 1469 1549 1459 1541 1455 1536 1455 1535 1453 1535 1451 1535 1426 1535 1425 1535 1423 1535 1421 1535 1421 1536 1417 1540 1407 1552 1322 1552 1307 1543 1306 1543 1304 1543 1303 1543 1301 1543 1258 1554 1230 1540 1228 1540 1184 1540 1185 1573"/></Shape>
	    <String CONTENT=""
                    HPOS="1184.0"
                    VPOS="1528.0"
                    WIDTH="633.0"
                    HEIGHT="107.0"
                    WC="0.9769921588897705"></String>
          </TextLine>

          
          
          <TextLine ID="eSc_line_f973a312"
                    TAGREFS="LT15937"
                    BASELINE="1170 1657 1820 1642" 
                    HPOS="1168.0"
                    VPOS="1612.0"
                    WIDTH="652.0"
                    HEIGHT="116.0">
            <Shape><Polygon POINTS="1170 1657 1170 1710 1298 1728 1299 1728 1356 1726 1358 1726 1388 1712 1467 1718 1469 1718 1545 1714 1546 1714 1548 1714 1561 1703 1562 1703 1599 1710 1600 1710 1602 1710 1622 1701 1624 1701 1659 1720 1660 1720 1662 1720 1732 1718 1733 1718 1767 1701 1820 1696 1820 1642 1817 1612 1724 1625 1653 1619 1618 1616 1616 1616 1580 1622 1529 1630 1499 1625 1459 1619 1458 1619 1456 1619 1432 1628 1425 1630 1420 1628 1398 1620 1396 1620 1394 1620 1393 1620 1391 1620 1391 1622 1390 1622 1383 1630 1382 1633 1314 1635 1301 1633 1242 1623 1241 1623 1168 1638 1170 1657"/></Shape>
	    <String CONTENT=""
                    HPOS="1168.0"
                    VPOS="1612.0"
                    WIDTH="652.0"
                    HEIGHT="116.0"
                    WC="0.964935931066672"></String>
          </TextLine>

          
          
          <TextLine ID="eSc_line_6ac04b0a"
                    TAGREFS="LT15937"
                    BASELINE="1415 1734 1621 1733" 
                    HPOS="1413.0"
                    VPOS="1701.0"
                    WIDTH="208.0"
                    HEIGHT="109.0">
            <Shape><Polygon POINTS="1415 1734 1415 1785 1440 1785 1445 1788 1470 1809 1472 1809 1474 1809 1475 1810 1516 1810 1516 1809 1518 1809 1520 1809 1535 1798 1565 1809 1567 1809 1569 1809 1570 1809 1572 1809 1591 1796 1599 1791 1616 1798 1621 1733 1618 1718 1591 1718 1589 1718 1565 1701 1564 1701 1562 1701 1504 1701 1502 1701 1413 1718 1415 1734"/></Shape>
	    <String CONTENT=""
                    HPOS="1413.0"
                    VPOS="1701.0"
                    WIDTH="208.0"
                    HEIGHT="109.0"
                    WC="0.999043083190918"></String>
          </TextLine>

          
        </TextBlock>
        
        <TextBlock HPOS="95.0"
                   VPOS="454.0"
                   WIDTH="1079.0"
                   HEIGHT="1558.0"
                   ID="eSc_textblock_47d2bd2f"
                   TAGREFS="BT8356">
          <Shape><Polygon POINTS="1067 468 1117 487 1162 1625 1143 1663 1174 1952 140 2012 95 481 98 478 581 478 581 454 620 455 620 464 908 464"/></Shape>
          
          
          <TextLine ID="eSc_line_db1e0963"
                    TAGREFS="LT15938"
                    BASELINE="104 530 709 522 1108 506" 
                    HPOS="102.0"
                    VPOS="463.0"
                    WIDTH="1006.0"
                    HEIGHT="135.0">
            <Shape><Polygon POINTS="1100 481 1086 474 1040 466 1038 466 1037 466 1035 466 1021 479 1019 481 972 481 965 479 929 463 927 463 926 463 924 463 885 473 856 463 855 463 853 463 851 463 823 479 813 484 802 479 774 466 772 466 725 466 723 466 722 466 720 466 706 479 695 489 652 489 642 479 641 477 639 477 638 477 560 470 558 470 557 470 555 470 555 471 546 479 543 482 532 479 505 471 503 471 501 471 427 479 424 481 422 481 421 481 400 493 361 487 359 487 307 495 292 484 291 484 289 484 288 484 286 484 251 496 223 484 221 484 220 484 218 484 174 495 102 481 104 530 104 582 175 598 177 598 248 582 254 580 261 580 326 595 327 595 403 584 454 591 456 591 530 590 532 590 554 580 576 587 577 587 579 587 581 587 582 587 592 577 598 572 625 572 633 577 644 587 646 587 647 587 649 587 650 587 677 579 714 585 715 585 717 585 718 585 718 584 726 577 734 569 777 569 796 576 809 580 810 580 812 580 813 580 828 576 855 566 957 566 967 574 972 579 972 580 973 580 975 580 976 580 978 580 997 574 1026 565 1056 574 1073 579 1075 579 1076 579 1108 572 1108 506 1106 484 1100 481"/></Shape>
	    <String CONTENT="את זה תאכלו מכל אשר במים כל"
                    HPOS="102.0"
                    VPOS="463.0"
                    WIDTH="1006.0"
                    HEIGHT="135.0"
                    WC="0.990800230399422"></String>
          </TextLine>

          
          
          <TextLine ID="eSc_line_32bc4a30"
                    TAGREFS="LT15938"
                    BASELINE="104 633 1108 614" 
                    HPOS="102.0"
                    VPOS="572.0"
                    WIDTH="1006.0"
                    HEIGHT="133.0">
            <Shape><Polygon POINTS="104 633 104 690 131 704 133 704 134 705 186 705 186 704 291 686 308 683 321 685 368 696 370 696 372 696 402 685 410 682 421 685 471 696 473 696 475 696 495 686 517 698 519 698 520 698 522 698 524 698 546 683 549 680 552 683 565 694 566 694 568 694 603 696 604 696 657 688 676 694 677 694 679 694 680 694 682 694 696 685 763 693 764 693 836 679 850 677 855 679 878 690 880 690 881 690 883 690 918 679 942 671 1007 671 1018 677 1027 685 1029 685 1030 685 1032 685 1067 679 1095 686 1097 686 1098 686 1100 686 1102 686 1102 685 1108 677 1108 614 1106 587 1043 572 1041 572 1040 572 1003 588 999 590 992 588 938 574 937 574 935 574 870 576 869 576 837 591 824 579 824 577 823 577 821 577 798 577 796 577 794 577 764 593 761 595 744 593 668 587 666 587 665 587 646 596 644 596 627 582 625 582 623 582 622 582 620 582 619 582 601 593 589 584 589 582 587 582 585 582 552 582 551 582 476 599 473 599 471 599 448 590 446 590 444 590 443 590 416 601 413 601 410 601 381 591 380 591 378 591 376 591 342 603 338 603 337 603 315 590 313 590 311 590 310 590 308 590 308 591 294 603 294 604 180 606 177 606 152 595 150 595 148 595 147 595 102 606 104 633"/></Shape>
	    <String CONTENT="אשר לו סנפיר וקשקשת במים בימים"
                    HPOS="102.0"
                    VPOS="572.0"
                    WIDTH="1006.0"
                    HEIGHT="133.0"
                    WC="0.9959090224334172"></String>
          </TextLine>

          
          
          <TextLine ID="eSc_line_4662da98"
                    TAGREFS="LT15938"
                    BASELINE="110 737 742 731 1105 715" 
                    HPOS="109.0"
                    VPOS="677.0"
                    WIDTH="996.0"
                    HEIGHT="130.0">
            <Shape><Polygon POINTS="110 737 110 785 193 807 194 807 196 807 247 805 248 805 250 805 278 786 300 804 302 804 304 804 305 804 378 796 400 802 402 802 403 802 405 802 435 789 459 792 460 792 462 792 463 792 476 783 481 780 532 780 536 783 554 799 555 799 557 799 558 799 595 797 596 797 598 797 617 783 666 791 668 791 669 791 701 781 712 778 720 781 753 796 755 796 756 796 810 788 858 794 859 794 861 794 886 780 904 772 972 772 989 780 1008 788 1010 788 1011 788 1013 788 1043 780 1067 773 1103 778 1105 715 1103 686 1054 682 1052 682 1051 682 1049 682 1041 688 1033 693 1000 688 923 677 921 677 919 677 918 677 918 679 904 691 900 694 870 698 850 693 815 682 813 682 812 682 810 682 774 694 760 699 752 694 747 693 745 693 744 693 742 693 731 696 709 701 693 696 671 690 669 690 609 683 608 683 606 683 604 683 604 685 592 694 539 683 538 683 536 683 535 683 509 701 505 704 487 701 391 686 389 686 387 686 386 686 362 704 321 688 319 688 318 688 316 688 315 688 292 707 291 709 163 710 161 710 152 702 150 702 148 702 147 702 109 710 110 737"/></Shape>
	    <String CONTENT="ובנחלים אתם תאכלו : וכל אשר אין"
                    HPOS="109.0"
                    VPOS="677.0"
                    WIDTH="996.0"
                    HEIGHT="130.0"
                    WC="0.9825957376381447"></String>
          </TextLine>

          
          
          <TextLine ID="eSc_line_e38233e5"
                    TAGREFS="LT15938"
                    BASELINE="112 843 1121 823" 
                    HPOS="110.0"
                    VPOS="780.0"
                    WIDTH="1011.0"
                    HEIGHT="130.0">
            <Shape><Polygon POINTS="112 843 112 900 266 910 267 910 334 906 335 906 337 906 353 895 389 906 391 906 392 906 394 906 437 892 451 889 484 892 601 902 603 902 604 902 606 902 623 887 625 886 633 887 674 900 676 900 677 900 744 899 745 899 747 899 761 887 774 899 775 899 777 899 779 899 831 897 832 897 834 897 847 886 870 897 872 897 874 897 875 897 877 897 894 883 910 895 912 895 913 895 915 897 946 897 946 895 948 895 950 895 967 880 969 878 973 880 1018 894 1019 894 1021 894 1022 894 1024 894 1043 878 1045 876 1119 876 1121 823 1117 780 880 799 790 791 733 786 731 786 729 786 728 786 718 794 707 802 679 796 668 792 666 792 665 792 663 792 661 792 658 796 650 802 631 797 608 789 606 789 604 789 603 789 568 799 565 799 562 799 500 791 498 791 475 792 473 792 471 792 471 794 462 802 459 807 451 804 424 792 422 792 421 792 289 808 266 811 256 810 190 797 188 797 186 797 185 797 163 813 161 815 110 815 112 843"/></Shape>
	    <String CONTENT="לו סנפיר וקשקשת בימים ובנחלים"
                    HPOS="110.0"
                    VPOS="780.0"
                    WIDTH="1011.0"
                    HEIGHT="130.0"
                    WC="0.9799768307379314"></String>
          </TextLine>

          
          
          <TextLine ID="eSc_line_0fd6f1dc"
                    TAGREFS="LT15938"
                    BASELINE="118 944 647 940 1117 924" 
                    HPOS="117.0"
                    VPOS="884.0"
                    WIDTH="1000.0"
                    HEIGHT="132.0">
            <Shape><Polygon POINTS="118 944 118 1001 191 1001 209 1016 210 1016 212 1016 213 1016 288 1005 351 1014 353 1014 354 1014 356 1014 375 997 376 997 433 1012 435 1012 437 1012 494 1009 495 1009 497 1009 517 995 577 1009 579 1009 581 1009 609 998 646 1006 647 1006 649 1006 650 1006 674 990 676 990 677 990 733 1006 734 1006 736 1006 818 990 839 1003 840 1003 842 1003 843 1003 845 1003 862 995 912 1003 913 1003 915 1003 967 986 1013 992 1014 992 1016 992 1018 992 1030 984 1030 982 1117 981 1117 924 1114 902 1054 902 1052 902 994 884 992 884 991 884 837 906 831 906 826 906 736 891 734 891 733 891 731 891 715 902 672 899 671 899 669 899 642 908 622 897 620 897 619 897 617 897 565 911 563 911 516 894 514 894 513 894 511 894 465 906 441 897 440 897 438 897 437 897 435 897 413 913 346 905 345 905 343 905 318 916 316 916 315 916 261 905 259 905 258 905 256 905 235 918 204 906 202 906 201 906 117 919 118 944"/></Shape>
	    <String CONTENT="מכל שרץ המים ומכל נפש החיה"
                    HPOS="117.0"
                    VPOS="884.0"
                    WIDTH="1000.0"
                    HEIGHT="132.0"
                    WC="0.9989104216749017"></String>
          </TextLine>

          
          
          <TextLine ID="eSc_line_fcd301fc"
                    TAGREFS="LT15938"
                    BASELINE="120 1050 1108 1033" 
                    HPOS="118.0"
                    VPOS="992.0"
                    WIDTH="990.0"
                    HEIGHT="134.0">
            <Shape><Polygon POINTS="120 1050 120 1111 148 1125 150 1125 152 1126 204 1126 204 1125 205 1125 207 1125 232 1109 297 1123 299 1123 397 1117 399 1117 400 1117 411 1107 429 1120 430 1120 432 1120 433 1122 473 1122 473 1120 475 1120 476 1120 494 1106 497 1103 573 1103 579 1106 601 1117 603 1117 604 1119 639 1119 639 1117 641 1117 668 1106 677 1101 687 1104 712 1115 714 1115 715 1115 763 1104 786 1098 866 1098 878 1104 893 1111 894 1111 896 1111 897 1111 915 1103 931 1096 950 1103 972 1111 973 1111 975 1112 1016 1112 1016 1111 1018 1111 1038 1103 1059 1095 1106 1101 1108 1033 1105 992 962 1009 938 997 934 995 932 995 931 995 929 995 924 998 907 1006 837 1001 836 1001 834 1001 832 1001 823 1009 796 1001 780 998 779 998 777 998 775 998 774 998 769 1003 755 1012 707 1005 698 1005 696 1005 695 1005 690 1006 647 1017 566 1011 482 1003 481 1003 479 1003 478 1003 478 1005 467 1014 459 1020 408 1016 354 1011 353 1011 351 1011 323 1019 310 1022 305 1019 291 1009 289 1009 288 1009 286 1009 285 1009 283 1009 283 1011 272 1020 267 1024 243 1022 199 1017 197 1017 118 1025 120 1050"/></Shape>
	    <String CONTENT="אשר במים שקץ הם לכם : ושקץ יהיו"
                    HPOS="118.0"
                    VPOS="992.0"
                    WIDTH="990.0"
                    HEIGHT="134.0"
                    WC="0.9574099183082581"></String>
          </TextLine>

          
          
          <TextLine ID="eSc_line_0223547e"
                    TAGREFS="LT15938"
                    BASELINE="125 1158 1121 1134" 
                    HPOS="123.0"
                    VPOS="1093.0"
                    WIDTH="998.0"
                    HEIGHT="136.0">
            <Shape><Polygon POINTS="125 1158 125 1212 171 1229 172 1229 174 1229 175 1229 209 1217 235 1228 237 1228 239 1228 307 1226 308 1226 361 1209 418 1220 419 1220 421 1220 422 1220 422 1218 437 1206 522 1204 549 1217 551 1217 552 1217 554 1217 570 1210 596 1218 598 1218 600 1218 601 1218 603 1218 625 1202 720 1217 722 1217 723 1217 725 1217 744 1202 798 1198 818 1210 820 1210 821 1210 823 1210 932 1209 934 1209 973 1196 1018 1209 1019 1209 1021 1209 1084 1207 1086 1207 1121 1188 1121 1134 1119 1095 1054 1093 1052 1093 1051 1093 1049 1093 1045 1096 1029 1109 923 1106 921 1106 718 1123 684 1123 672 1112 661 1103 660 1103 658 1103 657 1103 609 1109 608 1109 606 1109 598 1115 592 1122 576 1117 543 1106 541 1106 539 1106 538 1106 536 1106 516 1119 501 1128 440 1128 418 1123 381 1115 380 1115 378 1115 334 1126 319 1130 289 1128 269 1128 253 1114 251 1114 250 1114 210 1114 209 1114 207 1114 205 1114 205 1115 190 1130 161 1120 159 1120 158 1120 156 1120 123 1133 125 1158"/></Shape>
	    <String CONTENT="לכם מבשרם לא תאכלו ואת נבלתם"
                    HPOS="123.0"
                    VPOS="1093.0"
                    WIDTH="998.0"
                    HEIGHT="136.0"
                    WC="0.9633537257711092"></String>
          </TextLine>

          
          
          <TextLine ID="eSc_line_04beb015"
                    TAGREFS="LT15938"
                    BASELINE="134 1259 456 1258 1133 1237" 
                    HPOS="133.0"
                    VPOS="1201.0"
                    WIDTH="1000.0"
                    HEIGHT="134.0">
            <Shape><Polygon POINTS="134 1259 134 1313 196 1313 201 1315 245 1335 247 1335 248 1335 250 1335 277 1323 316 1332 318 1332 319 1332 321 1332 323 1332 348 1313 353 1308 380 1308 397 1312 470 1329 471 1329 473 1329 475 1329 487 1320 625 1326 627 1326 628 1326 649 1315 718 1323 720 1323 722 1323 723 1323 748 1307 752 1305 756 1307 809 1321 810 1321 812 1321 813 1321 851 1305 875 1296 929 1296 942 1304 959 1316 961 1316 962 1316 964 1316 1019 1302 1067 1291 1086 1302 1098 1310 1100 1310 1102 1310 1103 1310 1105 1310 1133 1301 1133 1237 1132 1215 1095 1215 1078 1201 1076 1201 1075 1201 1073 1201 1071 1201 1070 1201 1070 1202 1056 1213 938 1212 937 1212 935 1212 934 1212 923 1218 916 1213 916 1212 915 1212 913 1212 912 1212 855 1217 815 1202 813 1202 812 1202 775 1204 774 1204 772 1204 755 1220 737 1213 736 1213 734 1213 733 1213 731 1213 720 1223 703 1210 701 1210 699 1210 698 1210 696 1210 627 1228 625 1229 614 1229 566 1229 444 1212 443 1212 413 1213 411 1213 410 1213 410 1215 391 1232 349 1223 348 1223 286 1232 261 1225 259 1225 258 1225 256 1225 237 1234 152 1232 150 1232 148 1232 133 1239 134 1259"/></Shape>
	    <String CONTENT="תשקצו : כל אשר אין לו סנפיר"
                    HPOS="133.0"
                    VPOS="1201.0"
                    WIDTH="1000.0"
                    HEIGHT="134.0"
                    WC="0.9756777069785378"></String>
          </TextLine>

          
          
          <TextLine ID="eSc_line_4895c400"
                    TAGREFS="LT15938"
                    BASELINE="131 1367 747 1356 1127 1339" 
                    HPOS="129.0"
                    VPOS="1304.0"
                    WIDTH="998.0"
                    HEIGHT="131.0">
            <Shape><Polygon POINTS="131 1367 131 1421 253 1435 254 1435 256 1435 291 1419 292 1419 316 1432 318 1432 319 1433 357 1433 357 1432 359 1432 361 1432 361 1430 373 1419 375 1418 381 1419 430 1427 432 1427 478 1418 500 1413 516 1418 552 1427 554 1427 555 1427 647 1424 649 1424 669 1415 687 1408 712 1415 744 1422 745 1422 747 1422 824 1413 880 1407 904 1413 926 1418 927 1418 929 1418 994 1416 995 1416 997 1416 1003 1411 1018 1399 1054 1399 1068 1407 1070 1407 1071 1407 1073 1407 1075 1407 1105 1399 1122 1410 1127 1339 1125 1316 1070 1304 1068 1304 1067 1304 1065 1304 1048 1316 1008 1305 1007 1305 1005 1305 1003 1305 1002 1305 984 1318 980 1321 964 1320 893 1308 891 1308 889 1308 862 1321 855 1324 809 1323 753 1320 752 1320 750 1320 741 1324 733 1327 726 1324 712 1316 710 1316 638 1315 636 1315 634 1315 612 1326 603 1331 541 1327 497 1326 495 1326 465 1329 429 1334 422 1331 410 1321 408 1321 406 1321 373 1321 372 1321 370 1321 330 1332 305 1339 129 1337 131 1367"/></Shape>
	    <String CONTENT="וקשקשת במים שקץ הוא לכם : ואת"
                    HPOS="129.0"
                    VPOS="1304.0"
                    WIDTH="998.0"
                    HEIGHT="131.0"
                    WC="0.9944911223870737"></String>
          </TextLine>

          
          
          <TextLine ID="eSc_line_d08ab80e"
                    TAGREFS="LT15938"
                    BASELINE="133 1473 1124 1446" 
                    HPOS="131.0"
                    VPOS="1416.0"
                    WIDTH="993.0"
                    HEIGHT="128.0">
            <Shape><Polygon POINTS="133 1473 134 1524 205 1524 209 1524 245 1544 247 1544 248 1544 250 1544 251 1544 251 1543 273 1524 275 1522 277 1524 300 1540 302 1540 304 1540 305 1540 307 1540 335 1528 362 1538 364 1538 365 1538 367 1538 368 1538 389 1524 392 1521 400 1524 440 1538 441 1538 443 1538 444 1538 446 1538 446 1536 462 1524 468 1516 539 1514 549 1522 562 1533 562 1535 563 1535 565 1535 566 1535 568 1535 600 1522 617 1516 641 1522 676 1532 677 1532 679 1532 747 1530 748 1530 750 1530 750 1528 758 1522 769 1513 783 1522 793 1528 794 1528 796 1528 798 1528 872 1527 874 1527 896 1521 957 1503 1002 1503 1037 1521 1038 1521 1040 1521 1041 1521 1124 1519 1124 1446 1121 1419 992 1429 965 1422 945 1416 943 1416 942 1416 940 1416 927 1422 918 1427 867 1424 782 1418 780 1418 779 1418 777 1418 767 1426 760 1433 736 1427 734 1427 733 1427 690 1437 661 1429 633 1419 631 1419 630 1419 628 1419 604 1427 566 1421 565 1421 563 1421 546 1430 527 1441 508 1432 492 1422 490 1422 489 1422 425 1424 424 1424 422 1424 413 1433 403 1441 304 1448 270 1437 267 1435 266 1435 264 1435 253 1437 226 1441 220 1437 209 1430 207 1430 205 1430 204 1430 131 1438 133 1473"/></Shape>
	    <String CONTENT="אלה תשקצו מן העוף לא יאכלו"
                    HPOS="131.0"
                    VPOS="1416.0"
                    WIDTH="993.0"
                    HEIGHT="128.0"
                    WC="0.9709841683506966"></String>
          </TextLine>

          
          
          <TextLine ID="eSc_line_1e0c5493"
                    TAGREFS="LT15938"
                    BASELINE="136 1578 1133 1552" 
                    HPOS="134.0"
                    VPOS="1519.0"
                    WIDTH="999.0"
                    HEIGHT="130.0">
            <Shape><Polygon POINTS="136 1578 136 1633 196 1649 197 1649 199 1649 243 1638 281 1646 283 1646 285 1646 321 1628 324 1628 327 1628 381 1644 383 1644 384 1644 513 1623 519 1623 525 1623 612 1638 614 1638 615 1638 617 1638 630 1627 674 1636 676 1636 677 1636 679 1636 699 1620 717 1633 718 1633 720 1633 722 1633 723 1633 783 1617 786 1617 790 1617 867 1631 869 1631 870 1631 894 1620 926 1630 927 1630 929 1630 1011 1620 1054 1627 1056 1627 1057 1627 1059 1627 1059 1625 1075 1609 1076 1609 1133 1609 1133 1552 1130 1519 980 1530 972 1524 970 1522 969 1522 967 1522 965 1522 954 1524 927 1530 904 1525 891 1524 889 1524 888 1524 886 1524 883 1527 869 1535 837 1528 823 1525 821 1525 820 1525 807 1528 785 1536 772 1530 764 1527 763 1527 761 1527 736 1532 695 1540 674 1533 663 1530 661 1530 660 1530 658 1530 642 1535 617 1541 568 1536 522 1533 520 1533 519 1533 497 1540 478 1544 441 1541 391 1536 389 1536 387 1536 386 1536 376 1543 372 1547 134 1551 136 1578"/></Shape>
	    <String CONTENT="שקץ הם את הנשר ואת הפרס ואת"
                    HPOS="134.0"
                    VPOS="1519.0"
                    WIDTH="999.0"
                    HEIGHT="130.0"
                    WC="0.9868662829200426"></String>
          </TextLine>

          
          
          <TextLine ID="eSc_line_cda71088"
                    TAGREFS="LT15938"
                    BASELINE="144 1682 619 1674 891 1661 957 1658 1136 1655" 
                    HPOS="140.0"
                    VPOS="1626.0"
                    WIDTH="995.0"
                    HEIGHT="130.0">
            <Shape><Polygon POINTS="142 1680 144 1754 175 1740 223 1752 239 1756 242 1756 244 1756 282 1752 361 1737 377 1749 382 1752 384 1752 387 1752 389 1752 506 1749 508 1749 520 1745 551 1728 672 1728 693 1740 698 1745 700 1745 703 1745 705 1745 734 1740 798 1726 829 1737 843 1742 845 1742 848 1742 850 1742 871 1735 895 1728 978 1733 1057 1737 1059 1737 1062 1737 1064 1737 1071 1730 1088 1718 1133 1728 1135 1654 1133 1626 548 1626 546 1626 544 1626 541 1626 522 1640 140 1647 142 1680"/></Shape>
	    <String CONTENT="העזניה : ואת הדאה ואת האיה"
                    HPOS="140.0"
                    VPOS="1626.0"
                    WIDTH="995.0"
                    HEIGHT="130.0"
                    WC="0.9632664132118225"></String>
          </TextLine>

          
          
          <TextLine ID="eSc_line_aca1ab02"
                    TAGREFS="LT15938"
                    BASELINE="123 1798 419 1783 438 1782 604 1775 674 1774 742 1771 764 1771 785 1769 850 1767 942 1763 973 1763 1135 1756" 
                    HPOS="118.0"
                    VPOS="1702.0"
                    WIDTH="1015.0"
                    HEIGHT="164.0">
            <Shape><Polygon POINTS="121 1797 121 1844 225 1844 273 1866 275 1866 277 1866 280 1866 282 1866 304 1849 370 1861 373 1861 375 1861 377 1861 377 1858 399 1842 539 1854 541 1854 544 1854 601 1837 643 1823 674 1835 698 1844 700 1844 703 1844 705 1844 741 1835 803 1816 831 1832 843 1839 845 1839 848 1839 850 1839 852 1839 871 1832 914 1811 971 1830 983 1832 986 1832 988 1832 990 1832 1005 1828 1043 1818 1130 1825 1133 1754 1130 1714 1085 1702 1083 1702 1081 1702 1078 1702 1076 1702 1076 1704 1062 1718 1057 1723 1047 1721 1040 1716 1038 1716 1035 1716 914 1728 822 1735 812 1733 786 1723 784 1723 781 1723 779 1723 727 1737 715 1740 712 1737 686 1721 684 1721 681 1721 679 1721 608 1723 605 1723 603 1723 603 1726 582 1745 579 1747 551 1747 342 1735 339 1735 337 1735 335 1735 316 1752 277 1740 275 1740 273 1740 270 1740 268 1740 230 1764 228 1766 118 1768 121 1797"/></Shape>
	    <String CONTENT="למינה : את כל ערב למינו :"
                    HPOS="118.0"
                    VPOS="1702.0"
                    WIDTH="1015.0"
                    HEIGHT="164.0"
                    WC="0.9769293303075044"></String>
          </TextLine>

          
          
          <TextLine ID="eSc_line_6a05ed65"
                    TAGREFS="LT15938"
                    BASELINE="113 1907 143 1907 940 1869 1040 1867 1084 1867 1136 1867" 
                    HPOS="109.0"
                    VPOS="1818.0"
                    WIDTH="1026.0"
                    HEIGHT="164.0">
            <Shape><Polygon POINTS="111 1906 114 1961 180 1961 185 1963 220 1982 223 1982 225 1982 228 1982 230 1982 261 1961 266 1958 289 1961 401 1972 403 1972 919 1956 921 1956 952 1944 1021 1920 1135 1939 1135 1866 1130 1825 1021 1830 1016 1830 976 1818 974 1818 971 1818 969 1818 967 1818 950 1830 727 1830 724 1830 722 1830 719 1830 719 1832 717 1832 710 1842 689 1832 686 1832 684 1832 570 1849 539 1839 536 1839 534 1839 532 1839 468 1856 465 1856 456 1856 268 1851 266 1851 109 1873 111 1906"/></Shape>
	    <String CONTENT="ואת בת היענה ואת התחמס"
                    HPOS="109.0"
                    VPOS="1818.0"
                    WIDTH="1026.0"
                    HEIGHT="164.0"
                    WC="0.9911274966739473"></String>
          </TextLine>

          
        </TextBlock>
        
        <TextBlock HPOS="126.0"
                   VPOS="1913.0"
                   WIDTH="1732.0"
                   HEIGHT="490.0"
                   ID="eSc_textblock_3f687b09"
                   TAGREFS="BT6909">
          <Shape><Polygon POINTS="126 2019 126 2400 1838 2403 1858 1913"/></Shape>
          
          
          <TextLine ID="eSc_line_2d4b69f3"
                    TAGREFS="LT15288"
                    BASELINE="159 2057 413 2052 539 2048 1434 2011 1820 2003" 
                    HPOS="154.0"
                    VPOS="1946.0"
                    WIDTH="1665.0"
                    HEIGHT="164.0">
            <Shape><Polygon POINTS="156 2056 156 2101 351 2110 354 2110 498 2094 586 2101 589 2101 591 2101 593 2101 612 2086 672 2096 674 2096 677 2096 679 2096 698 2082 700 2082 705 2082 795 2089 798 2089 800 2089 824 2077 826 2077 836 2077 1007 2086 1009 2086 1138 2065 1147 2065 1149 2065 1214 2075 1216 2075 1290 2060 1318 2072 1321 2072 1323 2072 1325 2072 1328 2072 1328 2070 1342 2058 1342 2056 1404 2056 1418 2056 1660 2063 1663 2063 1817 2039 1819 2001 1810 1946 1734 1970 1603 1956 1551 1951 1549 1951 1506 1953 1503 1953 1501 1953 1494 1961 1470 1982 1404 1982 1344 1980 1332 1970 1318 1958 1316 1958 1313 1958 1311 1958 1218 1961 1145 1965 1142 1965 1111 1980 1085 1994 1057 1984 1019 1970 1016 1970 1014 1970 890 1972 888 1972 843 1994 822 2003 784 1996 750 1991 748 1991 746 1991 722 2001 705 2006 693 2001 662 1987 660 1987 658 1987 655 1987 653 1987 639 2001 610 1991 608 1991 605 1991 603 1991 601 1991 601 1994 584 2006 579 2013 363 2020 358 2018 332 2001 330 2001 327 2001 325 2001 323 2001 320 2001 294 2022 292 2025 154 2027 156 2056"/></Shape>
	    <String CONTENT=""
                    HPOS="154.0"
                    VPOS="1946.0"
                    WIDTH="1665.0"
                    HEIGHT="164.0"
                    WC="0.8986208430234937"></String>
          </TextLine>

          
          
          <TextLine ID="eSc_line_f0faa043"
                    TAGREFS="LT15288"
                    BASELINE="171 2125 416 2122 587 2117 1485 2081 1825 2075" 
                    HPOS="168.0"
                    VPOS="2037.0"
                    WIDTH="1656.0"
                    HEIGHT="147.0">
            <Shape><Polygon POINTS="168 2172 230 2184 232 2184 589 2158 596 2158 622 2169 624 2169 627 2169 762 2165 765 2165 767 2165 786 2150 824 2160 826 2160 829 2160 893 2146 895 2146 914 2158 917 2158 919 2158 921 2158 1028 2155 1283 2132 1290 2132 1292 2132 1337 2143 1340 2143 1342 2143 1344 2143 1347 2143 1347 2141 1361 2129 1420 2141 1423 2141 1425 2141 1487 2124 1489 2122 1646 2117 1691 2117 1751 2129 1753 2129 1755 2129 1824 2110 1824 2072 1819 2037 1632 2048 1610 2041 1594 2037 1591 2037 1589 2037 1587 2037 1565 2044 1530 2053 1432 2046 1368 2044 1366 2044 1363 2044 1351 2048 1332 2060 1302 2051 1292 2048 1290 2048 1287 2048 1261 2053 1204 2063 1133 2056 1092 2053 1090 2053 1088 2053 1069 2058 1019 2072 869 2065 824 2063 822 2063 819 2063 810 2065 779 2077 767 2067 765 2065 762 2065 760 2065 757 2065 755 2065 741 2067 679 2084 653 2070 651 2070 648 2070 646 2070 643 2070 641 2070 641 2072 624 2082 605 2072 603 2072 601 2072 598 2072 589 2072 491 2094 228 2101 168 2086 168 2124 168 2172"/></Shape>
	    <String CONTENT=""
                    HPOS="168.0"
                    VPOS="2037.0"
                    WIDTH="1656.0"
                    HEIGHT="147.0"
                    WC="0.9461932057558105"></String>
          </TextLine>

          
          
          <TextLine ID="eSc_line_10236192"
                    TAGREFS="LT15288"
                    BASELINE="169 2195 443 2192 592 2187 1559 2147 1825 2143" 
                    HPOS="166.0"
                    VPOS="2103.0"
                    WIDTH="1658.0"
                    HEIGHT="150.0">
            <Shape><Polygon POINTS="168 2193 168 2241 275 2253 287 2253 311 2253 313 2253 508 2231 522 2231 529 2231 648 2241 651 2241 653 2241 655 2241 674 2226 677 2224 684 2226 727 2238 729 2238 731 2238 734 2238 760 2226 1038 2226 1040 2226 1043 2226 1045 2226 1045 2224 1054 2215 1062 2210 1073 2215 1104 2224 1107 2224 1109 2224 1111 2224 1114 2224 1130 2212 1138 2207 1176 2212 1225 2217 1228 2217 1266 2210 1304 2200 1368 2205 1423 2210 1425 2210 1477 2203 1553 2191 1572 2200 1587 2205 1589 2205 1591 2205 1594 2205 1596 2205 1603 2198 1615 2191 1634 2198 1648 2203 1651 2203 1653 2203 1656 2203 1658 2203 1665 2196 1682 2186 1819 2191 1824 2141 1822 2113 1698 2103 1696 2103 1694 2103 1691 2103 1667 2117 1665 2117 1622 2105 1620 2105 1618 2105 1527 2122 1525 2122 1522 2122 1484 2110 1482 2110 1480 2110 1477 2110 1444 2124 1380 2115 1378 2115 1375 2115 1373 2115 1354 2129 1351 2129 1344 2129 1230 2120 1228 2120 1225 2120 1223 2120 1223 2122 1221 2122 1211 2134 1161 2124 1159 2124 1157 2124 1126 2136 1111 2124 1109 2124 1107 2124 1104 2124 1102 2124 1045 2141 1038 2141 1021 2141 855 2134 852 2134 738 2153 724 2153 712 2153 603 2143 601 2143 598 2143 544 2160 536 2162 380 2165 377 2165 358 2153 356 2153 354 2153 351 2153 166 2172 168 2193"/></Shape>
	    <String CONTENT=""
                    HPOS="166.0"
                    VPOS="2103.0"
                    WIDTH="1658.0"
                    HEIGHT="150.0"
                    WC="0.9433283309141794"></String>
          </TextLine>

          
          
          <TextLine ID="eSc_line_e9c2f737"
                    TAGREFS="LT15288"
                    BASELINE="171 2261 703 2250 839 2245 1827 2211" 
                    HPOS="166.0"
                    VPOS="2184.0"
                    WIDTH="1658.0"
                    HEIGHT="130.0">
            <Shape><Polygon POINTS="168 2260 168 2302 239 2314 242 2314 244 2314 294 2302 387 2310 389 2310 392 2310 422 2295 425 2295 465 2307 468 2307 470 2307 841 2295 843 2295 871 2283 1002 2291 1005 2291 1351 2267 1389 2262 1625 2257 1627 2257 1658 2269 1660 2269 1663 2269 1665 2269 1722 2255 1762 2267 1765 2267 1767 2267 1770 2267 1824 2250 1824 2210 1819 2184 1157 2193 1154 2193 1102 2205 1076 2215 850 2219 812 2217 757 2210 755 2210 753 2210 731 2219 724 2222 719 2219 705 2207 703 2207 700 2207 698 2207 696 2207 658 2222 646 2224 634 2222 591 2212 589 2212 529 2224 508 2229 494 2226 453 2219 451 2219 449 2219 446 2219 437 2229 432 2234 166 2236 168 2260"/></Shape>
	    <String CONTENT=""
                    HPOS="166.0"
                    VPOS="2184.0"
                    WIDTH="1658.0"
                    HEIGHT="130.0"
                    WC="0.9357732330696492"></String>
          </TextLine>

          
          
          <TextLine ID="eSc_line_6db67fa1"
                    TAGREFS="LT15288"
                    BASELINE="171 2331 672 2320 1102 2306 1824 2277" 
                    HPOS="166.0"
                    VPOS="2243.0"
                    WIDTH="1656.0"
                    HEIGHT="157.0">
            <Shape><Polygon POINTS="168 2329 168 2390 261 2386 268 2390 282 2400 285 2400 287 2400 289 2400 292 2400 294 2400 294 2397 306 2388 316 2378 335 2388 354 2395 356 2395 358 2395 361 2395 389 2386 415 2376 427 2383 449 2397 451 2397 453 2397 456 2397 458 2397 460 2397 482 2381 491 2376 506 2381 546 2395 548 2395 551 2395 553 2395 589 2378 598 2374 639 2376 817 2388 819 2388 822 2388 879 2367 886 2364 898 2367 983 2381 986 2381 988 2381 1047 2367 1107 2378 1109 2378 1397 2369 1456 2367 1458 2367 1461 2367 1461 2364 1484 2343 1487 2340 1515 2343 1560 2345 1570 2345 1594 2345 1618 2345 1618 2345 1627 2338 1632 2333 1822 2329 1822 2276 1819 2250 1710 2243 1708 2243 1603 2257 1577 2260 1570 2257 1541 2248 1539 2248 1537 2248 1473 2262 1454 2264 1427 2262 1332 2255 1330 2255 1328 2255 1325 2255 1309 2267 1304 2272 1292 2267 1259 2257 1256 2257 1254 2257 1176 2272 1173 2272 1168 2272 1045 2264 1043 2264 1040 2264 1038 2264 1038 2267 1026 2279 1021 2283 959 2283 943 2281 888 2269 886 2269 883 2269 881 2269 862 2283 855 2288 525 2298 503 2295 418 2286 415 2286 413 2286 365 2302 358 2305 166 2307 168 2329"/></Shape>
	    <String CONTENT=""
                    HPOS="166.0"
                    VPOS="2243.0"
                    WIDTH="1656.0"
                    HEIGHT="157.0"
                    WC="0.9003124829185637"></String>
          </TextLine>

          
          
          <TextLine ID="eSc_line_36d179b6"
                    TAGREFS="LT15288"
                    BASELINE="1489 2352 1824 2345" 
                    HPOS="1484.0"
                    VPOS="2310.0"
                    WIDTH="338.0"
                    HEIGHT="133.0">
            <Shape><Polygon POINTS="1487 2350 1487 2426 1587 2443 1589 2443 1822 2435 1822 2343 1817 2310 1484 2317 1487 2350"/></Shape>
	    <String CONTENT=""
                    HPOS="1484.0"
                    VPOS="2310.0"
                    WIDTH="338.0"
                    HEIGHT="133.0"
                    WC="0.8729072133700053"></String>
          </TextLine>

          
        </TextBlock>
        

        
      </PrintSpace>
    </Page>
  </Layout>
</alto>
