<?xml version="1.0" encoding="UTF-8"?>
<alto xmlns:xsi="http://www.w3.org/2001/XMLSchema-instance"
      xmlns="http://www.loc.gov/standards/alto/ns-v4#"
      xsi:schemaLocation="http://www.loc.gov/standards/alto/ns-v4# http://www.loc.gov/standards/alto/v4/alto-4-2.xsd">
  <Description>
    <MeasurementUnit>pixel</MeasurementUnit>
    <sourceImageInformation>
      <fileName>IE61220167_00083.jpg</fileName>
      <fileIdentifier>mets//export_doc4367_test4matthieu_alto_202404261220.zip/IE61220167_00083.jpg</fileIdentifier>
    </sourceImageInformation>
  </Description>
  
  <Tags>
    <OtherTag ID="BT8356" LABEL="MainLeft" DESCRIPTION="block type MainLeft"/><OtherTag ID="BT8355" LABEL="MainRight" DESCRIPTION="block type MainRight"/><OtherTag ID="BT6914" LABEL="Handwritten" DESCRIPTION="block type Handwritten"/><OtherTag ID="BT6913" LABEL="RunningHeader" DESCRIPTION="block type RunningHeader"/><OtherTag ID="BT6912" LABEL="Catchword" DESCRIPTION="block type Catchword"/><OtherTag ID="BT6911" LABEL="Margin" DESCRIPTION="block type Margin"/><OtherTag ID="BT6910" LABEL="FooterCentral" DESCRIPTION="block type FooterCentral"/><OtherTag ID="BT6909" LABEL="MainCentral" DESCRIPTION="block type MainCentral"/><OtherTag ID="BT6908" LABEL="Header" DESCRIPTION="block type Header"/><OtherTag ID="BT4" LABEL="Illustration" DESCRIPTION="block type Illustration"/><OtherTag ID="BT3" LABEL="Commentary" DESCRIPTION="block type Commentary"/><OtherTag ID="BT2" LABEL="Main" DESCRIPTION="block type Main"/><OtherTag ID="BT1" LABEL="Title" DESCRIPTION="block type Title"/>
    <OtherTag ID="LT15938" LABEL="MainLeft" DESCRIPTION="line type MainLeft"/><OtherTag ID="LT15937" LABEL="MainRight" DESCRIPTION="line type MainRight"/><OtherTag ID="LT15289" LABEL="Handwritten" DESCRIPTION="line type Handwritten"/><OtherTag ID="LT15288" LABEL="MainCentral" DESCRIPTION="line type MainCentral"/><OtherTag ID="LT15287" LABEL="NotMain" DESCRIPTION="line type NotMain"/>
  </Tags>
  
  <Layout>
    <Page WIDTH="1231"
          HEIGHT="1789"
          PHYSICAL_IMG_NR="6"
          ID="eSc_dummypage_">
      <PrintSpace HPOS="0"
                  VPOS="0"
                  WIDTH="1231"
                  HEIGHT="1789">
        
        <TextBlock HPOS="282.0"
                   VPOS="166.0"
                   WIDTH="909.0"
                   HEIGHT="1427.0"
                   ID="eSc_textblock_205c5b63"
                   TAGREFS="BT6909">
          <Shape><Polygon POINTS="336 166 1191 170 1183 1565 1171 1581 1076 1593 948 1577 294 1577 282 1458 290 182 336 166"/></Shape>
          
          
          <TextLine ID="eSc_line_574d8bc2"
                    TAGREFS="LT15288"
                    BASELINE="307 197 1177 197" 
                    HPOS="307.0"
                    VPOS="166.0"
                    WIDTH="870.0"
                    HEIGHT="75.0">
            <Shape><Polygon POINTS="1102 169 1092 169 1082 169 1072 169 1062 169 1053 169 1043 169 1033 169 1023 169 1013 169 1003 169 993 169 983 169 973 168 963 168 953 168 943 168 933 168 923 168 913 168 906 168 896 170 889 168 883 168 874 168 864 168 854 168 851 168 842 171 841 172 760 172 759 171 748 167 744 167 734 167 726 167 720 170 712 167 704 167 695 167 685 167 675 167 665 167 655 167 645 167 635 167 625 167 615 167 605 167 595 167 585 167 575 167 572 167 566 171 564 172 527 172 526 171 516 166 506 166 496 166 486 166 476 166 466 166 458 166 447 167 432 166 426 166 416 166 406 166 396 166 386 166 376 166 366 166 365 166 360 170 341 166 337 166 327 168 317 172 307 175 307 197 307 226 356 239 357 239 358 239 384 231 400 236 401 236 402 236 403 236 404 236 417 228 419 227 458 227 462 228 489 240 490 240 491 240 492 240 527 229 535 227 645 227 653 231 664 236 665 236 666 236 667 236 683 231 685 231 687 231 727 240 728 240 791 233 816 240 817 240 818 241 874 241 874 240 875 240 887 234 902 227 921 234 923 235 924 235 925 235 926 235 929 234 945 229 955 234 956 234 957 234 958 234 979 227 1018 229 1027 236 1033 240 1034 240 1035 240 1036 240 1061 236 1081 233 1092 236 1102 240 1103 240 1104 240 1177 237 1177 197 1177 172 1104 169 1102 169"/></Shape>
	    <String CONTENT=""
                    HPOS="307.0"
                    VPOS="166.0"
                    WIDTH="870.0"
                    HEIGHT="75.0"
                    WC="0.97508191210883"></String>
          </TextLine>

          
          
          <TextLine ID="eSc_line_88dfbcac"
                    TAGREFS="LT15288"
                    BASELINE="307 270 1178 272" 
                    HPOS="306.0"
                    VPOS="235.0"
                    WIDTH="872.0"
                    HEIGHT="76.0">
            <Shape><Polygon POINTS="306 299 351 310 351 311 472 311 472 310 473 310 488 304 561 310 562 310 563 310 564 310 579 300 585 296 611 296 620 300 637 307 638 307 689 310 690 310 691 310 692 310 705 300 712 296 739 296 788 298 790 300 806 311 807 311 808 311 809 311 838 310 839 310 840 310 854 300 859 297 863 300 869 304 870 304 871 304 872 304 893 300 905 298 909 300 926 311 927 311 928 311 929 311 976 300 990 297 999 300 1008 304 1009 304 1010 304 1033 300 1048 298 1057 300 1080 307 1081 307 1082 307 1083 307 1098 300 1106 297 1175 300 1178 272 1178 249 1146 237 1145 237 1144 237 1108 243 956 238 955 238 954 238 937 245 929 249 811 249 794 243 777 237 776 237 741 236 694 236 693 236 692 236 691 236 685 241 675 248 598 248 567 239 555 236 554 236 553 236 481 238 447 239 446 239 445 239 433 247 356 240 355 240 354 240 338 246 308 235 307 270 306 299"/></Shape>
	    <String CONTENT=""
                    HPOS="306.0"
                    VPOS="235.0"
                    WIDTH="872.0"
                    HEIGHT="76.0"
                    WC="0.9945764970034361"></String>
          </TextLine>

          
          
          <TextLine ID="eSc_line_1602109a"
                    TAGREFS="LT15288"
                    BASELINE="308 340 1176 343" 
                    HPOS="307.0"
                    VPOS="306.0"
                    WIDTH="869.0"
                    HEIGHT="81.0">
            <Shape><Polygon POINTS="308 340 307 369 363 385 364 385 365 386 387 386 387 385 388 385 389 385 410 371 446 371 481 371 482 371 503 385 504 385 505 385 506 385 555 384 556 384 587 372 665 372 666 372 685 386 686 386 687 386 688 386 733 379 751 386 752 386 915 387 916 387 964 379 1003 381 1004 381 1005 381 1023 375 1031 373 1051 375 1073 378 1074 378 1075 378 1084 376 1095 373 1103 376 1130 387 1131 387 1132 387 1133 387 1152 376 1158 373 1173 376 1176 343 1175 323 1106 309 1105 309 1032 319 1023 313 1022 313 1021 313 1020 313 990 318 969 312 968 312 967 312 966 312 951 318 941 323 887 323 876 317 861 310 860 310 739 308 738 308 737 308 723 314 706 322 598 322 564 311 558 309 557 309 556 309 507 309 502 310 501 310 486 317 453 310 452 310 357 317 336 307 335 307 308 306 308 340"/></Shape>
	    <String CONTENT=""
                    HPOS="307.0"
                    VPOS="306.0"
                    WIDTH="869.0"
                    HEIGHT="81.0"
                    WC="0.9880562067031861"></String>
          </TextLine>

          
          
          <TextLine ID="eSc_line_66b47721"
                    TAGREFS="LT15288"
                    BASELINE="581 417 899 415" 
                    HPOS="580.0"
                    VPOS="380.0"
                    WIDTH="319.0"
                    HEIGHT="76.0">
            <Shape><Polygon POINTS="581 417 581 455 639 449 693 455 703 456 704 456 705 456 706 456 706 455 707 455 712 449 739 448 753 455 754 455 755 455 756 455 759 455 785 449 792 455 793 455 794 455 795 456 842 456 842 455 846 455 874 448 896 454 899 415 898 386 825 381 824 381 789 386 788 386 787 386 767 380 766 380 765 380 733 387 730 387 729 387 719 380 718 380 717 380 716 380 679 385 634 380 633 380 632 380 631 380 623 386 617 381 616 381 615 381 614 381 580 387 581 417"/></Shape>
	    <String CONTENT=""
                    HPOS="580.0"
                    VPOS="380.0"
                    WIDTH="319.0"
                    HEIGHT="76.0"
                    WC="0.981804347038269"></String>
          </TextLine>

          
          
          <TextLine ID="eSc_line_487a8629"
                    TAGREFS="LT15288"
                    BASELINE="301 487 1175 490" 
                    HPOS="300.0"
                    VPOS="454.0"
                    WIDTH="875.0"
                    HEIGHT="77.0">
            <Shape><Polygon POINTS="301 487 300 525 348 518 455 518 470 526 473 529 474 529 475 529 476 530 555 530 555 529 556 529 557 529 560 526 568 521 604 519 635 524 636 524 637 524 649 519 665 526 673 530 674 530 675 531 830 531 830 530 831 530 832 530 836 526 847 519 883 524 884 524 1040 520 1065 526 1072 528 1073 528 1074 528 1173 526 1175 490 1175 458 1119 457 1118 457 1117 457 1114 458 1101 463 1025 463 1016 458 1010 456 1009 456 1008 456 1007 456 1002 459 989 466 933 466 893 459 865 455 864 455 841 459 817 465 724 465 716 460 706 455 705 455 704 455 397 461 335 454 334 454 333 454 301 462 301 487"/></Shape>
	    <String CONTENT=""
                    HPOS="300.0"
                    VPOS="454.0"
                    WIDTH="875.0"
                    HEIGHT="77.0"
                    WC="0.9994255792010914"></String>
          </TextLine>

          
          
          <TextLine ID="eSc_line_f605328d"
                    TAGREFS="LT15288"
                    BASELINE="302 559 985 565" 
                    HPOS="301.0"
                    VPOS="528.0"
                    WIDTH="684.0"
                    HEIGHT="76.0">
            <Shape><Polygon POINTS="302 559 301 586 318 587 330 598 330 599 331 599 332 599 333 600 349 600 349 599 350 599 351 599 364 588 376 588 403 588 416 599 416 600 417 600 418 600 419 600 459 594 465 598 466 598 467 598 468 598 469 598 470 598 480 592 520 599 521 599 522 599 540 592 565 601 566 601 567 601 568 601 587 594 601 601 602 601 642 602 643 602 661 601 662 601 663 601 676 591 680 592 710 597 711 597 757 593 765 592 767 593 774 598 775 598 776 598 777 598 805 593 808 593 812 593 870 604 871 604 923 602 924 602 925 602 937 595 940 593 982 595 985 565 985 532 912 532 911 532 910 532 909 532 898 541 789 541 749 533 731 530 611 529 610 529 609 529 591 534 574 538 547 534 526 531 525 531 524 531 523 531 518 534 518 535 517 534 509 529 508 529 507 529 506 529 462 535 448 536 430 535 351 528 350 528 302 535 302 559"/></Shape>
	    <String CONTENT=""
                    HPOS="301.0"
                    VPOS="528.0"
                    WIDTH="684.0"
                    HEIGHT="76.0"
                    WC="0.9973399599393209"></String>
          </TextLine>

          
          
          <TextLine ID="eSc_line_841a577a"
                    TAGREFS="LT15288"
                    BASELINE="299 634 1173 641" 
                    HPOS="298.0"
                    VPOS="600.0"
                    WIDTH="875.0"
                    HEIGHT="85.0">
            <Shape><Polygon POINTS="299 634 298 664 324 674 325 674 326 674 327 674 337 669 423 679 424 679 425 679 457 669 480 676 481 676 482 676 483 676 502 671 547 679 548 679 549 679 550 679 562 670 567 668 625 668 633 672 645 680 646 680 647 680 673 681 674 681 703 679 703 679 713 674 722 669 756 675 797 682 798 683 820 683 820 682 821 682 832 677 845 670 921 670 941 679 950 683 951 683 952 683 977 680 1047 671 1079 682 1084 684 1085 684 1086 685 1171 685 1173 641 1172 613 1080 613 1076 612 1040 605 1039 605 949 610 918 604 917 604 873 610 871 610 870 610 854 604 853 604 852 604 732 609 721 609 719 609 701 603 700 603 699 603 698 603 697 603 689 609 688 609 681 609 626 602 625 602 558 608 549 608 540 607 484 601 483 601 449 607 446 607 444 607 425 600 424 600 423 600 299 605 299 634"/></Shape>
	    <String CONTENT=""
                    HPOS="298.0"
                    VPOS="600.0"
                    WIDTH="875.0"
                    HEIGHT="85.0"
                    WC="0.9943132315363202"></String>
          </TextLine>

          
          
          <TextLine ID="eSc_line_09539a20"
                    TAGREFS="LT15288"
                    BASELINE="300 711 1173 714" 
                    HPOS="299.0"
                    VPOS="676.0"
                    WIDTH="874.0"
                    HEIGHT="80.0">
            <Shape><Polygon POINTS="300 711 299 739 388 740 411 754 412 754 413 754 414 755 460 755 460 754 461 754 462 754 481 741 521 741 588 741 589 741 616 748 617 748 618 748 619 748 631 743 648 755 649 755 650 755 651 756 721 756 721 755 722 755 723 755 731 750 815 755 816 755 817 755 818 755 840 742 841 742 877 742 878 742 916 756 917 756 918 756 1048 751 1105 756 1106 756 1171 743 1173 714 1172 690 1108 684 1107 684 1106 684 1105 684 1098 689 1083 682 1082 682 1081 682 1050 685 1011 678 1010 678 845 683 797 677 796 677 768 682 654 677 653 677 652 677 651 677 636 687 633 688 536 688 533 687 503 676 502 676 410 676 409 676 408 676 382 686 378 687 300 686 300 711"/></Shape>
	    <String CONTENT=""
                    HPOS="299.0"
                    VPOS="676.0"
                    WIDTH="874.0"
                    HEIGHT="80.0"
                    WC="0.9856025892145494"></String>
          </TextLine>

          
          
          <TextLine ID="eSc_line_93dfd7b4"
                    TAGREFS="LT15288"
                    BASELINE="297 782 1172 788" 
                    HPOS="296.0"
                    VPOS="753.0"
                    WIDTH="876.0"
                    HEIGHT="76.0">
            <Shape><Polygon POINTS="297 782 296 812 328 824 329 824 330 824 331 824 356 813 405 813 440 825 441 825 442 826 485 826 485 825 486 825 487 825 501 816 530 825 531 825 532 825 666 815 699 826 700 826 786 827 787 827 788 827 789 827 799 819 853 819 886 828 887 828 888 829 934 829 934 828 935 828 956 818 968 824 969 824 970 824 971 824 995 817 1097 817 1140 826 1141 826 1142 826 1171 817 1172 788 1172 771 1087 763 1086 763 992 768 964 756 963 756 916 756 915 756 914 756 890 768 889 768 865 755 864 755 863 755 805 761 796 755 795 755 794 755 793 755 739 760 732 754 731 754 730 754 675 754 674 754 591 765 584 765 583 764 561 753 560 753 534 753 533 753 532 753 512 764 509 765 297 762 297 782"/></Shape>
	    <String CONTENT=""
                    HPOS="296.0"
                    VPOS="753.0"
                    WIDTH="876.0"
                    HEIGHT="76.0"
                    WC="0.9791033818171575"></String>
          </TextLine>

          
          
          <TextLine ID="eSc_line_61a31c19"
                    TAGREFS="LT15288"
                    BASELINE="297 856 1170 863" 
                    HPOS="296.0"
                    VPOS="823.0"
                    WIDTH="874.0"
                    HEIGHT="82.0">
            <Shape><Polygon POINTS="297 856 296 881 350 894 351 894 369 890 381 898 382 898 383 898 384 898 385 898 417 884 439 884 449 892 450 892 451 892 452 892 453 892 475 886 496 895 497 895 498 895 499 895 527 884 529 884 586 889 587 889 588 889 600 885 638 900 639 900 670 901 671 901 742 887 769 895 770 895 771 895 820 887 821 887 855 902 856 902 919 903 920 904 1002 904 1002 903 1003 903 1030 891 1058 904 1059 904 1060 905 1082 905 1082 904 1083 904 1084 904 1107 890 1108 890 1167 890 1170 863 1170 835 1150 829 1149 829 1148 829 1058 834 1047 834 1043 834 1012 828 1011 828 963 833 959 833 958 833 949 828 948 828 947 828 864 832 858 832 857 832 844 827 843 827 842 827 841 827 830 832 829 832 819 832 739 827 738 827 709 831 706 831 705 831 693 826 692 826 691 826 690 826 689 826 683 831 681 831 632 831 632 830 619 825 618 825 617 825 560 830 551 830 529 829 387 823 386 823 385 823 375 828 361 823 360 823 359 823 297 827 297 856"/></Shape>
	    <String CONTENT=""
                    HPOS="296.0"
                    VPOS="823.0"
                    WIDTH="874.0"
                    HEIGHT="82.0"
                    WC="0.9897691281068892"></String>
          </TextLine>

          
          
          <TextLine ID="eSc_line_b74b1ede"
                    TAGREFS="LT15288"
                    BASELINE="297 929 1168 937" 
                    HPOS="296.0"
                    VPOS="896.0"
                    WIDTH="872.0"
                    HEIGHT="83.0">
            <Shape><Polygon POINTS="297 929 296 964 324 974 325 974 326 975 388 975 388 974 421 967 449 975 450 975 451 975 452 975 467 967 473 964 500 964 510 968 530 975 531 975 532 976 587 976 587 975 588 975 589 975 600 969 608 965 636 965 644 970 661 976 662 976 663 977 737 977 737 976 738 976 739 976 748 971 759 977 760 977 761 977 762 978 787 978 787 977 788 977 800 972 810 967 837 967 848 973 855 975 856 975 857 975 858 975 866 973 879 968 921 968 992 975 1007 975 1008 975 1009 975 1012 975 1022 972 1027 975 1033 979 1034 979 1035 979 1036 979 1059 975 1092 970 1165 976 1168 937 1167 910 929 903 928 903 927 903 920 906 911 909 857 909 816 904 787 901 786 901 785 901 779 903 765 909 707 902 703 902 702 902 701 902 700 902 693 907 679 902 678 902 677 902 676 902 624 908 564 900 555 899 554 899 549 900 519 907 460 907 447 898 446 898 445 898 444 898 440 898 342 905 329 897 328 897 327 897 297 896 297 929"/></Shape>
	    <String CONTENT=""
                    HPOS="296.0"
                    VPOS="896.0"
                    WIDTH="872.0"
                    HEIGHT="83.0"
                    WC="0.9803186717786287"></String>
          </TextLine>

          
          
          <TextLine ID="eSc_line_273a606d"
                    TAGREFS="LT15288"
                    BASELINE="400 1013 1165 1011" 
                    HPOS="399.0"
                    VPOS="980.0"
                    WIDTH="766.0"
                    HEIGHT="68.0">
            <Shape><Polygon POINTS="400 1013 400 1038 422 1045 423 1045 424 1045 463 1039 470 1038 473 1039 496 1048 497 1048 498 1048 499 1048 526 1040 550 1044 551 1044 552 1044 569 1040 573 1039 580 1040 618 1046 619 1046 650 1040 654 1040 657 1040 681 1048 682 1048 683 1048 684 1048 701 1043 780 1045 781 1045 782 1045 789 1041 798 1037 834 1037 842 1042 849 1047 850 1047 851 1047 852 1048 907 1048 907 1047 908 1047 917 1043 928 1037 952 1037 960 1043 961 1044 962 1044 963 1044 964 1044 971 1043 999 1037 1011 1043 1017 1046 1018 1046 1019 1046 1033 1043 1064 1037 1102 1037 1114 1044 1118 1047 1119 1047 1120 1047 1121 1047 1164 1044 1165 1011 1164 985 866 980 865 980 864 980 863 980 849 989 833 999 729 999 717 991 716 991 715 991 714 991 713 991 712 991 702 1000 672 1000 651 992 645 990 644 990 643 990 642 990 641 990 638 992 626 1000 566 1000 550 993 521 982 520 982 519 982 518 982 517 982 499 994 498 995 399 995 400 1013"/></Shape>
	    <String CONTENT=""
                    HPOS="399.0"
                    VPOS="980.0"
                    WIDTH="766.0"
                    HEIGHT="68.0"
                    WC="0.9912329622677394"></String>
          </TextLine>

          
          
          <TextLine ID="eSc_line_f4ed5705"
                    TAGREFS="LT15288"
                    BASELINE="296 1075 1168 1085" 
                    HPOS="295.0"
                    VPOS="1043.0"
                    WIDTH="873.0"
                    HEIGHT="87.0">
            <Shape><Polygon POINTS="295 1108 468 1104 500 1112 555 1126 556 1126 557 1127 636 1127 636 1126 672 1118 730 1128 731 1128 809 1124 816 1129 817 1129 818 1129 819 1130 864 1130 864 1129 865 1129 892 1116 904 1111 929 1117 944 1120 945 1120 962 1117 995 1111 1007 1118 1017 1123 1018 1123 1019 1123 1044 1118 1046 1118 1055 1124 1056 1124 1057 1124 1058 1124 1091 1119 1092 1119 1115 1123 1116 1123 1117 1123 1125 1119 1134 1114 1165 1119 1168 1085 1168 1058 1154 1053 1153 1053 1152 1053 1151 1053 1141 1057 1137 1059 1020 1059 1006 1055 994 1052 993 1052 992 1052 991 1052 990 1052 987 1055 982 1058 918 1058 908 1053 900 1050 899 1050 898 1050 876 1053 848 1056 831 1052 819 1049 818 1049 817 1049 816 1049 809 1052 798 1055 765 1051 749 1049 748 1049 734 1050 701 1054 663 1049 646 1047 645 1047 635 1049 608 1053 558 1047 545 1046 544 1046 543 1046 540 1047 523 1052 369 1045 368 1045 324 1050 297 1043 296 1075 295 1108"/></Shape>
	    <String CONTENT="ויכלו השמים והארץ וכל צבאם : ויכל"
                    HPOS="295.0"
                    VPOS="1043.0"
                    WIDTH="873.0"
                    HEIGHT="87.0"
                    WC="0.9737356211990118"></String>
          </TextLine>

          
          
          <TextLine ID="eSc_line_5afa095c"
                    TAGREFS="LT15288"
                    BASELINE="296 1149 1013 1160" 
                    HPOS="295.0"
                    VPOS="1121.0"
                    WIDTH="718.0"
                    HEIGHT="74.0">
            <Shape><Polygon POINTS="296 1149 295 1177 308 1178 323 1190 324 1190 325 1190 326 1190 356 1186 408 1191 409 1191 410 1191 440 1182 457 1192 458 1192 459 1192 531 1193 532 1193 533 1193 555 1182 621 1195 622 1195 623 1195 664 1184 699 1184 732 1195 733 1195 734 1195 735 1195 756 1188 800 1195 801 1195 802 1195 833 1187 873 1187 884 1195 885 1195 886 1195 887 1195 927 1188 961 1194 962 1194 1011 1188 1013 1160 1013 1134 948 1127 947 1127 884 1132 875 1132 874 1131 869 1127 868 1127 867 1127 816 1125 815 1125 814 1125 813 1125 804 1130 803 1131 801 1130 786 1125 785 1125 784 1125 725 1129 695 1131 677 1128 643 1123 642 1123 610 1127 597 1129 588 1127 573 1123 572 1123 571 1123 570 1123 562 1127 556 1129 549 1126 534 1121 533 1121 502 1121 501 1121 500 1121 499 1121 494 1126 491 1127 296 1123 296 1149"/></Shape>
	    <String CONTENT="אלהים ביום השביעי מלאכתו אשר"
                    HPOS="295.0"
                    VPOS="1121.0"
                    WIDTH="718.0"
                    HEIGHT="74.0"
                    WC="0.9862724768704382"></String>
          </TextLine>

          
          
          <TextLine ID="eSc_line_d8b0d33c"
                    TAGREFS="LT15288"
                    BASELINE="294 1224 1162 1235" 
                    HPOS="293.0"
                    VPOS="1197.0"
                    WIDTH="869.0"
                    HEIGHT="85.0">
            <Shape><Polygon POINTS="294 1224 293 1258 371 1272 372 1273 407 1273 407 1272 408 1272 432 1262 440 1259 450 1263 468 1270 469 1270 470 1270 520 1269 528 1274 529 1274 530 1274 531 1274 582 1272 583 1272 584 1272 593 1266 604 1260 623 1267 633 1271 634 1271 635 1271 636 1271 643 1268 657 1261 833 1262 881 1274 900 1278 901 1278 959 1276 1000 1275 1006 1277 1012 1280 1013 1280 1014 1281 1038 1281 1038 1280 1039 1280 1040 1280 1042 1278 1060 1267 1111 1280 1115 1281 1116 1281 1117 1282 1160 1282 1162 1235 1160 1203 1144 1207 1067 1202 1057 1202 1056 1202 1054 1202 1026 1208 1007 1202 1004 1201 1003 1201 1002 1201 993 1202 954 1207 916 1201 904 1200 861 1200 860 1200 859 1200 856 1201 847 1206 798 1201 767 1198 766 1198 751 1201 732 1204 710 1201 689 1197 688 1197 659 1200 633 1203 567 1200 508 1197 507 1197 294 1198 294 1224"/></Shape>
	    <String CONTENT=""
                    HPOS="293.0"
                    VPOS="1197.0"
                    WIDTH="869.0"
                    HEIGHT="85.0"
                    WC="0.9851449915340968"></String>
          </TextLine>

          
          
          <TextLine ID="eSc_line_b56d3cad"
                    TAGREFS="LT15288"
                    BASELINE="294 1299 1161 1309" 
                    HPOS="293.0"
                    VPOS="1273.0"
                    WIDTH="868.0"
                    HEIGHT="78.0">
            <Shape><Polygon POINTS="294 1299 293 1330 376 1344 377 1344 378 1344 418 1333 420 1332 422 1333 450 1345 451 1345 452 1346 512 1346 512 1345 513 1345 531 1334 532 1334 536 1334 608 1347 609 1348 654 1348 654 1347 655 1347 675 1337 679 1335 723 1335 729 1338 765 1349 766 1349 767 1350 798 1350 798 1349 799 1349 800 1349 814 1339 817 1337 828 1339 879 1350 941 1351 942 1351 943 1351 969 1341 976 1339 1017 1339 1022 1342 1038 1350 1039 1350 1040 1350 1041 1350 1055 1343 1061 1340 1069 1343 1080 1347 1081 1347 1082 1347 1083 1347 1091 1343 1096 1341 1158 1344 1161 1309 1161 1294 1133 1293 1116 1284 1115 1284 1114 1284 1113 1284 1089 1292 1045 1292 1004 1292 1000 1291 941 1279 940 1279 939 1279 924 1286 892 1282 891 1282 890 1282 889 1282 881 1288 846 1288 820 1288 818 1288 802 1278 801 1278 800 1278 799 1278 798 1278 786 1284 754 1275 753 1275 621 1274 620 1274 619 1274 618 1274 603 1284 601 1285 599 1284 587 1278 586 1278 547 1278 546 1278 545 1278 544 1278 537 1283 533 1285 464 1283 461 1281 448 1275 447 1275 446 1275 445 1275 431 1280 421 1276 420 1276 419 1276 418 1276 417 1276 411 1281 407 1283 387 1280 341 1273 340 1273 339 1273 325 1279 318 1282 294 1279 294 1299"/></Shape>
	    <String CONTENT="אתו כי בו שבת מכל מלאכתו אשר ברא"
                    HPOS="293.0"
                    VPOS="1273.0"
                    WIDTH="868.0"
                    HEIGHT="78.0"
                    WC="0.99638130086841"></String>
          </TextLine>

          
          
          <TextLine ID="eSc_line_ec8cd8bd"
                    TAGREFS="LT15288"
                    BASELINE="563 1379 878 1383" 
                    HPOS="562.0"
                    VPOS="1343.0"
                    WIDTH="316.0"
                    HEIGHT="86.0">
            <Shape><Polygon POINTS="563 1379 562 1409 575 1410 584 1419 584 1420 585 1420 586 1420 587 1420 588 1420 614 1411 616 1411 644 1411 646 1412 674 1426 675 1426 676 1427 713 1427 713 1426 714 1426 715 1426 729 1415 731 1414 734 1415 756 1425 757 1425 758 1425 759 1425 778 1417 788 1413 805 1413 813 1418 828 1428 829 1428 830 1428 831 1429 869 1429 869 1428 870 1428 871 1428 871 1427 876 1421 878 1383 877 1351 838 1353 827 1350 812 1346 811 1346 810 1346 759 1350 734 1352 724 1350 698 1344 697 1344 696 1344 695 1344 687 1350 686 1351 685 1350 676 1344 675 1344 674 1344 641 1343 640 1343 639 1343 626 1350 625 1350 563 1350 563 1379"/></Shape>
	    <String CONTENT="אלהים לעשות"
                    HPOS="562.0"
                    VPOS="1343.0"
                    WIDTH="316.0"
                    HEIGHT="86.0"
                    WC="0.9852476119995117"></String>
          </TextLine>

          
          
          <TextLine ID="eSc_line_1d51b567"
                    TAGREFS="LT15288"
                    BASELINE="293 1449 1156 1459" 
                    HPOS="292.0"
                    VPOS="1418.0"
                    WIDTH="864.0"
                    HEIGHT="86.0">
            <Shape><Polygon POINTS="293 1449 292 1478 350 1479 351 1480 379 1496 380 1496 381 1496 382 1496 425 1482 428 1481 460 1481 647 1483 657 1487 695 1499 696 1499 697 1499 724 1493 732 1498 733 1498 734 1498 850 1501 851 1501 852 1501 853 1501 861 1496 906 1502 907 1502 908 1502 921 1495 983 1503 984 1503 1018 1497 1035 1503 1036 1503 1094 1504 1095 1504 1096 1504 1113 1497 1131 1490 1152 1498 1156 1459 1155 1427 1106 1434 1037 1426 1031 1426 1030 1426 1026 1426 985 1433 939 1427 938 1427 914 1432 901 1426 898 1425 897 1425 896 1425 885 1426 843 1431 821 1426 810 1423 809 1423 808 1423 771 1426 738 1428 725 1426 708 1422 707 1422 688 1425 668 1429 647 1425 622 1421 621 1421 567 1425 553 1426 545 1425 515 1420 514 1420 493 1425 484 1427 478 1425 466 1420 465 1420 464 1420 400 1425 380 1426 371 1425 337 1418 336 1418 293 1424 293 1449"/></Shape>
	    <String CONTENT=""
                    HPOS="292.0"
                    VPOS="1418.0"
                    WIDTH="864.0"
                    HEIGHT="86.0"
                    WC="0.9942658559696095"></String>
          </TextLine>

          
          
          <TextLine ID="eSc_line_ae67e6ef"
                    TAGREFS="LT15288"
                    BASELINE="297 1521 1000 1532" 
                    HPOS="296.0"
                    VPOS="1489.0"
                    WIDTH="704.0"
                    HEIGHT="89.0">
            <Shape><Polygon POINTS="297 1521 296 1552 310 1558 311 1558 312 1558 381 1554 391 1554 392 1554 422 1571 423 1571 533 1572 534 1572 535 1572 558 1563 587 1563 600 1573 601 1573 602 1573 679 1575 680 1575 681 1575 699 1565 706 1560 742 1559 776 1566 777 1566 806 1560 854 1563 867 1570 882 1578 883 1578 884 1578 885 1578 904 1573 920 1578 921 1578 922 1578 923 1578 924 1578 932 1572 946 1563 971 1574 980 1577 981 1577 982 1577 998 1574 1000 1532 1000 1509 925 1499 924 1499 811 1503 755 1505 749 1501 741 1496 740 1496 739 1496 738 1496 737 1496 727 1501 726 1501 720 1501 684 1496 683 1496 682 1496 672 1499 662 1503 574 1503 560 1496 553 1493 552 1493 551 1493 550 1493 542 1496 525 1501 489 1496 488 1496 487 1496 486 1496 481 1500 474 1494 474 1493 473 1493 472 1493 471 1493 470 1493 469 1493 456 1500 419 1495 418 1495 334 1498 325 1491 325 1490 324 1490 323 1490 297 1489 297 1521"/></Shape>
	    <String CONTENT=""
                    HPOS="296.0"
                    VPOS="1489.0"
                    WIDTH="704.0"
                    HEIGHT="89.0"
                    WC="0.9888597295202058"></String>
          </TextLine>

          
        </TextBlock>
        

        
      </PrintSpace>
    </Page>
  </Layout>
</alto>
