<?xml version="1.0" encoding="UTF-8"?>
<alto xmlns:xsi="http://www.w3.org/2001/XMLSchema-instance"
      xmlns="http://www.loc.gov/standards/alto/ns-v4#"
      xsi:schemaLocation="http://www.loc.gov/standards/alto/ns-v4# http://www.loc.gov/standards/alto/v4/alto-4-2.xsd">
  <Description>
    <MeasurementUnit>pixel</MeasurementUnit>
    <sourceImageInformation>
      <fileName>IE61220167_00097.jpg</fileName>
      <fileIdentifier>mets//export_doc4367_test4matthieu_alto_202404261220.zip/IE61220167_00097.jpg</fileIdentifier>
    </sourceImageInformation>
  </Description>
  
  <Tags>
    <OtherTag ID="BT8356" LABEL="MainLeft" DESCRIPTION="block type MainLeft"/><OtherTag ID="BT8355" LABEL="MainRight" DESCRIPTION="block type MainRight"/><OtherTag ID="BT6914" LABEL="Handwritten" DESCRIPTION="block type Handwritten"/><OtherTag ID="BT6913" LABEL="RunningHeader" DESCRIPTION="block type RunningHeader"/><OtherTag ID="BT6912" LABEL="Catchword" DESCRIPTION="block type Catchword"/><OtherTag ID="BT6911" LABEL="Margin" DESCRIPTION="block type Margin"/><OtherTag ID="BT6910" LABEL="FooterCentral" DESCRIPTION="block type FooterCentral"/><OtherTag ID="BT6909" LABEL="MainCentral" DESCRIPTION="block type MainCentral"/><OtherTag ID="BT6908" LABEL="Header" DESCRIPTION="block type Header"/><OtherTag ID="BT4" LABEL="Illustration" DESCRIPTION="block type Illustration"/><OtherTag ID="BT3" LABEL="Commentary" DESCRIPTION="block type Commentary"/><OtherTag ID="BT2" LABEL="Main" DESCRIPTION="block type Main"/><OtherTag ID="BT1" LABEL="Title" DESCRIPTION="block type Title"/>
    <OtherTag ID="LT15938" LABEL="MainLeft" DESCRIPTION="line type MainLeft"/><OtherTag ID="LT15937" LABEL="MainRight" DESCRIPTION="line type MainRight"/><OtherTag ID="LT15289" LABEL="Handwritten" DESCRIPTION="line type Handwritten"/><OtherTag ID="LT15288" LABEL="MainCentral" DESCRIPTION="line type MainCentral"/><OtherTag ID="LT15287" LABEL="NotMain" DESCRIPTION="line type NotMain"/>
  </Tags>
  
  <Layout>
    <Page WIDTH="1221"
          HEIGHT="1822"
          PHYSICAL_IMG_NR="8"
          ID="eSc_dummypage_">
      <PrintSpace HPOS="0"
                  VPOS="0"
                  WIDTH="1221"
                  HEIGHT="1822">
        
        <TextBlock HPOS="275.0"
                   VPOS="178.0"
                   WIDTH="909.0"
                   HEIGHT="1432.0"
                   ID="eSc_textblock_2594389a"
                   TAGREFS="BT6909">
          <Shape><Polygon POINTS="562 178 1180 182 1184 1501 1172 1602 307 1610 279 1590 275 206 283 186 562 178"/></Shape>
          
          
          <TextLine ID="eSc_line_21b1fd10"
                    TAGREFS="LT15288"
                    BASELINE="283 229 990 207 1156 208" 
                    HPOS="281.0"
                    VPOS="181.0"
                    WIDTH="875.0"
                    HEIGHT="95.0">
            <Shape><Polygon POINTS="1101 181 1091 181 1081 181 1071 181 1061 181 1050 181 1045 181 1023 186 1018 187 1008 187 927 181 926 181 880 188 865 182 864 182 863 182 804 193 793 194 783 193 754 190 753 190 752 190 737 194 735 195 733 195 713 187 712 187 711 187 710 187 684 195 667 191 666 191 665 191 664 191 663 191 656 197 654 198 646 197 603 190 602 190 601 190 600 190 589 199 586 200 576 199 545 196 544 196 479 202 452 204 446 203 419 195 418 195 417 195 363 199 362 199 361 199 352 205 329 198 328 198 327 198 326 198 308 207 305 208 281 208 283 229 284 267 360 276 361 276 462 269 513 272 514 272 515 272 530 264 536 260 561 258 571 263 572 263 573 263 574 263 575 263 577 263 604 255 678 255 699 261 700 261 701 261 702 261 703 261 704 261 729 251 775 260 795 263 796 263 797 263 812 259 835 253 846 258 852 261 853 261 854 261 881 258 884 257 885 257 886 257 903 244 1039 241 1064 253 1065 253 1066 253 1067 253 1079 247 1099 254 1102 255 1103 255 1104 255 1156 253 1156 208 1154 183 1109 184 1108 184 1102 181 1101 181"/></Shape>
	    <String CONTENT=""
                    HPOS="281.0"
                    VPOS="181.0"
                    WIDTH="875.0"
                    HEIGHT="95.0"
                    WC="0.9845356380238253"></String>
          </TextLine>

          
          
          <TextLine ID="eSc_line_7211c419"
                    TAGREFS="LT15288"
                    BASELINE="285 303 418 302 734 288 1007 284" 
                    HPOS="284.0"
                    VPOS="258.0"
                    WIDTH="723.0"
                    HEIGHT="93.0">
            <Shape><Polygon POINTS="285 303 286 343 329 351 330 351 418 349 419 349 439 338 442 336 487 334 492 336 506 346 507 346 508 346 509 347 523 347 523 346 524 346 556 334 560 333 567 334 595 337 596 337 597 337 598 337 605 332 608 330 611 332 636 342 637 342 638 342 639 342 669 329 670 329 672 329 725 340 726 340 727 340 768 326 772 325 774 326 787 329 788 329 789 329 822 324 829 323 832 324 860 335 861 335 862 335 863 335 864 335 864 334 872 326 906 326 919 333 920 333 921 333 922 333 954 321 1007 317 1007 284 1006 264 970 260 969 260 968 260 957 265 935 259 934 259 933 259 932 259 931 259 921 266 918 268 908 267 869 261 868 261 844 266 828 258 827 258 826 258 807 259 806 259 805 259 789 270 757 262 756 262 739 261 738 261 737 261 736 261 722 269 701 262 700 262 699 262 657 263 656 263 630 270 593 269 592 269 591 269 576 277 574 278 573 277 556 271 555 271 554 271 514 274 504 268 503 268 502 268 501 268 500 268 452 281 447 283 284 286 285 303"/></Shape>
	    <String CONTENT=""
                    HPOS="284.0"
                    VPOS="258.0"
                    WIDTH="723.0"
                    HEIGHT="93.0"
                    WC="0.9991077123017147"></String>
          </TextLine>

          
          
          <TextLine ID="eSc_line_325878d2"
                    TAGREFS="LT15288"
                    BASELINE="286 378 761 362 1158 356" 
                    HPOS="285.0"
                    VPOS="330.0"
                    WIDTH="873.0"
                    HEIGHT="90.0">
            <Shape><Polygon POINTS="286 378 286 413 361 420 362 420 380 419 381 419 382 419 392 411 403 403 448 403 461 409 468 412 469 412 470 412 471 412 480 408 496 402 551 405 552 405 553 405 563 400 580 406 581 406 582 406 583 406 584 406 585 406 597 399 669 400 673 403 683 410 684 410 685 410 686 410 785 408 786 408 814 399 820 397 901 391 938 391 952 396 973 403 974 403 975 403 1085 393 1128 399 1129 399 1130 399 1158 390 1158 356 1157 336 1121 330 1120 330 1119 330 1118 330 1111 337 957 340 918 334 917 334 873 337 864 330 863 330 862 330 861 330 698 343 593 338 592 338 565 341 564 341 563 341 551 350 528 343 527 343 526 343 525 343 524 343 514 349 469 345 468 345 423 354 401 347 400 347 399 347 398 347 397 347 387 355 364 349 363 349 362 349 361 349 345 357 285 358 286 378"/></Shape>
	    <String CONTENT=""
                    HPOS="285.0"
                    VPOS="330.0"
                    WIDTH="873.0"
                    HEIGHT="90.0"
                    WC="0.9688425874098753"></String>
          </TextLine>

          
          
          <TextLine ID="eSc_line_016aa431"
                    TAGREFS="LT15288"
                    BASELINE="284 452 768 435 1161 428" 
                    HPOS="283.0"
                    VPOS="398.0"
                    WIDTH="879.0"
                    HEIGHT="94.0">
            <Shape><Polygon POINTS="284 452 285 489 319 484 329 489 334 491 335 491 336 491 337 491 349 488 358 486 366 488 386 492 387 492 388 492 389 492 395 487 411 476 427 476 479 476 491 483 492 483 493 483 494 483 495 483 496 483 502 479 522 484 532 487 533 487 534 487 598 486 599 486 600 486 605 483 616 476 630 482 635 484 636 484 637 484 692 483 706 480 746 472 817 472 840 477 848 479 849 479 850 479 854 477 882 463 1067 458 1093 472 1094 472 1095 472 1162 470 1161 428 1159 403 1145 405 1141 403 1129 398 1128 398 1127 398 1126 398 1114 404 1109 407 1005 409 991 408 951 403 950 403 897 411 878 413 871 411 851 406 850 406 849 406 848 406 847 406 839 412 839 413 837 412 827 409 826 409 825 409 764 416 737 418 708 417 602 413 601 413 529 423 525 423 516 423 369 422 368 422 283 430 284 452"/></Shape>
	    <String CONTENT=""
                    HPOS="283.0"
                    VPOS="398.0"
                    WIDTH="879.0"
                    HEIGHT="94.0"
                    WC="0.9833440631628036"></String>
          </TextLine>

          
          
          <TextLine ID="eSc_line_8756fc35"
                    TAGREFS="LT15288"
                    BASELINE="284 520 1160 502" 
                    HPOS="283.0"
                    VPOS="476.0"
                    WIDTH="877.0"
                    HEIGHT="88.0">
            <Shape><Polygon POINTS="284 520 284 558 375 564 376 564 377 564 401 557 403 557 404 557 427 563 428 563 429 563 497 556 501 556 503 556 526 561 527 561 557 555 576 552 593 555 615 559 616 559 648 554 680 550 764 553 799 554 800 554 822 552 889 546 911 551 914 552 915 552 916 552 923 551 967 544 1008 550 1009 550 1010 550 1013 550 1072 545 1159 548 1160 502 1158 476 1105 485 1069 480 1068 480 1067 480 1066 480 1054 487 1027 478 1021 476 1020 476 1019 476 1000 478 977 481 941 479 913 478 912 478 911 478 906 480 892 485 821 481 807 481 806 481 805 481 803 482 791 488 729 487 728 487 667 495 620 491 619 491 502 499 485 493 484 493 483 493 482 493 468 501 375 503 326 503 307 491 306 491 305 491 283 491 284 520"/></Shape>
	    <String CONTENT=""
                    HPOS="283.0"
                    VPOS="476.0"
                    WIDTH="877.0"
                    HEIGHT="88.0"
                    WC="0.9862394739941853"></String>
          </TextLine>

          
          
          <TextLine ID="eSc_line_e60be85a"
                    TAGREFS="LT15288"
                    BASELINE="283 598 857 581 1164 575" 
                    HPOS="282.0"
                    VPOS="552.0"
                    WIDTH="882.0"
                    HEIGHT="89.0">
            <Shape><Polygon POINTS="283 598 283 635 356 641 357 641 429 639 430 639 431 639 438 633 454 638 455 638 456 638 457 638 458 638 472 629 474 628 477 629 505 637 506 637 507 637 575 626 656 633 657 633 658 633 659 633 669 625 684 632 685 632 686 632 746 623 767 628 768 628 769 628 770 628 771 628 781 622 873 627 874 627 875 627 899 617 918 624 919 624 920 624 955 622 956 622 957 622 971 611 973 609 1163 604 1164 575 1163 556 1074 552 1073 552 1072 552 1071 552 1064 558 1062 560 1025 560 1023 559 1011 554 1010 554 1009 554 952 555 921 562 915 563 905 563 846 558 845 558 784 566 779 566 776 566 728 561 727 561 726 561 704 566 667 563 666 563 665 563 664 563 654 569 652 570 638 570 549 566 548 566 547 566 546 566 537 573 535 573 514 568 513 568 465 575 458 575 454 575 421 571 420 571 338 577 317 572 316 572 315 572 282 580 283 598"/></Shape>
	    <String CONTENT=""
                    HPOS="282.0"
                    VPOS="552.0"
                    WIDTH="882.0"
                    HEIGHT="89.0"
                    WC="0.9991581477224827"></String>
          </TextLine>

          
          
          <TextLine ID="eSc_line_3fcde7fc"
                    TAGREFS="LT15288"
                    BASELINE="285 671 1164 648" 
                    HPOS="284.0"
                    VPOS="620.0"
                    WIDTH="880.0"
                    HEIGHT="93.0">
            <Shape><Polygon POINTS="285 671 285 709 402 713 403 713 404 713 420 706 423 705 443 705 483 707 484 707 510 704 532 701 538 703 553 709 554 709 555 709 556 709 572 702 580 699 597 702 608 703 609 703 610 703 616 701 645 690 723 689 796 697 833 700 834 700 835 700 846 695 854 692 877 694 892 696 893 696 894 696 901 694 925 683 967 683 985 692 996 698 997 698 998 698 1057 690 1067 689 1069 690 1082 696 1083 696 1084 696 1149 694 1150 694 1164 687 1164 648 1162 626 1079 633 1070 628 1053 620 1052 620 1051 620 1015 621 1014 621 973 631 957 635 912 633 772 627 771 627 770 627 746 638 744 639 739 639 715 636 714 636 713 636 703 640 694 643 686 640 655 630 654 630 653 630 602 631 538 645 522 648 487 646 455 645 454 645 453 645 447 648 441 651 314 653 311 652 300 647 299 647 298 647 297 647 284 652 285 671"/></Shape>
	    <String CONTENT=""
                    HPOS="284.0"
                    VPOS="620.0"
                    WIDTH="880.0"
                    HEIGHT="93.0"
                    WC="0.9842289890561785"></String>
          </TextLine>

          
          
          <TextLine ID="eSc_line_a7852981"
                    TAGREFS="LT15288"
                    BASELINE="287 746 1165 721" 
                    HPOS="286.0"
                    VPOS="697.0"
                    WIDTH="879.0"
                    HEIGHT="96.0">
            <Shape><Polygon POINTS="287 746 287 784 354 793 355 793 397 792 398 792 424 781 470 781 491 789 492 789 493 789 494 789 495 789 508 779 538 784 539 784 540 784 568 775 581 771 686 770 694 771 716 776 717 776 718 776 735 770 736 770 773 781 774 781 775 781 837 775 907 778 908 778 909 778 939 766 967 775 968 775 969 775 1057 766 1072 773 1073 773 1074 773 1075 773 1092 764 1136 771 1137 771 1138 771 1165 756 1165 721 1163 697 1117 704 1018 702 1017 702 1016 702 1015 702 1009 707 985 703 980 702 979 702 965 703 906 711 879 706 870 705 869 705 760 708 741 711 711 716 698 712 689 710 688 710 687 710 671 713 649 718 615 715 587 713 586 713 562 717 539 721 523 718 508 716 507 716 484 720 464 724 286 726 287 746"/></Shape>
	    <String CONTENT=""
                    HPOS="286.0"
                    VPOS="697.0"
                    WIDTH="879.0"
                    HEIGHT="96.0"
                    WC="0.9938820658191558"></String>
          </TextLine>

          
          
          <TextLine ID="eSc_line_4858652f"
                    TAGREFS="LT15288"
                    BASELINE="285 818 1165 799" 
                    HPOS="284.0"
                    VPOS="774.0"
                    WIDTH="881.0"
                    HEIGHT="92.0">
            <Shape><Polygon POINTS="285 818 286 859 296 854 303 859 314 866 315 866 316 866 317 866 318 866 341 858 347 856 353 858 377 864 378 864 379 865 402 865 402 864 403 864 404 864 418 856 419 856 443 863 444 863 445 863 604 860 605 860 606 860 616 851 619 849 656 846 692 850 723 853 724 853 749 848 753 848 755 848 779 856 780 856 781 856 782 856 805 847 815 844 829 847 862 853 863 853 864 853 885 845 889 844 902 845 924 847 925 847 926 847 927 847 930 844 935 840 943 844 955 850 956 850 957 850 958 850 959 850 968 843 970 842 975 843 1003 851 1004 851 1005 851 1006 851 1023 842 1026 841 1028 842 1036 846 1037 846 1038 846 1039 846 1053 841 1065 838 1072 841 1077 843 1078 843 1079 843 1134 842 1148 848 1149 848 1150 848 1151 848 1152 848 1165 839 1165 799 1164 781 1132 774 1131 774 1130 774 1111 780 1068 775 1067 775 1021 784 1018 784 1016 784 996 777 995 777 994 777 900 785 845 780 844 780 787 789 783 789 781 789 754 782 753 782 752 782 751 782 750 782 739 790 738 791 649 792 648 792 633 785 632 785 631 785 539 794 535 794 532 794 474 788 473 788 472 788 471 788 461 796 453 792 452 792 451 792 284 799 285 818"/></Shape>
	    <String CONTENT="וזכרתי את בריתי יעקוב ואף את בריתי"
                    HPOS="284.0"
                    VPOS="774.0"
                    WIDTH="881.0"
                    HEIGHT="92.0"
                    WC="0.994965563981961"></String>
          </TextLine>

          
          
          <TextLine ID="eSc_line_66973cb5"
                    TAGREFS="LT15288"
                    BASELINE="286 894 1167 872" 
                    HPOS="285.0"
                    VPOS="849.0"
                    WIDTH="883.0"
                    HEIGHT="93.0">
            <Shape><Polygon POINTS="286 894 286 942 429 939 430 939 464 927 480 932 481 932 482 932 483 932 499 927 522 937 523 937 524 937 525 937 530 937 608 922 652 922 681 932 683 933 684 933 685 933 686 933 690 932 723 922 783 925 784 925 785 925 800 919 826 919 841 928 844 929 845 929 846 929 847 929 851 927 866 921 932 924 933 924 934 924 958 916 985 923 986 923 987 923 988 923 1005 914 1052 922 1056 922 1057 922 1059 922 1062 921 1099 912 1128 920 1134 921 1135 921 1136 921 1168 918 1167 872 1166 852 1107 849 1106 849 1039 855 1003 858 1000 856 994 852 993 852 992 852 991 852 990 852 971 857 961 859 936 858 904 856 903 856 902 856 888 859 880 861 876 859 866 855 865 855 864 855 775 857 774 857 773 857 765 862 761 865 643 867 636 866 610 861 609 861 584 866 526 863 525 863 487 870 479 872 285 875 286 894"/></Shape>
	    <String CONTENT="יצחק ואף את בריתי אברהם אזכר והארץ"
                    HPOS="285.0"
                    VPOS="849.0"
                    WIDTH="883.0"
                    HEIGHT="93.0"
                    WC="0.9990262116704668"></String>
          </TextLine>

          
          
          <TextLine ID="eSc_line_ca9cffe2"
                    TAGREFS="LT15288"
                    BASELINE="287 970 1166 946" 
                    HPOS="286.0"
                    VPOS="921.0"
                    WIDTH="880.0"
                    HEIGHT="96.0">
            <Shape><Polygon POINTS="287 970 288 1017 343 1012 355 1016 357 1016 358 1016 359 1016 360 1016 361 1015 375 1008 394 1014 395 1014 396 1014 397 1014 428 1000 526 1011 530 1011 531 1011 532 1011 533 1011 581 995 628 995 637 1001 638 1001 639 1001 640 1001 677 992 706 1004 707 1004 708 1004 709 1004 733 996 756 1004 757 1004 758 1005 763 1005 798 1005 798 1004 844 1002 845 1002 863 991 876 1000 877 1000 878 1000 879 1001 910 1001 932 1001 932 1000 933 1000 934 1000 960 983 982 983 1166 992 1166 946 1165 928 1136 921 1135 921 1050 923 1049 923 1019 932 1011 935 900 936 897 936 869 928 868 928 867 928 833 931 832 931 831 931 822 938 819 939 808 938 761 933 760 933 759 933 746 939 721 936 720 936 719 936 718 936 712 941 711 942 708 941 694 936 693 936 692 936 691 936 679 942 676 943 670 942 629 935 628 935 627 935 593 944 589 945 586 945 558 939 464 939 463 939 462 939 430 949 426 950 424 949 408 945 407 945 405 945 286 953 287 970"/></Shape>
	    <String CONTENT=""
                    HPOS="286.0"
                    VPOS="921.0"
                    WIDTH="880.0"
                    HEIGHT="96.0"
                    WC="0.9925704751695905"></String>
          </TextLine>

          
          
          <TextLine ID="eSc_line_8bcb560a"
                    TAGREFS="LT15288"
                    BASELINE="289 1042 1166 1021" 
                    HPOS="288.0"
                    VPOS="996.0"
                    WIDTH="878.0"
                    HEIGHT="89.0">
            <Shape><Polygon POINTS="289 1042 289 1085 339 1085 340 1085 341 1085 362 1077 383 1082 384 1082 385 1082 386 1082 387 1082 398 1073 416 1079 417 1079 418 1079 457 1069 513 1069 531 1078 537 1081 538 1081 539 1081 618 1079 619 1079 631 1074 655 1067 684 1072 705 1077 706 1077 707 1077 708 1077 713 1071 718 1068 764 1069 765 1069 766 1069 790 1062 815 1068 830 1072 831 1072 832 1072 833 1072 850 1067 851 1067 871 1072 872 1072 873 1072 943 1064 1003 1056 1071 1056 1080 1059 1096 1066 1097 1066 1098 1066 1166 1056 1166 1021 1165 999 1126 996 1125 996 1092 1000 1072 1003 1052 1002 1011 998 1010 998 1009 998 993 1003 984 1006 975 1004 957 998 956 998 955 998 925 1005 912 1008 865 1007 755 1003 754 1003 753 1003 740 1010 737 1012 705 1013 695 1011 664 1005 663 1005 662 1005 646 1013 642 1015 579 1016 571 1015 539 1008 538 1008 459 1018 448 1019 446 1018 436 1011 435 1011 434 1011 433 1011 371 1012 333 1021 328 1023 288 1023 289 1042"/></Shape>
	    <String CONTENT="איביהם לא מאסתים ולא געלתים לכלתם"
                    HPOS="288.0"
                    VPOS="996.0"
                    WIDTH="878.0"
                    HEIGHT="89.0"
                    WC="0.9836584555136191"></String>
          </TextLine>

          
          
          <TextLine ID="eSc_line_8b2cf296"
                    TAGREFS="LT15288"
                    BASELINE="289 1116 1167 1095" 
                    HPOS="288.0"
                    VPOS="1065.0"
                    WIDTH="880.0"
                    HEIGHT="100.0">
            <Shape><Polygon POINTS="289 1116 289 1148 371 1165 372 1165 373 1165 393 1158 413 1164 414 1164 415 1164 416 1164 417 1164 442 1148 487 1150 489 1150 511 1147 540 1141 598 1141 607 1146 625 1157 626 1157 627 1157 628 1157 776 1154 777 1154 795 1144 802 1141 811 1144 819 1147 820 1147 821 1147 822 1147 829 1144 849 1134 875 1134 896 1134 913 1144 914 1144 915 1144 916 1144 917 1144 919 1143 934 1139 956 1143 983 1148 984 1148 985 1148 995 1143 1006 1136 1016 1143 1022 1147 1023 1147 1024 1147 1025 1147 1026 1147 1035 1143 1044 1138 1054 1142 1063 1146 1064 1146 1065 1146 1168 1141 1167 1095 1165 1065 1099 1067 1098 1067 1086 1073 1055 1070 1054 1070 1053 1070 1033 1079 1021 1072 1020 1072 1019 1072 990 1078 957 1072 956 1072 885 1081 854 1074 845 1073 844 1073 843 1073 839 1075 821 1085 704 1080 688 1080 687 1080 686 1080 683 1081 663 1089 625 1089 599 1084 582 1080 581 1080 580 1080 571 1084 557 1091 496 1087 478 1086 477 1086 468 1088 440 1094 288 1094 289 1116"/></Shape>
	    <String CONTENT=""
                    HPOS="288.0"
                    VPOS="1065.0"
                    WIDTH="880.0"
                    HEIGHT="100.0"
                    WC="0.9890205499372984"></String>
          </TextLine>

          
          
          <TextLine ID="eSc_line_ce4322cd"
                    TAGREFS="LT15288"
                    BASELINE="290 1190 1166 1170" 
                    HPOS="289.0"
                    VPOS="1144.0"
                    WIDTH="877.0"
                    HEIGHT="89.0">
            <Shape><Polygon POINTS="290 1190 291 1230 303 1225 314 1230 321 1233 322 1233 323 1233 346 1232 347 1232 357 1229 378 1222 453 1226 454 1226 455 1226 456 1226 465 1220 485 1226 495 1229 496 1229 497 1229 498 1229 505 1226 521 1218 596 1217 660 1223 682 1225 683 1225 702 1222 751 1215 805 1220 816 1221 817 1221 818 1221 820 1220 832 1213 875 1212 907 1218 912 1219 913 1219 914 1219 916 1218 933 1212 968 1217 975 1218 977 1218 994 1217 1049 1212 1166 1213 1166 1170 1164 1147 1145 1150 1138 1147 1132 1144 1131 1144 1130 1144 1129 1144 1116 1148 1106 1151 1100 1148 1094 1146 1093 1146 1092 1146 1091 1146 1083 1149 1073 1152 1042 1150 989 1146 988 1146 939 1153 928 1154 923 1153 904 1148 903 1148 902 1148 854 1155 851 1155 848 1155 818 1153 817 1153 816 1153 815 1153 811 1156 808 1158 788 1157 728 1153 727 1153 726 1153 725 1153 716 1160 712 1162 696 1160 659 1155 658 1155 657 1155 641 1162 635 1165 533 1166 529 1165 519 1161 518 1161 517 1161 516 1161 515 1161 508 1166 505 1168 470 1168 468 1167 450 1160 449 1160 448 1160 447 1160 446 1160 434 1168 433 1168 427 1168 383 1164 382 1164 381 1164 365 1169 362 1170 359 1170 330 1164 329 1164 289 1171 290 1190"/></Shape>
	    <String CONTENT="וזכרתי להם ברית ראשנים אשר הוצאתי אתם"
                    HPOS="289.0"
                    VPOS="1144.0"
                    WIDTH="877.0"
                    HEIGHT="89.0"
                    WC="0.9835474216021024"></String>
          </TextLine>

          
          
          <TextLine ID="eSc_line_4e584a16"
                    TAGREFS="LT15288"
                    BASELINE="290 1264 1168 1245" 
                    HPOS="290.0"
                    VPOS="1217.0"
                    WIDTH="878.0"
                    HEIGHT="87.0">
            <Shape><Polygon POINTS="290 1299 354 1304 355 1304 356 1304 370 1297 376 1294 446 1292 462 1295 491 1301 492 1301 546 1300 547 1300 566 1293 568 1291 660 1287 678 1290 693 1292 694 1292 695 1292 707 1289 712 1288 716 1289 742 1296 743 1296 744 1296 802 1287 817 1294 818 1294 819 1294 949 1286 1008 1290 1009 1290 1010 1290 1032 1283 1050 1289 1051 1289 1052 1289 1121 1288 1168 1277 1168 1245 1166 1224 1101 1225 1098 1224 1074 1217 1073 1217 1072 1217 1071 1217 1050 1225 1047 1227 1005 1227 999 1226 978 1220 977 1220 975 1220 974 1220 958 1226 953 1228 949 1226 939 1221 938 1221 882 1219 881 1219 880 1219 849 1228 835 1231 794 1228 785 1228 784 1228 770 1229 691 1234 677 1230 658 1224 657 1224 656 1224 655 1224 635 1230 620 1235 591 1231 589 1231 588 1231 586 1231 564 1236 551 1231 540 1227 539 1227 538 1227 508 1232 465 1239 454 1233 448 1229 447 1229 446 1229 445 1229 415 1230 414 1230 407 1233 393 1240 354 1234 345 1233 344 1233 343 1233 338 1234 310 1241 291 1235 290 1264 290 1299"/></Shape>
	    <String CONTENT="מארץ מצרים לעיני הגוים להית להם לאלהים"
                    HPOS="290.0"
                    VPOS="1217.0"
                    WIDTH="878.0"
                    HEIGHT="87.0"
                    WC="0.9702027149689503"></String>
          </TextLine>

          
          
          <TextLine ID="eSc_line_8040b958"
                    TAGREFS="LT15288"
                    BASELINE="293 1337 598 1333 831 1323 1167 1319" 
                    HPOS="292.0"
                    VPOS="1295.0"
                    WIDTH="875.0"
                    HEIGHT="87.0">
            <Shape><Polygon POINTS="293 1337 293 1382 349 1382 349 1381 350 1381 355 1379 365 1375 370 1379 372 1380 373 1380 374 1380 375 1380 494 1378 495 1378 504 1374 524 1363 591 1364 592 1364 630 1356 658 1368 674 1375 675 1375 676 1375 677 1375 678 1375 689 1367 705 1354 731 1365 752 1373 753 1373 754 1374 795 1374 795 1373 817 1372 818 1372 845 1361 870 1350 941 1354 942 1354 943 1354 963 1348 1165 1348 1167 1319 1166 1299 1078 1295 1077 1295 1076 1295 1053 1300 1049 1301 1046 1301 1024 1296 1023 1296 1022 1296 1000 1301 996 1302 993 1301 967 1296 966 1296 893 1298 892 1298 879 1303 874 1305 868 1304 854 1300 853 1300 852 1300 826 1304 815 1306 809 1305 794 1299 793 1299 792 1299 791 1299 776 1305 771 1307 763 1305 739 1300 738 1300 696 1307 680 1309 672 1307 662 1304 661 1304 660 1304 618 1308 593 1310 574 1309 519 1304 518 1304 517 1304 516 1304 509 1310 506 1312 486 1310 462 1308 461 1308 460 1308 455 1311 449 1314 292 1314 293 1337"/></Shape>
	    <String CONTENT=""
                    HPOS="292.0"
                    VPOS="1295.0"
                    WIDTH="875.0"
                    HEIGHT="87.0"
                    WC="0.9865997802643549"></String>
          </TextLine>

          
          
          <TextLine ID="eSc_line_a8eda78f"
                    TAGREFS="LT15288"
                    BASELINE="291 1414 1169 1392" 
                    HPOS="290.0"
                    VPOS="1365.0"
                    WIDTH="879.0"
                    HEIGHT="97.0">
            <Shape><Polygon POINTS="291 1414 291 1450 320 1462 321 1462 322 1462 323 1462 324 1462 338 1453 365 1458 366 1458 367 1458 368 1458 382 1449 383 1449 411 1460 412 1460 413 1460 508 1457 509 1457 530 1448 543 1441 593 1441 606 1447 607 1447 608 1447 609 1447 610 1447 611 1447 628 1439 756 1438 792 1445 817 1449 818 1450 862 1450 862 1449 886 1444 912 1438 941 1438 951 1443 957 1446 958 1446 959 1446 1059 1444 1060 1444 1061 1444 1064 1442 1074 1436 1169 1440 1169 1392 1166 1365 1151 1371 1102 1368 1101 1368 1100 1368 1075 1376 1041 1369 1038 1369 1037 1369 1028 1370 940 1379 900 1374 868 1370 867 1370 810 1372 809 1372 808 1372 801 1377 799 1378 792 1378 748 1373 747 1373 746 1373 745 1373 736 1379 728 1384 662 1382 596 1380 595 1380 594 1380 581 1385 571 1388 554 1386 535 1383 534 1383 508 1387 490 1391 409 1391 407 1391 390 1382 389 1382 367 1382 366 1382 365 1382 343 1392 309 1389 308 1389 307 1389 290 1394 291 1414"/></Shape>
	    <String CONTENT="ושב וקבצך מכל העמים אשר הפיצך יהוה אלהיך"
                    HPOS="290.0"
                    VPOS="1365.0"
                    WIDTH="879.0"
                    HEIGHT="97.0"
                    WC="0.9961647391319275"></String>
          </TextLine>

          
          
          <TextLine ID="eSc_line_8f9879c9"
                    TAGREFS="LT15288"
                    BASELINE="292 1485 1170 1467" 
                    HPOS="291.0"
                    VPOS="1445.0"
                    WIDTH="879.0"
                    HEIGHT="83.0">
            <Shape><Polygon POINTS="292 1485 294 1528 341 1516 400 1521 401 1521 475 1515 491 1523 499 1527 500 1527 501 1527 502 1527 514 1522 536 1513 554 1520 555 1520 556 1520 557 1520 575 1515 590 1520 606 1526 607 1526 608 1527 633 1527 633 1526 634 1526 663 1518 676 1515 691 1517 729 1524 730 1524 809 1518 810 1518 811 1518 817 1514 820 1512 824 1514 842 1521 843 1521 844 1521 915 1520 916 1520 931 1513 946 1516 947 1516 948 1516 960 1510 975 1502 1037 1502 1046 1508 1055 1514 1056 1514 1057 1514 1059 1514 1060 1514 1081 1507 1084 1506 1086 1507 1110 1515 1111 1515 1112 1516 1143 1516 1143 1515 1144 1515 1170 1504 1170 1467 1168 1445 1021 1454 958 1450 934 1449 933 1449 914 1451 874 1457 849 1453 833 1451 832 1451 831 1451 830 1451 826 1454 820 1457 778 1455 730 1453 729 1453 687 1454 686 1454 679 1458 673 1461 663 1458 650 1455 649 1455 648 1455 578 1461 534 1464 520 1462 492 1458 491 1458 490 1458 473 1464 467 1466 291 1468 292 1485"/></Shape>
	    <String CONTENT="שמה : אם יהיה נדחך בקצה השמים משם"
                    HPOS="291.0"
                    VPOS="1445.0"
                    WIDTH="879.0"
                    HEIGHT="83.0"
                    WC="0.9940263740718365"></String>
          </TextLine>

          
          
          <TextLine ID="eSc_line_9a3c384b"
                    TAGREFS="LT15288"
                    BASELINE="292 1558 612 1556 1170 1540" 
                    HPOS="291.0"
                    VPOS="1518.0"
                    WIDTH="879.0"
                    HEIGHT="93.0">
            <Shape><Polygon POINTS="292 1558 292 1602 349 1602 353 1602 388 1609 389 1609 421 1602 430 1600 433 1602 444 1610 445 1610 446 1610 479 1611 480 1611 481 1611 500 1602 501 1601 590 1597 601 1601 626 1611 627 1611 628 1611 629 1611 641 1606 700 1609 701 1609 702 1609 723 1602 740 1606 741 1606 742 1606 743 1606 754 1600 757 1599 763 1600 789 1607 790 1607 791 1607 840 1606 841 1606 861 1600 875 1596 902 1600 914 1601 915 1601 925 1600 950 1595 961 1599 970 1603 971 1603 972 1603 1032 1599 1080 1596 1097 1599 1105 1600 1106 1600 1107 1600 1111 1599 1129 1592 1170 1598 1170 1540 1168 1518 1136 1523 1122 1519 1119 1518 1118 1518 1117 1518 1116 1518 1112 1519 1091 1525 1045 1521 1033 1520 1032 1520 1031 1520 1026 1521 997 1530 978 1523 967 1519 966 1519 932 1519 931 1519 900 1520 899 1520 898 1520 890 1525 880 1532 834 1526 827 1526 826 1526 792 1528 662 1535 648 1531 631 1526 630 1526 629 1526 628 1526 608 1532 584 1541 480 1542 459 1536 450 1534 449 1534 448 1534 447 1534 439 1537 426 1543 390 1543 354 1539 305 1534 304 1534 303 1534 291 1539 292 1558"/></Shape>
	    <String CONTENT="יקבצך יהוה אלהיך ומשם יקחך : והביאך י"
                    HPOS="291.0"
                    VPOS="1518.0"
                    WIDTH="879.0"
                    HEIGHT="93.0"
                    WC="0.9901820353099278"></String>
          </TextLine>

          
        </TextBlock>
        

        
      </PrintSpace>
    </Page>
  </Layout>
</alto>
