<?xml version="1.0" encoding="UTF-8"?>
<alto xmlns:xsi="http://www.w3.org/2001/XMLSchema-instance"
      xmlns="http://www.loc.gov/standards/alto/ns-v4#"
      xsi:schemaLocation="http://www.loc.gov/standards/alto/ns-v4# http://www.loc.gov/standards/alto/v4/alto-4-2.xsd">
  <Description>
    <MeasurementUnit>pixel</MeasurementUnit>
    <sourceImageInformation>
      <fileName>IE87744435_00015.jpg</fileName>
      <fileIdentifier>mets//export_doc4366_1col_14_copy_alto_202404261215.zip/IE87744435_00015.jpg</fileIdentifier>
    </sourceImageInformation>
  </Description>
  
  <Tags>
    <OtherTag ID="BT8356" LABEL="MainLeft" DESCRIPTION="block type MainLeft"/><OtherTag ID="BT8355" LABEL="MainRight" DESCRIPTION="block type MainRight"/><OtherTag ID="BT6914" LABEL="Handwritten" DESCRIPTION="block type Handwritten"/><OtherTag ID="BT6913" LABEL="RunningHeader" DESCRIPTION="block type RunningHeader"/><OtherTag ID="BT6912" LABEL="Catchword" DESCRIPTION="block type Catchword"/><OtherTag ID="BT6911" LABEL="Margin" DESCRIPTION="block type Margin"/><OtherTag ID="BT6910" LABEL="FooterCentral" DESCRIPTION="block type FooterCentral"/><OtherTag ID="BT6909" LABEL="MainCentral" DESCRIPTION="block type MainCentral"/><OtherTag ID="BT6908" LABEL="Header" DESCRIPTION="block type Header"/><OtherTag ID="BT4" LABEL="Illustration" DESCRIPTION="block type Illustration"/><OtherTag ID="BT3" LABEL="Commentary" DESCRIPTION="block type Commentary"/><OtherTag ID="BT2" LABEL="Main" DESCRIPTION="block type Main"/><OtherTag ID="BT1" LABEL="Title" DESCRIPTION="block type Title"/>
    <OtherTag ID="LT15938" LABEL="MainLeft" DESCRIPTION="line type MainLeft"/><OtherTag ID="LT15937" LABEL="MainRight" DESCRIPTION="line type MainRight"/><OtherTag ID="LT15289" LABEL="Handwritten" DESCRIPTION="line type Handwritten"/><OtherTag ID="LT15288" LABEL="MainCentral" DESCRIPTION="line type MainCentral"/><OtherTag ID="LT15287" LABEL="NotMain" DESCRIPTION="line type NotMain"/>
  </Tags>
  
  <Layout>
    <Page WIDTH="1386"
          HEIGHT="2224"
          PHYSICAL_IMG_NR="58"
          ID="eSc_dummypage_">
      <PrintSpace HPOS="0"
                  VPOS="0"
                  WIDTH="1386"
                  HEIGHT="2224">
        
        <TextBlock HPOS="178.0"
                   VPOS="158.0"
                   WIDTH="1128.0"
                   HEIGHT="1738.0"
                   ID="eSc_textblock_d4d8e67f"
                   TAGREFS="BT6909">
          <Shape><Polygon POINTS="1306 163 1296 1896 178 1896 178 163 361 158"/></Shape>
          
          
          <TextLine ID="eSc_line_b62ca9fa"
                    TAGREFS="LT15288"
                    BASELINE="182 184 1296 181" 
                    HPOS="181.0"
                    VPOS="158.0"
                    WIDTH="1115.0"
                    HEIGHT="74.0">
            <Shape><Polygon POINTS="1294 161 1282 161 1269 161 1257 161 1245 161 1232 161 1220 161 1207 161 1195 161 1183 161 1170 161 1158 161 1146 161 1133 161 1121 161 1109 161 1096 161 1084 161 1071 161 1059 160 1047 160 1034 160 1022 160 1010 160 997 160 985 160 973 160 960 160 948 160 935 160 923 160 911 160 898 160 886 160 874 160 861 160 849 160 837 160 824 159 812 159 799 159 787 159 775 159 762 159 750 159 738 159 725 159 713 159 701 159 688 159 676 159 663 159 651 159 639 159 626 159 614 159 602 159 598 158 221 160 218 161 206 161 194 161 181 161 182 184 182 223 197 231 199 231 200 232 260 232 260 231 262 231 290 223 294 222 299 223 326 231 327 231 328 231 330 231 331 231 341 223 344 222 436 222 441 224 451 231 452 231 453 231 454 232 488 232 488 231 489 231 505 224 513 222 551 224 612 229 613 229 614 229 631 226 646 222 673 226 712 231 713 231 714 231 730 226 750 221 770 226 773 227 775 227 776 227 785 227 833 221 843 227 846 229 848 229 849 229 850 231 916 231 916 229 917 229 918 229 921 227 931 221 944 227 948 229 949 229 950 229 952 229 956 228 975 221 1000 228 1006 229 1007 229 1008 229 1079 228 1080 228 1120 221 1139 229 1141 229 1142 229 1143 231 1295 231 1296 181 1294 161 1294 161"/></Shape>
	    <String CONTENT="ונתתי עשב בשדך לבהמתך ואכלת ושבעת : השמרו לכם פן יפתה"
                    HPOS="181.0"
                    VPOS="158.0"
                    WIDTH="1115.0"
                    HEIGHT="74.0"
                    WC="0.9887978468301162"></String>
          </TextLine>

          
          
          <TextLine ID="eSc_line_24a98ced"
                    TAGREFS="LT15288"
                    BASELINE="181 245 1298 243" 
                    HPOS="181.0"
                    VPOS="219.0"
                    WIDTH="1117.0"
                    HEIGHT="75.0">
            <Shape><Polygon POINTS="181 279 208 279 212 280 247 292 248 292 249 294 274 294 274 292 275 292 299 281 304 279 343 279 348 281 364 292 365 292 367 292 368 294 415 294 415 292 416 292 417 292 430 284 452 292 453 292 454 292 456 292 476 282 484 279 494 282 519 292 520 292 521 292 522 292 539 284 547 279 577 284 613 290 614 290 615 290 616 290 624 284 634 279 730 279 745 286 749 287 750 287 751 287 752 287 754 287 756 286 770 278 797 286 813 291 814 291 816 291 869 289 870 289 874 287 895 278 917 284 918 284 919 284 921 284 934 279 949 287 949 289 950 289 952 289 953 289 954 289 955 289 955 287 970 279 1003 279 1026 289 1028 290 1029 290 1031 290 1032 290 1036 289 1067 278 1084 290 1086 291 1088 291 1089 291 1090 292 1296 292 1298 243 1296 224 792 219 791 219 719 226 701 227 694 226 676 221 675 221 673 221 634 226 624 227 607 226 527 221 526 221 490 227 484 227 471 227 375 221 374 221 373 221 357 227 356 228 181 228 181 245 181 279"/></Shape>
	    <String CONTENT="לבבכם וסרתם ועבדתם אלהים אחרים והשתחויתם להם : וחרה"
                    HPOS="181.0"
                    VPOS="219.0"
                    WIDTH="1117.0"
                    HEIGHT="75.0"
                    WC="0.9843982982635499"></String>
          </TextLine>

          
          
          <TextLine ID="eSc_line_8f61ce34"
                    TAGREFS="LT15288"
                    BASELINE="181 306 1296 306" 
                    HPOS="181.0"
                    VPOS="281.0"
                    WIDTH="1115.0"
                    HEIGHT="72.0">
            <Shape><Polygon POINTS="181 306 181 347 232 352 233 352 234 352 249 348 278 339 291 348 297 352 299 352 300 352 301 353 322 353 322 352 323 352 325 352 330 348 343 339 377 339 398 348 403 350 404 350 498 352 499 352 500 352 508 349 532 339 553 349 560 352 561 352 562 352 574 349 600 343 650 349 670 352 671 352 672 352 677 349 699 339 782 339 825 339 840 350 841 350 843 350 844 350 845 350 846 350 866 339 932 339 954 350 956 352 958 352 959 352 960 352 961 352 963 350 973 344 997 350 999 350 1000 350 1001 350 1002 350 1017 341 1052 352 1054 352 1055 352 1057 352 1058 352 1059 352 1075 344 1130 350 1131 350 1132 350 1156 339 1177 352 1178 352 1179 352 1180 352 1181 352 1204 344 1216 352 1217 352 1219 352 1220 353 1296 353 1296 306 1296 289 851 281 850 281 820 287 807 281 806 281 804 281 761 289 759 289 746 281 745 281 744 281 630 281 629 281 599 287 485 282 484 282 347 289 344 289 343 289 297 281 296 281 295 281 294 281 283 289 283 290 181 290 181 306"/></Shape>
	    <String CONTENT="אף יהוה בכם ועצר את השמים ולא יהיה מטר והאדמה לא תתן"
                    HPOS="181.0"
                    VPOS="281.0"
                    WIDTH="1115.0"
                    HEIGHT="72.0"
                    WC="0.9876932020370777"></String>
          </TextLine>

          
          
          <TextLine ID="eSc_line_b0a55298"
                    TAGREFS="LT15288"
                    BASELINE="182 365 1299 368" 
                    HPOS="181.0"
                    VPOS="341.0"
                    WIDTH="1118.0"
                    HEIGHT="76.0">
            <Shape><Polygon POINTS="182 365 181 411 236 415 237 415 238 415 248 411 259 407 286 411 314 415 315 415 316 415 331 411 344 407 358 411 375 415 377 415 378 415 379 415 380 415 386 411 400 402 442 402 458 410 467 415 468 415 469 415 471 415 483 410 495 405 508 410 519 413 520 413 521 413 522 413 530 410 545 402 568 410 571 410 572 410 573 410 574 410 576 410 592 402 639 402 651 408 658 412 660 412 661 412 766 408 881 404 888 407 906 416 907 416 908 416 945 407 950 406 953 407 966 416 968 416 969 416 970 416 1064 406 1073 406 1074 406 1091 416 1092 416 1094 416 1095 416 1096 416 1109 408 1128 416 1130 416 1131 417 1219 417 1219 416 1220 416 1247 405 1251 404 1256 405 1274 413 1275 413 1277 413 1278 413 1298 405 1299 368 1298 349 1206 342 1205 342 1204 342 1190 348 1190 349 1039 349 1039 348 1026 342 1024 342 1023 342 1022 342 1021 342 1012 348 992 342 991 342 990 342 989 342 968 348 966 348 956 342 955 342 954 342 953 342 952 342 929 348 927 348 922 348 876 342 875 342 840 348 837 348 834 348 819 342 818 342 817 342 762 348 752 348 749 348 727 341 725 341 724 341 657 347 656 347 655 347 602 341 600 341 547 347 545 347 544 347 515 341 514 341 513 341 488 347 485 347 479 347 390 341 389 341 182 345 182 365"/></Shape>
	    <String CONTENT="את יבולה ואבדתם מהרה מעל הארץ הטבה אשר יהוה נתן לכם :"
                    HPOS="181.0"
                    VPOS="341.0"
                    WIDTH="1118.0"
                    HEIGHT="76.0"
                    WC="0.9920754535840108"></String>
          </TextLine>

          
          
          <TextLine ID="eSc_line_c8003e76"
                    TAGREFS="LT15288"
                    BASELINE="184 427 1298 429" 
                    HPOS="182.0"
                    VPOS="410.0"
                    WIDTH="1116.0"
                    HEIGHT="65.0">
            <Shape><Polygon POINTS="184 427 182 460 252 474 253 475 331 475 331 474 332 474 364 463 419 474 420 475 621 475 621 474 623 474 624 474 644 463 675 463 701 474 702 474 703 474 738 467 748 475 749 475 750 475 751 475 819 467 843 473 844 473 845 473 846 473 848 473 861 464 891 471 892 471 893 471 895 471 916 464 959 473 960 473 961 473 982 467 1011 475 1012 475 1013 475 1015 475 1016 475 1032 464 1073 475 1074 475 1075 475 1076 475 1109 464 1143 474 1144 474 1146 474 1147 474 1148 474 1163 464 1185 464 1237 475 1238 475 1240 475 1241 475 1254 465 1295 463 1298 429 1296 412 184 410 184 427"/></Shape>
	    <String CONTENT="ושמתם את דברי אלה על לבבכם ועל נפשכם וקשרתם אתם לאות"
                    HPOS="182.0"
                    VPOS="410.0"
                    WIDTH="1116.0"
                    HEIGHT="65.0"
                    WC="0.969491611306484"></String>
          </TextLine>

          
          
          <TextLine ID="eSc_line_28a6556a"
                    TAGREFS="LT15288"
                    BASELINE="181 488 1296 490" 
                    HPOS="180.0"
                    VPOS="463.0"
                    WIDTH="1116.0"
                    HEIGHT="76.0">
            <Shape><Polygon POINTS="181 488 180 526 201 537 202 537 204 537 205 537 238 528 264 537 265 537 267 537 268 537 294 528 306 537 307 537 309 537 310 537 311 537 341 530 383 537 384 537 385 537 386 537 400 527 454 534 456 534 457 534 479 528 499 537 500 537 501 537 503 537 530 527 532 527 562 527 565 528 577 537 578 537 579 537 581 538 629 538 629 537 630 537 650 528 655 527 662 528 693 536 694 536 696 536 720 530 728 527 733 530 752 538 754 538 755 538 756 538 781 530 786 528 817 528 820 530 832 538 833 538 834 538 835 538 885 531 901 528 932 528 938 531 949 538 950 538 952 538 953 539 1049 539 1049 538 1050 538 1052 538 1060 532 1063 531 1064 532 1074 538 1075 538 1076 538 1078 539 1126 539 1126 538 1127 538 1128 538 1136 532 1142 528 1159 533 1175 537 1177 537 1178 537 1179 537 1188 533 1191 531 1195 533 1201 538 1203 538 1204 538 1205 538 1206 538 1221 533 1237 528 1293 533 1296 490 1295 470 1159 464 1158 464 1105 470 1085 471 1068 470 1024 464 1023 464 987 470 974 471 963 470 937 464 935 464 934 464 916 470 908 471 865 470 777 465 776 465 775 465 761 470 754 471 731 470 662 463 661 463 660 463 636 470 633 470 181 470 181 488"/></Shape>
	    <String CONTENT="על ידכם והיו לטוטפת בין עיניכם : ולמדתם אתם את בניכם לדבר"
                    HPOS="180.0"
                    VPOS="463.0"
                    WIDTH="1116.0"
                    HEIGHT="76.0"
                    WC="0.9616172585571021"></String>
          </TextLine>

          
          
          <TextLine ID="eSc_line_48d6b03a"
                    TAGREFS="LT15288"
                    BASELINE="180 552 1295 554" 
                    HPOS="179.0"
                    VPOS="527.0"
                    WIDTH="1116.0"
                    HEIGHT="75.0">
            <Shape><Polygon POINTS="180 552 179 590 213 601 215 601 216 602 258 602 258 601 259 601 260 601 273 593 311 601 312 601 314 601 331 593 384 593 398 601 399 601 400 601 401 601 474 593 501 601 503 601 504 602 667 602 667 601 668 601 689 593 727 601 728 601 802 594 816 602 817 602 818 602 819 602 939 594 985 602 986 602 987 602 1015 594 1084 602 1085 602 1206 601 1242 594 1243 594 1245 594 1274 602 1275 602 1277 602 1278 602 1294 594 1295 554 1294 536 1027 528 1026 528 958 534 950 534 943 534 885 528 884 528 882 528 881 528 872 534 870 536 788 536 780 534 724 527 723 527 686 533 671 527 670 527 668 527 180 532 180 552"/></Shape>
	    <String CONTENT="בם בשבתך בביתך ובלכתך בדרך ובשכבך ובקומך : וכתבתם"
                    HPOS="179.0"
                    VPOS="527.0"
                    WIDTH="1116.0"
                    HEIGHT="75.0"
                    WC="0.9694159055242733"></String>
          </TextLine>

          
          
          <TextLine ID="eSc_line_483cb28d"
                    TAGREFS="LT15288"
                    BASELINE="792 614 1290 614" 
                    HPOS="792.0"
                    VPOS="589.0"
                    WIDTH="498.0"
                    HEIGHT="75.0">
            <Shape><Polygon POINTS="792 614 792 648 819 648 853 663 854 663 855 663 856 663 890 653 905 663 906 663 907 663 908 664 954 664 954 663 955 663 956 663 975 649 979 648 1006 648 1007 651 1020 662 1020 663 1021 663 1022 663 1023 663 1094 657 1095 657 1096 657 1104 652 1109 648 1132 648 1136 652 1147 662 1147 663 1148 663 1149 663 1151 664 1203 664 1203 663 1204 663 1205 663 1205 662 1215 653 1220 648 1236 648 1245 653 1254 661 1256 661 1257 661 1258 661 1290 653 1290 614 1290 599 1261 598 1253 590 1253 589 1252 589 1251 589 1249 589 1248 589 1214 598 1180 589 1179 589 1178 589 1135 599 1070 599 1053 590 1052 590 1050 590 1049 590 1029 598 1011 589 1010 589 1008 589 1007 589 981 598 965 589 964 589 865 589 864 589 863 589 861 589 851 596 812 590 811 590 809 590 792 598 792 614"/></Shape>
	    <String CONTENT="על מזוזות ביתך ובשעריך :"
                    HPOS="792.0"
                    VPOS="589.0"
                    WIDTH="498.0"
                    HEIGHT="75.0"
                    WC="0.9788594469428062"></String>
          </TextLine>

          
          
          <TextLine ID="eSc_line_8eef6aec"
                    TAGREFS="LT15288"
                    BASELINE="180 675 1238 673" 
                    HPOS="178.0"
                    VPOS="639.0"
                    WIDTH="1059.0"
                    HEIGHT="87.0">
            <Shape><Polygon POINTS="179 674 179 713 230 724 231 724 233 724 235 724 235 722 244 713 250 709 287 709 293 713 306 724 308 724 309 724 311 726 372 726 372 724 374 724 408 713 415 709 421 713 437 724 439 724 441 724 443 724 445 724 447 724 447 722 456 713 476 722 478 722 480 722 482 722 517 711 528 709 541 711 601 724 603 724 604 724 647 711 654 709 675 711 803 724 805 724 807 724 808 724 808 722 821 709 849 722 851 722 853 722 918 709 920 709 922 709 957 724 959 724 961 724 962 724 964 724 983 709 1013 724 1014 724 1016 724 1018 724 1052 715 1102 724 1103 724 1105 724 1107 724 1122 715 1131 722 1131 724 1133 724 1135 724 1137 726 1209 726 1209 724 1211 724 1213 724 1237 707 1237 672 1235 652 365 639 363 639 361 639 359 639 346 648 196 643 194 643 192 643 191 643 178 648 179 674"/></Shape>
	    <String CONTENT="למען ירבו ימיכם וימי בניכם על האדמה אשר נשבע יהוה"
                    HPOS="178.0"
                    VPOS="639.0"
                    WIDTH="1059.0"
                    HEIGHT="87.0"
                    WC="0.9607647195154306"></String>
          </TextLine>

          
          
          <TextLine ID="eSc_line_c8588135"
                    TAGREFS="LT15288"
                    BASELINE="504 736 1296 740" 
                    HPOS="503.0"
                    VPOS="709.0"
                    WIDTH="793.0"
                    HEIGHT="76.0">
            <Shape><Polygon POINTS="503 768 530 769 545 782 546 782 547 782 548 782 550 782 551 782 563 770 579 782 581 782 582 782 583 783 646 783 646 782 647 782 649 782 649 780 661 770 677 770 699 770 708 778 709 778 710 778 712 778 713 778 736 770 748 780 748 782 749 782 750 782 751 782 752 782 776 775 791 783 792 783 793 783 795 783 796 783 809 772 820 780 822 780 823 780 824 780 825 780 854 772 865 782 865 783 866 783 867 783 869 784 887 784 887 783 888 783 890 783 903 772 905 772 940 772 942 772 954 783 955 783 956 783 958 783 1044 773 1059 784 1060 784 1062 784 1063 784 1064 784 1090 778 1106 783 1107 783 1109 783 1110 783 1111 783 1126 773 1142 784 1143 784 1144 784 1146 785 1170 785 1170 784 1172 784 1173 784 1173 783 1184 773 1185 773 1188 773 1233 784 1235 785 1275 785 1275 784 1277 784 1295 774 1296 740 1296 720 1211 711 1210 711 1120 719 1111 719 1109 719 1088 711 1086 711 1085 711 1084 711 1062 719 1058 719 1054 719 1013 710 1012 710 969 717 968 717 922 710 872 710 871 710 870 710 855 717 854 717 851 717 820 710 819 710 818 710 802 717 801 719 770 719 767 717 759 710 757 710 756 710 755 710 688 716 687 716 680 710 680 709 678 709 677 709 676 709 642 716 640 716 635 716 563 710 562 710 504 715 504 736"/></Shape>
	    <String CONTENT="לאבתיכם לתת להם כימי השמים על הארץ :"
                    HPOS="503.0"
                    VPOS="709.0"
                    WIDTH="793.0"
                    HEIGHT="76.0"
                    WC="0.9839043981499143"></String>
          </TextLine>

          
          
          <TextLine ID="eSc_line_a09c95a5"
                    TAGREFS="LT15288"
                    BASELINE="179 796 1246 800" 
                    HPOS="176.0"
                    VPOS="763.0"
                    WIDTH="1068.0"
                    HEIGHT="82.0">
            <Shape><Polygon POINTS="178 795 176 828 211 843 213 843 215 845 419 845 419 843 421 843 423 843 434 834 590 843 591 843 593 843 595 843 595 841 608 830 645 843 647 843 649 843 651 843 675 830 718 841 719 841 721 841 779 832 799 845 801 845 803 845 805 845 866 832 879 843 879 845 881 845 883 845 885 845 886 845 931 832 994 832 1005 841 1005 843 1007 843 1009 843 1011 843 1013 843 1014 843 1027 835 1037 843 1037 845 1039 845 1040 845 1042 845 1131 832 1146 843 1146 845 1148 845 1150 845 1152 845 1154 845 1180 835 1207 845 1209 845 1211 845 1213 845 1243 830 1244 798 1244 778 1194 765 1193 765 1191 765 1109 776 1107 776 1031 765 1029 765 1027 765 1007 776 925 776 866 776 844 765 842 765 840 765 740 776 729 776 710 763 708 763 706 763 705 763 627 774 562 765 560 765 504 772 493 763 491 763 489 763 487 763 486 763 484 763 473 772 398 763 397 763 395 763 371 774 356 765 354 765 352 765 350 765 280 774 274 774 269 774 205 763 204 763 202 763 179 770 178 795"/></Shape>
	    <String CONTENT=""
                    HPOS="176.0"
                    VPOS="763.0"
                    WIDTH="1068.0"
                    HEIGHT="82.0"
                    WC="0.9657561720586291"></String>
          </TextLine>

          
          
          <TextLine ID="eSc_line_b011c205"
                    TAGREFS="LT15288"
                    BASELINE="180 855 1296 862" 
                    HPOS="179.0"
                    VPOS="827.0"
                    WIDTH="1117.0"
                    HEIGHT="82.0">
            <Shape><Polygon POINTS="179 892 255 903 257 903 378 895 384 895 385 895 398 904 399 904 400 904 401 904 467 897 493 894 511 898 551 905 552 906 675 906 675 905 676 905 692 900 707 895 722 900 738 906 739 906 740 906 741 906 761 901 766 900 771 901 787 906 788 906 790 906 791 906 801 901 813 897 840 903 861 906 863 906 864 906 874 903 891 897 902 904 906 906 907 906 908 906 909 906 911 906 918 904 927 900 934 904 942 908 943 908 944 908 945 908 953 904 966 898 1052 898 1067 906 1069 908 1070 908 1071 908 1073 908 1074 908 1079 906 1105 898 1139 906 1147 909 1148 909 1149 909 1168 908 1248 899 1293 909 1296 862 1296 845 1259 835 1258 835 1257 835 1132 842 1115 842 1112 841 1095 834 1094 834 1092 834 1091 834 1065 841 1063 841 1054 841 986 834 985 834 948 838 924 842 903 838 891 836 890 836 858 837 793 841 765 836 736 831 688 831 687 831 686 831 684 831 680 835 671 840 511 840 494 832 489 830 488 830 487 830 471 831 416 838 211 838 181 827 180 855 179 892"/></Shape>
	    <String CONTENT="ועשו להם ציצת על כנפי בגדיהם לדרתם ונתנו על ציצת הכנף פתיל"
                    HPOS="179.0"
                    VPOS="827.0"
                    WIDTH="1117.0"
                    HEIGHT="82.0"
                    WC="0.9646109154349879"></String>
          </TextLine>

          
          
          <TextLine ID="eSc_line_5ab7134a"
                    TAGREFS="LT15288"
                    BASELINE="179 920 1296 924" 
                    HPOS="178.0"
                    VPOS="893.0"
                    WIDTH="1118.0"
                    HEIGHT="76.0">
            <Shape><Polygon POINTS="179 920 178 953 208 966 210 966 211 966 212 966 238 955 275 955 276 955 293 966 294 966 295 966 296 967 356 967 356 966 357 966 358 966 373 956 374 955 375 956 394 963 395 963 396 963 443 956 453 955 458 956 482 964 483 964 484 964 535 957 548 955 551 957 566 967 567 967 568 967 569 968 661 968 661 967 662 967 684 958 691 956 741 956 746 958 761 966 762 966 764 966 802 958 818 956 827 958 846 967 848 967 849 967 850 967 867 960 875 956 952 956 959 960 975 968 976 968 977 969 1049 969 1049 968 1050 968 1065 961 1071 957 1079 961 1092 968 1094 968 1095 969 1164 969 1164 968 1165 968 1179 962 1189 957 1205 962 1225 968 1226 968 1227 968 1294 962 1296 924 1295 905 1251 905 1251 904 1232 895 1231 895 1230 895 1188 904 1186 904 1184 904 1099 897 1097 897 1096 897 1071 904 1070 904 1058 895 1057 895 1055 895 1054 895 922 901 906 894 905 894 903 894 867 901 683 894 682 894 681 894 666 903 663 903 485 903 485 901 464 895 463 895 462 895 414 901 411 901 399 893 398 893 396 893 395 893 344 901 341 901 179 901 179 920"/></Shape>
	    <String CONTENT="תכלת : והיה לכם לציצת וראיתם אתו וזכרתם את כל מצות יהוה"
                    HPOS="178.0"
                    VPOS="893.0"
                    WIDTH="1118.0"
                    HEIGHT="76.0"
                    WC="0.9829876368696039"></String>
          </TextLine>

          
          
          <TextLine ID="eSc_line_44a0c806"
                    TAGREFS="LT15288"
                    BASELINE="179 981 1290 983" 
                    HPOS="178.0"
                    VPOS="957.0"
                    WIDTH="1112.0"
                    HEIGHT="73.0">
            <Shape><Polygon POINTS="179 981 178 1016 200 1027 201 1027 202 1027 264 1018 295 1018 310 1027 311 1027 312 1027 314 1027 315 1027 337 1018 353 1027 354 1027 356 1027 357 1027 358 1027 384 1018 414 1027 415 1027 416 1027 463 1020 485 1027 487 1027 488 1029 576 1029 576 1027 577 1027 590 1021 610 1027 612 1027 613 1027 614 1027 615 1027 629 1018 709 1027 710 1027 712 1027 713 1027 725 1019 743 1029 744 1029 745 1030 837 1030 837 1029 838 1029 859 1019 932 1019 948 1029 949 1029 950 1029 952 1029 953 1029 986 1019 1010 1019 1027 1029 1028 1029 1029 1029 1031 1030 1085 1030 1085 1029 1086 1029 1088 1029 1101 1019 1170 1029 1172 1029 1173 1029 1210 1019 1211 1019 1212 1019 1267 1029 1268 1029 1269 1029 1289 1019 1290 983 1289 966 1102 958 1101 958 1100 958 1099 958 1090 964 1089 966 1016 966 1015 964 999 958 997 958 996 958 995 958 982 964 981 966 895 966 892 964 870 958 869 958 867 958 822 964 814 964 806 964 734 957 733 957 731 957 704 963 574 957 573 957 179 962 179 981"/></Shape>
	    <String CONTENT="ועשיתם אתם ולא תתרו אחרי לבבכם ואחרי עיניכם אשר אתם"
                    HPOS="178.0"
                    VPOS="957.0"
                    WIDTH="1112.0"
                    HEIGHT="73.0"
                    WC="0.9895662997777646"></String>
          </TextLine>

          
          
          <TextLine ID="eSc_line_298a7375"
                    TAGREFS="LT15288"
                    BASELINE="179 1044 1296 1044" 
                    HPOS="179.0"
                    VPOS="1021.0"
                    WIDTH="1117.0"
                    HEIGHT="71.0">
            <Shape><Polygon POINTS="179 1044 179 1079 255 1079 257 1079 273 1090 274 1090 275 1090 276 1092 348 1092 348 1090 349 1090 370 1081 401 1090 403 1090 404 1092 521 1092 521 1090 522 1090 550 1081 555 1079 582 1079 586 1081 595 1088 597 1088 598 1088 599 1088 600 1088 614 1081 618 1079 660 1079 665 1082 678 1088 680 1088 681 1088 682 1088 699 1082 705 1079 709 1082 724 1090 725 1090 727 1090 728 1090 729 1090 752 1082 761 1079 811 1079 817 1082 830 1090 832 1090 833 1090 834 1090 835 1090 854 1082 861 1079 869 1083 887 1090 888 1090 890 1090 970 1084 1010 1089 1011 1089 1012 1089 1028 1083 1041 1079 1070 1079 1079 1083 1089 1090 1090 1090 1091 1090 1092 1090 1094 1090 1112 1084 1126 1079 1146 1084 1174 1090 1175 1090 1177 1090 1199 1084 1216 1079 1235 1084 1254 1090 1256 1090 1257 1090 1296 1084 1296 1044 1295 1021 179 1025 179 1044"/></Shape>
	    <String CONTENT="זנים אחריהם : למען תזכרו ועשיתם את כל מצותי והייתם קדשים"
                    HPOS="179.0"
                    VPOS="1021.0"
                    WIDTH="1117.0"
                    HEIGHT="71.0"
                    WC="0.9893634655258873"></String>
          </TextLine>

          
          
          <TextLine ID="eSc_line_983851df"
                    TAGREFS="LT15288"
                    BASELINE="179 1104 1296 1108" 
                    HPOS="178.0"
                    VPOS="1079.0"
                    WIDTH="1118.0"
                    HEIGHT="73.0">
            <Shape><Polygon POINTS="179 1104 178 1139 211 1139 228 1147 229 1147 377 1149 378 1149 419 1139 425 1137 431 1139 467 1149 468 1149 469 1150 521 1150 521 1149 522 1149 541 1139 544 1137 548 1139 584 1150 586 1150 587 1151 613 1151 613 1150 614 1150 615 1150 633 1139 635 1139 692 1139 693 1139 714 1150 715 1150 717 1150 718 1150 735 1144 760 1150 761 1150 762 1150 764 1150 782 1140 804 1150 806 1150 807 1150 808 1150 827 1140 829 1139 830 1140 854 1150 855 1150 928 1151 929 1152 954 1152 954 1151 955 1151 976 1140 992 1140 1048 1141 1062 1151 1063 1151 1064 1151 1065 1151 1067 1151 1089 1140 1090 1140 1130 1140 1131 1140 1152 1151 1153 1151 1154 1151 1156 1151 1188 1141 1214 1151 1215 1151 1216 1151 1217 1151 1249 1140 1252 1140 1293 1140 1296 1108 1295 1089 1203 1081 1201 1081 1117 1083 1116 1083 1115 1083 1107 1088 1105 1089 1071 1088 953 1083 952 1083 913 1088 908 1088 905 1088 872 1079 871 1079 870 1079 823 1086 786 1079 785 1079 783 1079 765 1087 681 1079 680 1079 678 1079 662 1087 661 1088 658 1087 645 1081 644 1081 642 1081 583 1087 571 1088 557 1087 499 1081 498 1081 497 1081 478 1087 477 1087 471 1087 382 1081 380 1081 379 1081 358 1087 356 1087 353 1087 321 1081 320 1081 318 1081 306 1087 305 1087 179 1087 179 1104"/></Shape>
	    <String CONTENT="לאלהיכם : אני יהוה אלהיכם אשר הוצאתי אתכם מארץ מצרים"
                    HPOS="178.0"
                    VPOS="1079.0"
                    WIDTH="1118.0"
                    HEIGHT="73.0"
                    WC="0.9855574065563726"></String>
          </TextLine>

          
          
          <TextLine ID="eSc_line_9d0c39bc"
                    TAGREFS="LT15288"
                    BASELINE="309 1166 1296 1168" 
                    HPOS="307.0"
                    VPOS="1140.0"
                    WIDTH="989.0"
                    HEIGHT="75.0">
            <Shape><Polygon POINTS="309 1166 307 1194 352 1202 353 1202 354 1202 356 1202 362 1196 365 1194 479 1194 485 1198 490 1203 492 1203 493 1203 494 1203 495 1203 508 1199 522 1194 630 1194 649 1202 675 1213 676 1213 677 1213 678 1213 697 1203 708 1197 724 1203 749 1213 750 1213 751 1213 807 1205 818 1214 819 1214 820 1214 822 1215 916 1215 916 1214 917 1214 918 1214 927 1208 927 1207 929 1208 953 1214 954 1214 955 1214 956 1214 958 1214 966 1208 971 1205 989 1209 1017 1214 1018 1214 1020 1214 1031 1209 1048 1202 1068 1210 1076 1214 1078 1214 1079 1214 1080 1214 1089 1210 1107 1203 1127 1212 1135 1214 1136 1214 1137 1214 1151 1212 1195 1203 1225 1213 1227 1214 1228 1214 1230 1215 1294 1215 1296 1168 1296 1150 1285 1141 1284 1141 1283 1141 1282 1141 1188 1151 1184 1151 1179 1151 1026 1141 1024 1141 965 1151 960 1151 956 1151 932 1144 931 1144 929 1144 790 1150 788 1150 787 1150 729 1140 728 1140 693 1147 645 1140 644 1140 642 1140 624 1150 618 1150 520 1144 519 1144 479 1150 476 1150 474 1150 452 1140 451 1140 450 1140 448 1140 419 1150 309 1150 309 1166"/></Shape>
	    <String CONTENT=""
                    HPOS="307.0"
                    VPOS="1140.0"
                    WIDTH="989.0"
                    HEIGHT="75.0"
                    WC="0.9798051725734364"></String>
          </TextLine>

          
          
          <TextLine ID="eSc_line_f425df9b"
                    TAGREFS="LT15288"
                    BASELINE="178 1225 1224 1229" 
                    HPOS="176.0"
                    VPOS="1203.0"
                    WIDTH="1048.0"
                    HEIGHT="70.0">
            <Shape><Polygon POINTS="178 1225 176 1257 217 1259 231 1270 232 1270 233 1270 234 1271 348 1271 348 1270 349 1270 351 1270 362 1261 396 1270 398 1270 399 1270 400 1270 427 1261 429 1261 442 1270 443 1270 445 1270 446 1270 558 1263 597 1261 602 1263 614 1270 615 1270 616 1270 618 1270 619 1270 626 1263 631 1261 673 1261 696 1265 730 1271 731 1271 733 1271 734 1271 741 1265 748 1261 752 1266 760 1271 761 1271 762 1271 764 1272 816 1272 816 1271 817 1271 827 1266 838 1261 932 1261 942 1268 948 1272 949 1272 950 1272 952 1272 953 1272 963 1268 977 1262 1001 1262 1012 1268 1016 1272 1017 1272 1018 1272 1020 1272 1021 1272 1029 1268 1047 1262 1069 1270 1078 1272 1079 1272 1080 1273 1112 1273 1112 1272 1113 1272 1115 1272 1117 1270 1131 1262 1159 1271 1165 1272 1167 1272 1168 1272 1221 1271 1224 1229 1222 1210 1179 1203 1178 1203 1177 1203 1160 1209 179 1204 178 1225"/></Shape>
	    <String CONTENT=""
                    HPOS="176.0"
                    VPOS="1203.0"
                    WIDTH="1048.0"
                    HEIGHT="70.0"
                    WC="0.9922849397574153"></String>
          </TextLine>

          
          
          <TextLine ID="eSc_line_4773718f"
                    TAGREFS="LT15288"
                    BASELINE="179 1282 1298 1287" 
                    HPOS="178.0"
                    VPOS="1257.0"
                    WIDTH="1120.0"
                    HEIGHT="71.0">
            <Shape><Polygon POINTS="179 1282 178 1312 247 1324 248 1325 340 1325 340 1324 341 1324 362 1314 382 1324 383 1324 384 1324 508 1315 529 1325 530 1325 531 1326 583 1326 583 1325 584 1325 608 1315 609 1315 655 1315 658 1315 686 1325 687 1325 688 1325 754 1317 757 1317 760 1317 790 1326 791 1326 792 1326 793 1326 795 1326 807 1319 860 1326 861 1326 863 1326 882 1318 886 1317 892 1318 923 1324 924 1324 926 1324 927 1324 937 1318 939 1317 949 1318 975 1323 976 1323 977 1323 986 1319 987 1318 989 1319 997 1325 999 1325 1000 1325 1001 1325 1053 1319 1065 1318 1068 1319 1081 1328 1083 1328 1084 1328 1085 1328 1154 1325 1156 1325 1157 1325 1164 1320 1167 1318 1178 1320 1215 1328 1216 1328 1295 1320 1298 1287 1296 1270 1259 1261 1258 1261 1181 1268 1178 1268 1175 1268 1139 1261 1138 1261 1086 1267 1002 1260 1001 1260 958 1267 954 1267 947 1267 829 1260 828 1260 827 1260 814 1266 812 1267 802 1266 754 1261 752 1261 751 1261 750 1261 743 1266 741 1267 735 1266 703 1259 702 1259 634 1266 625 1266 619 1266 584 1259 583 1259 545 1265 536 1266 244 1266 241 1263 232 1257 231 1257 229 1257 228 1257 179 1262 179 1282"/></Shape>
	    <String CONTENT=""
                    HPOS="178.0"
                    VPOS="1257.0"
                    WIDTH="1120.0"
                    HEIGHT="71.0"
                    WC="0.9899271975864063"></String>
          </TextLine>

          
          
          <TextLine ID="eSc_line_a8d47c09"
                    TAGREFS="LT15288"
                    BASELINE="178 1341 1298 1341" 
                    HPOS="178.0"
                    VPOS="1317.0"
                    WIDTH="1120.0"
                    HEIGHT="69.0">
            <Shape><Polygon POINTS="178 1341 178 1373 208 1385 210 1385 211 1386 259 1386 259 1385 260 1385 288 1375 289 1375 290 1375 322 1385 323 1385 325 1385 326 1385 354 1376 358 1375 404 1375 408 1376 420 1385 421 1385 422 1385 424 1386 461 1386 461 1385 462 1385 463 1385 476 1376 479 1375 525 1375 530 1377 541 1385 542 1385 544 1385 545 1385 546 1385 567 1377 577 1375 600 1377 652 1385 654 1385 682 1378 683 1378 686 1378 713 1385 714 1385 715 1385 717 1385 725 1378 731 1375 746 1378 766 1385 767 1385 769 1386 824 1386 824 1385 825 1385 838 1380 851 1375 865 1380 876 1385 877 1385 879 1385 880 1385 895 1381 916 1375 940 1381 958 1385 959 1385 1017 1383 1018 1383 1022 1381 1034 1375 1090 1382 1111 1385 1112 1385 1113 1385 1120 1382 1142 1375 1295 1383 1298 1341 1296 1324 1091 1324 1057 1317 1055 1317 1054 1317 1053 1317 1043 1324 984 1324 944 1317 943 1317 942 1317 917 1323 879 1317 877 1317 840 1323 806 1317 804 1317 671 1323 661 1317 660 1317 658 1317 595 1317 594 1317 541 1323 478 1317 477 1317 435 1323 399 1317 398 1317 181 1323 178 1341"/></Shape>
	    <String CONTENT=""
                    HPOS="178.0"
                    VPOS="1317.0"
                    WIDTH="1120.0"
                    HEIGHT="69.0"
                    WC="0.9693794367568833"></String>
          </TextLine>

          
          
          <TextLine ID="eSc_line_c8748b16"
                    TAGREFS="LT15288"
                    BASELINE="178 1396 1298 1398" 
                    HPOS="176.0"
                    VPOS="1372.0"
                    WIDTH="1122.0"
                    HEIGHT="69.0">
            <Shape><Polygon POINTS="178 1396 176 1428 201 1439 202 1439 204 1439 290 1436 291 1436 293 1436 305 1429 336 1439 337 1439 338 1439 390 1429 396 1429 446 1429 448 1430 461 1439 462 1439 463 1439 464 1439 633 1433 728 1429 736 1434 745 1440 746 1440 748 1440 749 1441 829 1441 829 1440 830 1440 832 1440 839 1435 845 1430 853 1435 859 1440 860 1440 861 1440 863 1441 942 1441 942 1440 943 1440 944 1440 949 1436 953 1434 958 1436 963 1439 964 1439 965 1439 966 1439 971 1436 987 1430 1045 1438 1059 1439 1060 1439 1073 1438 1142 1430 1157 1439 1158 1440 1159 1440 1160 1440 1162 1440 1163 1440 1167 1439 1198 1430 1212 1440 1214 1440 1215 1440 1216 1441 1295 1441 1298 1398 1296 1383 1238 1373 1237 1373 1177 1381 1164 1373 1163 1373 1162 1373 1101 1373 1100 1373 1059 1382 1058 1382 1057 1382 1029 1373 1028 1373 1027 1373 1026 1373 996 1382 994 1382 990 1382 931 1375 929 1375 928 1375 927 1375 916 1382 914 1382 908 1382 854 1376 853 1376 823 1382 818 1382 812 1382 736 1372 735 1372 675 1381 673 1381 615 1373 614 1373 613 1373 612 1373 599 1381 576 1373 574 1373 573 1373 535 1378 526 1372 525 1372 524 1372 472 1372 471 1372 469 1372 451 1381 450 1382 384 1382 383 1381 363 1373 362 1373 361 1373 314 1381 307 1381 301 1381 238 1373 237 1373 180 1380 178 1396"/></Shape>
	    <String CONTENT=""
                    HPOS="176.0"
                    VPOS="1372.0"
                    WIDTH="1122.0"
                    HEIGHT="69.0"
                    WC="0.9836914585186884"></String>
          </TextLine>

          
          
          <TextLine ID="eSc_line_0ab48e81"
                    TAGREFS="LT15288"
                    BASELINE="178 1451 1298 1455" 
                    HPOS="176.0"
                    VPOS="1428.0"
                    WIDTH="1122.0"
                    HEIGHT="69.0">
            <Shape><Polygon POINTS="178 1451 176 1485 197 1495 199 1495 200 1496 357 1496 357 1495 358 1495 379 1487 452 1495 453 1495 454 1495 456 1495 471 1486 510 1486 548 1496 550 1496 551 1496 552 1496 579 1487 656 1496 657 1496 658 1496 694 1487 729 1496 730 1496 731 1496 812 1487 853 1487 866 1496 867 1496 869 1496 870 1496 992 1488 1043 1497 1044 1497 1295 1487 1298 1455 1298 1440 1242 1430 1241 1430 1185 1438 1160 1430 1159 1430 1158 1430 1107 1436 1057 1430 1055 1430 809 1436 804 1436 799 1436 676 1430 675 1430 635 1436 629 1436 621 1435 577 1429 576 1429 574 1429 560 1435 556 1436 479 1436 477 1435 463 1428 462 1428 461 1428 384 1434 369 1435 181 1434 178 1451"/></Shape>
	    <String CONTENT=""
                    HPOS="176.0"
                    VPOS="1428.0"
                    WIDTH="1122.0"
                    HEIGHT="69.0"
                    WC="0.9877412389900725"></String>
          </TextLine>

          
          
          <TextLine ID="eSc_line_2b248901"
                    TAGREFS="LT15288"
                    BASELINE="176 1509 1294 1507" 
                    HPOS="176.0"
                    VPOS="1482.0"
                    WIDTH="1118.0"
                    HEIGHT="72.0">
            <Shape><Polygon POINTS="176 1543 264 1553 265 1553 267 1553 268 1553 280 1544 281 1543 283 1544 289 1549 290 1549 291 1549 293 1549 294 1549 305 1544 310 1543 412 1543 419 1545 429 1549 430 1549 431 1549 462 1545 485 1543 515 1545 584 1553 586 1553 587 1553 588 1553 597 1546 603 1543 630 1543 636 1546 645 1553 646 1553 647 1553 649 1554 710 1554 710 1553 712 1553 724 1546 736 1541 762 1548 778 1550 780 1550 793 1548 819 1541 830 1548 835 1551 837 1551 838 1551 839 1553 971 1553 971 1551 973 1551 974 1551 977 1549 987 1541 1045 1549 1067 1551 1068 1551 1092 1549 1172 1541 1203 1550 1207 1551 1209 1551 1210 1551 1211 1551 1215 1550 1236 1541 1292 1550 1294 1507 1290 1482 1277 1488 1236 1483 1235 1483 1233 1483 1232 1483 1220 1491 1118 1485 1117 1485 1116 1485 1100 1492 984 1492 926 1483 924 1483 870 1491 860 1483 859 1483 858 1483 819 1483 818 1483 778 1491 760 1483 759 1483 757 1483 756 1483 727 1492 691 1485 689 1485 688 1485 673 1492 642 1485 641 1485 640 1485 594 1492 514 1485 513 1485 445 1492 426 1485 425 1485 368 1485 367 1485 365 1485 348 1493 236 1493 176 1485 176 1509 176 1543"/></Shape>
	    <String CONTENT=""
                    HPOS="176.0"
                    VPOS="1482.0"
                    WIDTH="1118.0"
                    HEIGHT="72.0"
                    WC="0.9919469711872247"></String>
          </TextLine>

          
          
          <TextLine ID="eSc_line_eb6fb4f7"
                    TAGREFS="LT15288"
                    BASELINE="178 1565 1298 1567" 
                    HPOS="176.0"
                    VPOS="1545.0"
                    WIDTH="1122.0"
                    HEIGHT="66.0">
            <Shape><Polygon POINTS="178 1565 176 1597 234 1607 236 1607 283 1600 299 1608 300 1608 301 1608 389 1600 416 1608 417 1608 419 1609 515 1609 515 1608 516 1608 539 1600 540 1600 542 1600 586 1608 587 1608 588 1608 604 1600 605 1600 607 1600 630 1608 631 1608 633 1608 634 1608 651 1601 654 1600 658 1601 693 1608 694 1608 744 1601 746 1601 748 1601 765 1609 766 1609 767 1611 850 1611 850 1609 851 1609 853 1609 865 1602 867 1601 896 1601 898 1602 909 1609 911 1609 912 1609 913 1609 980 1602 997 1601 1024 1601 1028 1602 1038 1609 1039 1609 1041 1609 1042 1609 1043 1609 1059 1602 1064 1601 1075 1602 1110 1609 1111 1609 1112 1609 1132 1603 1139 1601 1164 1603 1224 1609 1225 1609 1295 1603 1298 1567 1298 1550 181 1545 178 1565"/></Shape>
	    <String CONTENT=""
                    HPOS="176.0"
                    VPOS="1545.0"
                    WIDTH="1122.0"
                    HEIGHT="66.0"
                    WC="0.9945558561728551"></String>
          </TextLine>

          
          
          <TextLine ID="eSc_line_2e6f3570"
                    TAGREFS="LT15288"
                    BASELINE="178 1623 1298 1621" 
                    HPOS="178.0"
                    VPOS="1600.0"
                    WIDTH="1120.0"
                    HEIGHT="66.0">
            <Shape><Polygon POINTS="178 1623 178 1654 223 1654 226 1655 241 1665 242 1665 243 1665 244 1665 246 1665 270 1655 272 1655 273 1655 307 1665 309 1665 310 1665 311 1665 312 1665 326 1655 328 1654 344 1656 385 1661 386 1661 388 1661 405 1656 412 1654 420 1656 441 1665 442 1665 443 1666 497 1666 497 1665 498 1665 527 1658 541 1654 550 1658 567 1665 568 1665 569 1666 610 1666 610 1665 612 1665 631 1658 644 1654 677 1659 727 1665 728 1665 729 1665 745 1659 761 1653 813 1653 827 1660 833 1664 834 1664 835 1664 837 1664 871 1663 872 1663 874 1663 877 1660 890 1653 961 1653 979 1661 986 1664 987 1664 989 1665 1017 1665 1017 1664 1018 1664 1020 1664 1023 1661 1036 1653 1050 1661 1055 1664 1057 1664 1058 1665 1083 1665 1083 1664 1084 1664 1085 1664 1088 1661 1099 1654 1127 1661 1135 1664 1136 1664 1137 1664 1138 1664 1142 1663 1160 1653 1199 1663 1205 1664 1206 1664 1207 1664 1296 1663 1298 1621 1296 1606 739 1600 738 1600 680 1606 311 1601 310 1601 180 1607 178 1623"/></Shape>
	    <String CONTENT=""
                    HPOS="178.0"
                    VPOS="1600.0"
                    WIDTH="1120.0"
                    HEIGHT="66.0"
                    WC="0.9840239584445953"></String>
          </TextLine>

          
          
          <TextLine ID="eSc_line_d0d059ee"
                    TAGREFS="LT15288"
                    BASELINE="178 1679 1298 1679" 
                    HPOS="178.0"
                    VPOS="1663.0"
                    WIDTH="1120.0"
                    HEIGHT="59.0">
            <Shape><Polygon POINTS="1295 1663 180 1663 178 1679 178 1708 226 1721 227 1721 228 1721 274 1710 315 1710 330 1710 347 1721 348 1721 349 1721 351 1722 417 1722 417 1721 419 1721 420 1721 431 1713 442 1721 443 1721 445 1721 446 1722 487 1722 487 1721 488 1721 489 1721 505 1710 506 1710 542 1710 544 1710 562 1721 563 1721 565 1721 566 1722 593 1722 593 1721 594 1721 595 1721 612 1711 660 1719 661 1719 733 1710 736 1710 786 1710 802 1717 803 1717 804 1717 806 1717 807 1717 817 1710 818 1710 858 1710 859 1710 871 1718 872 1718 874 1718 875 1718 907 1714 927 1721 928 1721 929 1721 931 1721 960 1713 970 1721 971 1721 973 1721 974 1722 1011 1722 1011 1721 1012 1721 1038 1710 1039 1710 1068 1710 1081 1710 1097 1721 1099 1721 1100 1721 1101 1722 1144 1722 1144 1721 1146 1721 1147 1721 1159 1712 1180 1721 1181 1721 1183 1722 1258 1722 1258 1721 1259 1721 1298 1710 1298 1679 1296 1675 1295 1663"/></Shape>
	    <String CONTENT=""
                    HPOS="178.0"
                    VPOS="1663.0"
                    WIDTH="1120.0"
                    HEIGHT="59.0"
                    WC="0.9990136005661704"></String>
          </TextLine>

          
          
          <TextLine ID="eSc_line_a2761120"
                    TAGREFS="LT15288"
                    BASELINE="178 1733 1296 1735" 
                    HPOS="176.0"
                    VPOS="1707.0"
                    WIDTH="1120.0"
                    HEIGHT="78.0">
            <Shape><Polygon POINTS="178 1733 176 1771 223 1782 225 1784 291 1784 291 1782 293 1782 294 1782 310 1773 312 1771 321 1773 368 1782 369 1784 420 1784 420 1782 421 1782 440 1774 442 1773 450 1774 493 1782 494 1782 495 1782 497 1782 509 1774 513 1771 520 1774 541 1782 542 1782 544 1782 583 1775 600 1771 634 1771 639 1775 650 1782 651 1782 652 1782 654 1782 655 1782 681 1775 688 1774 697 1775 735 1784 736 1784 738 1784 739 1784 751 1776 756 1773 765 1776 785 1784 786 1784 787 1785 816 1785 816 1784 817 1784 818 1784 829 1776 830 1775 833 1776 850 1784 851 1784 853 1784 854 1784 855 1784 865 1776 871 1773 880 1776 897 1784 898 1784 900 1785 944 1785 944 1784 945 1784 960 1777 970 1773 1012 1773 1020 1777 1026 1782 1027 1782 1028 1782 1029 1782 1052 1777 1076 1773 1125 1773 1135 1779 1139 1782 1141 1782 1142 1782 1143 1782 1162 1779 1186 1773 1293 1779 1296 1735 1296 1719 1231 1708 1230 1708 1190 1717 1165 1711 1164 1711 1163 1711 1058 1717 1020 1708 1018 1708 1017 1708 1016 1708 1002 1717 970 1711 969 1711 877 1717 865 1711 864 1711 863 1711 823 1717 813 1710 812 1710 811 1710 705 1707 704 1707 615 1717 555 1717 535 1708 534 1708 532 1708 531 1708 506 1716 383 1710 382 1710 348 1716 335 1707 333 1707 332 1707 273 1707 272 1707 270 1707 252 1717 181 1717 178 1733"/></Shape>
	    <String CONTENT=""
                    HPOS="176.0"
                    VPOS="1707.0"
                    WIDTH="1120.0"
                    HEIGHT="78.0"
                    WC="0.9888265791692232"></String>
          </TextLine>

          
          
          <TextLine ID="eSc_line_b514eef3"
                    TAGREFS="LT15288"
                    BASELINE="1152 1791 1293 1789" 
                    HPOS="1151.0"
                    VPOS="1769.0"
                    WIDTH="142.0"
                    HEIGHT="63.0">
            <Shape><Polygon POINTS="1152 1791 1152 1819 1175 1819 1189 1829 1190 1829 1191 1829 1193 1829 1222 1824 1228 1829 1228 1831 1230 1831 1231 1831 1232 1832 1274 1832 1274 1831 1275 1831 1277 1831 1293 1819 1293 1789 1290 1769 1151 1775 1152 1791"/></Shape>
	    <String CONTENT=""
                    HPOS="1151.0"
                    VPOS="1769.0"
                    WIDTH="142.0"
                    HEIGHT="63.0"
                    WC="0.9966513514518738"></String>
          </TextLine>

          
          
          <TextLine ID="eSc_line_61e08168"
                    TAGREFS="LT15288"
                    BASELINE="178 1850 1296 1847" 
                    HPOS="178.0"
                    VPOS="1816.0"
                    WIDTH="1118.0"
                    HEIGHT="84.0">
            <Shape><Polygon POINTS="178 1850 178 1892 239 1887 249 1892 253 1896 254 1896 255 1896 304 1900 305 1900 306 1900 321 1892 332 1887 353 1892 372 1897 373 1897 374 1897 375 1897 388 1892 401 1887 414 1892 425 1897 426 1897 489 1900 490 1900 492 1900 493 1900 504 1892 514 1886 552 1886 590 1886 604 1892 613 1897 614 1897 615 1897 616 1897 630 1892 649 1886 731 1886 749 1892 766 1899 767 1899 769 1900 880 1900 880 1899 881 1899 882 1899 892 1892 902 1886 933 1892 937 1892 938 1892 939 1892 942 1892 959 1887 966 1892 971 1896 973 1896 974 1896 975 1896 976 1896 992 1892 1011 1887 1018 1892 1026 1897 1027 1897 1028 1897 1029 1897 1031 1897 1052 1892 1081 1885 1111 1886 1118 1892 1126 1897 1127 1897 1128 1897 1130 1899 1178 1899 1178 1897 1179 1897 1180 1897 1189 1892 1200 1885 1219 1892 1233 1897 1235 1897 1236 1897 1295 1891 1296 1847 1295 1828 1216 1822 1215 1822 1185 1827 1178 1828 1172 1827 1127 1816 1126 1816 1079 1816 1078 1816 1076 1816 1075 1816 1060 1827 1058 1828 1055 1827 1043 1819 1042 1819 956 1819 955 1819 926 1826 908 1829 825 1827 823 1826 799 1817 798 1817 733 1817 731 1817 730 1817 703 1824 687 1829 655 1824 602 1817 600 1817 599 1817 572 1824 548 1832 492 1832 478 1824 473 1822 472 1822 471 1822 453 1823 400 1831 372 1823 356 1819 354 1819 353 1819 352 1819 343 1823 327 1831 300 1823 290 1821 289 1821 288 1821 286 1821 278 1823 259 1828 180 1823 178 1850"/></Shape>
	    <String CONTENT=""
                    HPOS="178.0"
                    VPOS="1816.0"
                    WIDTH="1118.0"
                    HEIGHT="84.0"
                    WC="0.9785919121720574"></String>
          </TextLine>

          
        </TextBlock>
        

        
      </PrintSpace>
    </Page>
  </Layout>
</alto>
