<?xml version="1.0" encoding="UTF-8"?>
<alto xmlns:xsi="http://www.w3.org/2001/XMLSchema-instance"
      xmlns="http://www.loc.gov/standards/alto/ns-v4#"
      xsi:schemaLocation="http://www.loc.gov/standards/alto/ns-v4# http://www.loc.gov/standards/alto/v4/alto-4-2.xsd">
  <Description>
    <MeasurementUnit>pixel</MeasurementUnit>
    <sourceImageInformation>
      <fileName>IE87708411_00021.jpg</fileName>
      <fileIdentifier>mets//export_doc4366_1col_14_copy_alto_202404261215.zip/IE87708411_00021.jpg</fileIdentifier>
    </sourceImageInformation>
  </Description>
  
  <Tags>
    <OtherTag ID="BT8356" LABEL="MainLeft" DESCRIPTION="block type MainLeft"/><OtherTag ID="BT8355" LABEL="MainRight" DESCRIPTION="block type MainRight"/><OtherTag ID="BT6914" LABEL="Handwritten" DESCRIPTION="block type Handwritten"/><OtherTag ID="BT6913" LABEL="RunningHeader" DESCRIPTION="block type RunningHeader"/><OtherTag ID="BT6912" LABEL="Catchword" DESCRIPTION="block type Catchword"/><OtherTag ID="BT6911" LABEL="Margin" DESCRIPTION="block type Margin"/><OtherTag ID="BT6910" LABEL="FooterCentral" DESCRIPTION="block type FooterCentral"/><OtherTag ID="BT6909" LABEL="MainCentral" DESCRIPTION="block type MainCentral"/><OtherTag ID="BT6908" LABEL="Header" DESCRIPTION="block type Header"/><OtherTag ID="BT4" LABEL="Illustration" DESCRIPTION="block type Illustration"/><OtherTag ID="BT3" LABEL="Commentary" DESCRIPTION="block type Commentary"/><OtherTag ID="BT2" LABEL="Main" DESCRIPTION="block type Main"/><OtherTag ID="BT1" LABEL="Title" DESCRIPTION="block type Title"/>
    <OtherTag ID="LT15938" LABEL="MainLeft" DESCRIPTION="line type MainLeft"/><OtherTag ID="LT15937" LABEL="MainRight" DESCRIPTION="line type MainRight"/><OtherTag ID="LT15289" LABEL="Handwritten" DESCRIPTION="line type Handwritten"/><OtherTag ID="LT15288" LABEL="MainCentral" DESCRIPTION="line type MainCentral"/><OtherTag ID="LT15287" LABEL="NotMain" DESCRIPTION="line type NotMain"/>
  </Tags>
  
  <Layout>
    <Page WIDTH="1127"
          HEIGHT="1679"
          PHYSICAL_IMG_NR="48"
          ID="eSc_dummypage_">
      <PrintSpace HPOS="0"
                  VPOS="0"
                  WIDTH="1127"
                  HEIGHT="1679">
        
        <TextBlock HPOS="100.0"
                   VPOS="130.0"
                   WIDTH="936.0"
                   HEIGHT="1473.0"
                   ID="eSc_textblock_b1b23fb2"
                   TAGREFS="BT6909">
          <Shape><Polygon POINTS="1025 134 1032 145 1036 1446 1017 1599 134 1603 111 1592 100 149 123 134 548 130"/></Shape>
          
          
          <TextLine ID="eSc_line_9014b93e"
                    TAGREFS="LT15288"
                    BASELINE="106 158 1011 153" 
                    HPOS="106.0"
                    VPOS="130.0"
                    WIDTH="905.0"
                    HEIGHT="61.0">
            <Shape><Polygon POINTS="1001 133 991 133 982 133 973 133 963 133 954 133 945 133 935 133 926 133 917 133 907 133 898 132 889 132 879 132 870 132 861 132 851 132 842 132 833 132 826 132 812 137 805 132 795 132 786 132 777 131 767 131 765 131 748 132 721 134 717 133 712 131 711 131 702 131 693 131 683 131 674 131 665 130 655 130 646 130 641 130 633 134 625 138 542 138 536 135 527 130 525 130 515 130 506 130 497 130 489 130 482 135 480 137 437 138 431 136 424 131 422 131 413 131 403 131 394 131 385 131 375 131 367 131 350 137 342 139 111 139 106 143 106 158 106 191 179 184 234 190 250 191 251 191 264 189 289 185 354 188 424 191 425 191 426 191 433 187 442 182 450 187 458 190 459 190 459 191 482 191 482 190 483 190 491 186 501 181 531 185 563 190 564 190 565 190 583 185 596 181 614 184 647 190 648 190 696 183 719 180 751 180 757 182 767 187 768 187 769 187 805 181 815 180 822 181 849 187 850 187 851 187 862 181 863 180 1010 179 1011 153 1010 133 1001 133"/></Shape>
	    <String CONTENT="בני שנה תמימם שנים ליום עלה תמיד : את"
                    HPOS="106.0"
                    VPOS="130.0"
                    WIDTH="905.0"
                    HEIGHT="61.0"
                    WC="0.9704590149414845"></String>
          </TextLine>

          
          
          <TextLine ID="eSc_line_9e6d5280"
                    TAGREFS="LT15288"
                    BASELINE="106 227 1015 222" 
                    HPOS="106.0"
                    VPOS="197.0"
                    WIDTH="909.0"
                    HEIGHT="65.0">
            <Shape><Polygon POINTS="106 251 135 259 136 259 194 255 256 261 257 261 258 261 283 253 335 256 336 256 337 256 338 256 346 251 347 250 352 251 383 260 384 260 385 260 437 251 451 249 471 249 473 251 492 261 493 261 494 262 560 262 560 261 643 251 668 249 674 251 682 255 683 255 684 255 708 251 730 248 771 248 781 251 792 255 793 255 793 255 794 255 806 251 810 249 828 251 861 254 862 254 862 254 870 251 877 248 891 251 901 253 902 253 903 253 904 253 904 253 907 251 915 247 923 251 924 251 925 251 926 251 1015 250 1015 222 1014 197 948 205 932 199 932 199 931 199 930 199 916 205 877 199 871 198 870 198 862 199 820 206 812 200 811 200 810 200 711 198 710 198 665 202 607 207 590 203 573 199 572 199 505 200 504 200 492 205 483 208 467 205 443 200 442 200 441 200 430 206 424 208 361 208 357 207 350 202 349 202 348 202 347 202 347 202 332 207 325 208 306 207 266 204 265 204 264 204 257 208 255 208 254 208 245 204 244 204 243 204 242 204 232 208 228 210 106 210 106 227 106 251"/></Shape>
	    <String CONTENT="הכבש אחד תעשה בבקר ואת הכבש השני"
                    HPOS="106.0"
                    VPOS="197.0"
                    WIDTH="909.0"
                    HEIGHT="65.0"
                    WC="0.9874125365167856"></String>
          </TextLine>

          
          
          <TextLine ID="eSc_line_f5678cb2"
                    TAGREFS="LT15288"
                    BASELINE="108 296 1015 291" 
                    HPOS="108.0"
                    VPOS="265.0"
                    WIDTH="907.0"
                    HEIGHT="69.0">
            <Shape><Polygon POINTS="108 330 148 321 185 329 186 329 187 329 211 319 241 329 242 329 243 329 290 319 356 319 392 327 393 327 457 318 473 318 489 328 498 333 499 333 500 333 500 334 561 334 561 333 562 333 576 328 601 317 631 323 632 323 633 323 634 323 645 317 690 317 709 327 710 327 711 327 712 327 713 327 714 327 756 316 780 327 793 332 793 332 794 332 817 326 846 319 880 326 906 331 907 332 1001 332 1001 331 1002 331 1015 325 1015 291 1015 272 885 265 884 265 883 265 864 272 861 273 856 272 829 266 828 266 787 273 781 273 779 273 758 266 757 266 756 266 755 266 742 273 741 274 710 274 689 273 601 267 600 267 568 273 559 275 551 274 526 268 525 268 501 274 500 274 499 274 485 268 484 268 483 268 459 273 423 268 422 268 395 274 386 276 361 274 303 270 302 270 301 270 290 275 286 276 108 276 108 296 108 330"/></Shape>
	    <String CONTENT="תעשה בין הערבים : ועשירית האיפה סלת"
                    HPOS="108.0"
                    VPOS="265.0"
                    WIDTH="907.0"
                    HEIGHT="69.0"
                    WC="0.9933103340012687"></String>
          </TextLine>

          
          
          <TextLine ID="eSc_line_97adfe17"
                    TAGREFS="LT15288"
                    BASELINE="108 364 1019 357" 
                    HPOS="108.0"
                    VPOS="332.0"
                    WIDTH="911.0"
                    HEIGHT="64.0">
            <Shape><Polygon POINTS="108 393 252 396 253 396 254 396 255 396 261 392 269 388 317 388 332 391 346 395 347 395 347 395 381 394 382 394 390 390 401 386 472 386 489 389 508 394 509 394 552 389 588 385 603 388 620 393 621 393 622 393 623 393 624 393 631 388 638 384 678 384 768 384 783 387 802 390 803 390 826 387 840 384 856 386 888 390 889 390 910 386 918 384 932 385 983 390 984 390 1018 384 1019 357 1018 337 998 332 997 332 996 332 960 337 924 332 923 332 893 338 762 334 761 334 702 339 679 333 678 333 677 333 653 338 612 334 612 334 611 334 597 340 564 334 563 334 562 334 550 341 549 341 529 341 374 336 373 336 341 342 333 343 324 342 282 337 281 337 280 337 268 342 266 343 265 342 254 338 253 338 252 338 212 343 200 344 194 343 177 338 176 338 175 338 174 338 165 343 164 344 108 344 108 364 108 393"/></Shape>
	    <String CONTENT="למנחה בלולה בשמן כתית רביעת ההין : עלת"
                    HPOS="108.0"
                    VPOS="332.0"
                    WIDTH="911.0"
                    HEIGHT="64.0"
                    WC="0.9953850110371908"></String>
          </TextLine>

          
          
          <TextLine ID="eSc_line_0a78417f"
                    TAGREFS="LT15288"
                    BASELINE="109 431 1017 424" 
                    HPOS="108.0"
                    VPOS="400.0"
                    WIDTH="909.0"
                    HEIGHT="62.0">
            <Shape><Polygon POINTS="109 431 109 461 163 457 194 461 206 462 207 462 208 462 208 462 210 460 222 454 257 459 258 459 259 459 280 454 307 460 315 461 316 461 334 459 375 456 412 458 431 460 432 460 433 460 437 458 445 454 456 458 459 459 459 459 460 459 461 459 463 458 476 452 612 456 612 456 696 450 709 457 711 457 712 457 713 457 714 457 720 456 740 450 750 456 751 457 752 457 753 457 754 457 755 457 761 456 779 450 796 456 801 457 802 457 803 457 818 455 870 449 890 455 898 457 899 457 900 457 1016 453 1017 424 1015 406 896 407 894 406 889 402 888 402 887 402 886 402 839 406 830 407 825 407 790 400 789 400 718 407 707 408 694 407 616 402 615 402 614 402 589 408 584 409 575 408 538 402 537 402 536 402 535 402 526 408 523 410 515 408 500 404 499 404 498 404 497 404 486 408 482 410 478 408 463 402 462 402 461 402 433 409 423 411 392 409 325 404 324 404 287 410 276 411 266 410 237 404 236 404 108 410 109 431"/></Shape>
	    <String CONTENT="תמיד העשיה בהר סיני לריח ניחח אשה ליהוה :"
                    HPOS="108.0"
                    VPOS="400.0"
                    WIDTH="909.0"
                    HEIGHT="62.0"
                    WC="0.9747777706698367"></String>
          </TextLine>

          
          
          <TextLine ID="eSc_line_d4483431"
                    TAGREFS="LT15288"
                    BASELINE="107 498 1019 492" 
                    HPOS="106.0"
                    VPOS="467.0"
                    WIDTH="913.0"
                    HEIGHT="74.0">
            <Shape><Polygon POINTS="107 498 107 531 125 541 126 541 127 541 250 541 250 541 251 541 252 541 271 529 280 525 299 525 307 529 324 540 325 540 326 540 327 541 349 541 349 540 350 540 366 534 391 535 392 535 393 535 394 535 405 527 410 525 528 524 537 527 576 538 577 538 578 539 619 539 619 538 620 538 649 528 668 534 669 534 670 534 671 534 691 525 695 523 698 525 724 534 725 534 726 534 727 534 747 527 760 533 761 533 762 533 763 533 786 527 798 534 799 534 800 534 801 534 802 534 819 523 820 522 831 523 860 526 861 526 889 522 899 521 907 522 947 527 948 527 1018 520 1019 492 1017 474 943 474 940 474 893 467 892 467 891 467 890 467 879 473 826 471 825 471 791 475 789 475 787 475 747 467 746 467 745 467 734 472 695 471 695 471 669 476 667 476 667 476 644 468 643 468 642 468 590 472 561 468 560 468 528 475 454 475 410 469 409 469 408 469 378 477 363 470 362 470 304 470 303 470 302 470 301 470 286 478 286 479 158 479 157 479 126 473 125 473 125 473 106 479 107 498"/></Shape>
	    <String CONTENT="ונסכו רביעת ההין לכבש האחד בקדש הסך נסך"
                    HPOS="106.0"
                    VPOS="467.0"
                    WIDTH="913.0"
                    HEIGHT="74.0"
                    WC="0.9898562944597669"></String>
          </TextLine>

          
          
          <TextLine ID="eSc_line_38a8ecd2"
                    TAGREFS="LT15288"
                    BASELINE="108 563 1021 556" 
                    HPOS="107.0"
                    VPOS="536.0"
                    WIDTH="914.0"
                    HEIGHT="62.0">
            <Shape><Polygon POINTS="108 563 108 598 171 589 254 596 255 596 306 588 336 588 352 596 353 596 354 596 355 596 386 596 387 596 405 587 468 587 487 595 490 596 491 596 492 596 493 596 498 595 527 586 573 586 604 593 612 595 612 595 655 594 656 594 657 594 658 593 672 585 739 585 752 592 757 594 758 594 759 594 789 593 790 593 793 591 808 584 823 591 828 593 829 593 830 593 843 591 874 584 888 590 889 590 890 590 891 590 920 583 935 590 939 591 940 591 941 591 1020 588 1021 556 1018 537 999 542 961 537 950 536 949 536 948 536 943 538 922 542 881 538 868 537 867 537 860 538 837 543 819 539 811 537 810 537 809 537 798 539 773 543 749 540 743 539 742 539 741 539 740 539 739 540 732 544 688 540 666 538 665 538 647 541 614 545 585 541 570 539 569 539 555 541 534 545 522 541 513 539 512 539 511 539 510 539 500 541 492 544 474 542 455 540 454 540 453 540 445 542 437 545 422 542 406 540 405 540 387 543 362 547 322 543 288 541 287 541 236 541 236 541 230 544 224 547 220 544 215 542 214 542 213 542 212 542 205 544 194 549 168 549 162 545 154 541 153 541 153 541 107 545 108 563"/></Shape>
	    <String CONTENT="שכר ליהוה : ואת הכבש השני תעשה בין"
                    HPOS="107.0"
                    VPOS="536.0"
                    WIDTH="914.0"
                    HEIGHT="62.0"
                    WC="0.9960742484439503"></String>
          </TextLine>

          
          
          <TextLine ID="eSc_line_8e8f8f09"
                    TAGREFS="LT15288"
                    BASELINE="108 631 1022 627" 
                    HPOS="108.0"
                    VPOS="605.0"
                    WIDTH="914.0"
                    HEIGHT="61.0">
            <Shape><Polygon POINTS="108 666 196 657 248 666 258 666 259 666 260 666 264 665 286 658 300 662 301 662 302 662 339 655 404 664 418 665 419 665 420 665 424 663 437 656 482 656 495 662 502 666 503 666 504 666 505 666 506 666 512 662 516 659 528 662 544 666 545 666 602 665 603 665 604 665 610 661 621 654 671 654 696 660 708 662 709 662 723 659 748 654 762 659 779 665 779 665 780 665 809 658 832 653 843 658 856 664 857 664 858 664 859 664 879 657 890 653 934 653 941 657 951 664 952 664 953 664 954 664 1021 655 1022 627 1021 610 917 605 916 605 836 610 828 610 826 610 809 605 808 605 807 605 763 610 751 610 724 610 632 606 631 606 612 610 607 610 592 610 535 607 534 607 533 607 532 607 528 610 525 611 517 610 499 607 498 607 459 610 445 611 434 610 408 607 407 607 379 610 370 611 361 610 336 607 335 607 317 610 306 612 108 611 108 631 108 666"/></Shape>
	    <String CONTENT="הערבים כמנחת הבקר וכנסכו תעשה אשה"
                    HPOS="108.0"
                    VPOS="605.0"
                    WIDTH="914.0"
                    HEIGHT="61.0"
                    WC="0.9921091542099462"></String>
          </TextLine>

          
          
          <TextLine ID="eSc_line_0f416d97"
                    TAGREFS="LT15288"
                    BASELINE="389 697 779 693" 
                    HPOS="389.0"
                    VPOS="668.0"
                    WIDTH="390.0"
                    HEIGHT="61.0">
            <Shape><Polygon POINTS="389 697 389 725 420 729 421 729 422 729 423 729 423 728 427 724 428 724 430 726 430 727 431 727 431 727 432 727 433 727 446 724 463 720 470 723 473 724 473 724 474 724 475 724 481 722 499 718 505 722 511 726 512 726 513 726 514 726 514 726 515 726 521 721 525 718 529 721 534 724 535 724 536 724 537 724 538 724 539 724 539 723 542 721 547 717 562 717 566 720 572 726 572 727 573 727 574 727 575 728 623 728 623 727 624 727 642 721 662 724 663 724 664 724 678 717 680 716 681 717 694 723 695 723 695 723 696 723 697 723 697 722 706 716 706 715 707 716 721 721 722 721 723 721 723 721 742 716 758 721 759 721 760 721 761 721 779 713 779 693 779 677 739 669 738 669 737 669 719 677 702 668 701 668 700 668 699 668 698 668 688 677 687 678 679 677 614 671 613 671 612 671 612 671 602 678 599 679 557 679 556 678 543 669 542 669 542 669 467 669 466 669 429 676 412 670 411 670 410 670 409 670 389 678 389 697"/></Shape>
	    <String CONTENT="ריח ניחח ליהוה"
                    HPOS="389.0"
                    VPOS="668.0"
                    WIDTH="390.0"
                    HEIGHT="61.0"
                    WC="0.9995628754297893"></String>
          </TextLine>

          
          
          <TextLine ID="eSc_line_1aaae765"
                    TAGREFS="LT15288"
                    BASELINE="110 764 1019 764" 
                    HPOS="110.0"
                    VPOS="736.0"
                    WIDTH="909.0"
                    HEIGHT="68.0">
            <Shape><Polygon POINTS="110 764 110 804 176 804 176 804 177 804 208 790 297 804 298 804 299 804 300 804 389 791 444 794 468 804 469 804 470 804 546 804 546 804 547 804 570 790 598 796 598 796 806 790 842 804 843 804 844 804 845 804 869 804 869 804 870 804 871 804 886 796 896 800 897 800 898 800 899 800 914 793 933 798 934 798 935 798 936 798 966 790 991 803 992 803 993 804 1019 804 1019 764 1017 737 1002 745 817 745 789 739 773 736 772 736 759 739 743 743 731 739 721 736 720 736 664 736 663 736 662 736 653 740 643 744 608 740 567 736 566 736 541 741 524 744 467 744 463 742 454 737 453 737 452 737 451 737 439 742 433 744 428 742 417 737 416 737 353 736 352 736 323 743 316 745 248 745 246 743 236 736 235 736 234 736 233 736 179 742 154 736 153 736 153 736 110 744 110 764"/></Shape>
	    <String CONTENT=""
                    HPOS="110.0"
                    VPOS="736.0"
                    WIDTH="909.0"
                    HEIGHT="68.0"
                    WC="0.9762538122503381"></String>
          </TextLine>

          
          
          <TextLine ID="eSc_line_738130d7"
                    TAGREFS="LT15288"
                    BASELINE="110 830 934 830" 
                    HPOS="110.0"
                    VPOS="806.0"
                    WIDTH="824.0"
                    HEIGHT="67.0">
            <Shape><Polygon POINTS="110 830 110 867 263 872 264 872 264 872 265 872 274 865 281 860 289 865 294 868 295 868 296 868 297 868 306 865 325 859 371 862 372 862 406 858 416 863 427 872 428 872 429 872 430 873 453 873 453 872 454 872 470 863 480 858 570 858 578 861 580 862 581 862 582 862 589 861 612 858 618 861 635 870 636 870 695 872 696 872 697 872 698 872 717 860 721 858 730 860 751 864 752 864 779 860 786 858 788 859 807 872 808 872 809 872 810 873 858 873 858 872 859 872 883 859 892 863 893 863 894 863 933 857 934 830 933 812 886 806 885 806 843 811 832 806 831 806 830 806 496 811 456 806 455 806 454 806 443 812 337 812 318 806 317 806 316 806 292 811 227 806 226 806 151 811 125 806 125 806 124 806 110 811 110 830"/></Shape>
	    <String CONTENT=""
                    HPOS="110.0"
                    VPOS="806.0"
                    WIDTH="824.0"
                    HEIGHT="67.0"
                    WC="0.9940986825573829"></String>
          </TextLine>

          
          
          <TextLine ID="eSc_line_df815e5f"
                    TAGREFS="LT15288"
                    BASELINE="111 897 1017 897" 
                    HPOS="111.0"
                    VPOS="873.0"
                    WIDTH="906.0"
                    HEIGHT="63.0">
            <Shape><Polygon POINTS="111 897 111 933 173 936 174 936 175 936 182 934 212 925 223 929 224 929 225 929 259 924 274 933 275 933 276 933 277 933 278 933 313 924 339 931 340 931 341 931 342 931 358 924 400 929 401 929 439 924 458 935 459 935 459 935 490 936 491 936 492 936 495 935 514 924 584 924 629 935 633 936 634 936 635 936 636 936 639 935 657 929 692 935 697 936 698 936 699 936 700 936 700 935 709 930 741 935 742 935 743 935 779 925 793 934 794 934 795 934 796 934 797 934 820 924 876 929 876 929 877 929 893 924 929 934 930 934 1016 936 1017 897 1017 880 987 873 986 873 944 879 941 879 935 879 860 873 859 873 781 878 769 878 768 877 762 874 761 874 760 874 667 873 666 873 648 876 637 879 619 876 596 873 595 873 574 876 556 879 535 875 516 873 515 873 481 875 432 879 414 874 409 874 408 874 407 874 406 874 403 874 393 880 345 880 320 874 317 874 316 874 315 874 314 874 300 880 206 880 195 874 194 874 194 874 169 879 158 874 157 874 111 873 111 897"/></Shape>
	    <String CONTENT=""
                    HPOS="111.0"
                    VPOS="873.0"
                    WIDTH="906.0"
                    HEIGHT="63.0"
                    WC="0.9822991337094988"></String>
          </TextLine>

          
          
          <TextLine ID="eSc_line_e0183fad"
                    TAGREFS="LT15288"
                    BASELINE="111 963 1020 961" 
                    HPOS="111.0"
                    VPOS="939.0"
                    WIDTH="909.0"
                    HEIGHT="65.0">
            <Shape><Polygon POINTS="111 999 250 1003 251 1003 252 1003 274 998 289 993 298 997 312 1003 313 1003 314 1004 338 1004 338 1003 339 1003 360 996 377 990 445 990 459 995 475 1000 476 1000 477 1000 478 1000 492 995 504 990 518 995 526 997 527 997 528 997 528 997 534 994 543 990 581 994 586 994 587 994 591 994 615 989 633 993 646 996 647 996 648 996 649 996 653 993 660 989 691 989 702 992 733 1002 734 1002 735 1002 736 1002 737 1002 753 992 757 989 794 989 802 991 839 1002 840 1002 841 1003 924 1003 924 1002 925 1002 943 994 1019 988 1020 961 1018 943 950 944 937 942 922 939 921 939 879 942 839 944 819 942 800 939 799 939 798 939 797 939 793 942 789 944 733 944 719 942 709 939 709 939 708 939 696 941 681 944 651 941 630 939 629 939 607 941 562 945 507 941 495 940 494 940 493 940 492 940 491 941 483 946 448 946 347 940 334 940 333 940 331 940 303 946 211 946 111 940 111 963 111 999"/></Shape>
	    <String CONTENT=""
                    HPOS="111.0"
                    VPOS="939.0"
                    WIDTH="909.0"
                    HEIGHT="65.0"
                    WC="0.9906222522258759"></String>
          </TextLine>

          
          
          <TextLine ID="eSc_line_0fa17d81"
                    TAGREFS="LT15288"
                    BASELINE="113 1029 1022 1031" 
                    HPOS="112.0"
                    VPOS="1005.0"
                    WIDTH="910.0"
                    HEIGHT="65.0">
            <Shape><Polygon POINTS="113 1029 112 1060 137 1064 138 1064 163 1061 202 1056 221 1062 228 1064 229 1064 230 1064 241 1062 256 1059 276 1062 288 1064 289 1064 290 1064 294 1062 314 1056 331 1063 343 1068 344 1068 345 1068 346 1068 363 1063 390 1056 482 1057 492 1063 493 1063 494 1063 626 1057 648 1066 656 1069 657 1069 658 1070 723 1070 723 1069 723 1069 729 1067 751 1057 808 1057 827 1068 829 1069 830 1069 831 1069 832 1070 912 1070 912 1069 913 1069 916 1068 943 1060 959 1069 960 1069 960 1069 961 1070 1020 1070 1022 1031 1022 1013 968 1006 967 1006 938 1012 863 1012 850 1006 849 1006 848 1006 683 1012 682 1012 673 1006 672 1006 671 1006 616 1006 615 1006 592 1011 568 1005 567 1005 566 1005 497 1011 468 1006 467 1006 443 1011 430 1005 429 1005 428 1005 386 1011 385 1011 384 1011 300 1005 299 1005 113 1010 113 1029"/></Shape>
	    <String CONTENT="סמים נטף ושחלת וחלבנה סמים ולבנה זכה"
                    HPOS="112.0"
                    VPOS="1005.0"
                    WIDTH="910.0"
                    HEIGHT="65.0"
                    WC="0.9981386435998453"></String>
          </TextLine>

          
          
          <TextLine ID="eSc_line_a034c749"
                    TAGREFS="LT15288"
                    BASELINE="113 1096 1024 1098" 
                    HPOS="112.0"
                    VPOS="1072.0"
                    WIDTH="912.0"
                    HEIGHT="66.0">
            <Shape><Polygon POINTS="113 1096 112 1126 170 1124 179 1128 189 1134 190 1134 191 1134 192 1134 201 1129 212 1123 225 1128 226 1128 227 1128 250 1125 261 1129 281 1137 282 1137 283 1138 323 1138 323 1137 324 1137 343 1130 355 1125 366 1131 373 1134 374 1134 497 1137 498 1137 499 1137 514 1132 546 1122 579 1133 580 1133 581 1133 583 1133 640 1123 648 1128 649 1128 650 1128 651 1128 671 1124 686 1134 687 1134 688 1134 689 1134 690 1134 726 1123 762 1129 763 1129 764 1129 787 1123 875 1123 924 1132 925 1132 926 1132 947 1125 967 1137 968 1138 969 1138 970 1138 971 1138 1022 1137 1024 1098 1023 1081 932 1082 921 1080 903 1075 902 1075 876 1079 862 1082 851 1079 831 1073 830 1073 720 1073 719 1073 695 1078 681 1081 673 1078 662 1073 661 1073 615 1073 614 1073 613 1073 601 1077 589 1082 577 1077 566 1072 565 1072 564 1072 563 1072 545 1077 529 1082 193 1082 172 1074 166 1072 166 1072 165 1072 113 1073 113 1096"/></Shape>
	    <String CONTENT="בד בבד יהיה : ועשית אתה קטרת רקח מעשה"
                    HPOS="112.0"
                    VPOS="1072.0"
                    WIDTH="912.0"
                    HEIGHT="66.0"
                    WC="0.9970297652321893"></String>
          </TextLine>

          
          
          <TextLine ID="eSc_line_f315d873"
                    TAGREFS="LT15288"
                    BASELINE="112 1164 1023 1166" 
                    HPOS="111.0"
                    VPOS="1141.0"
                    WIDTH="912.0"
                    HEIGHT="71.0">
            <Shape><Polygon POINTS="112 1164 111 1208 207 1209 208 1209 208 1209 209 1209 210 1208 222 1201 237 1206 238 1206 239 1206 240 1206 274 1192 302 1192 332 1207 336 1209 337 1209 338 1210 414 1210 414 1209 415 1209 424 1207 469 1193 569 1195 585 1206 593 1210 594 1210 595 1210 596 1211 639 1211 639 1210 640 1210 640 1210 649 1205 661 1198 691 1199 692 1199 693 1199 707 1193 770 1199 771 1199 772 1199 773 1199 782 1193 836 1193 852 1200 853 1200 854 1200 896 1193 914 1203 929 1211 930 1211 931 1212 987 1212 987 1211 987 1211 988 1211 1001 1203 1002 1203 1021 1203 1023 1166 1022 1149 799 1143 798 1143 759 1148 753 1148 747 1148 705 1142 704 1142 654 1147 653 1147 652 1147 612 1142 612 1142 440 1146 416 1141 415 1141 364 1146 362 1146 359 1146 220 1141 219 1141 112 1145 112 1164"/></Shape>
	    <String CONTENT="רוקח ממלח טהור קדש : ושחקת ממנה הדק"
                    HPOS="111.0"
                    VPOS="1141.0"
                    WIDTH="912.0"
                    HEIGHT="71.0"
                    WC="0.9860959121159145"></String>
          </TextLine>

          
          
          <TextLine ID="eSc_line_3ff2a1d3"
                    TAGREFS="LT15288"
                    BASELINE="113 1229 1025 1233" 
                    HPOS="112.0"
                    VPOS="1207.0"
                    WIDTH="913.0"
                    HEIGHT="58.0">
            <Shape><Polygon POINTS="113 1229 112 1253 147 1261 148 1261 220 1256 265 1262 266 1262 267 1262 268 1262 278 1255 290 1262 291 1262 341 1262 342 1263 380 1263 380 1262 381 1262 397 1256 419 1262 420 1262 421 1262 476 1256 478 1256 479 1256 497 1262 498 1262 499 1262 533 1256 536 1256 537 1256 550 1262 551 1262 552 1262 552 1262 553 1262 565 1256 567 1256 573 1257 612 1261 612 1261 676 1257 685 1257 690 1257 732 1263 733 1263 791 1258 795 1258 856 1258 858 1258 869 1264 870 1264 871 1265 916 1265 916 1264 917 1264 918 1264 926 1259 928 1258 931 1259 948 1264 949 1264 950 1264 951 1264 968 1259 970 1259 1022 1259 1025 1233 1024 1218 973 1212 973 1212 972 1212 963 1216 948 1210 947 1210 946 1210 920 1217 918 1217 915 1217 890 1210 889 1210 888 1210 876 1216 875 1218 849 1218 840 1216 798 1209 797 1209 796 1209 777 1215 773 1217 734 1217 730 1215 715 1209 714 1209 649 1209 648 1209 647 1209 639 1214 634 1217 590 1217 584 1214 569 1208 568 1208 567 1208 519 1213 499 1215 474 1213 431 1208 431 1208 404 1212 386 1215 370 1212 357 1209 356 1209 341 1212 327 1214 318 1211 305 1207 304 1207 303 1207 282 1211 266 1214 113 1210 113 1229"/></Shape>
	    <String CONTENT="ונתתה ממנה לפני העדת באהל מועד אשר"
                    HPOS="112.0"
                    VPOS="1207.0"
                    WIDTH="913.0"
                    HEIGHT="58.0"
                    WC="0.9912012780413908"></String>
          </TextLine>

          
          
          <TextLine ID="eSc_line_c5f0dcee"
                    TAGREFS="LT15288"
                    BASELINE="114 1297 1022 1300" 
                    HPOS="113.0"
                    VPOS="1274.0"
                    WIDTH="909.0"
                    HEIGHT="65.0">
            <Shape><Polygon POINTS="114 1297 113 1321 143 1332 144 1332 145 1332 191 1323 217 1328 218 1328 248 1324 266 1334 267 1334 268 1334 269 1334 310 1323 313 1323 317 1323 360 1331 361 1331 361 1331 382 1324 386 1323 415 1323 416 1324 424 1331 425 1331 426 1331 427 1331 468 1325 470 1325 471 1325 490 1334 491 1334 492 1334 493 1334 510 1326 556 1338 557 1338 558 1339 633 1339 633 1338 634 1338 650 1332 666 1338 667 1338 724 1339 725 1339 726 1339 756 1328 765 1325 809 1325 814 1328 832 1339 833 1339 834 1339 834 1339 888 1337 889 1337 890 1337 903 1329 904 1329 904 1329 928 1339 929 1339 930 1339 931 1339 948 1330 954 1327 1019 1330 1022 1300 1019 1276 1000 1281 951 1276 948 1276 947 1276 945 1276 894 1281 875 1276 870 1276 869 1276 868 1276 828 1276 730 1280 723 1277 721 1275 720 1275 719 1275 645 1275 644 1275 643 1275 633 1277 621 1281 574 1281 569 1277 565 1275 564 1275 563 1275 562 1275 561 1275 560 1275 556 1277 552 1280 372 1280 369 1278 363 1275 362 1275 361 1275 361 1275 360 1275 347 1278 344 1279 342 1278 334 1274 333 1274 333 1274 332 1274 114 1278 114 1297"/></Shape>
	    <String CONTENT="אועד לך שמה קדש קדשים תהיה לכם :"
                    HPOS="113.0"
                    VPOS="1274.0"
                    WIDTH="909.0"
                    HEIGHT="65.0"
                    WC="0.9924053897460302"></String>
          </TextLine>

          
          
          <TextLine ID="eSc_line_9f96d767"
                    TAGREFS="LT15288"
                    BASELINE="115 1362 1022 1366" 
                    HPOS="114.0"
                    VPOS="1342.0"
                    WIDTH="908.0"
                    HEIGHT="68.0">
            <Shape><Polygon POINTS="115 1362 114 1401 194 1406 194 1406 224 1401 247 1397 253 1401 262 1406 263 1406 264 1406 264 1407 308 1407 308 1406 309 1406 325 1401 355 1390 382 1399 383 1399 384 1400 384 1399 385 1399 413 1390 475 1390 492 1397 493 1397 494 1397 547 1390 577 1400 590 1404 591 1404 592 1404 612 1401 639 1408 640 1408 640 1408 641 1408 661 1400 681 1391 793 1391 817 1400 818 1400 819 1400 820 1400 822 1400 851 1392 865 1400 884 1409 885 1409 886 1410 987 1410 987 1409 988 1409 989 1409 1005 1399 1010 1396 1018 1399 1022 1366 1022 1350 1010 1345 1009 1345 1008 1345 978 1349 790 1344 789 1344 751 1348 751 1348 737 1344 736 1344 735 1344 682 1348 677 1348 674 1348 654 1344 653 1344 558 1347 551 1347 550 1347 539 1343 538 1343 537 1343 468 1347 456 1347 447 1346 408 1343 407 1343 361 1346 345 1347 338 1346 317 1342 316 1342 295 1346 292 1346 115 1345 115 1362"/></Shape>
	    <String CONTENT=""
                    HPOS="114.0"
                    VPOS="1342.0"
                    WIDTH="908.0"
                    HEIGHT="68.0"
                    WC="0.9751901378234228"></String>
          </TextLine>

          
          
          <TextLine ID="eSc_line_0b8676fa"
                    TAGREFS="LT15288"
                    BASELINE="118 1429 1022 1435" 
                    HPOS="117.0"
                    VPOS="1406.0"
                    WIDTH="905.0"
                    HEIGHT="65.0">
            <Shape><Polygon POINTS="118 1429 117 1466 142 1467 143 1467 144 1467 147 1466 187 1455 235 1455 260 1465 266 1468 267 1468 268 1469 319 1469 319 1468 320 1468 327 1465 347 1456 377 1462 378 1462 379 1462 395 1456 431 1464 433 1464 434 1464 435 1464 436 1464 446 1458 457 1463 459 1464 459 1464 460 1464 470 1463 533 1456 543 1463 552 1469 553 1469 554 1469 637 1470 638 1470 683 1461 709 1457 762 1458 766 1461 788 1469 789 1469 790 1469 834 1460 845 1458 848 1460 869 1471 870 1471 871 1471 872 1471 894 1464 972 1471 973 1471 973 1471 1021 1458 1022 1435 1021 1418 952 1412 951 1412 950 1412 949 1412 941 1417 940 1417 932 1417 837 1413 836 1413 835 1413 825 1416 819 1412 818 1412 817 1412 816 1412 815 1412 797 1416 796 1416 795 1416 782 1410 781 1410 780 1410 722 1415 700 1409 699 1409 698 1409 584 1415 570 1415 567 1415 538 1408 537 1408 432 1415 420 1415 417 1414 384 1407 383 1407 317 1414 311 1414 307 1414 268 1406 267 1406 118 1412 118 1429"/></Shape>
	    <String CONTENT="בהיטיבו את הנרת יקטירנה : ובהעלת אהרן"
                    HPOS="117.0"
                    VPOS="1406.0"
                    WIDTH="905.0"
                    HEIGHT="65.0"
                    WC="0.9887353181838989"></String>
          </TextLine>

          
          
          <TextLine ID="eSc_line_52805a43"
                    TAGREFS="LT15288"
                    BASELINE="118 1494 1021 1500" 
                    HPOS="117.0"
                    VPOS="1473.0"
                    WIDTH="904.0"
                    HEIGHT="77.0">
            <Shape><Polygon POINTS="118 1494 117 1526 198 1526 218 1540 219 1540 220 1540 221 1540 222 1540 235 1535 267 1545 268 1545 269 1546 362 1546 362 1545 363 1545 402 1529 470 1529 505 1544 506 1544 507 1544 508 1544 531 1539 553 1543 554 1543 587 1540 603 1547 604 1547 633 1548 634 1548 668 1547 669 1547 702 1537 721 1544 722 1544 780 1549 781 1549 782 1549 815 1532 831 1538 832 1538 833 1538 834 1538 841 1535 867 1549 868 1549 905 1550 906 1550 907 1550 929 1539 950 1545 951 1545 952 1545 953 1545 976 1533 1019 1533 1021 1500 1019 1479 896 1484 889 1478 888 1478 887 1478 886 1478 874 1478 777 1483 694 1478 676 1477 675 1477 668 1478 642 1482 630 1478 626 1476 625 1476 624 1476 616 1478 601 1481 565 1477 546 1476 545 1476 544 1476 539 1477 525 1481 511 1477 502 1475 501 1475 500 1475 488 1477 474 1480 456 1477 439 1475 438 1475 427 1477 413 1480 294 1480 290 1477 286 1474 285 1474 284 1474 283 1474 264 1477 248 1479 239 1477 226 1473 225 1473 224 1473 118 1476 118 1494"/></Shape>
	    <String CONTENT="את הנרת בין הערבים יקטירנה קטרת תמיד"
                    HPOS="117.0"
                    VPOS="1473.0"
                    WIDTH="904.0"
                    HEIGHT="77.0"
                    WC="0.9910338471333185"></String>
          </TextLine>

          
          
          <TextLine ID="eSc_line_628eb3ac"
                    TAGREFS="LT15288"
                    BASELINE="333 1562 805 1565" 
                    HPOS="332.0"
                    VPOS="1540.0"
                    WIDTH="473.0"
                    HEIGHT="76.0">
            <Shape><Polygon POINTS="333 1562 332 1601 372 1599 377 1602 394 1613 395 1613 396 1613 397 1614 409 1614 409 1613 410 1613 411 1613 411 1612 420 1603 427 1602 439 1600 444 1602 466 1613 467 1613 468 1613 469 1613 470 1613 481 1607 488 1613 488 1614 489 1614 490 1614 491 1615 506 1615 506 1614 507 1614 508 1614 524 1602 534 1602 561 1600 566 1601 601 1614 602 1614 603 1614 638 1607 667 1615 667 1615 668 1616 741 1616 741 1615 742 1615 743 1615 765 1601 765 1601 803 1601 805 1565 805 1547 789 1541 788 1541 787 1541 712 1547 679 1549 675 1547 665 1541 664 1541 663 1541 638 1547 631 1548 628 1547 618 1541 617 1541 616 1541 615 1541 599 1546 577 1540 576 1540 575 1540 574 1540 573 1540 565 1546 486 1540 485 1540 450 1547 448 1547 447 1547 442 1541 441 1541 440 1541 410 1540 409 1540 408 1540 407 1540 407 1540 400 1547 333 1547 333 1562"/></Shape>
	    <String CONTENT="לפני יהוה לדרתיכם :"
                    HPOS="332.0"
                    VPOS="1540.0"
                    WIDTH="473.0"
                    HEIGHT="76.0"
                    WC="0.9978484699600622"></String>
          </TextLine>

          
        </TextBlock>
        

        
      </PrintSpace>
    </Page>
  </Layout>
</alto>
