<?xml version="1.0" encoding="UTF-8"?>
<alto xmlns:xsi="http://www.w3.org/2001/XMLSchema-instance"
      xmlns="http://www.loc.gov/standards/alto/ns-v4#"
      xsi:schemaLocation="http://www.loc.gov/standards/alto/ns-v4# http://www.loc.gov/standards/alto/v4/alto-4-2.xsd">
  <Description>
    <MeasurementUnit>pixel</MeasurementUnit>
    <sourceImageInformation>
      <fileName>IE87234800_00003.jpg</fileName>
      <fileIdentifier>mets//export_doc4366_1col_14_copy_alto_202404261215.zip/IE87234800_00003.jpg</fileIdentifier>
    </sourceImageInformation>
  </Description>
  
  <Tags>
    <OtherTag ID="BT8356" LABEL="MainLeft" DESCRIPTION="block type MainLeft"/><OtherTag ID="BT8355" LABEL="MainRight" DESCRIPTION="block type MainRight"/><OtherTag ID="BT6914" LABEL="Handwritten" DESCRIPTION="block type Handwritten"/><OtherTag ID="BT6913" LABEL="RunningHeader" DESCRIPTION="block type RunningHeader"/><OtherTag ID="BT6912" LABEL="Catchword" DESCRIPTION="block type Catchword"/><OtherTag ID="BT6911" LABEL="Margin" DESCRIPTION="block type Margin"/><OtherTag ID="BT6910" LABEL="FooterCentral" DESCRIPTION="block type FooterCentral"/><OtherTag ID="BT6909" LABEL="MainCentral" DESCRIPTION="block type MainCentral"/><OtherTag ID="BT6908" LABEL="Header" DESCRIPTION="block type Header"/><OtherTag ID="BT4" LABEL="Illustration" DESCRIPTION="block type Illustration"/><OtherTag ID="BT3" LABEL="Commentary" DESCRIPTION="block type Commentary"/><OtherTag ID="BT2" LABEL="Main" DESCRIPTION="block type Main"/><OtherTag ID="BT1" LABEL="Title" DESCRIPTION="block type Title"/>
    <OtherTag ID="LT15938" LABEL="MainLeft" DESCRIPTION="line type MainLeft"/><OtherTag ID="LT15937" LABEL="MainRight" DESCRIPTION="line type MainRight"/><OtherTag ID="LT15289" LABEL="Handwritten" DESCRIPTION="line type Handwritten"/><OtherTag ID="LT15288" LABEL="MainCentral" DESCRIPTION="line type MainCentral"/><OtherTag ID="LT15287" LABEL="NotMain" DESCRIPTION="line type NotMain"/>
  </Tags>
  
  <Layout>
    <Page WIDTH="1819"
          HEIGHT="2753"
          PHYSICAL_IMG_NR="15"
          ID="eSc_dummypage_">
      <PrintSpace HPOS="0"
                  VPOS="0"
                  WIDTH="1819"
                  HEIGHT="2753">
        
        <TextBlock HPOS="171.0"
                   VPOS="140.0"
                   WIDTH="1525.0"
                   HEIGHT="2378.0"
                   ID="eSc_textblock_235267ea"
                   TAGREFS="BT6909">
          <Shape><Polygon POINTS="702 140 1684 146 1696 165 1672 2482 1641 2518 189 2518 171 2488 171 171 201 146 702 140"/></Shape>
          
          
          <TextLine ID="eSc_line_0ef933a4"
                    TAGREFS="LT15288"
                    BASELINE="188 186 1673 178" 
                    HPOS="186.0"
                    VPOS="142.0"
                    WIDTH="1486.0"
                    HEIGHT="119.0">
            <Shape><Polygon POINTS="1653 144 1630 144 1607 144 1584 144 1561 144 1538 144 1515 144 1492 144 1469 144 1446 144 1423 144 1400 144 1378 144 1355 144 1332 144 1309 144 1286 144 1263 144 1240 144 1217 144 1194 144 1171 142 1148 142 1125 142 1102 142 1079 142 1056 142 1033 142 1010 142 987 142 964 142 941 142 918 142 895 142 872 142 849 142 826 142 803 142 780 142 757 142 734 142 711 142 689 142 666 142 643 142 620 142 597 142 574 142 551 142 542 142 535 149 532 151 195 151 186 156 186 185 186 236 259 261 261 261 264 261 266 261 312 238 316 236 353 236 358 238 390 259 392 259 395 259 397 259 399 259 401 259 431 238 436 236 528 236 537 238 578 252 581 252 583 252 585 252 587 252 606 238 615 234 716 234 748 240 840 259 842 259 845 259 879 245 1111 256 1113 256 1116 256 1118 256 1139 240 1141 240 1150 240 1256 256 1258 256 1260 256 1263 256 1286 243 1309 229 1361 229 1389 243 1412 254 1414 254 1417 254 1669 243 1672 176 1669 144 1653 144"/></Shape>
	    <String CONTENT=""
                    HPOS="186.0"
                    VPOS="142.0"
                    WIDTH="1486.0"
                    HEIGHT="119.0"
                    WC="0.9971130433536711"></String>
          </TextLine>

          
          
          <TextLine ID="eSc_line_8d7a2c32"
                    TAGREFS="LT15288"
                    BASELINE="186 290 1673 287" 
                    HPOS="181.0"
                    VPOS="245.0"
                    WIDTH="1491.0"
                    HEIGHT="119.0">
            <Shape><Polygon POINTS="183 289 183 334 231 362 234 362 236 362 238 362 241 362 273 334 275 332 342 330 500 330 521 339 569 362 571 362 574 364 645 364 645 362 647 362 649 362 649 360 670 341 672 339 677 344 702 355 705 355 707 355 709 355 711 355 728 344 746 330 762 344 780 360 783 360 785 360 787 360 790 360 840 346 842 346 845 346 868 357 870 357 872 357 875 357 877 357 891 346 916 330 1008 330 1051 351 1063 355 1065 355 1240 362 1242 362 1244 362 1247 362 1254 355 1286 330 1359 330 1387 353 1387 355 1389 355 1391 355 1400 357 1440 362 1442 364 1474 364 1474 362 1476 362 1479 362 1479 360 1481 360 1499 341 1531 360 1536 362 1538 362 1541 364 1669 364 1672 286 1667 252 1479 259 1421 252 1357 245 1355 245 1352 245 1350 245 1338 252 1327 259 1244 254 1109 245 1107 245 1049 254 1024 259 1017 254 1001 245 999 245 996 245 994 245 992 245 969 256 962 259 918 256 813 247 810 247 753 256 739 259 737 256 721 245 718 245 716 245 622 245 620 245 528 259 521 259 516 259 457 245 454 245 351 259 307 245 305 245 303 245 300 245 252 259 220 245 218 245 215 245 213 245 181 259 183 289"/></Shape>
	    <String CONTENT=""
                    HPOS="181.0"
                    VPOS="245.0"
                    WIDTH="1491.0"
                    HEIGHT="119.0"
                    WC="0.997980781223463"></String>
          </TextLine>

          
          
          <TextLine ID="eSc_line_c09df8dd"
                    TAGREFS="LT15288"
                    BASELINE="180 396 1675 396" 
                    HPOS="179.0"
                    VPOS="355.0"
                    WIDTH="1495.0"
                    HEIGHT="119.0">
            <Shape><Polygon POINTS="1674 394 1672 367 1538 367 1531 364 1511 355 1508 355 1506 355 1504 355 1502 355 1492 364 1488 369 1403 369 1382 364 1336 355 1334 355 1332 355 1311 362 1302 367 1297 362 1288 355 1286 355 1283 355 1281 355 1242 362 1217 367 1175 362 1118 355 1116 355 1067 362 1022 367 969 360 927 355 925 355 923 355 909 360 888 367 865 360 852 355 849 355 847 355 845 355 842 355 838 360 824 367 801 360 787 355 785 355 783 355 732 357 629 367 546 357 523 355 521 355 519 355 516 355 514 357 500 369 225 369 181 355 179 394 181 472 264 451 346 470 358 472 360 474 447 474 447 472 450 472 452 472 452 470 454 470 466 458 484 470 486 470 489 470 590 472 592 472 594 472 604 468 636 451 801 451 824 465 829 468 831 468 833 468 836 468 838 468 849 463 872 456 895 463 923 472 925 472 927 472 930 472 955 463 982 451 1040 451 1049 461 1061 470 1061 472 1063 472 1065 472 1067 472 1070 472 1102 461 1123 454 1162 461 1244 472 1247 472 1322 458 1355 451 1371 456 1400 468 1403 468 1405 468 1541 461 1559 472 1561 472 1564 472 1566 472 1568 472 1570 472 1570 470 1584 456 1674 451 1674 394"/></Shape>
	    <String CONTENT=""
                    HPOS="179.0"
                    VPOS="355.0"
                    WIDTH="1495.0"
                    HEIGHT="119.0"
                    WC="0.9872250258922577"></String>
          </TextLine>

          
          
          <TextLine ID="eSc_line_1cbfbc30"
                    TAGREFS="LT15288"
                    BASELINE="185 506 1672 503" 
                    HPOS="181.0"
                    VPOS="449.0"
                    WIDTH="1488.0"
                    HEIGHT="131.0">
            <Shape><Polygon POINTS="183 504 183 552 305 559 344 578 346 578 349 578 351 578 411 557 422 555 438 557 486 568 489 568 491 568 512 559 525 552 587 552 599 562 608 568 610 568 613 568 615 568 617 568 631 562 649 552 792 552 861 566 930 578 932 578 934 578 955 566 982 552 1026 568 1056 578 1058 578 1061 580 1201 580 1201 578 1203 578 1205 578 1205 575 1212 571 1219 564 1258 571 1293 578 1295 578 1297 578 1299 578 1304 573 1320 562 1361 573 1375 578 1378 578 1380 578 1430 575 1437 573 1440 573 1442 573 1467 552 1527 552 1552 573 1554 573 1557 573 1665 578 1669 502 1665 470 1189 474 1173 465 1148 449 1146 449 1143 449 1141 449 1139 449 1079 463 1010 458 1008 458 1005 458 1003 458 1003 461 996 465 985 474 934 465 888 456 886 456 836 463 769 474 755 463 739 449 737 449 734 449 620 449 617 449 615 449 569 463 532 472 519 461 505 451 502 451 500 451 452 449 450 449 447 449 445 449 445 451 434 461 418 477 291 477 273 461 259 449 257 449 254 449 252 449 181 458 183 504"/></Shape>
	    <String CONTENT=""
                    HPOS="181.0"
                    VPOS="449.0"
                    WIDTH="1488.0"
                    HEIGHT="131.0"
                    WC="0.9897668245765898"></String>
          </TextLine>

          
          
          <TextLine ID="eSc_line_47006ff6"
                    TAGREFS="LT15288"
                    BASELINE="185 611 1670 607" 
                    HPOS="183.0"
                    VPOS="564.0"
                    WIDTH="1486.0"
                    HEIGHT="124.0">
            <Shape><Polygon POINTS="183 660 427 660 434 663 489 685 491 685 493 688 590 688 590 685 592 685 594 685 620 665 627 660 718 660 728 667 746 683 746 685 748 685 751 685 753 688 806 688 806 685 808 685 810 685 826 672 863 679 865 679 868 679 870 679 870 676 879 669 888 660 909 669 937 681 939 681 941 681 943 681 976 669 992 665 999 669 1015 683 1017 683 1019 683 1022 683 1024 683 1054 672 1065 667 1113 672 1212 683 1214 683 1217 683 1235 674 1265 658 1293 674 1295 676 1297 676 1299 676 1302 676 1313 674 1357 667 1407 676 1449 683 1451 683 1669 679 1669 605 1667 578 1414 566 1412 566 1410 566 1378 578 1375 578 1373 578 1348 566 1345 566 1343 566 1341 566 1338 566 1320 578 1318 580 1125 580 1125 578 1093 566 1090 566 1088 566 1033 578 994 564 992 564 989 564 877 578 822 566 819 566 817 566 815 566 794 580 792 580 785 580 716 566 415 566 413 566 358 578 323 566 321 566 319 566 316 566 284 580 284 582 183 582 183 610 183 660"/></Shape>
	    <String CONTENT=""
                    HPOS="183.0"
                    VPOS="564.0"
                    WIDTH="1486.0"
                    HEIGHT="124.0"
                    WC="0.986097211187536"></String>
          </TextLine>

          
          
          <TextLine ID="eSc_line_697b0442"
                    TAGREFS="LT15288"
                    BASELINE="185 718 1669 714" 
                    HPOS="183.0"
                    VPOS="669.0"
                    WIDTH="1484.0"
                    HEIGHT="122.0">
            <Shape><Polygon POINTS="183 766 218 789 220 789 222 789 225 789 367 763 369 763 374 763 459 780 461 780 525 770 562 789 564 789 567 789 569 789 571 789 608 763 636 782 638 782 640 782 643 782 645 782 686 766 721 777 723 777 725 777 787 763 806 780 808 780 810 780 813 780 815 780 817 780 817 777 833 763 930 763 932 763 969 789 971 789 973 789 976 789 1120 773 1173 789 1175 789 1178 791 1357 791 1357 789 1359 789 1391 777 1531 789 1534 789 1536 789 1538 789 1575 763 1665 763 1667 713 1665 685 1357 669 1355 669 1352 669 1329 681 1318 685 1299 681 1260 669 1258 669 1256 669 1254 669 1251 669 1240 681 1235 683 1214 679 1171 672 1169 672 1125 679 1081 685 1031 679 982 669 980 669 978 669 953 676 920 685 884 676 858 669 856 669 854 669 817 674 753 688 551 688 512 672 509 672 507 672 505 672 502 672 500 672 452 688 241 688 225 672 225 669 222 669 220 669 183 669 183 715 183 766"/></Shape>
	    <String CONTENT=""
                    HPOS="183.0"
                    VPOS="669.0"
                    WIDTH="1484.0"
                    HEIGHT="122.0"
                    WC="0.9795241139151833"></String>
          </TextLine>

          
          
          <TextLine ID="eSc_line_231fed98"
                    TAGREFS="LT15288"
                    BASELINE="183 832 1667 821" 
                    HPOS="181.0"
                    VPOS="773.0"
                    WIDTH="1484.0"
                    HEIGHT="137.0">
            <Shape><Polygon POINTS="181 887 238 887 280 908 282 908 284 910 342 910 342 908 344 908 346 908 346 906 369 887 440 887 443 887 463 901 466 901 468 901 470 901 473 901 498 887 502 885 509 887 558 908 560 908 562 910 755 910 755 908 817 894 838 903 840 903 842 903 845 903 847 903 868 890 881 883 934 885 937 890 953 903 953 906 955 906 957 906 960 908 996 908 996 906 999 906 1001 906 1019 890 1024 887 1038 890 1100 903 1102 903 1104 903 1132 890 1155 880 1194 880 1208 892 1214 897 1214 899 1217 899 1219 899 1221 899 1265 892 1311 883 1334 892 1357 901 1359 901 1361 901 1364 901 1366 901 1378 892 1391 880 1407 892 1417 901 1419 901 1421 901 1423 901 1426 901 1456 892 1481 885 1490 892 1502 901 1504 901 1506 901 1508 901 1665 892 1665 819 1662 789 1437 780 1435 780 1267 789 1214 791 1205 789 1152 773 1150 773 1067 773 1065 773 1063 773 1061 773 1038 789 1033 793 1019 789 989 782 987 782 985 782 982 782 953 789 939 793 932 789 907 777 904 777 902 777 900 777 872 791 865 796 801 796 794 791 767 777 764 777 762 777 684 791 654 796 622 791 546 777 496 777 493 777 491 777 489 777 473 791 466 798 367 798 355 791 344 782 342 782 339 782 337 782 335 782 333 782 316 791 312 793 181 793 181 830 181 887"/></Shape>
	    <String CONTENT=""
                    HPOS="181.0"
                    VPOS="773.0"
                    WIDTH="1484.0"
                    HEIGHT="137.0"
                    WC="0.998398223588633"></String>
          </TextLine>

          
          
          <TextLine ID="eSc_line_0b363ef2"
                    TAGREFS="LT15288"
                    BASELINE="185 936 1662 931" 
                    HPOS="181.0"
                    VPOS="887.0"
                    WIDTH="1479.0"
                    HEIGHT="129.0">
            <Shape><Polygon POINTS="183 933 183 993 280 993 291 995 335 1009 337 1009 339 1009 342 1009 344 1009 344 1007 358 995 362 993 401 993 411 997 438 1014 440 1014 443 1014 445 1014 537 1002 585 1014 587 1014 590 1014 592 1014 594 1014 613 1000 622 993 753 993 767 1002 780 1014 783 1014 785 1014 787 1016 872 1016 872 1014 875 1014 877 1014 877 1011 886 1002 891 1000 898 1002 914 1014 916 1014 918 1014 920 1014 923 1014 957 1004 994 993 1026 1004 1033 1007 1035 1007 1038 1007 1040 1007 1045 1004 1070 993 1086 1004 1086 1007 1088 1007 1090 1007 1093 1007 1102 1004 1166 991 1198 1007 1203 1009 1205 1009 1208 1009 1210 1009 1214 1007 1251 991 1322 1009 1338 1011 1341 1014 1456 1014 1456 1011 1458 1011 1463 1009 1492 995 1655 1011 1660 929 1658 901 1490 890 1488 890 1485 890 1456 901 1453 901 1451 901 1426 887 1423 887 1421 887 1419 887 1417 887 1417 890 1403 901 1403 903 1302 903 1299 901 1286 887 1283 887 1281 887 1279 887 1276 887 1240 901 1237 901 1228 901 1040 887 1038 887 957 901 861 890 858 890 783 903 776 903 773 903 748 890 746 890 744 890 741 890 695 903 693 903 691 903 659 890 656 890 654 890 652 890 615 903 613 903 604 903 466 890 463 890 461 890 427 903 427 906 319 906 319 903 298 890 296 890 293 890 291 890 181 903 183 933"/></Shape>
	    <String CONTENT=""
                    HPOS="181.0"
                    VPOS="887.0"
                    WIDTH="1479.0"
                    HEIGHT="129.0"
                    WC="0.9912342031796774"></String>
          </TextLine>

          
          
          <TextLine ID="eSc_line_2bd2431d"
                    TAGREFS="LT15288"
                    BASELINE="180 1041 1666 1035" 
                    HPOS="176.0"
                    VPOS="991.0"
                    WIDTH="1489.0"
                    HEIGHT="130.0">
            <Shape><Polygon POINTS="179 1039 179 1103 406 1096 424 1105 445 1119 447 1119 450 1119 452 1121 594 1121 594 1119 597 1119 629 1108 663 1096 762 1108 847 1119 849 1119 852 1119 854 1119 865 1110 886 1094 966 1094 1019 1110 1038 1117 1040 1117 1042 1119 1175 1119 1175 1117 1178 1117 1180 1117 1180 1114 1185 1112 1191 1103 1208 1112 1219 1117 1221 1117 1224 1119 1341 1119 1341 1117 1343 1117 1359 1112 1428 1096 1660 1114 1665 1034 1660 1002 1276 1004 1272 1002 1260 993 1258 993 1256 993 1254 993 1191 1004 1180 1004 1178 1004 1159 991 1157 991 1155 991 1152 991 1150 991 1148 991 1129 1004 1127 1004 1111 1004 966 991 964 991 962 991 960 991 946 1004 943 1004 939 1004 849 993 847 993 691 1007 668 1007 666 1007 640 993 638 993 636 993 633 993 631 993 615 1007 613 1009 463 1009 461 1007 427 993 424 993 422 993 362 1004 231 993 229 993 227 993 176 1007 179 1039"/></Shape>
	    <String CONTENT=""
                    HPOS="176.0"
                    VPOS="991.0"
                    WIDTH="1489.0"
                    HEIGHT="130.0"
                    WC="0.9908723752749594"></String>
          </TextLine>

          
          
          <TextLine ID="eSc_line_f350a354"
                    TAGREFS="LT15288"
                    BASELINE="180 1150 1415 1150" 
                    HPOS="179.0"
                    VPOS="1105.0"
                    WIDTH="1235.0"
                    HEIGHT="120.0">
            <Shape><Polygon POINTS="179 1149 179 1204 215 1222 218 1222 220 1225 257 1225 257 1222 259 1222 261 1222 261 1220 282 1204 333 1215 335 1215 337 1215 372 1206 381 1204 422 1206 553 1215 555 1215 558 1215 560 1215 567 1209 574 1204 587 1209 622 1222 624 1222 627 1222 686 1211 702 1209 723 1211 792 1222 794 1222 845 1213 900 1204 1061 1218 1129 1222 1132 1222 1134 1222 1136 1222 1141 1218 1166 1204 1194 1220 1201 1222 1203 1222 1205 1222 1208 1222 1217 1220 1263 1209 1412 1222 1414 1149 1414 1121 1332 1105 1329 1105 1327 1105 1297 1119 1274 1105 1272 1105 1270 1105 1267 1105 1097 1119 1049 1105 1047 1105 902 1105 900 1105 898 1105 895 1105 877 1117 659 1108 656 1108 590 1119 564 1108 562 1108 560 1108 558 1108 532 1121 353 1121 248 1105 245 1105 179 1119 179 1149"/></Shape>
	    <String CONTENT=""
                    HPOS="179.0"
                    VPOS="1105.0"
                    WIDTH="1235.0"
                    HEIGHT="120.0"
                    WC="0.9842651345227894"></String>
          </TextLine>

          
          
          <TextLine ID="eSc_line_0cf8bdd3"
                    TAGREFS="LT15288"
                    BASELINE="177 1257 1661 1252" 
                    HPOS="176.0"
                    VPOS="1206.0"
                    WIDTH="1484.0"
                    HEIGHT="124.0">
            <Shape><Polygon POINTS="176 1307 211 1307 215 1309 241 1328 243 1328 245 1328 248 1330 293 1330 293 1328 296 1328 298 1328 328 1309 333 1307 351 1309 395 1319 397 1319 399 1319 415 1312 424 1307 613 1307 640 1314 689 1328 691 1328 693 1328 833 1326 836 1326 863 1316 898 1307 953 1319 982 1323 985 1323 1008 1319 1070 1305 1127 1305 1146 1321 1150 1323 1150 1326 1152 1326 1155 1326 1157 1326 1194 1321 1247 1314 1479 1323 1481 1323 1483 1323 1485 1323 1497 1314 1511 1326 1513 1326 1515 1326 1518 1328 1658 1328 1660 1250 1658 1209 1552 1206 1550 1206 1547 1206 1541 1209 1504 1222 1244 1211 1095 1206 1093 1206 1090 1206 1070 1213 1045 1225 964 1225 948 1215 939 1209 937 1209 934 1209 932 1209 930 1209 916 1215 898 1227 792 1227 783 1218 773 1211 773 1209 771 1209 769 1209 675 1209 672 1209 670 1209 668 1209 654 1218 640 1227 581 1227 571 1220 560 1211 558 1211 555 1211 553 1211 486 1220 450 1225 176 1225 176 1254 176 1307"/></Shape>
	    <String CONTENT="אלהם ישראל אביהם אם כן אפוא זאת עשו קחו"
                    HPOS="176.0"
                    VPOS="1206.0"
                    WIDTH="1484.0"
                    HEIGHT="124.0"
                    WC="0.9737470091843023"></String>
          </TextLine>

          
          
          <TextLine ID="eSc_line_6c4cc6a0"
                    TAGREFS="LT15288"
                    BASELINE="178 1364 1658 1361" 
                    HPOS="176.0"
                    VPOS="1330.0"
                    WIDTH="1479.0"
                    HEIGHT="110.0">
            <Shape><Polygon POINTS="176 1420 197 1431 199 1431 202 1431 333 1420 367 1417 374 1420 397 1438 399 1438 401 1438 404 1440 489 1440 489 1438 491 1438 525 1422 537 1417 560 1422 590 1431 592 1431 594 1431 636 1424 672 1417 686 1424 711 1438 714 1438 716 1438 718 1438 760 1426 792 1417 856 1417 868 1426 870 1429 870 1431 872 1431 875 1431 877 1431 904 1429 980 1417 1028 1429 1058 1438 1061 1438 1063 1440 1191 1440 1191 1438 1194 1438 1205 1433 1221 1424 1251 1433 1267 1438 1270 1438 1272 1440 1414 1440 1414 1438 1428 1436 1502 1417 1529 1438 1531 1438 1534 1438 1536 1438 1538 1438 1541 1438 1582 1424 1651 1438 1655 1360 1653 1332 176 1330 176 1362 176 1420"/></Shape>
	    <String CONTENT="מזמרת הארץ בכליכם והורידו לאיש מנחה מעט"
                    HPOS="176.0"
                    VPOS="1330.0"
                    WIDTH="1479.0"
                    HEIGHT="110.0"
                    WC="0.9953316709934137"></String>
          </TextLine>

          
          
          <TextLine ID="eSc_line_5a21ab40"
                    TAGREFS="LT15288"
                    BASELINE="205 1474 1658 1465" 
                    HPOS="202.0"
                    VPOS="1422.0"
                    WIDTH="1453.0"
                    HEIGHT="131.0">
            <Shape><Polygon POINTS="204 1472 204 1530 438 1530 447 1534 480 1550 482 1550 484 1550 486 1550 530 1534 546 1550 546 1553 548 1553 551 1553 553 1553 643 1537 689 1527 718 1537 762 1550 764 1550 767 1550 858 1548 861 1548 863 1548 875 1539 888 1525 930 1525 962 1539 982 1548 985 1548 987 1548 989 1548 992 1548 1005 1539 1031 1525 1079 1541 1104 1548 1107 1548 1109 1550 1242 1550 1242 1548 1244 1548 1247 1548 1247 1546 1251 1543 1267 1530 1316 1543 1327 1546 1329 1546 1332 1546 1355 1543 1442 1532 1479 1546 1483 1546 1485 1546 1488 1546 1495 1546 1554 1532 1651 1546 1655 1463 1653 1436 1582 1424 1580 1424 1577 1424 1554 1433 1550 1438 1350 1438 1338 1433 1302 1422 1299 1422 1297 1422 1240 1433 1210 1440 1086 1440 1065 1431 1040 1424 1038 1424 1035 1424 1033 1424 1005 1431 982 1438 955 1431 930 1424 927 1424 925 1424 923 1424 898 1431 863 1440 739 1431 686 1426 684 1426 663 1429 615 1440 585 1429 576 1426 574 1426 571 1426 569 1426 562 1429 546 1438 355 1429 344 1429 342 1429 339 1429 284 1443 268 1429 266 1429 264 1429 202 1429 204 1472"/></Shape>
	    <String CONTENT="צרי ומעט דבש נכאת ולט בטנים ושקדים :"
                    HPOS="202.0"
                    VPOS="1422.0"
                    WIDTH="1453.0"
                    HEIGHT="131.0"
                    WC="0.977791442320897"></String>
          </TextLine>

          
          
          <TextLine ID="eSc_line_96e52eae"
                    TAGREFS="LT15288"
                    BASELINE="183 1587 1661 1579" 
                    HPOS="181.0"
                    VPOS="1534.0"
                    WIDTH="1479.0"
                    HEIGHT="108.0">
            <Shape><Polygon POINTS="181 1631 1097 1642 1100 1642 1102 1642 1104 1642 1109 1638 1120 1628 1169 1638 1171 1638 1173 1638 1175 1638 1228 1626 1247 1638 1247 1640 1249 1640 1251 1640 1254 1642 1479 1642 1479 1640 1481 1640 1483 1640 1497 1628 1511 1640 1513 1640 1515 1640 1518 1642 1658 1642 1660 1578 1651 1537 1628 1553 1575 1539 1573 1539 1570 1539 1568 1539 1538 1553 1502 1539 1488 1534 1485 1534 1355 1534 1352 1534 1350 1534 1320 1541 1276 1553 1242 1543 1240 1543 1237 1543 1233 1543 1143 1555 1127 1543 1125 1543 1123 1543 1120 1543 1118 1543 1113 1546 1088 1555 1061 1546 1033 1537 1031 1537 1028 1537 1026 1537 1024 1537 1024 1539 1015 1546 1015 1548 1012 1546 999 1539 996 1539 994 1539 992 1539 969 1546 946 1557 861 1557 849 1548 833 1537 831 1537 829 1537 826 1537 762 1550 757 1550 751 1550 686 1537 684 1537 617 1553 592 1560 461 1560 454 1555 422 1539 420 1539 418 1539 415 1539 360 1555 353 1560 181 1560 181 1585 181 1631"/></Shape>
	    <String CONTENT=""
                    HPOS="181.0"
                    VPOS="1534.0"
                    WIDTH="1479.0"
                    HEIGHT="108.0"
                    WC="0.9866232311725617"></String>
          </TextLine>

          
          
          <TextLine ID="eSc_line_83c1f179"
                    TAGREFS="LT15288"
                    BASELINE="178 1696 1652 1686" 
                    HPOS="176.0"
                    VPOS="1638.0"
                    WIDTH="1475.0"
                    HEIGHT="135.0">
            <Shape><Polygon POINTS="176 1748 220 1748 225 1750 254 1773 257 1773 259 1773 261 1773 264 1773 266 1773 296 1750 300 1748 399 1748 404 1750 431 1771 434 1771 436 1771 438 1771 496 1759 535 1771 537 1771 539 1771 542 1771 544 1771 544 1768 564 1752 571 1743 762 1743 778 1752 796 1766 799 1766 801 1766 803 1766 806 1766 836 1752 845 1748 849 1752 865 1766 865 1768 868 1768 870 1768 872 1768 875 1768 907 1755 973 1768 976 1768 978 1768 980 1768 1003 1755 1022 1743 1063 1755 1107 1766 1109 1766 1111 1766 1159 1755 1214 1741 1233 1755 1244 1766 1247 1766 1249 1766 1251 1766 1318 1757 1332 1755 1345 1757 1391 1764 1394 1764 1396 1764 1398 1764 1407 1757 1417 1750 1423 1757 1428 1761 1430 1761 1433 1761 1435 1761 1437 1761 1440 1761 1444 1757 1453 1748 1474 1757 1492 1764 1495 1764 1497 1764 1649 1757 1651 1683 1649 1654 1364 1638 1361 1638 1359 1638 1357 1638 1336 1654 1332 1656 1313 1654 1249 1640 1247 1640 1162 1654 1134 1656 1118 1654 1074 1640 1072 1640 1070 1640 1067 1640 1065 1640 1065 1642 1051 1654 1045 1658 925 1658 920 1654 909 1642 907 1642 904 1642 902 1642 900 1642 868 1654 849 1658 842 1654 831 1642 829 1642 826 1642 824 1642 822 1642 790 1654 783 1654 776 1654 734 1644 732 1644 730 1644 728 1644 716 1654 702 1660 176 1654 176 1695 176 1748"/></Shape>
	    <String CONTENT=""
                    HPOS="176.0"
                    VPOS="1638.0"
                    WIDTH="1475.0"
                    HEIGHT="135.0"
                    WC="0.9866914858943537"></String>
          </TextLine>

          
          
          <TextLine ID="eSc_line_06503be3"
                    TAGREFS="LT15288"
                    BASELINE="178 1803 1653 1800" 
                    HPOS="174.0"
                    VPOS="1757.0"
                    WIDTH="1477.0"
                    HEIGHT="115.0">
            <Shape><Polygon POINTS="176 1800 176 1849 401 1844 415 1851 452 1869 454 1869 457 1869 459 1869 500 1853 539 1862 542 1862 544 1862 546 1862 548 1862 564 1851 567 1849 571 1851 581 1860 583 1860 585 1860 587 1860 590 1860 620 1851 624 1849 624 1851 645 1867 645 1869 647 1869 649 1869 652 1872 723 1872 723 1869 725 1869 728 1869 728 1867 746 1851 755 1844 787 1851 877 1869 879 1872 1095 1872 1095 1869 1097 1869 1100 1869 1100 1867 1118 1851 1127 1844 1203 1844 1217 1851 1242 1869 1244 1869 1247 1869 1249 1869 1251 1869 1254 1869 1270 1855 1359 1869 1361 1869 1364 1869 1398 1851 1414 1844 1490 1849 1492 1851 1513 1869 1515 1869 1518 1869 1520 1869 1649 1851 1651 1798 1649 1764 1210 1759 1208 1759 1136 1766 1084 1771 1077 1766 1063 1757 1061 1757 1058 1757 1056 1757 989 1766 962 1771 957 1766 948 1759 948 1757 946 1757 943 1757 888 1757 886 1757 884 1757 861 1768 854 1771 783 1768 590 1759 587 1759 174 1771 176 1800"/></Shape>
	    <String CONTENT=""
                    HPOS="174.0"
                    VPOS="1757.0"
                    WIDTH="1477.0"
                    HEIGHT="115.0"
                    WC="0.9906557667546156"></String>
          </TextLine>

          
          
          <TextLine ID="eSc_line_6d6b61b7"
                    TAGREFS="LT15288"
                    BASELINE="178 1908 1650 1905" 
                    HPOS="174.0"
                    VPOS="1872.0"
                    WIDTH="1475.0"
                    HEIGHT="107.0">
            <Shape><Polygon POINTS="176 1906 179 1972 245 1954 413 1954 463 1970 491 1977 493 1977 496 1977 498 1977 500 1977 500 1975 509 1968 523 1954 558 1968 571 1972 574 1972 576 1972 578 1972 594 1968 627 1956 702 1956 714 1966 728 1977 730 1977 732 1977 734 1977 847 1966 863 1977 865 1977 868 1977 870 1979 992 1979 992 1977 994 1977 1022 1961 1024 1961 1051 1977 1054 1977 1056 1979 1113 1979 1113 1977 1116 1977 1159 1959 1173 1954 1364 1954 1368 1956 1410 1977 1412 1977 1414 1979 1451 1979 1451 1977 1453 1977 1456 1977 1456 1975 1472 1961 1554 1977 1557 1977 1559 1977 1649 1952 1649 1904 1644 1872 174 1876 176 1906"/></Shape>
	    <String CONTENT=""
                    HPOS="174.0"
                    VPOS="1872.0"
                    WIDTH="1475.0"
                    HEIGHT="107.0"
                    WC="0.9984625930135901"></String>
          </TextLine>

          
          
          <TextLine ID="eSc_line_14aded2f"
                    TAGREFS="LT15288"
                    BASELINE="177 2015 1649 2012" 
                    HPOS="176.0"
                    VPOS="1972.0"
                    WIDTH="1470.0"
                    HEIGHT="120.0">
            <Shape><Polygon POINTS="176 2060 390 2060 401 2067 436 2087 438 2087 440 2087 443 2087 445 2087 447 2087 473 2067 482 2060 530 2060 574 2069 638 2083 640 2083 643 2083 645 2083 656 2073 675 2087 675 2089 677 2089 679 2089 682 2089 764 2073 785 2069 794 2073 819 2089 822 2089 824 2089 826 2092 1081 2092 1081 2089 1084 2089 1086 2089 1100 2080 1111 2073 1208 2083 1297 2089 1299 2089 1302 2089 1304 2089 1309 2085 1338 2060 1458 2060 1513 2087 1518 2089 1520 2089 1522 2092 1644 2092 1646 2011 1644 1982 1520 1972 1518 1972 1417 1982 1361 1986 1338 1982 1295 1972 1293 1972 1244 1982 1226 1986 1212 1982 1189 1975 1187 1975 1185 1975 852 1984 755 1986 753 1984 739 1972 737 1972 734 1972 732 1972 601 1984 567 1972 564 1972 562 1972 381 1986 372 1986 342 1972 339 1972 337 1972 335 1972 307 1986 305 1989 176 1989 176 2014 176 2060"/></Shape>
	    <String CONTENT=""
                    HPOS="176.0"
                    VPOS="1972.0"
                    WIDTH="1470.0"
                    HEIGHT="120.0"
                    WC="0.9905712356170019"></String>
          </TextLine>

          
          
          <TextLine ID="eSc_line_65b8a1a9"
                    TAGREFS="LT15288"
                    BASELINE="180 2119 1652 2122" 
                    HPOS="176.0"
                    VPOS="2071.0"
                    WIDTH="1475.0"
                    HEIGHT="113.0">
            <Shape><Polygon POINTS="179 2117 176 2170 199 2179 202 2179 204 2179 321 2170 351 2167 360 2170 401 2184 404 2184 406 2184 461 2172 666 2181 668 2181 670 2181 672 2181 684 2172 691 2167 769 2167 776 2172 787 2181 787 2184 790 2184 792 2184 794 2184 939 2174 985 2172 1031 2174 1139 2184 1141 2184 1143 2184 1146 2184 1152 2177 1159 2170 1180 2177 1205 2184 1208 2184 1210 2184 1212 2184 1235 2177 1265 2167 1350 2167 1375 2179 1389 2184 1391 2184 1394 2184 1396 2184 1407 2179 1428 2167 1460 2179 1476 2184 1479 2184 1481 2184 1506 2179 1550 2170 1561 2179 1566 2184 1568 2184 1570 2184 1573 2184 1646 2179 1651 2119 1649 2089 1410 2073 1407 2073 1405 2073 1375 2085 1352 2096 1180 2096 1157 2083 1148 2078 1146 2078 1143 2078 1141 2078 1125 2083 1079 2094 1063 2080 1061 2078 1058 2078 1056 2078 1054 2078 1051 2078 1049 2078 1047 2080 1035 2087 1008 2080 980 2073 978 2073 976 2073 934 2080 849 2094 831 2078 826 2076 826 2073 824 2073 822 2073 787 2073 785 2073 783 2073 780 2073 776 2078 751 2096 447 2096 424 2080 422 2080 420 2080 418 2080 310 2094 179 2071 179 2117"/></Shape>
	    <String CONTENT=""
                    HPOS="176.0"
                    VPOS="2071.0"
                    WIDTH="1475.0"
                    HEIGHT="113.0"
                    WC="0.9778423839145236"></String>
          </TextLine>

          
          
          <TextLine ID="eSc_line_6493f65f"
                    TAGREFS="LT15288"
                    BASELINE="178 2236 1647 2226" 
                    HPOS="174.0"
                    VPOS="2193.0"
                    WIDTH="1472.0"
                    HEIGHT="108.0">
            <Shape><Polygon POINTS="176 2234 176 2284 192 2298 195 2298 197 2298 199 2298 202 2298 204 2298 227 2280 229 2280 438 2280 440 2282 461 2298 463 2298 466 2298 468 2298 470 2298 521 2284 544 2278 813 2278 865 2287 920 2298 923 2298 925 2298 927 2298 939 2289 950 2278 992 2278 1003 2289 1012 2296 1012 2298 1015 2298 1017 2298 1019 2301 1276 2301 1276 2298 1410 2296 1412 2296 1414 2296 1414 2294 1440 2275 1481 2296 1483 2296 1485 2296 1488 2298 1644 2298 1646 2225 1644 2197 174 2193 176 2234"/></Shape>
	    <String CONTENT=""
                    HPOS="174.0"
                    VPOS="2193.0"
                    WIDTH="1472.0"
                    HEIGHT="108.0"
                    WC="0.991411849509838"></String>
          </TextLine>

          
          
          <TextLine ID="eSc_line_6b110218"
                    TAGREFS="LT15288"
                    BASELINE="180 2343 1647 2332" 
                    HPOS="176.0"
                    VPOS="2282.0"
                    WIDTH="1470.0"
                    HEIGHT="126.0">
            <Shape><Polygon POINTS="179 2342 179 2388 553 2385 581 2392 636 2408 638 2408 640 2408 643 2408 645 2408 645 2406 661 2392 668 2385 693 2395 709 2399 711 2399 714 2399 737 2395 780 2383 794 2395 808 2406 808 2408 810 2408 813 2408 815 2408 817 2408 854 2395 858 2395 872 2395 982 2408 985 2408 987 2408 1017 2397 1061 2381 1113 2397 1141 2406 1143 2406 1146 2408 1281 2408 1281 2406 1283 2406 1286 2406 1293 2399 1302 2392 1309 2399 1318 2406 1320 2406 1322 2406 1325 2406 1327 2406 1341 2399 1375 2381 1403 2401 1407 2404 1410 2404 1412 2404 1414 2404 1417 2404 1426 2401 1476 2381 1515 2401 1520 2404 1522 2404 1525 2404 1644 2401 1646 2330 1644 2301 1570 2282 1568 2282 1566 2282 1564 2282 1561 2282 1541 2301 1536 2305 1226 2305 1208 2298 1196 2294 1194 2294 1191 2294 1143 2298 1051 2307 1035 2298 1024 2287 1022 2287 1019 2287 923 2287 920 2287 918 2287 916 2287 904 2296 895 2305 663 2310 631 2294 620 2289 617 2289 615 2289 613 2289 610 2289 606 2294 587 2305 500 2294 498 2294 496 2294 493 2294 447 2312 399 2296 397 2296 395 2296 328 2310 176 2291 179 2342"/></Shape>
	    <String CONTENT=""
                    HPOS="176.0"
                    VPOS="2282.0"
                    WIDTH="1470.0"
                    HEIGHT="126.0"
                    WC="0.9694857082583688"></String>
          </TextLine>

          
          
          <TextLine ID="eSc_line_6fb214e2"
                    TAGREFS="LT15288"
                    BASELINE="175 2448 1646 2444" 
                    HPOS="174.0"
                    VPOS="2399.0"
                    WIDTH="1470.0"
                    HEIGHT="133.0">
            <Shape><Polygon POINTS="174 2505 204 2521 206 2521 209 2521 211 2521 213 2521 234 2507 238 2505 333 2505 339 2507 367 2530 369 2530 372 2530 374 2532 424 2532 424 2530 427 2530 466 2509 477 2505 668 2505 695 2514 746 2530 748 2530 751 2530 868 2516 875 2516 877 2516 902 2528 904 2528 907 2528 966 2518 994 2514 1095 2521 1123 2521 1125 2521 1132 2521 1194 2507 1212 2521 1219 2528 1221 2528 1224 2528 1226 2528 1254 2523 1302 2512 1341 2523 1352 2528 1355 2528 1357 2528 1394 2525 1483 2516 1639 2528 1644 2443 1642 2415 1559 2401 1557 2401 1554 2401 1506 2413 1488 2399 1485 2399 1483 2399 1481 2399 1479 2399 1476 2399 1453 2413 1451 2415 1442 2413 1382 2399 1380 2399 1311 2413 1297 2415 1286 2413 1233 2399 1231 2399 1228 2399 1152 2413 1132 2418 1040 2418 1035 2413 1022 2401 1022 2399 1019 2399 1017 2399 1015 2399 939 2413 902 2418 718 2418 709 2411 695 2401 693 2401 691 2401 633 2401 631 2401 629 2401 627 2401 627 2404 617 2411 613 2415 587 2411 530 2401 528 2401 525 2401 523 2401 512 2411 502 2418 480 2411 457 2404 454 2404 452 2404 450 2404 427 2411 411 2415 392 2411 369 2404 367 2404 365 2404 362 2404 349 2411 335 2415 174 2411 174 2447 174 2505"/></Shape>
	    <String CONTENT=""
                    HPOS="174.0"
                    VPOS="2399.0"
                    WIDTH="1470.0"
                    HEIGHT="133.0"
                    WC="0.9698026009968349"></String>
          </TextLine>

          
        </TextBlock>
        

        
      </PrintSpace>
    </Page>
  </Layout>
</alto>
