<?xml version="1.0" encoding="UTF-8"?>
<alto xmlns:xsi="http://www.w3.org/2001/XMLSchema-instance"
      xmlns="http://www.loc.gov/standards/alto/ns-v4#"
      xsi:schemaLocation="http://www.loc.gov/standards/alto/ns-v4# http://www.loc.gov/standards/alto/v4/alto-4-2.xsd">
  <Description>
    <MeasurementUnit>pixel</MeasurementUnit>
    <sourceImageInformation>
      <fileName>IE87508468_00031.jpg</fileName>
      <fileIdentifier>mets//export_doc4366_1col_14_copy_alto_202404261215.zip/IE87508468_00031.jpg</fileIdentifier>
    </sourceImageInformation>
  </Description>
  
  <Tags>
    <OtherTag ID="BT8356" LABEL="MainLeft" DESCRIPTION="block type MainLeft"/><OtherTag ID="BT8355" LABEL="MainRight" DESCRIPTION="block type MainRight"/><OtherTag ID="BT6914" LABEL="Handwritten" DESCRIPTION="block type Handwritten"/><OtherTag ID="BT6913" LABEL="RunningHeader" DESCRIPTION="block type RunningHeader"/><OtherTag ID="BT6912" LABEL="Catchword" DESCRIPTION="block type Catchword"/><OtherTag ID="BT6911" LABEL="Margin" DESCRIPTION="block type Margin"/><OtherTag ID="BT6910" LABEL="FooterCentral" DESCRIPTION="block type FooterCentral"/><OtherTag ID="BT6909" LABEL="MainCentral" DESCRIPTION="block type MainCentral"/><OtherTag ID="BT6908" LABEL="Header" DESCRIPTION="block type Header"/><OtherTag ID="BT4" LABEL="Illustration" DESCRIPTION="block type Illustration"/><OtherTag ID="BT3" LABEL="Commentary" DESCRIPTION="block type Commentary"/><OtherTag ID="BT2" LABEL="Main" DESCRIPTION="block type Main"/><OtherTag ID="BT1" LABEL="Title" DESCRIPTION="block type Title"/>
    <OtherTag ID="LT15938" LABEL="MainLeft" DESCRIPTION="line type MainLeft"/><OtherTag ID="LT15937" LABEL="MainRight" DESCRIPTION="line type MainRight"/><OtherTag ID="LT15289" LABEL="Handwritten" DESCRIPTION="line type Handwritten"/><OtherTag ID="LT15288" LABEL="MainCentral" DESCRIPTION="line type MainCentral"/><OtherTag ID="LT15287" LABEL="NotMain" DESCRIPTION="line type NotMain"/>
  </Tags>
  
  <Layout>
    <Page WIDTH="920"
          HEIGHT="1460"
          PHYSICAL_IMG_NR="28"
          ID="eSc_dummypage_">
      <PrintSpace HPOS="0"
                  VPOS="0"
                  WIDTH="920"
                  HEIGHT="1460">
        
        <TextBlock HPOS="97.0"
                   VPOS="81.0"
                   WIDTH="790.0"
                   HEIGHT="1297.0"
                   ID="eSc_textblock_44f96920"
                   TAGREFS="BT6909">
          <Shape><Polygon POINTS="408 81 887 87 887 1365 874 1378 129 1378 107 1374 97 1358 103 347 120 236 110 219 116 142 103 103 113 90 152 84 408 81"/></Shape>
          
          
          <TextLine ID="eSc_line_a224f9a6"
                    TAGREFS="LT15288"
                    BASELINE="131 111 859 111" 
                    HPOS="131.0"
                    VPOS="84.0"
                    WIDTH="728.0"
                    HEIGHT="81.0">
            <Shape><Polygon POINTS="829 86 821 85 812 85 804 85 796 85 788 85 780 85 772 85 764 85 756 85 748 85 739 85 735 85 707 92 695 84 694 84 693 84 691 84 683 84 674 84 666 84 658 84 650 84 649 84 648 84 596 94 592 94 558 94 557 93 539 86 538 86 537 86 537 86 536 86 526 93 524 94 500 94 498 93 482 86 481 86 481 86 448 93 442 94 419 93 350 90 349 90 316 93 300 94 297 93 279 84 279 84 249 84 249 84 248 84 247 84 239 90 227 85 227 85 226 85 225 85 209 92 205 94 157 94 151 92 140 88 139 88 138 88 137 88 131 91 131 111 131 143 187 144 188 145 216 160 217 160 246 163 247 163 248 163 249 163 275 146 280 144 341 144 342 138 350 138 358 138 366 138 366 144 393 144 404 149 434 164 435 164 436 164 437 164 460 158 499 164 500 164 501 164 533 152 549 158 550 158 550 158 574 152 576 152 577 152 594 164 595 164 596 164 597 164 649 163 649 163 659 158 674 164 674 164 675 164 676 164 705 155 717 151 733 155 763 164 764 164 765 165 822 165 822 164 823 164 824 164 834 158 842 153 857 158 859 111 859 94 843 94 843 94 832 86 829 86"/></Shape>
	    <String CONTENT=""
                    HPOS="131.0"
                    VPOS="84.0"
                    WIDTH="728.0"
                    HEIGHT="81.0"
                    WC="0.9979187905788421"></String>
          </TextLine>

          
          
          <TextLine ID="eSc_line_1b25a718"
                    TAGREFS="LT15288"
                    BASELINE="338 214 672 214" 
                    HPOS="338.0"
                    VPOS="182.0"
                    WIDTH="334.0"
                    HEIGHT="80.0">
            <Shape><Polygon POINTS="338 214 338 260 362 257 369 261 372 261 373 261 462 262 463 262 476 261 507 257 512 261 513 261 513 262 514 262 515 262 515 262 524 261 548 257 569 261 571 261 572 261 573 261 574 261 584 257 588 261 589 261 590 261 645 262 646 262 647 262 648 262 649 261 654 257 670 261 672 214 672 193 661 188 660 188 659 188 658 188 642 193 636 195 623 195 621 192 617 189 617 188 616 188 615 188 614 188 614 188 602 192 597 193 596 191 584 182 584 182 583 182 554 182 553 182 533 184 533 184 532 184 525 188 517 195 477 195 465 186 460 182 459 182 458 182 457 182 456 182 444 185 414 194 388 190 387 190 369 193 358 183 358 182 357 182 356 182 338 182 338 214"/></Shape>
	    <String CONTENT=""
                    HPOS="338.0"
                    VPOS="182.0"
                    WIDTH="334.0"
                    HEIGHT="80.0"
                    WC="0.9333027535014682"></String>
          </TextLine>

          
          
          <TextLine ID="eSc_line_b2544c4c"
                    TAGREFS="LT15288"
                    BASELINE="261 292 730 295" 
                    HPOS="259.0"
                    VPOS="267.0"
                    WIDTH="469.0"
                    HEIGHT="55.0">
            <Shape><Polygon POINTS="260 292 259 310 282 318 283 318 284 318 332 311 334 311 337 311 362 319 363 319 466 321 467 321 468 321 481 316 492 311 517 316 539 321 540 321 541 321 548 317 561 312 573 318 576 319 578 319 579 319 590 318 636 312 659 321 664 322 665 322 666 322 668 322 672 321 698 315 724 322 728 294 728 277 670 277 670 276 663 270 663 268 662 268 660 268 659 268 553 276 543 276 542 276 535 268 534 268 533 268 531 268 530 268 518 274 494 268 492 268 491 268 490 268 489 268 483 274 464 267 463 267 462 267 461 267 460 267 452 273 440 268 439 268 438 268 394 274 391 274 374 267 373 267 372 267 371 267 349 274 348 274 345 274 313 267 312 267 260 273 260 292"/></Shape>
	    <String CONTENT=""
                    HPOS="259.0"
                    VPOS="267.0"
                    WIDTH="469.0"
                    HEIGHT="55.0"
                    WC="0.990219317814883"></String>
          </TextLine>

          
          
          <TextLine ID="eSc_line_fcdbfd11"
                    TAGREFS="LT15288"
                    BASELINE="123 356 888 357" 
                    HPOS="122.0"
                    VPOS="326.0"
                    WIDTH="766.0"
                    HEIGHT="73.0">
            <Shape><Polygon POINTS="123 356 122 378 182 383 183 383 184 383 184 383 189 380 223 394 224 394 225 394 245 392 257 397 258 397 259 398 286 398 286 397 287 397 326 382 330 380 333 382 347 389 348 389 348 389 349 389 361 382 365 380 378 382 392 385 393 385 406 382 421 380 429 383 465 395 466 395 507 398 508 399 567 399 567 398 567 398 568 398 574 394 595 398 596 398 597 398 615 391 666 398 666 398 720 386 749 381 831 383 842 388 866 398 867 398 868 398 868 398 887 389 888 357 886 328 857 336 849 332 848 332 847 332 846 332 833 337 756 337 744 329 742 327 741 327 740 327 709 327 709 327 708 327 698 330 672 337 602 337 576 331 557 327 556 327 555 327 541 331 524 336 505 332 485 327 485 327 484 327 474 332 471 332 434 329 434 329 433 329 418 333 407 335 387 333 373 331 372 331 371 331 366 333 361 335 357 333 344 326 343 326 289 326 288 326 288 326 287 326 275 334 272 336 258 336 255 334 233 326 232 326 189 326 189 326 188 326 187 326 174 335 123 335 123 356"/></Shape>
	    <String CONTENT=""
                    HPOS="122.0"
                    VPOS="326.0"
                    WIDTH="766.0"
                    HEIGHT="73.0"
                    WC="0.9895521691351226"></String>
          </TextLine>

          
          
          <TextLine ID="eSc_line_039b9703"
                    TAGREFS="LT15288"
                    BASELINE="116 424 713 429" 
                    HPOS="115.0"
                    VPOS="399.0"
                    WIDTH="598.0"
                    HEIGHT="68.0">
            <Shape><Polygon POINTS="116 424 115 442 174 455 175 455 176 455 187 451 199 457 200 457 201 457 202 457 220 451 239 455 240 455 240 455 256 450 264 454 265 454 266 454 266 454 287 446 303 456 304 456 305 456 305 456 306 456 307 456 313 450 322 454 322 454 323 454 324 454 325 454 334 446 335 446 369 446 371 447 395 465 396 465 397 465 473 466 474 466 475 466 497 458 519 466 520 466 573 467 574 467 575 467 576 467 598 451 604 448 627 448 635 451 645 457 646 457 647 458 687 458 687 457 687 457 688 457 695 453 702 449 710 453 713 429 713 408 704 406 703 406 702 406 701 406 693 409 688 411 687 409 680 403 679 403 679 403 642 403 641 403 640 403 640 403 632 408 618 406 617 406 599 409 580 412 576 409 574 407 574 407 573 407 572 407 553 405 552 405 551 405 543 409 537 412 528 409 514 404 513 404 512 404 511 404 511 404 503 409 495 402 494 402 494 402 469 402 468 402 468 402 467 402 458 409 456 410 452 409 429 401 428 401 427 401 426 401 425 401 413 409 412 410 408 409 401 407 400 407 399 407 390 409 381 411 378 409 373 405 372 405 371 405 370 405 369 405 358 409 356 409 354 409 325 400 324 400 292 400 292 400 291 400 290 400 276 409 275 410 209 410 208 409 196 399 195 399 194 399 193 399 193 399 176 408 155 399 154 399 154 399 153 399 133 409 116 409 116 424"/></Shape>
	    <String CONTENT="אשרי העם שככה לו אשרי"
                    HPOS="115.0"
                    VPOS="399.0"
                    WIDTH="598.0"
                    HEIGHT="68.0"
                    WC="0.9830865600834722"></String>
          </TextLine>

          
          
          <TextLine ID="eSc_line_27d1c17a"
                    TAGREFS="LT15288"
                    BASELINE="117 495 888 495" 
                    HPOS="117.0"
                    VPOS="468.0"
                    WIDTH="771.0"
                    HEIGHT="64.0">
            <Shape><Polygon POINTS="117 495 117 527 207 531 208 531 209 531 219 527 227 523 235 527 244 531 245 531 245 532 285 532 285 531 286 531 300 527 318 521 365 521 386 526 389 527 390 527 391 527 399 526 459 521 467 526 474 531 475 531 476 531 477 532 534 532 534 531 535 531 536 531 543 526 546 523 597 521 612 526 625 530 626 530 627 530 627 530 640 525 653 521 668 525 673 527 674 527 674 527 675 527 678 525 687 521 717 521 748 525 767 528 768 528 780 525 784 524 788 525 812 531 813 531 814 531 827 525 834 522 887 524 888 495 888 476 861 468 860 468 859 468 827 472 816 468 816 468 815 468 814 468 789 476 788 476 786 476 730 468 729 468 728 468 701 476 699 476 647 476 645 475 629 468 628 468 580 468 580 468 579 468 578 468 569 473 549 472 548 472 547 472 541 475 538 476 528 475 490 470 490 470 468 474 461 476 455 474 434 468 433 468 432 468 393 474 382 476 375 474 361 470 361 470 360 470 359 470 352 474 348 476 345 474 340 471 339 471 339 471 338 471 297 472 291 468 290 468 289 468 268 468 267 468 266 468 255 473 251 476 245 473 231 468 230 468 229 468 228 468 208 473 199 476 189 473 180 471 180 471 179 471 117 472 117 495"/></Shape>
	    <String CONTENT="העם שיהוה אלהיו : תהלה לדוד ארוממך"
                    HPOS="117.0"
                    VPOS="468.0"
                    WIDTH="771.0"
                    HEIGHT="64.0"
                    WC="0.9848238211125135"></String>
          </TextLine>

          
          
          <TextLine ID="eSc_line_95cd2057"
                    TAGREFS="LT15288"
                    BASELINE="117 566 887 563" 
                    HPOS="117.0"
                    VPOS="537.0"
                    WIDTH="770.0"
                    HEIGHT="79.0">
            <Shape><Polygon POINTS="117 593 201 593 206 596 216 602 217 602 218 602 219 602 238 601 270 616 270 616 271 616 307 611 308 611 309 611 321 603 365 607 366 607 367 607 382 601 389 598 395 601 430 615 431 615 432 615 433 615 477 603 497 598 517 598 527 605 541 614 542 614 543 614 586 615 587 615 588 615 609 606 617 604 642 606 643 606 644 606 674 596 701 609 713 614 713 614 714 614 715 614 730 609 757 601 778 609 779 609 780 609 812 607 821 612 824 614 825 614 825 614 826 614 836 613 848 610 886 614 887 563 885 545 859 541 858 541 795 545 773 547 767 545 731 537 730 537 690 545 682 547 659 545 599 541 598 541 597 541 582 545 572 548 558 545 518 538 517 538 479 542 437 538 436 538 435 538 408 545 397 548 388 545 371 540 370 540 369 540 369 540 353 545 348 547 344 545 332 539 331 539 288 539 288 539 287 539 271 545 266 547 233 545 232 545 223 539 222 539 221 539 220 539 219 539 195 545 180 549 117 545 117 566 117 593"/></Shape>
	    <String CONTENT="אלוהי המלך ואברכה שמך לעולם ועד :"
                    HPOS="117.0"
                    VPOS="537.0"
                    WIDTH="770.0"
                    HEIGHT="79.0"
                    WC="0.9942329414188862"></String>
          </TextLine>

          
          
          <TextLine ID="eSc_line_bd45281c"
                    TAGREFS="LT15288"
                    BASELINE="112 634 883 632" 
                    HPOS="111.0"
                    VPOS="607.0"
                    WIDTH="772.0"
                    HEIGHT="75.0">
            <Shape><Polygon POINTS="112 634 112 665 150 665 152 666 180 681 180 681 181 682 206 682 206 681 206 681 207 681 230 667 233 665 270 665 275 667 285 673 286 673 287 673 288 673 301 669 320 681 321 681 322 681 322 682 368 682 368 681 369 681 403 668 410 665 515 665 529 669 563 680 563 680 564 680 584 676 625 680 626 680 627 680 627 680 637 674 649 680 649 680 650 681 710 681 710 680 711 680 728 671 773 674 773 674 774 674 781 670 785 669 798 671 852 680 853 680 854 680 883 671 883 632 882 617 836 615 824 607 823 607 822 607 821 607 782 609 781 609 766 616 765 617 761 616 748 613 748 613 747 613 746 613 733 616 729 618 621 618 617 616 597 609 597 609 596 609 547 616 537 617 533 616 514 607 513 607 512 607 466 608 465 608 464 608 457 613 425 608 424 608 423 608 398 615 390 618 355 618 351 615 334 608 333 608 243 608 242 608 241 608 227 615 223 618 161 618 156 615 143 608 142 608 141 608 111 614 112 634"/></Shape>
	    <String CONTENT="בכל יום אברכך ואהללה שמך לעולם ועד :"
                    HPOS="111.0"
                    VPOS="607.0"
                    WIDTH="772.0"
                    HEIGHT="75.0"
                    WC="0.9723881896999147"></String>
          </TextLine>

          
          
          <TextLine ID="eSc_line_7c6d2c01"
                    TAGREFS="LT15288"
                    BASELINE="113 704 885 704" 
                    HPOS="113.0"
                    VPOS="676.0"
                    WIDTH="772.0"
                    HEIGHT="69.0">
            <Shape><Polygon POINTS="113 704 113 738 123 744 124 744 124 745 267 745 267 744 319 738 336 744 337 744 338 744 339 744 355 737 371 729 421 734 422 734 527 729 551 735 567 740 567 740 568 740 569 740 580 736 592 741 593 741 593 741 632 735 676 729 692 729 701 735 705 738 706 738 707 738 708 738 728 734 767 729 795 729 806 734 811 738 812 738 812 738 813 738 885 734 885 704 885 688 844 688 843 687 808 676 807 676 788 676 787 676 786 676 772 683 761 680 760 680 760 680 759 680 743 687 741 687 738 687 715 681 714 681 713 681 687 687 681 687 677 687 649 676 648 676 610 676 610 676 609 676 593 683 531 681 530 681 529 681 521 685 516 688 471 688 466 685 452 676 451 676 451 676 404 676 403 676 402 676 394 680 366 676 365 676 332 684 322 686 312 683 294 680 293 680 292 680 286 683 278 688 182 688 171 682 157 676 156 676 155 676 113 682 113 704"/></Shape>
	    <String CONTENT="גדול יהוה ומהלל מאד ולגדלתו אין חקר"
                    HPOS="113.0"
                    VPOS="676.0"
                    WIDTH="772.0"
                    HEIGHT="69.0"
                    WC="0.9828889895887936"></String>
          </TextLine>

          
          
          <TextLine ID="eSc_line_2c38645c"
                    TAGREFS="LT15288"
                    BASELINE="112 774 882 771" 
                    HPOS="112.0"
                    VPOS="748.0"
                    WIDTH="770.0"
                    HEIGHT="67.0">
            <Shape><Polygon POINTS="112 800 184 800 185 800 232 815 233 815 234 815 264 809 291 815 292 815 292 815 315 807 343 813 343 813 344 813 373 801 378 801 403 800 405 801 417 808 417 808 418 808 419 808 435 806 451 814 451 814 452 815 476 815 476 814 477 814 487 808 494 812 495 812 515 813 515 813 516 813 517 813 526 807 550 811 550 811 551 811 576 802 576 802 578 802 606 813 606 813 607 814 656 814 656 813 657 813 675 803 683 798 705 802 707 803 722 812 723 812 724 812 725 813 740 813 740 812 741 812 765 803 779 798 825 803 867 808 868 808 868 808 882 803 882 771 881 752 738 748 737 748 713 753 709 753 701 753 663 750 662 750 592 753 576 754 569 754 524 749 523 749 411 755 396 755 391 755 351 750 350 750 349 750 338 754 284 751 283 751 253 755 249 755 248 755 239 751 238 751 176 751 175 751 174 751 162 755 162 756 112 756 112 774 112 800"/></Shape>
	    <String CONTENT=": דור לדור ישבח מעשיך וגבורתיך יגידו :"
                    HPOS="112.0"
                    VPOS="748.0"
                    WIDTH="770.0"
                    HEIGHT="67.0"
                    WC="0.9885824902190102"></String>
          </TextLine>

          
          
          <TextLine ID="eSc_line_2e3bb248"
                    TAGREFS="LT15288"
                    BASELINE="114 843 881 841" 
                    HPOS="113.0"
                    VPOS="819.0"
                    WIDTH="768.0"
                    HEIGHT="67.0">
            <Shape><Polygon POINTS="114 843 114 871 148 876 149 877 177 877 177 876 178 876 179 876 186 871 187 871 289 871 291 872 312 885 313 885 313 885 314 886 343 886 343 885 344 885 345 885 355 879 374 884 374 884 375 884 376 884 385 879 394 884 395 884 395 884 396 885 459 885 459 884 460 884 460 884 470 878 509 884 510 884 537 878 552 883 553 883 554 883 554 883 568 879 584 884 584 884 585 885 625 885 625 884 626 884 662 875 678 870 690 875 696 877 697 877 698 877 730 875 735 875 736 875 746 881 747 881 748 881 748 881 767 880 768 880 769 880 775 875 785 870 861 870 880 876 881 841 880 823 740 824 734 823 714 819 713 819 713 819 705 824 701 825 676 825 667 824 638 820 637 820 636 820 620 824 614 825 606 824 585 820 584 820 584 820 575 824 571 826 472 826 468 824 453 821 452 821 451 821 442 824 441 825 440 824 427 820 426 820 369 820 368 820 367 820 356 824 348 820 347 820 346 820 305 821 305 821 287 825 283 826 281 825 258 820 214 820 213 820 212 820 196 826 195 826 194 826 169 820 168 820 113 826 114 843"/></Shape>
	    <String CONTENT="הדר כבוד הודך ודברי נפלאותיך אשיחה :"
                    HPOS="113.0"
                    VPOS="819.0"
                    WIDTH="768.0"
                    HEIGHT="67.0"
                    WC="0.9801789045333862"></String>
          </TextLine>

          
          
          <TextLine ID="eSc_line_489a551c"
                    TAGREFS="LT15288"
                    BASELINE="113 914 880 910" 
                    HPOS="113.0"
                    VPOS="888.0"
                    WIDTH="767.0"
                    HEIGHT="66.0">
            <Shape><Polygon POINTS="113 943 135 948 136 948 137 948 137 948 144 943 146 943 215 943 216 943 227 950 228 950 229 950 262 954 262 954 305 948 344 953 345 953 346 953 381 942 382 942 429 942 429 942 442 950 443 950 444 950 495 953 496 953 541 952 541 952 573 941 575 941 588 941 589 941 610 953 610 953 611 953 647 953 647 953 648 953 649 953 657 948 737 952 738 952 739 952 756 947 776 951 777 951 778 951 803 941 879 940 880 910 879 893 845 889 844 889 791 893 786 893 785 893 768 888 767 888 766 888 765 888 752 893 745 888 744 888 743 888 743 888 710 893 709 893 653 888 652 888 583 894 580 894 579 894 563 888 562 888 561 888 560 888 543 894 542 894 497 888 496 888 468 895 466 895 464 895 449 889 448 889 447 889 418 895 417 895 416 895 403 889 402 889 365 889 365 889 364 889 350 895 335 889 335 889 334 889 306 895 303 897 113 897 113 914 113 943"/></Shape>
	    <String CONTENT="ועזוז נוראתיך יאמרו וגדולתיך אספרנה :"
                    HPOS="113.0"
                    VPOS="888.0"
                    WIDTH="767.0"
                    HEIGHT="66.0"
                    WC="0.980375645841871"></String>
          </TextLine>

          
          
          <TextLine ID="eSc_line_c2623289"
                    TAGREFS="LT15288"
                    BASELINE="110 983 880 979" 
                    HPOS="109.0"
                    VPOS="957.0"
                    WIDTH="771.0"
                    HEIGHT="73.0">
            <Shape><Polygon POINTS="110 983 110 1022 121 1024 122 1024 123 1024 128 1022 151 1012 260 1012 292 1021 302 1024 303 1024 304 1025 327 1025 327 1024 328 1024 336 1021 343 1017 350 1021 365 1028 366 1028 367 1028 368 1028 382 1021 398 1030 399 1030 399 1030 530 1029 531 1029 550 1020 567 1011 583 1019 590 1023 591 1023 614 1028 615 1028 616 1028 617 1028 625 1023 638 1029 639 1029 640 1029 640 1029 666 1019 670 1017 696 1019 718 1020 719 1020 720 1020 723 1018 739 1013 754 1018 773 1026 773 1026 774 1026 775 1026 797 1018 816 1012 836 1018 852 1023 853 1023 854 1023 880 1017 880 979 878 963 786 963 785 963 766 957 765 957 765 957 764 957 753 963 752 964 721 964 720 963 695 957 694 957 667 964 664 964 658 964 621 960 620 960 585 963 579 959 578 959 577 959 576 959 530 963 502 958 502 958 466 965 463 965 457 965 398 959 397 959 396 959 386 965 363 959 362 959 303 959 302 959 301 959 283 966 281 966 276 966 227 960 226 960 225 960 210 966 209 966 172 966 171 966 130 960 129 960 128 960 109 966 110 983"/></Shape>
	    <String CONTENT="זכר רב טובך יביעו וצדקתך ירננו : חנון"
                    HPOS="109.0"
                    VPOS="957.0"
                    WIDTH="771.0"
                    HEIGHT="73.0"
                    WC="0.9909520841933586"></String>
          </TextLine>

          
          
          <TextLine ID="eSc_line_1f68ceb6"
                    TAGREFS="LT15288"
                    BASELINE="108 1050 879 1052" 
                    HPOS="107.0"
                    VPOS="1025.0"
                    WIDTH="772.0"
                    HEIGHT="70.0">
            <Shape><Polygon POINTS="108 1050 107 1088 136 1092 137 1092 137 1092 151 1088 184 1078 231 1078 274 1086 288 1089 288 1089 289 1089 290 1089 294 1086 301 1082 326 1082 334 1086 335 1086 336 1086 337 1086 338 1086 340 1086 364 1078 409 1082 410 1082 429 1079 446 1085 470 1093 471 1093 472 1094 531 1094 531 1093 532 1093 541 1088 567 1093 623 1094 623 1094 624 1094 639 1089 647 1094 648 1094 649 1094 649 1095 701 1095 701 1094 702 1094 730 1082 733 1080 765 1081 791 1082 808 1090 808 1090 809 1090 810 1090 840 1080 841 1080 877 1080 879 1052 879 1036 835 1028 834 1028 834 1028 822 1033 812 1028 811 1028 810 1028 809 1028 792 1034 723 1031 722 1031 701 1033 679 1035 674 1033 670 1030 669 1030 668 1030 667 1030 644 1032 632 1034 625 1032 606 1027 606 1027 605 1027 604 1027 594 1031 588 1034 564 1031 558 1030 557 1030 556 1030 554 1031 544 1034 521 1030 498 1027 497 1027 481 1030 476 1030 473 1030 462 1026 461 1026 442 1026 441 1026 440 1026 433 1029 423 1034 407 1029 406 1029 405 1029 404 1029 404 1029 387 1034 347 1030 346 1030 202 1034 182 1026 180 1025 180 1025 108 1025 108 1050"/></Shape>
	    <String CONTENT="ורחום יהוה ארך אפים וגדל חסד : טוב יהוה לכל"
                    HPOS="107.0"
                    VPOS="1025.0"
                    WIDTH="772.0"
                    HEIGHT="70.0"
                    WC="0.9797109945400341"></String>
          </TextLine>

          
          
          <TextLine ID="eSc_line_ca1f56ab"
                    TAGREFS="LT15288"
                    BASELINE="107 1122 879 1120" 
                    HPOS="107.0"
                    VPOS="1095.0"
                    WIDTH="772.0"
                    HEIGHT="74.0">
            <Shape><Polygon POINTS="107 1122 107 1158 117 1157 119 1158 133 1168 134 1168 135 1168 219 1169 219 1169 220 1169 257 1157 265 1154 348 1150 358 1155 378 1168 378 1168 379 1168 380 1168 381 1168 382 1168 391 1161 415 1160 416 1160 417 1160 425 1155 434 1150 460 1155 462 1155 463 1155 465 1155 493 1149 502 1154 528 1168 528 1168 529 1169 600 1169 600 1168 601 1168 623 1163 642 1168 643 1168 644 1169 698 1169 698 1168 699 1168 756 1151 766 1149 878 1150 879 1120 878 1103 849 1097 848 1097 815 1103 762 1098 761 1098 760 1098 750 1103 749 1104 721 1104 720 1103 706 1095 705 1095 705 1095 584 1095 584 1095 583 1095 569 1103 559 1099 558 1099 558 1099 557 1099 556 1099 549 1103 521 1097 520 1097 488 1104 485 1105 396 1105 395 1104 379 1097 378 1097 378 1097 377 1097 376 1097 365 1104 363 1104 334 1099 333 1099 288 1104 285 1104 271 1096 270 1096 270 1096 249 1096 249 1096 248 1096 236 1103 204 1098 203 1098 167 1102 160 1097 159 1097 159 1097 158 1097 107 1104 107 1122"/></Shape>
	    <String CONTENT="ורחמיו על כל מעשיו : יודוך יהוה כל מעשיך"
                    HPOS="107.0"
                    VPOS="1095.0"
                    WIDTH="772.0"
                    HEIGHT="74.0"
                    WC="0.9844195042785845"></String>
          </TextLine>

          
          
          <TextLine ID="eSc_line_808d9db3"
                    TAGREFS="LT15288"
                    BASELINE="106 1192 877 1189" 
                    HPOS="106.0"
                    VPOS="1168.0"
                    WIDTH="771.0"
                    HEIGHT="68.0">
            <Shape><Polygon POINTS="106 1223 145 1236 146 1236 146 1236 194 1227 226 1236 227 1236 227 1236 288 1236 288 1236 288 1236 289 1236 300 1228 312 1233 313 1233 313 1233 314 1233 327 1228 370 1235 371 1235 372 1235 395 1224 404 1220 438 1224 441 1224 442 1224 442 1224 455 1220 524 1220 534 1225 561 1235 562 1235 563 1236 613 1236 613 1235 614 1235 614 1235 628 1225 638 1219 710 1219 721 1226 734 1234 735 1234 735 1234 736 1234 780 1228 781 1228 786 1226 797 1219 828 1226 843 1229 844 1229 877 1226 877 1189 877 1175 852 1171 851 1171 821 1174 813 1175 808 1174 776 1168 775 1168 725 1173 712 1175 708 1173 698 1169 697 1169 642 1168 641 1168 616 1173 602 1176 567 1176 557 1172 547 1169 546 1169 545 1169 545 1169 533 1172 522 1176 485 1176 472 1172 458 1168 457 1168 456 1168 429 1172 416 1173 409 1172 401 1169 400 1169 399 1169 399 1169 394 1172 386 1176 371 1172 362 1169 361 1169 301 1169 300 1169 300 1169 293 1171 275 1177 184 1177 176 1172 175 1172 174 1172 120 1176 107 1170 106 1192 106 1223"/></Shape>
	    <String CONTENT="וחסידיך יברכוכה : כבוד מלכותך יאמרו"
                    HPOS="106.0"
                    VPOS="1168.0"
                    WIDTH="771.0"
                    HEIGHT="68.0"
                    WC="0.9789470485278539"></String>
          </TextLine>

          
          
          <TextLine ID="eSc_line_04c4bb53"
                    TAGREFS="LT15288"
                    BASELINE="108 1261 877 1258" 
                    HPOS="107.0"
                    VPOS="1236.0"
                    WIDTH="770.0"
                    HEIGHT="69.0">
            <Shape><Polygon POINTS="108 1261 108 1287 158 1293 159 1293 159 1293 175 1288 178 1287 210 1287 213 1288 223 1292 224 1292 225 1292 226 1292 234 1288 237 1287 257 1287 261 1288 290 1302 291 1302 319 1305 320 1305 382 1301 425 1305 426 1305 427 1305 461 1295 502 1295 503 1295 504 1295 518 1290 529 1286 584 1286 592 1290 615 1305 616 1305 617 1305 618 1305 619 1305 649 1296 667 1304 668 1304 669 1305 726 1305 726 1304 727 1304 728 1304 748 1291 755 1287 762 1292 763 1292 764 1292 765 1292 768 1292 787 1288 802 1292 824 1298 825 1298 825 1298 877 1292 877 1258 876 1241 834 1241 834 1241 824 1236 823 1236 822 1236 821 1236 812 1241 811 1242 711 1242 710 1241 702 1237 701 1237 700 1237 633 1241 619 1242 607 1241 560 1238 559 1238 558 1238 545 1242 542 1242 540 1242 520 1237 459 1237 458 1237 457 1237 447 1242 447 1242 443 1242 410 1237 409 1237 408 1237 399 1242 391 1242 309 1238 309 1238 308 1238 291 1242 287 1244 192 1244 190 1243 177 1238 176 1238 176 1238 175 1238 156 1243 154 1243 150 1243 119 1238 118 1238 117 1238 107 1242 108 1261"/></Shape>
	    <String CONTENT="וגבורתך ידברו : להודיע לבני האדם"
                    HPOS="107.0"
                    VPOS="1236.0"
                    WIDTH="770.0"
                    HEIGHT="69.0"
                    WC="0.998630728572607"></String>
          </TextLine>

          
          
          <TextLine ID="eSc_line_624efac4"
                    TAGREFS="LT15288"
                    BASELINE="106 1326 876 1328" 
                    HPOS="105.0"
                    VPOS="1306.0"
                    WIDTH="771.0"
                    HEIGHT="74.0">
            <Shape><Polygon POINTS="106 1326 105 1369 141 1369 142 1369 183 1358 234 1369 242 1370 243 1370 244 1370 245 1370 246 1369 267 1356 349 1356 365 1362 365 1362 366 1362 390 1357 412 1367 429 1374 429 1374 462 1378 463 1378 494 1374 495 1374 510 1365 520 1360 537 1365 578 1378 579 1378 580 1378 650 1371 666 1379 667 1379 668 1380 779 1380 779 1379 780 1379 811 1369 821 1372 822 1372 823 1372 824 1372 843 1362 861 1365 862 1365 863 1365 875 1361 876 1328 874 1308 834 1314 816 1308 815 1308 776 1308 775 1308 774 1308 760 1314 667 1314 634 1308 633 1308 632 1308 621 1314 574 1308 568 1307 567 1307 563 1308 529 1314 494 1314 480 1308 478 1307 477 1307 441 1307 440 1307 439 1307 438 1308 422 1314 381 1314 366 1308 362 1306 361 1306 361 1306 360 1306 356 1308 343 1312 106 1308 106 1326"/></Shape>
	    <String CONTENT="גבורתיו וכבוד הדר מלכותו : מלכותך"
                    HPOS="105.0"
                    VPOS="1306.0"
                    WIDTH="771.0"
                    HEIGHT="74.0"
                    WC="0.9852022809140822"></String>
          </TextLine>

          
        </TextBlock>
        

        
      </PrintSpace>
    </Page>
  </Layout>
</alto>
